[2026/04/21-18:55:51.508] [FT-TrainWorkThread-rPuoPcs2-1007] [INFO] [dku.analysis.prediction]  - [ct: 0] ******************************************
[2026/04/21-18:55:51.509] [FT-TrainWorkThread-rPuoPcs2-1007] [INFO] [dku.analysis.prediction]  - [ct: 1] ** Start train session s3
[2026/04/21-18:55:51.509] [FT-TrainWorkThread-rPuoPcs2-1007] [INFO] [dku.analysis.prediction]  - [ct: 1] ******************************************
[2026/04/21-18:55:51.512] [FT-TrainWorkThread-rPuoPcs2-1007] [INFO] [dku.shaker.data] T-2myLNFUR - [ct: 4] Need to compute sampleId before checking memory cache
[2026/04/21-18:55:51.513] [FT-TrainWorkThread-rPuoPcs2-1007] [DEBUG] [dip.shaker.runner] T-2myLNFUR - [ct: 5] Computed required sample id=ea9c9c59b4936c1ee58dbbc76a6ce5ca-NA-67d2d4a7bb9f68bd5a120c6956099c590--d751713988987e9331980363e24189ce
[2026/04/21-18:55:51.514] [FT-TrainWorkThread-rPuoPcs2-1007] [DEBUG] [dku.shaker.cache] T-2myLNFUR - Shaker MemoryCache get on dataset PROJET_CHURN_BANQUE.product_holdings_info_prepared_joined key=ds=f8a9bb59d699838e9ed61ce300705270--scr=7d253a7b74360c3e808ccc1b48079dcd--samp=ea9c9c59b4936c1ee58dbbc76a6ce5ca-NA-67d2d4a7bb9f68bd5a120c6956099c590--d751713988987e9331980363e24189ce: hit
[2026/04/21-18:55:51.514] [FT-TrainWorkThread-rPuoPcs2-1007] [INFO] [dku.shaker.schema] T-2myLNFUR - [ct: 6] Column customer_id meaning=LongMeaning fail=0
[2026/04/21-18:55:51.515] [FT-TrainWorkThread-rPuoPcs2-1007] [INFO] [dku.shaker.schema] T-2myLNFUR - [ct: 7] Column product meaning=Text fail=0
[2026/04/21-18:55:51.515] [FT-TrainWorkThread-rPuoPcs2-1007] [INFO] [dku.shaker.schema] T-2myLNFUR - [ct: 7] Column product_type meaning=Text fail=0
[2026/04/21-18:55:51.516] [FT-TrainWorkThread-rPuoPcs2-1007] [INFO] [dku.shaker.schema] T-2myLNFUR - [ct: 8] Column start_date meaning=Date fail=0
[2026/04/21-18:55:51.516] [FT-TrainWorkThread-rPuoPcs2-1007] [INFO] [dku.shaker.schema] T-2myLNFUR - [ct: 8] Column product_id meaning=LongMeaning fail=0
[2026/04/21-18:55:51.517] [FT-TrainWorkThread-rPuoPcs2-1007] [INFO] [dku.shaker.schema] T-2myLNFUR - [ct: 9] Column end_date meaning=Date fail=0
[2026/04/21-18:55:51.517] [FT-TrainWorkThread-rPuoPcs2-1007] [INFO] [dku.shaker.schema] T-2myLNFUR - [ct: 9] Column is_churn meaning=LongMeaning fail=0
[2026/04/21-18:55:51.518] [FT-TrainWorkThread-rPuoPcs2-1007] [INFO] [dku.shaker.schema] T-2myLNFUR - [ct: 10] Column balance_min meaning=DoubleMeaning fail=0
[2026/04/21-18:55:51.518] [FT-TrainWorkThread-rPuoPcs2-1007] [INFO] [dku.shaker.schema] T-2myLNFUR - [ct: 10] Column balance_max meaning=DoubleMeaning fail=0
[2026/04/21-18:55:51.519] [FT-TrainWorkThread-rPuoPcs2-1007] [INFO] [dku.shaker.schema] T-2myLNFUR - [ct: 11] Column balance_distinct meaning=LongMeaning fail=0
[2026/04/21-18:55:51.519] [FT-TrainWorkThread-rPuoPcs2-1007] [INFO] [dku.shaker.schema] T-2myLNFUR - [ct: 11] Column balance_avg meaning=DoubleMeaning fail=0
[2026/04/21-18:55:51.520] [FT-TrainWorkThread-rPuoPcs2-1007] [INFO] [dku.shaker.schema] T-2myLNFUR - [ct: 12] Column balance_stddev meaning=DoubleMeaning fail=0
[2026/04/21-18:55:51.520] [FT-TrainWorkThread-rPuoPcs2-1007] [INFO] [dku.shaker.schema] T-2myLNFUR - [ct: 12] Column count meaning=LongMeaning fail=0
[2026/04/21-18:55:51.521] [FT-TrainWorkThread-rPuoPcs2-1007] [INFO] [dku.shaker.schema] T-2myLNFUR - [ct: 13] Column revenue_avg meaning=DoubleMeaning fail=0
[2026/04/21-18:55:51.521] [FT-TrainWorkThread-rPuoPcs2-1007] [INFO] [dku.shaker.schema] T-2myLNFUR - [ct: 13] Column revenue_sum meaning=DoubleMeaning fail=0
[2026/04/21-18:55:51.522] [FT-TrainWorkThread-rPuoPcs2-1007] [INFO] [dku.shaker.schema] T-2myLNFUR - [ct: 14] Column in_person_interaction_sum meaning=DoubleMeaning fail=0
[2026/04/21-18:55:51.522] [FT-TrainWorkThread-rPuoPcs2-1007] [INFO] [dku.shaker.schema] T-2myLNFUR - [ct: 14] Column atm_withdrawals_sum meaning=DoubleMeaning fail=0
[2026/04/21-18:55:51.523] [FT-TrainWorkThread-rPuoPcs2-1007] [INFO] [dku.shaker.schema] T-2myLNFUR - [ct: 15] Column atm_withdrawals_sum_sum meaning=DoubleMeaning fail=0
[2026/04/21-18:55:51.523] [FT-TrainWorkThread-rPuoPcs2-1007] [INFO] [dku.shaker.schema] T-2myLNFUR - [ct: 15] Column physical_services_sum meaning=DoubleMeaning fail=0
[2026/04/21-18:55:51.524] [FT-TrainWorkThread-rPuoPcs2-1007] [INFO] [dku.shaker.schema] T-2myLNFUR - [ct: 16] Column physical_services_sum_sum meaning=DoubleMeaning fail=0
[2026/04/21-18:55:51.524] [FT-TrainWorkThread-rPuoPcs2-1007] [INFO] [dku.shaker.schema] T-2myLNFUR - [ct: 16] Column digital_services_sum meaning=DoubleMeaning fail=0
[2026/04/21-18:55:51.525] [FT-TrainWorkThread-rPuoPcs2-1007] [INFO] [dku.shaker.schema] T-2myLNFUR - [ct: 17] Column fx_services_sum meaning=DoubleMeaning fail=0
[2026/04/21-18:55:51.526] [FT-TrainWorkThread-rPuoPcs2-1007] [INFO] [dku.shaker.schema] T-2myLNFUR - [ct: 18] Column gender meaning=Gender fail=0
[2026/04/21-18:55:51.526] [FT-TrainWorkThread-rPuoPcs2-1007] [INFO] [dku.shaker.schema] T-2myLNFUR - [ct: 18] Column creation_date meaning=Date fail=0
[2026/04/21-18:55:51.527] [FT-TrainWorkThread-rPuoPcs2-1007] [INFO] [dku.shaker.schema] T-2myLNFUR - [ct: 19] Column region meaning=LongMeaning fail=0
[2026/04/21-18:55:51.527] [FT-TrainWorkThread-rPuoPcs2-1007] [INFO] [dku.shaker.schema] T-2myLNFUR - [ct: 19] Column income meaning=DoubleMeaning fail=0
[2026/04/21-18:55:51.528] [FT-TrainWorkThread-rPuoPcs2-1007] [INFO] [dku.shaker.schema] T-2myLNFUR - [ct: 20] Column tier meaning=Text fail=0
[2026/04/21-18:55:51.528] [FT-TrainWorkThread-rPuoPcs2-1007] [INFO] [dku.shaker.schema] T-2myLNFUR - [ct: 20] Column birth_date meaning=Date fail=0
[2026/04/21-18:55:51.529] [FT-TrainWorkThread-rPuoPcs2-1007] [INFO] [dku.shaker.schema] T-2myLNFUR - [ct: 21] Column first_name meaning=Text fail=0
[2026/04/21-18:55:51.529] [FT-TrainWorkThread-rPuoPcs2-1007] [INFO] [dku.shaker.schema] T-2myLNFUR - [ct: 21] Column last_name meaning=Text fail=0
[2026/04/21-18:55:51.530] [FT-TrainWorkThread-rPuoPcs2-1007] [INFO] [dku.shaker.schema] T-2myLNFUR - [ct: 22] Column segment meaning=Text fail=0
[2026/04/21-18:55:51.532] [FT-TrainWorkThread-rPuoPcs2-1007] [INFO] [dku.datasets.bloblike] T-2myLNFUR - [ct: 24] Enumerating blob-like dataset PROJET_CHURN_BANQUE.product_holdings_info_prepared_joined prefix=
[2026/04/21-18:55:51.533] [FT-TrainWorkThread-rPuoPcs2-1007] [DEBUG] [dku.datasets.fsbased] T-2myLNFUR - [ct: 25] Building FS provider for dataset handler: PROJET_CHURN_BANQUE.product_holdings_info_prepared_joined
[2026/04/21-18:55:51.534] [FT-TrainWorkThread-rPuoPcs2-1007] [DEBUG] [dku.fs.s3] T-2myLNFUR - [ct: 26] No S3 client found, creating one
[2026/04/21-18:55:51.534] [FT-TrainWorkThread-rPuoPcs2-1007] [INFO] [dku.fs.s3] T-2myLNFUR - [ct: 26] Using region for S3 client instantiation: eu-west-3
[2026/04/21-18:55:51.535] [FT-TrainWorkThread-rPuoPcs2-1007] [INFO] [dku.aws.credentials] T-2myLNFUR - [ct: 27] AWS connection=dataiku-managed-storage authCtx=karunakaranrishikaran@gmail.com assuming role=arn:aws:iam::538701811630:role/GIS/euwest3/dku/s3-space-1e09aade-dku-eu-west-3-dku
[2026/04/21-18:55:51.536] [FT-TrainWorkThread-rPuoPcs2-1007] [DEBUG] [dku.aws.credentials] T-2myLNFUR - [ct: 28] Credentials cache miss
[2026/04/21-18:55:51.536] [FT-TrainWorkThread-rPuoPcs2-1007] [DEBUG] [dku.aws.credentials] T-2myLNFUR - [ct: 28] Using context creds access=ASIAX23JBJ6XDSCWCQ4R
[2026/04/21-18:55:51.540] [FT-TrainWorkThread-rPuoPcs2-1007] [DEBUG] [dku.aws.credentials] T-2myLNFUR - [ct: 32] Truncated/slugified session name to 64 chars: dss-conn-dataiku-managed-storage-assumed-for-karunakara-eRFgYoEV
[2026/04/21-18:55:51.578] [FT-TrainWorkThread-rPuoPcs2-1007] [DEBUG] [dku.aws.credentials] T-2myLNFUR - [ct: 70] Got assumed role credentials from STS
[2026/04/21-18:55:51.579] [FT-TrainWorkThread-rPuoPcs2-1007] [DEBUG] [dku.aws.credentials] T-2myLNFUR - [ct: 71] Caching assumed STS credential
[2026/04/21-18:55:51.582] [FT-TrainWorkThread-rPuoPcs2-1007] [DEBUG] [dku.fs.s3] T-2myLNFUR - [ct: 74] Done creating S3 client
[2026/04/21-18:55:51.583] [FT-TrainWorkThread-rPuoPcs2-1007] [INFO] [dku.fs.s3] T-2myLNFUR - [ct: 75] Created S3 FS provider bucket=gis-data-eu-west-3 path=/space-1e09aade-dku/node-56800c84/managed-dss-data/PROJET_CHURN_BANQUE/product_holdings_info_prepared_joined
[2026/04/21-18:55:51.584] [FT-TrainWorkThread-rPuoPcs2-1007] [DEBUG] [dku.datasets.fsbased] T-2myLNFUR - [ct: 76] FS Provider built
[2026/04/21-18:55:51.623] [FT-TrainWorkThread-rPuoPcs2-1007] [INFO] [dku.fs.s3] T-2myLNFUR - [ct: 115] Start S3 Enumeration ON bucketPath=space-1e09aade-dku/node-56800c84/managed-dss-data/PROJET_CHURN_BANQUE/product_holdings_info_prepared_joined/ prefix= fullPath=space-1e09aade-dku/node-56800c84/managed-dss-data/PROJET_CHURN_BANQUE/product_holdings_info_prepared_joined/
[2026/04/21-18:55:51.645] [FT-TrainWorkThread-rPuoPcs2-1007] [INFO] [dku.fs.s3] T-2myLNFUR - [ct: 137] S3 enumeration done, found 1 items, 16505091 bytes
[2026/04/21-18:55:51.646] [FT-TrainWorkThread-rPuoPcs2-1007] [INFO] [dku.input.push] T-2myLNFUR - USTP: push selection.method=RANDOM_FIXED_NB records=100000 ratio=0.02 col=null
[2026/04/21-18:55:51.647] [FT-TrainWorkThread-rPuoPcs2-1007] [INFO] [dku.datasets.push] T-2myLNFUR - [ct: 139] First pass : counting records
[2026/04/21-18:55:51.648] [FT-TrainWorkThread-rPuoPcs2-1007] [INFO] [dku.datasets.bloblike] T-2myLNFUR - [ct: 140] Enumerating blob-like dataset PROJET_CHURN_BANQUE.product_holdings_info_prepared_joined prefix=
[2026/04/21-18:55:51.648] [FT-TrainWorkThread-rPuoPcs2-1007] [DEBUG] [dku.datasets.fsbased] T-2myLNFUR - [ct: 140] Building FS provider for dataset handler: PROJET_CHURN_BANQUE.product_holdings_info_prepared_joined
[2026/04/21-18:55:51.649] [FT-TrainWorkThread-rPuoPcs2-1007] [DEBUG] [dku.fs.s3] T-2myLNFUR - [ct: 141] No S3 client found, creating one
[2026/04/21-18:55:51.649] [FT-TrainWorkThread-rPuoPcs2-1007] [INFO] [dku.fs.s3] T-2myLNFUR - [ct: 141] Using region for S3 client instantiation: eu-west-3
[2026/04/21-18:55:51.650] [FT-TrainWorkThread-rPuoPcs2-1007] [INFO] [dku.aws.credentials] T-2myLNFUR - [ct: 142] AWS connection=dataiku-managed-storage authCtx=karunakaranrishikaran@gmail.com assuming role=arn:aws:iam::538701811630:role/GIS/euwest3/dku/s3-space-1e09aade-dku-eu-west-3-dku
[2026/04/21-18:55:51.651] [FT-TrainWorkThread-rPuoPcs2-1007] [DEBUG] [dku.aws.credentials] T-2myLNFUR - [ct: 143] Credentials cache hit
[2026/04/21-18:55:51.654] [FT-TrainWorkThread-rPuoPcs2-1007] [DEBUG] [dku.fs.s3] T-2myLNFUR - [ct: 146] Done creating S3 client
[2026/04/21-18:55:51.655] [FT-TrainWorkThread-rPuoPcs2-1007] [INFO] [dku.fs.s3] T-2myLNFUR - [ct: 147] Created S3 FS provider bucket=gis-data-eu-west-3 path=/space-1e09aade-dku/node-56800c84/managed-dss-data/PROJET_CHURN_BANQUE/product_holdings_info_prepared_joined
[2026/04/21-18:55:51.655] [FT-TrainWorkThread-rPuoPcs2-1007] [DEBUG] [dku.datasets.fsbased] T-2myLNFUR - [ct: 147] FS Provider built
[2026/04/21-18:55:51.685] [FT-TrainWorkThread-rPuoPcs2-1007] [INFO] [dku.fs.s3] T-2myLNFUR - [ct: 177] Start S3 Enumeration ON bucketPath=space-1e09aade-dku/node-56800c84/managed-dss-data/PROJET_CHURN_BANQUE/product_holdings_info_prepared_joined/ prefix= fullPath=space-1e09aade-dku/node-56800c84/managed-dss-data/PROJET_CHURN_BANQUE/product_holdings_info_prepared_joined/
[2026/04/21-18:55:51.709] [FT-TrainWorkThread-rPuoPcs2-1007] [INFO] [dku.fs.s3] T-2myLNFUR - [ct: 201] S3 enumeration done, found 1 items, 16505091 bytes
[2026/04/21-18:55:51.709] [FT-TrainWorkThread-rPuoPcs2-1007] [INFO] [dku.input.push] T-2myLNFUR - USTP: push selection.method=FULL records=-1 ratio=0.02 col=null
[2026/04/21-18:55:51.710] [FT-TrainWorkThread-rPuoPcs2-1007] [INFO] [dku.format] T-2myLNFUR - [ct: 202] Extractor run: limit={"maxBytes":-1,"maxRecords":-1,"samplingMethod":"FULL","samplingRatio":0.02,"ordering":{"enabled":false,"rules":[]}} totalRecords=0
[2026/04/21-18:55:51.711] [FT-TrainWorkThread-rPuoPcs2-1007] [INFO] [dku.fs.s3] T-2myLNFUR - [ct: 203] Getting S3 stream on space-1e09aade-dku/node-56800c84/managed-dss-data/PROJET_CHURN_BANQUE/product_holdings_info_prepared_joined/out-s0.csv
[2026/04/21-18:55:51.724] [FT-TrainWorkThread-rPuoPcs2-1007] [INFO] [dku.fs.s3] T-2myLNFUR - [ct: 216] Path to read /space-1e09aade-dku/node-56800c84/managed-dss-data/PROJET_CHURN_BANQUE/product_holdings_info_prepared_joined|/out-s0.csv -> space-1e09aade-dku/node-56800c84/managed-dss-data/PROJET_CHURN_BANQUE/product_holdings_info_prepared_joined/out-s0.csv
[2026/04/21-18:55:51.737] [FT-TrainWorkThread-rPuoPcs2-1007] [INFO] [dku.fs.s3] T-2myLNFUR - [ct: 229] read with pos=null
[2026/04/21-18:55:51.817] [FT-TrainWorkThread-rPuoPcs2-1007] [INFO] [dku.format] T-2myLNFUR - [ct: 309] Start uncompressed stream: /out-s0.csv / totalRecsBefore=0
[2026/04/21-18:55:53.237] [FT-TrainWorkThread-rPuoPcs2-1007] [INFO] [dip.retriable.stream] T-2myLNFUR - [ct: 1729] close com.dataiku.dss.shadelibawssk2.software.amazon.awssdk.core.ResponseInputStream@6c2b51b7
[2026/04/21-18:55:53.238] [FT-TrainWorkThread-rPuoPcs2-1007] [INFO] [dku.format] T-2myLNFUR - [ct: 1730] after stream totalComp=16505091 totalUncomp=16505091 totalRec=54740
[2026/04/21-18:55:53.238] [FT-TrainWorkThread-rPuoPcs2-1007] [INFO] [dku.format] T-2myLNFUR - [ct: 1730] Extractor run done, totalCompressed=16505091 totalRecords=54740
[2026/04/21-18:55:53.239] [FT-TrainWorkThread-rPuoPcs2-1007] [DEBUG] [dku.fs.s3] T-2myLNFUR - [ct: 1731] Closing s3 client
[2026/04/21-18:55:53.242] [FT-TrainWorkThread-rPuoPcs2-1007] [INFO] [dku.datasets.push] T-2myLNFUR - [ct: 1734] Have 54740 records, sampling with proba=1.0
[2026/04/21-18:55:53.243] [FT-TrainWorkThread-rPuoPcs2-1007] [INFO] [dku.format] T-2myLNFUR - [ct: 1735] Extractor run: limit={"maxBytes":-1,"maxRecords":-1,"samplingMethod":"RANDOM_FIXED_NB","samplingRatio":0.02,"samplingSeed":1337,"ordering":{"enabled":false,"rules":[]}} totalRecords=0
[2026/04/21-18:55:53.243] [FT-TrainWorkThread-rPuoPcs2-1007] [INFO] [dku.fs.s3] T-2myLNFUR - [ct: 1735] Getting S3 stream on space-1e09aade-dku/node-56800c84/managed-dss-data/PROJET_CHURN_BANQUE/product_holdings_info_prepared_joined/out-s0.csv
[2026/04/21-18:55:53.266] [FT-TrainWorkThread-rPuoPcs2-1007] [INFO] [dku.fs.s3] T-2myLNFUR - [ct: 1758] Path to read /space-1e09aade-dku/node-56800c84/managed-dss-data/PROJET_CHURN_BANQUE/product_holdings_info_prepared_joined|/out-s0.csv -> space-1e09aade-dku/node-56800c84/managed-dss-data/PROJET_CHURN_BANQUE/product_holdings_info_prepared_joined/out-s0.csv
[2026/04/21-18:55:53.279] [FT-TrainWorkThread-rPuoPcs2-1007] [INFO] [dku.fs.s3] T-2myLNFUR - [ct: 1771] read with pos=null
[2026/04/21-18:55:53.312] [FT-TrainWorkThread-rPuoPcs2-1007] [INFO] [dku.format] T-2myLNFUR - [ct: 1804] Start uncompressed stream: /out-s0.csv / totalRecsBefore=0
[2026/04/21-18:55:56.214] [FT-TrainWorkThread-rPuoPcs2-1007] [INFO] [dip.retriable.stream] T-2myLNFUR - [ct: 4706] close com.dataiku.dss.shadelibawssk2.software.amazon.awssdk.core.ResponseInputStream@3b50d16d
[2026/04/21-18:55:56.214] [FT-TrainWorkThread-rPuoPcs2-1007] [INFO] [dku.format] T-2myLNFUR - [ct: 4706] after stream totalComp=16505091 totalUncomp=16505091 totalRec=54740
[2026/04/21-18:55:56.215] [FT-TrainWorkThread-rPuoPcs2-1007] [INFO] [dku.format] T-2myLNFUR - [ct: 4707] Extractor run done, totalCompressed=16505091 totalRecords=54740
[2026/04/21-18:55:56.215] [FT-TrainWorkThread-rPuoPcs2-1007] [DEBUG] [dku.fs.s3] T-2myLNFUR - [ct: 4707] Closing s3 client
[2026/04/21-18:55:56.220] [FT-TrainWorkThread-rPuoPcs2-1007] [INFO] [dku.analysis.splits] T-2myLNFUR - [ct: 4712] Checking if splits are up to date. Policy: type=SPLIT_SINGLE_DATASET,split=RANDOM,splitBeforePrepare=true,ds=product_holdings_info_prepared_joined,sel=(method=random-fixednb,records=100000,seed=1337),r=0.8,s=1337, instance id: 1c6768fce12b05e4b5a07c7d57a27714-0
[2026/04/21-18:55:56.222] [FT-TrainWorkThread-rPuoPcs2-1007] [INFO] [dku.analysis.ml.python] T-2myLNFUR - [ct: 4714] Joining processing thread ...
[2026/04/21-18:55:56.222] [MRT-1008] [INFO] [dku.analysis.ml.python]  - Running a preprocessing set: pp1 in /data/dataiku/datadir/analysis-data/PROJET_CHURN_BANQUE/SokZTM82/2myLNFUR/sessions/s3/pp1
[2026/04/21-18:55:56.229] [MRT-1008] [INFO] [com.dataiku.dss.shadelib.org.eclipse.jetty.util.ssl.SslContextFactory]  - x509=X509@102b976c(1,h=[localhost, dss-design-host-node-56800c84-space-1e09aade-dku, dss-headless-node-56800c84.space-1e09aade-dku.svc.cluster.local],a=[/127.0.0.1, /10.0.159.212],w=[]) for Server@5b9aa18a[provider=null,keyStore=file:///data/dataiku/datadir/install-support/encrypted-rpc/certandkey.p12,trustStore=null]
[2026/04/21-18:55:56.232] [MRT-1008] [INFO] [dku.block.link]  - Started a socket on port 34193
[2026/04/21-18:55:56.232] [MRT-1008] [INFO] [com.dataiku.dip.analysis.ml.distributed.workers]  - New worker pool created: pool-viwvs2psgmalgyyp
[2026/04/21-18:55:56.233] [MRT-1008] [INFO] [dku.ml.kernel]  - Writing output of python-single-command-kernel to /data/dataiku/datadir/analysis-data/PROJET_CHURN_BANQUE/SokZTM82/2myLNFUR/sessions/s3/pp1/train.log
[2026/04/21-18:55:56.235] [MRT-1008] [DEBUG] [dku.remoterun.registry]  - Registering container execution doctor-preprocessing-sa0q9oj of type DOCTOR_PYTHON
[2026/04/21-18:55:56.235] [MRT-1008] [INFO] [dip.tickets]  - Creating API ticket for analysis-ml-PROJET_CHURN_BANQUE-Sa0Q9oJ on behalf of karunakaranrishikaran@gmail.com id=analysis-ml-PROJET_CHURN_BANQUE-Sa0Q9oJ_Y23PpFUYA00N
[2026/04/21-18:55:56.235] [MRT-1008] [INFO] [dku.containerexec.imageshelper]  - Finding out which image to use for requestedBase=dss-gis-alma9-exec-base-14.4.4:1.0.78 envLang=PYTHON envName=null envVersion=null
[2026/04/21-18:55:56.236] [MRT-1008] [INFO] [dku.containerexec.imageshelper]  - No env, using base
[2026/04/21-18:55:56.240] [MRT-1008] [INFO] [dku.containers.kubernetes]  - Trying to create pod dataiku-exec-doctor-preprocessing-sa0q9oj, try=1 previousTransientErrors=0 previousQuotaErrors=0 timeSinceStartMS=0
[2026/04/21-18:55:56.240] [MRT-1008] [DEBUG] [dku.containers.kubernetes]  - Pod creation command: kubectl --namespace space-1e09aade-dku-compute create -f /data/dataiku/datadir/analysis-data/PROJET_CHURN_BANQUE/SokZTM82/2myLNFUR/sessions/s3/pp1/secret.yaml -f /data/dataiku/datadir/analysis-data/PROJET_CHURN_BANQUE/SokZTM82/2myLNFUR/sessions/s3/pp1/pod.yaml
[2026/04/21-18:55:56.729] [Thread-799] [DEBUG] [dku.utils]  - Process kubectl done (return code 0)
[2026/04/21-18:55:56.730] [MRT-1008] [INFO] [dku.containers.kubernetes]  - Pod was successfully created
[2026/04/21-18:55:56.730] [MRT-1008] [INFO] [dku.containers.kubernetes]  - Starting to wait for logs to be available
[2026/04/21-18:55:56.730] [MRT-1008] [INFO] [dku.containers.kubernetes]  - Getting pod
[2026/04/21-18:55:56.911] [Thread-808] [DEBUG] [dku.utils]  - Process kubectl done (return code 0)
[2026/04/21-18:55:57.911] [MRT-1008] [INFO] [dku.containers.kubernetes]  - Pod is now created, waiting for logs fetch to be successful
[2026/04/21-18:55:57.912] [MRT-1008] [INFO] [dku.containers.kubernetes]  - Calling logs on pods/dataiku-exec-doctor-preprocessing-sa0q9oj
[2026/04/21-18:55:58.125] [Thread-814] [INFO] [dku.utils]  - Process kubectl completed, return code 1
[2026/04/21-18:55:58.125] [MRT-1008] [INFO] [dku.containers.kubernetes]  - Get logs failed
[2026/04/21-18:55:58.126] [MRT-1008] [INFO] [dku.containers.kubernetes]  - Waiting for logs, time elapsed: 214 milliseconds, status changed to: Error from server (BadRequest): container "c" in pod "dataiku-exec-doctor-preprocessing-sa0q9oj" is waiting to start: ContainerCreating

[2026/04/21-18:55:58.126] [MRT-1008] [INFO] [dku.containers.kubernetes]  - Pod has not started yet: 'Error from server (BadRequest): container "c" in pod "dataiku-exec-doctor-preprocessing-sa0q9oj" is waiting to start: ContainerCreating
'
[2026/04/21-18:55:59.126] [MRT-1008] [INFO] [dku.containers.kubernetes]  - Calling logs on pods/dataiku-exec-doctor-preprocessing-sa0q9oj
[2026/04/21-18:55:59.320] [Thread-820] [DEBUG] [dku.utils]  - Process kubectl done (return code 0)
[2026/04/21-18:55:59.321] [MRT-1008] [INFO] [dku.containers.kubernetes]  - Getting logs succeeded, but checking that pod is indeed running
[2026/04/21-18:55:59.589] [Thread-826] [DEBUG] [dku.utils]  - Process kubectl done (return code 0)
[2026/04/21-18:55:59.590] [MRT-1008] [INFO] [dku.process]  - Starting process (regular)
[2026/04/21-18:55:59.595] [MRT-1008] [INFO] [dku.process]  - Process started with pid=17741
[2026/04/21-18:55:59.595] [MRT-1008] [DEBUG] [dku.resourceusage]  - Reporting start of CRU:{"context":{"type":"ANALYSIS_ML_TRAIN","authIdentifier":"karunakaranrishikaran@gmail.com","projectKey":"PROJET_CHURN_BANQUE","analysisId":"SokZTM82","mlTaskId":"2myLNFUR","sessionId":"s3"},"type":"SINGLE_K8S_JOB","id":"Ao88vrLs7SgxhueY","startTime":1776797756234,"singleK8SJob":{"k8sClusterId":"__builtin__","executionId":"doctor-preprocessing-sa0q9oj","cpuRequest":1.0,"cpuLimit":1.0,"memoryRequestMB":8192,"memoryLimitMB":8192,"containerConfigName":"vCPU-1-RAM-8GiB"}}
[2026/04/21-18:55:59.597] [KNL-python-single-command-kernel-k8smonitor-1051] [INFO] [dku.ml.kernel]  - Waiting for K8S pod termination
[2026/04/21-18:55:59.597] [KNL-python-single-command-kernel-k8smonitor-1051] [INFO] [dku.containers.kubernetes]  - wait for pod to complete, getting pod status
[2026/04/21-18:55:59.597] [KNL-python-single-command-kernel-k8smonitor-1051] [INFO] [dku.containers.kubernetes]  - Querying status on pod dataiku-exec-doctor-preprocessing-sa0q9oj- try number 1
[2026/04/21-18:55:59.701] [MRT-1008] [INFO] [dku.link.secret_protected]  - Connected to kernel
[2026/04/21-18:55:59.704] [MRT-1008] [INFO] [dku.block.link.interaction]  - Execute link command respClazz=true respTypeToken=false respIsString=false is=false asyncInputStream=false os=false
[2026-04-21 18:55:58,462] [1/MainThread] [INFO] [root] Fetching job definition
[2026-04-21 18:55:58,464] [1/MainThread] [DEBUG] [root] Creating HTTP session for internal RPC
[2026-04-21 18:55:58,465] [1/MainThread] [DEBUG] [root] Verifying SSL calls: /home/dataiku/rpc_server_cert.pem
[2026-04-21 18:55:58,466] [1/MainThread] [DEBUG] [urllib3.connectionpool] Starting new HTTPS connection (1): dss-headless-node-56800c84.space-1e09aade-dku.svc.cluster.local:10005
[2026-04-21 18:55:58,493] [1/MainThread] [DEBUG] [urllib3.connectionpool] https://dss-headless-node-56800c84.space-1e09aade-dku.svc.cluster.local:10005 "POST /dip/api/tintercom/containers/get-execution HTTP/1.1" 200 None
[2026-04-21 18:55:58,494] [1/MainThread] [INFO] [root] got exec: {"dssVersion": "14.4.4", "id": "doctor-preprocessing-sa0q9oj", "projectKey": "PROJET_CHURN_BANQUE", "backendDipHomePath": "/data/dataiku/datadir", "contextPath": "/data/dataiku/datadir/analysis-data/PROJET_CHURN_BANQUE/SokZTM82/2myLNFUR", "executionPath": "/data/dataiku/datadir/analysis-data/PROJET_CHURN_BANQUE/SokZTM82/2myLNFUR/sessions/s3/pp1", "resyncPythonCode": false, "type": "DOCTOR_PYTHON", "definition": null, "payload": null, "codeEnvs": [{"lang": "PYTHON", "version": "Latest"}], "envResource": null}
[2026-04-21 18:55:58,494] [1/MainThread] [INFO] [root] Running with DSS code from image
[2026-04-21 18:55:58,494] [1/MainThread] [INFO] [root] Training doctor model
[2026-04-21 18:55:58,494] [1/MainThread] [INFO] [root] Fetching instance libraries
[2026-04-21 18:55:58,502] [1/MainThread] [DEBUG] [urllib3.connectionpool] https://dss-headless-node-56800c84.space-1e09aade-dku.svc.cluster.local:10005 "POST /dip/api/tintercom/containers/get-file HTTP/1.1" 200 None
[2026-04-21 18:55:58,514] [1/MainThread] [INFO] [root] Fetching project libraries
[2026-04-21 18:55:58,522] [1/MainThread] [DEBUG] [urllib3.connectionpool] https://dss-headless-node-56800c84.space-1e09aade-dku.svc.cluster.local:10005 "POST /dip/api/tintercom/containers/get-file HTTP/1.1" 200 12288
[2026-04-21 18:55:58,525] [1/MainThread] [DEBUG] [root] Adding /home/dataiku/lib/project/project-python-libs/PROJET_CHURN_BANQUE/python to Pythonpath
[2026-04-21 18:55:58,525] [1/MainThread] [INFO] [root] running on python 3.9.25 (main, Feb 25 2026, 00:00:00) 
[GCC 11.5.0 20240719 (Red Hat 11.5.0-11)]
[2026-04-21 18:55:58,525] [1/MainThread] [INFO] [root] now using PYTHONPATH: /home/dataiku:/opt/dataiku/python:/home/dataiku/lib/instance:/home/dataiku/lib/project/project-python-libs/PROJET_CHURN_BANQUE/python
[2026-04-21 18:55:58,525] [1/MainThread] [INFO] [root] Running doctor server
[2026-04-21 18:55:58,531] [1/MainThread] [INFO] [root] Running subprocess in PID 23
[2026-04-21 18:55:58,532] [1/Thread-1] [INFO] [root] Start monitoring process 23
[2026-04-21 18:55:59,662] [23/MainThread] [INFO] [root] Launching doctor command server
[2026-04-21 18:55:59,662] [23/MainThread] [INFO] [dataiku.base.socket_block_link] cert found
[2026-04-21 18:55:59,676] [23/MainThread] [INFO] [dataiku.base.socket_block_link] Connecting to dss-headless-node-56800c84.space-1e09aade-dku.svc.cluster.local (10.0.159.212) at port 34193
[2026-04-21 18:55:59,701] [23/MainThread] [INFO] [dataiku.base.socket_block_link] Connected to dss-headless-node-56800c84.space-1e09aade-dku.svc.cluster.local (10.0.159.212) at port 34193
[2026/04/21-18:56:00.091] [Thread-838] [DEBUG] [dku.utils]  - Process kubectl-get-pod done (return code 0)
[2026/04/21-18:56:00.091] [KNL-python-single-command-kernel-k8smonitor-1051] [DEBUG] [dku.containers.kubernetes]  - kubectl get pod OK, out=Running
[2026/04/21-18:56:00.092] [KNL-python-single-command-kernel-k8smonitor-1051] [DEBUG] [dku.containers.kubernetes]  - Kubernetes pod is running
/opt/dataiku/python/dataiku/doctor/posttraining/features_distribution.py:18: DeprecationWarning: Please import `mquantiles` from the `scipy.stats.mstats` namespace; the `scipy.stats.mstats_basic` namespace is deprecated and will be removed in SciPy 2.0.0.
  from scipy.stats.mstats_basic import mquantiles
[2026-04-21 18:56:00,251] [23/MainThread] [INFO] [dataiku.doctor.server] Running analysis command: train_prediction_models_nosave
[2026-04-21 18:56:00,252] [23/MainThread] [INFO] [dataiku.doctor.utils.gpu_execution] Not logging `nvidia-smi`: `useGPU` is False
[2026-04-21 18:56:00,253] [23/MainThread] [INFO] [dataiku.doctor.diagnostics.diagnostics] enabling diagnostic callback: DatasetSanityCheckDiagnostic of type DiagnosticType.ML_DIAGNOSTICS_DATASET_SANITY_CHECKS
[2026-04-21 18:56:00,253] [23/MainThread] [INFO] [dataiku.doctor.diagnostics.diagnostics] enabling diagnostic callback: ClassifierAccuracyCheckDiagnostic of type DiagnosticType.ML_DIAGNOSTICS_MODEL_CHECK
[2026-04-21 18:56:00,253] [23/MainThread] [INFO] [dataiku.doctor.diagnostics.diagnostics] enabling diagnostic callback: RegressionR2CheckDiagnostic of type DiagnosticType.ML_DIAGNOSTICS_MODEL_CHECK
[2026-04-21 18:56:00,253] [23/MainThread] [INFO] [dataiku.doctor.diagnostics.diagnostics] enabling diagnostic callback: LeakageDiagnostic of type DiagnosticType.ML_DIAGNOSTICS_LEAKAGE_DETECTION
[2026-04-21 18:56:00,253] [23/MainThread] [INFO] [dataiku.doctor.diagnostics.diagnostics] enabling diagnostic callback: TreeOverfitDiagnostic of type DiagnosticType.ML_DIAGNOSTICS_TRAINING_OVERFIT
[2026-04-21 18:56:00,253] [23/MainThread] [INFO] [dataiku.doctor.diagnostics.diagnostics] enabling diagnostic callback: MLAssertionsDiagnostic of type DiagnosticType.ML_DIAGNOSTICS_ML_ASSERTIONS
[2026-04-21 18:56:00,253] [23/MainThread] [INFO] [dataiku.doctor.diagnostics.diagnostics] enabling diagnostic callback: ModelCheckDiagnostic of type DiagnosticType.ML_DIAGNOSTICS_MODEL_CHECK
[2026-04-21 18:56:00,253] [23/MainThread] [INFO] [dataiku.doctor.diagnostics.diagnostics] enabling diagnostic callback: AbnormalPredictionsDetectionDiagnostic of type DiagnosticType.ML_DIAGNOSTICS_ABNORMAL_PREDICTIONS_DETECTION
[2026-04-21 18:56:00,253] [23/MainThread] [INFO] [dataiku.doctor.prediction.common] NaN support available: compatible algorithm RANDOM_FOREST_CLASSIFICATION and feature reduction NONE
[2026-04-21 18:56:00,253] [23/MainThread] [INFO] [dataiku.doctor.commands] PPS is {'feature_selection_params': {'method': 'NONE', 'random_forest_params': {'n_trees': 30, 'depth': 10, 'n_features': 25}, 'lasso_params': {'alpha': [0.01, 0.1, 1.0, 10.0, 100.0], 'cross_validate': True}, 'pca_params': {'n_features': 25, 'variance_proportion': 0.9}, 'ica_params': {'n_components': 25, 'fun': 'logcosh'}, 'correlation_params': {'min_abs_correlation': 0.0, 'max_abs_correlation': 1.0, 'n_features': 25}, 'custom_params': {'code': '# type your code here'}}, 'preprocessingFitSampleRatio': 1.0, 'preprocessingFitSampleSeed': 1337, 'target_remapping': [{'sourceValue': '0', 'mappedValue': 0, 'sampleFreq': 7966}, {'sourceValue': '1', 'mappedValue': 1, 'sampleFreq': 2034}], 'skipPreprocessing': False, 'per_feature': {'end_date': {'generate_derivative': False, 'numerical_handling': 'DATETIME_CYCLICAL', 'missing_handling': 'DROP_ROW', 'impute_constant_value': 0.0, 'keep_regular': False, 'rescaling': 'AVGSTD', 'monotonic': 'NONE', 'quantile_bin_nb_bins': 4, 'binarize_threshold_mode': 'MEDIAN', 'binarize_constant_threshold': 0.0, 'datetime_cyclical_periods': ['YEAR', 'WEEK', 'QUARTER'], 'role': 'INPUT', 'type': 'NUMERIC', 'state': {'userModified': False, 'autoModifiedByDSS': False, 'recordedMeaning': 'Date'}, 'customHandlingCode': '', 'customProcessorWantsMatrix': False, 'sendToInput': 'main'}, 'income': {'generate_derivative': False, 'numerical_handling': 'REGULAR', 'missing_handling': 'IMPUTE', 'missing_impute_with': 'MEAN', 'impute_constant_value': 0.0, 'keep_regular': False, 'rescaling': 'AVGSTD', 'monotonic': 'NONE', 'quantile_bin_nb_bins': 4, 'binarize_threshold_mode': 'MEDIAN', 'binarize_constant_threshold': 0.0, 'datetime_cyclical_periods': [], 'role': 'INPUT', 'type': 'NUMERIC', 'state': {'userModified': False, 'autoModifiedByDSS': False, 'recordedMeaning': 'DoubleMeaning'}, 'customHandlingCode': '', 'customProcessorWantsMatrix': False, 'sendToInput': 'main'}, 'gender': {'category_handling': 'DUMMIFY', 'missing_handling': 'NONE', 'missing_impute_with': 'MODE', 'dummy_clip': 'MAX_NB_CATEGORIES', 'cumulative_proportion': 0.95, 'min_samples': 10, 'max_nb_categories': 100, 'max_cat_safety': 200, 'nb_bins_hashing': 1048576, 'hash_whole_categories': True, 'dummy_drop': 'NONE', 'impact_method': 'M_ESTIMATOR', 'impact_m': 10, 'impact_kfold': True, 'impact_kfold_k': 5, 'impact_kfold_seed': 1337, 'ordinal_order': 'COUNT', 'ordinal_ascending': False, 'ordinal_default_mode': 'HIGHEST', 'ordinal_default_value': 0, 'frequency_default_mode': 'EXPLICIT', 'frequency_default_value': 0.0, 'frequency_normalized': True, 'role': 'INPUT', 'type': 'CATEGORY', 'state': {'userModified': False, 'autoModifiedByDSS': False, 'recordedMeaning': 'Gender'}, 'customHandlingCode': '', 'customProcessorWantsMatrix': False, 'sendToInput': 'main'}, 'balance_min': {'generate_derivative': False, 'numerical_handling': 'REGULAR', 'missing_handling': 'IMPUTE', 'missing_impute_with': 'MEAN', 'impute_constant_value': 0.0, 'keep_regular': False, 'rescaling': 'AVGSTD', 'monotonic': 'NONE', 'quantile_bin_nb_bins': 4, 'binarize_threshold_mode': 'MEDIAN', 'binarize_constant_threshold': 0.0, 'datetime_cyclical_periods': [], 'role': 'INPUT', 'type': 'NUMERIC', 'state': {'userModified': False, 'autoModifiedByDSS': False, 'recordedMeaning': 'DoubleMeaning'}, 'customHandlingCode': '', 'customProcessorWantsMatrix': False, 'sendToInput': 'main'}, 'balance_avg': {'generate_derivative': False, 'numerical_handling': 'REGULAR', 'missing_handling': 'IMPUTE', 'missing_impute_with': 'MEAN', 'impute_constant_value': 0.0, 'keep_regular': False, 'rescaling': 'AVGSTD', 'monotonic': 'NONE', 'quantile_bin_nb_bins': 4, 'binarize_threshold_mode': 'MEDIAN', 'binarize_constant_threshold': 0.0, 'datetime_cyclical_periods': [], 'role': 'INPUT', 'type': 'NUMERIC', 'state': {'userModified': False, 'autoModifiedByDSS': False, 'recordedMeaning': 'DoubleMeaning'}, 'customHandlingCode': '', 'customProcessorWantsMatrix': False, 'sendToInput': 'main'}, 'birth_date': {'generate_derivative': False, 'numerical_handling': 'DATETIME_CYCLICAL', 'missing_handling': 'DROP_ROW', 'impute_constant_value': 0.0, 'keep_regular': False, 'rescaling': 'AVGSTD', 'monotonic': 'NONE', 'quantile_bin_nb_bins': 4, 'binarize_threshold_mode': 'MEDIAN', 'binarize_constant_threshold': 0.0, 'datetime_cyclical_periods': ['YEAR', 'WEEK', 'QUARTER', 'MONTH'], 'role': 'INPUT', 'type': 'NUMERIC', 'state': {'userModified': False, 'autoModifiedByDSS': False, 'recordedMeaning': 'Date'}, 'customHandlingCode': '', 'customProcessorWantsMatrix': False, 'sendToInput': 'main'}, 'atm_withdrawals_sum': {'generate_derivative': False, 'numerical_handling': 'REGULAR', 'missing_handling': 'IMPUTE', 'missing_impute_with': 'MEAN', 'impute_constant_value': 0.0, 'keep_regular': False, 'rescaling': 'AVGSTD', 'monotonic': 'NONE', 'quantile_bin_nb_bins': 4, 'binarize_threshold_mode': 'MEDIAN', 'binarize_constant_threshold': 0.0, 'datetime_cyclical_periods': [], 'role': 'INPUT', 'type': 'NUMERIC', 'state': {'userModified': False, 'autoModifiedByDSS': False, 'recordedMeaning': 'DoubleMeaning'}, 'customHandlingCode': '', 'customProcessorWantsMatrix': False, 'sendToInput': 'main'}, 'physical_services_sum_sum': {'generate_derivative': False, 'numerical_handling': 'REGULAR', 'missing_handling': 'IMPUTE', 'missing_impute_with': 'MEAN', 'impute_constant_value': 0.0, 'keep_regular': False, 'rescaling': 'AVGSTD', 'monotonic': 'NONE', 'quantile_bin_nb_bins': 4, 'binarize_threshold_mode': 'MEDIAN', 'binarize_constant_threshold': 0.0, 'datetime_cyclical_periods': [], 'role': 'INPUT', 'type': 'NUMERIC', 'state': {'userModified': False, 'autoModifiedByDSS': False, 'recordedMeaning': 'DoubleMeaning'}, 'customHandlingCode': '', 'customProcessorWantsMatrix': False, 'sendToInput': 'main'}, 'balance_stddev': {'generate_derivative': False, 'numerical_handling': 'REGULAR', 'missing_handling': 'IMPUTE', 'missing_impute_with': 'MEAN', 'impute_constant_value': 0.0, 'keep_regular': False, 'rescaling': 'AVGSTD', 'monotonic': 'NONE', 'quantile_bin_nb_bins': 4, 'binarize_threshold_mode': 'MEDIAN', 'binarize_constant_threshold': 0.0, 'datetime_cyclical_periods': [], 'role': 'INPUT', 'type': 'NUMERIC', 'state': {'userModified': False, 'autoModifiedByDSS': False, 'recordedMeaning': 'DoubleMeaning'}, 'customHandlingCode': '', 'customProcessorWantsMatrix': False, 'sendToInput': 'main'}, 'tier': {'category_handling': 'DUMMIFY', 'missing_handling': 'NONE', 'missing_impute_with': 'MODE', 'dummy_clip': 'MAX_NB_CATEGORIES', 'cumulative_proportion': 0.95, 'min_samples': 10, 'max_nb_categories': 100, 'max_cat_safety': 200, 'nb_bins_hashing': 1048576, 'hash_whole_categories': True, 'dummy_drop': 'NONE', 'impact_method': 'M_ESTIMATOR', 'impact_m': 10, 'impact_kfold': True, 'impact_kfold_k': 5, 'impact_kfold_seed': 1337, 'ordinal_order': 'COUNT', 'ordinal_ascending': False, 'ordinal_default_mode': 'HIGHEST', 'ordinal_default_value': 0, 'frequency_default_mode': 'EXPLICIT', 'frequency_default_value': 0.0, 'frequency_normalized': True, 'role': 'INPUT', 'type': 'CATEGORY', 'state': {'userModified': False, 'autoModifiedByDSS': False, 'recordedMeaning': 'Text'}, 'customHandlingCode': '', 'customProcessorWantsMatrix': False, 'sendToInput': 'main'}, 'product_id': {'generate_derivative': False, 'impute_constant_value': 0.0, 'keep_regular': False, 'monotonic': 'NONE', 'quantile_bin_nb_bins': 4, 'binarize_threshold_mode': 'MEDIAN', 'binarize_constant_threshold': 0.0, 'datetime_cyclical_periods': [], 'role': 'REJECT', 'type': 'NUMERIC', 'state': {'userModified': False, 'autoModifiedByDSS': False, 'recordedMeaning': 'LongMeaning'}, 'autoReason': 'REJECT_IDENTIFIER', 'customHandlingCode': '', 'customProcessorWantsMatrix': False, 'sendToInput': 'main'}, 'segment': {'category_handling': 'DUMMIFY', 'missing_handling': 'NONE', 'missing_impute_with': 'MODE', 'dummy_clip': 'MAX_NB_CATEGORIES', 'cumulative_proportion': 0.95, 'min_samples': 10, 'max_nb_categories': 100, 'max_cat_safety': 200, 'nb_bins_hashing': 1048576, 'hash_whole_categories': True, 'dummy_drop': 'NONE', 'impact_method': 'M_ESTIMATOR', 'impact_m': 10, 'impact_kfold': True, 'impact_kfold_k': 5, 'impact_kfold_seed': 1337, 'ordinal_order': 'COUNT', 'ordinal_ascending': False, 'ordinal_default_mode': 'HIGHEST', 'ordinal_default_value': 0, 'frequency_default_mode': 'EXPLICIT', 'frequency_default_value': 0.0, 'frequency_normalized': True, 'role': 'INPUT', 'type': 'CATEGORY', 'state': {'userModified': False, 'autoModifiedByDSS': False, 'recordedMeaning': 'Text'}, 'customHandlingCode': '', 'customProcessorWantsMatrix': False, 'sendToInput': 'main'}, 'digital_services_sum': {'generate_derivative': False, 'numerical_handling': 'REGULAR', 'missing_handling': 'IMPUTE', 'missing_impute_with': 'MEAN', 'impute_constant_value': 0.0, 'keep_regular': False, 'rescaling': 'AVGSTD', 'monotonic': 'NONE', 'quantile_bin_nb_bins': 4, 'binarize_threshold_mode': 'MEDIAN', 'binarize_constant_threshold': 0.0, 'datetime_cyclical_periods': [], 'role': 'INPUT', 'type': 'NUMERIC', 'state': {'userModified': False, 'autoModifiedByDSS': False, 'recordedMeaning': 'DoubleMeaning'}, 'customHandlingCode': '', 'customProcessorWantsMatrix': False, 'sendToInput': 'main'}, 'first_name': {'category_handling': 'DUMMIFY', 'missing_handling': 'NONE', 'missing_impute_with': 'MODE', 'dummy_clip': 'MAX_NB_CATEGORIES', 'cumulative_proportion': 0.95, 'min_samples': 10, 'max_nb_categories': 100, 'max_cat_safety': 200, 'nb_bins_hashing': 1048576, 'hash_whole_categories': True, 'dummy_drop': 'NONE', 'impact_method': 'M_ESTIMATOR', 'impact_m': 10, 'impact_kfold': True, 'impact_kfold_k': 5, 'impact_kfold_seed': 1337, 'ordinal_order': 'COUNT', 'ordinal_ascending': False, 'ordinal_default_mode': 'HIGHEST', 'ordinal_default_value': 0, 'frequency_default_mode': 'EXPLICIT', 'frequency_default_value': 0.0, 'frequency_normalized': True, 'role': 'INPUT', 'type': 'CATEGORY', 'state': {'userModified': False, 'autoModifiedByDSS': False, 'recordedMeaning': 'Text'}, 'customHandlingCode': '', 'customProcessorWantsMatrix': False, 'sendToInput': 'main'}, 'start_date': {'generate_derivative': False, 'numerical_handling': 'DATETIME_CYCLICAL', 'missing_handling': 'DROP_ROW', 'impute_constant_value': 0.0, 'keep_regular': False, 'rescaling': 'AVGSTD', 'monotonic': 'NONE', 'quantile_bin_nb_bins': 4, 'binarize_threshold_mode': 'MEDIAN', 'binarize_constant_threshold': 0.0, 'datetime_cyclical_periods': ['YEAR', 'WEEK', 'QUARTER'], 'role': 'INPUT', 'type': 'NUMERIC', 'state': {'userModified': False, 'autoModifiedByDSS': False, 'recordedMeaning': 'Date'}, 'customHandlingCode': '', 'customProcessorWantsMatrix': False, 'sendToInput': 'main'}, 'is_churn': {'generate_derivative': False, 'impute_constant_value': 0.0, 'keep_regular': False, 'monotonic': 'NONE', 'quantile_bin_nb_bins': 4, 'binarize_threshold_mode': 'MEDIAN', 'binarize_constant_threshold': 0.0, 'datetime_cyclical_periods': [], 'role': 'TARGET', 'type': 'NUMERIC', 'state': {'userModified': False, 'autoModifiedByDSS': False, 'recordedMeaning': 'LongMeaning'}, 'customHandlingCode': '', 'customProcessorWantsMatrix': False, 'sendToInput': 'main'}, 'product': {'category_handling': 'DUMMIFY', 'missing_handling': 'NONE', 'missing_impute_with': 'MODE', 'dummy_clip': 'MAX_NB_CATEGORIES', 'cumulative_proportion': 0.95, 'min_samples': 10, 'max_nb_categories': 100, 'max_cat_safety': 200, 'nb_bins_hashing': 1048576, 'hash_whole_categories': True, 'dummy_drop': 'NONE', 'impact_method': 'M_ESTIMATOR', 'impact_m': 10, 'impact_kfold': True, 'impact_kfold_k': 5, 'impact_kfold_seed': 1337, 'ordinal_order': 'COUNT', 'ordinal_ascending': False, 'ordinal_default_mode': 'HIGHEST', 'ordinal_default_value': 0, 'frequency_default_mode': 'EXPLICIT', 'frequency_default_value': 0.0, 'frequency_normalized': True, 'role': 'INPUT', 'type': 'CATEGORY', 'state': {'userModified': False, 'autoModifiedByDSS': False, 'recordedMeaning': 'Text'}, 'customHandlingCode': '', 'customProcessorWantsMatrix': False, 'sendToInput': 'main'}, 'count': {'generate_derivative': False, 'numerical_handling': 'REGULAR', 'missing_handling': 'IMPUTE', 'missing_impute_with': 'MEAN', 'impute_constant_value': 0.0, 'keep_regular': False, 'rescaling': 'AVGSTD', 'monotonic': 'NONE', 'quantile_bin_nb_bins': 4, 'binarize_threshold_mode': 'MEDIAN', 'binarize_constant_threshold': 0.0, 'datetime_cyclical_periods': [], 'role': 'INPUT', 'type': 'NUMERIC', 'state': {'userModified': False, 'autoModifiedByDSS': False, 'recordedMeaning': 'LongMeaning'}, 'customHandlingCode': '', 'customProcessorWantsMatrix': False, 'sendToInput': 'main'}, 'last_name': {'category_handling': 'DUMMIFY', 'missing_handling': 'NONE', 'missing_impute_with': 'MODE', 'dummy_clip': 'MAX_NB_CATEGORIES', 'cumulative_proportion': 0.95, 'min_samples': 10, 'max_nb_categories': 100, 'max_cat_safety': 200, 'nb_bins_hashing': 1048576, 'hash_whole_categories': True, 'dummy_drop': 'NONE', 'impact_method': 'M_ESTIMATOR', 'impact_m': 10, 'impact_kfold': True, 'impact_kfold_k': 5, 'impact_kfold_seed': 1337, 'ordinal_order': 'COUNT', 'ordinal_ascending': False, 'ordinal_default_mode': 'HIGHEST', 'ordinal_default_value': 0, 'frequency_default_mode': 'EXPLICIT', 'frequency_default_value': 0.0, 'frequency_normalized': True, 'role': 'INPUT', 'type': 'CATEGORY', 'state': {'userModified': False, 'autoModifiedByDSS': False, 'recordedMeaning': 'Text'}, 'customHandlingCode': '', 'customProcessorWantsMatrix': False, 'sendToInput': 'main'}, 'balance_max': {'generate_derivative': False, 'numerical_handling': 'REGULAR', 'missing_handling': 'IMPUTE', 'missing_impute_with': 'MEAN', 'impute_constant_value': 0.0, 'keep_regular': False, 'rescaling': 'AVGSTD', 'monotonic': 'NONE', 'quantile_bin_nb_bins': 4, 'binarize_threshold_mode': 'MEDIAN', 'binarize_constant_threshold': 0.0, 'datetime_cyclical_periods': [], 'role': 'INPUT', 'type': 'NUMERIC', 'state': {'userModified': False, 'autoModifiedByDSS': False, 'recordedMeaning': 'DoubleMeaning'}, 'customHandlingCode': '', 'customProcessorWantsMatrix': False, 'sendToInput': 'main'}, 'revenue_sum': {'generate_derivative': False, 'numerical_handling': 'REGULAR', 'missing_handling': 'IMPUTE', 'missing_impute_with': 'MEAN', 'impute_constant_value': 0.0, 'keep_regular': False, 'rescaling': 'AVGSTD', 'monotonic': 'NONE', 'quantile_bin_nb_bins': 4, 'binarize_threshold_mode': 'MEDIAN', 'binarize_constant_threshold': 0.0, 'datetime_cyclical_periods': [], 'role': 'INPUT', 'type': 'NUMERIC', 'state': {'userModified': False, 'autoModifiedByDSS': False, 'recordedMeaning': 'DoubleMeaning'}, 'customHandlingCode': '', 'customProcessorWantsMatrix': False, 'sendToInput': 'main'}, 'atm_withdrawals_sum_sum': {'generate_derivative': False, 'numerical_handling': 'REGULAR', 'missing_handling': 'IMPUTE', 'missing_impute_with': 'MEAN', 'impute_constant_value': 0.0, 'keep_regular': False, 'rescaling': 'AVGSTD', 'monotonic': 'NONE', 'quantile_bin_nb_bins': 4, 'binarize_threshold_mode': 'MEDIAN', 'binarize_constant_threshold': 0.0, 'datetime_cyclical_periods': [], 'role': 'INPUT', 'type': 'NUMERIC', 'state': {'userModified': False, 'autoModifiedByDSS': False, 'recordedMeaning': 'DoubleMeaning'}, 'customHandlingCode': '', 'customProcessorWantsMatrix': False, 'sendToInput': 'main'}, 'creation_date': {'generate_derivative': False, 'numerical_handling': 'DATETIME_CYCLICAL', 'missing_handling': 'DROP_ROW', 'impute_constant_value': 0.0, 'keep_regular': False, 'rescaling': 'AVGSTD', 'monotonic': 'NONE', 'quantile_bin_nb_bins': 4, 'binarize_threshold_mode': 'MEDIAN', 'binarize_constant_threshold': 0.0, 'datetime_cyclical_periods': ['YEAR', 'WEEK', 'QUARTER', 'MONTH'], 'role': 'INPUT', 'type': 'NUMERIC', 'state': {'userModified': False, 'autoModifiedByDSS': False, 'recordedMeaning': 'Date'}, 'customHandlingCode': '', 'customProcessorWantsMatrix': False, 'sendToInput': 'main'}, 'revenue_avg': {'generate_derivative': False, 'numerical_handling': 'REGULAR', 'missing_handling': 'IMPUTE', 'missing_impute_with': 'MEAN', 'impute_constant_value': 0.0, 'keep_regular': False, 'rescaling': 'AVGSTD', 'monotonic': 'NONE', 'quantile_bin_nb_bins': 4, 'binarize_threshold_mode': 'MEDIAN', 'binarize_constant_threshold': 0.0, 'datetime_cyclical_periods': [], 'role': 'INPUT', 'type': 'NUMERIC', 'state': {'userModified': False, 'autoModifiedByDSS': False, 'recordedMeaning': 'DoubleMeaning'}, 'customHandlingCode': '', 'customProcessorWantsMatrix': False, 'sendToInput': 'main'}, 'product_type': {'category_handling': 'DUMMIFY', 'missing_handling': 'NONE', 'missing_impute_with': 'MODE', 'dummy_clip': 'MAX_NB_CATEGORIES', 'cumulative_proportion': 0.95, 'min_samples': 10, 'max_nb_categories': 100, 'max_cat_safety': 200, 'nb_bins_hashing': 1048576, 'hash_whole_categories': True, 'dummy_drop': 'NONE', 'impact_method': 'M_ESTIMATOR', 'impact_m': 10, 'impact_kfold': True, 'impact_kfold_k': 5, 'impact_kfold_seed': 1337, 'ordinal_order': 'COUNT', 'ordinal_ascending': False, 'ordinal_default_mode': 'HIGHEST', 'ordinal_default_value': 0, 'frequency_default_mode': 'EXPLICIT', 'frequency_default_value': 0.0, 'frequency_normalized': True, 'role': 'INPUT', 'type': 'CATEGORY', 'state': {'userModified': False, 'autoModifiedByDSS': False, 'recordedMeaning': 'Text'}, 'customHandlingCode': '', 'customProcessorWantsMatrix': False, 'sendToInput': 'main'}, 'balance_distinct': {'generate_derivative': False, 'numerical_handling': 'REGULAR', 'missing_handling': 'IMPUTE', 'missing_impute_with': 'MEAN', 'impute_constant_value': 0.0, 'keep_regular': False, 'rescaling': 'AVGSTD', 'monotonic': 'NONE', 'quantile_bin_nb_bins': 4, 'binarize_threshold_mode': 'MEDIAN', 'binarize_constant_threshold': 0.0, 'datetime_cyclical_periods': [], 'role': 'INPUT', 'type': 'NUMERIC', 'state': {'userModified': False, 'autoModifiedByDSS': False, 'recordedMeaning': 'LongMeaning'}, 'customHandlingCode': '', 'customProcessorWantsMatrix': False, 'sendToInput': 'main'}, 'in_person_interaction_sum': {'generate_derivative': False, 'numerical_handling': 'REGULAR', 'missing_handling': 'IMPUTE', 'missing_impute_with': 'MEAN', 'impute_constant_value': 0.0, 'keep_regular': False, 'rescaling': 'AVGSTD', 'monotonic': 'NONE', 'quantile_bin_nb_bins': 4, 'binarize_threshold_mode': 'MEDIAN', 'binarize_constant_threshold': 0.0, 'datetime_cyclical_periods': [], 'role': 'INPUT', 'type': 'NUMERIC', 'state': {'userModified': False, 'autoModifiedByDSS': False, 'recordedMeaning': 'DoubleMeaning'}, 'customHandlingCode': '', 'customProcessorWantsMatrix': False, 'sendToInput': 'main'}, 'physical_services_sum': {'generate_derivative': False, 'numerical_handling': 'REGULAR', 'missing_handling': 'IMPUTE', 'missing_impute_with': 'MEAN', 'impute_constant_value': 0.0, 'keep_regular': False, 'rescaling': 'AVGSTD', 'monotonic': 'NONE', 'quantile_bin_nb_bins': 4, 'binarize_threshold_mode': 'MEDIAN', 'binarize_constant_threshold': 0.0, 'datetime_cyclical_periods': [], 'role': 'INPUT', 'type': 'NUMERIC', 'state': {'userModified': False, 'autoModifiedByDSS': False, 'recordedMeaning': 'DoubleMeaning'}, 'customHandlingCode': '', 'customProcessorWantsMatrix': False, 'sendToInput': 'main'}, 'customer_id': {'generate_derivative': False, 'numerical_handling': 'REGULAR', 'missing_handling': 'IMPUTE', 'missing_impute_with': 'MEAN', 'impute_constant_value': 0.0, 'keep_regular': False, 'rescaling': 'AVGSTD', 'monotonic': 'NONE', 'quantile_bin_nb_bins': 4, 'binarize_threshold_mode': 'MEDIAN', 'binarize_constant_threshold': 0.0, 'datetime_cyclical_periods': [], 'role': 'INPUT', 'type': 'NUMERIC', 'state': {'userModified': False, 'autoModifiedByDSS': False, 'recordedMeaning': 'LongMeaning'}, 'customHandlingCode': '', 'customProcessorWantsMatrix': False, 'sendToInput': 'main'}, 'region': {'generate_derivative': False, 'numerical_handling': 'REGULAR', 'missing_handling': 'IMPUTE', 'missing_impute_with': 'MEAN', 'impute_constant_value': 0.0, 'keep_regular': False, 'rescaling': 'AVGSTD', 'monotonic': 'NONE', 'quantile_bin_nb_bins': 4, 'binarize_threshold_mode': 'MEDIAN', 'binarize_constant_threshold': 0.0, 'datetime_cyclical_periods': [], 'role': 'INPUT', 'type': 'NUMERIC', 'state': {'userModified': False, 'autoModifiedByDSS': False, 'recordedMeaning': 'LongMeaning'}, 'customHandlingCode': '', 'customProcessorWantsMatrix': False, 'sendToInput': 'main'}, 'fx_services_sum': {'generate_derivative': False, 'numerical_handling': 'REGULAR', 'missing_handling': 'IMPUTE', 'missing_impute_with': 'MEAN', 'impute_constant_value': 0.0, 'keep_regular': False, 'rescaling': 'AVGSTD', 'monotonic': 'NONE', 'quantile_bin_nb_bins': 4, 'binarize_threshold_mode': 'MEDIAN', 'binarize_constant_threshold': 0.0, 'datetime_cyclical_periods': [], 'role': 'INPUT', 'type': 'NUMERIC', 'state': {'userModified': False, 'autoModifiedByDSS': False, 'recordedMeaning': 'DoubleMeaning'}, 'customHandlingCode': '', 'customProcessorWantsMatrix': False, 'sendToInput': 'main'}}, 'reduce': {'enabled': False, 'kept_variance': 0.0}, 'feature_generation': {'pairwise_linear': {'behavior': 'DISABLED'}, 'polynomial_combinations': {'behavior': 'DISABLED'}, 'manual_interactions': {'interactions': []}, 'numericals_clustering': {'k': 0, 'all_features': False, 'input_features': [], 'behavior': 'DISABLED'}, 'categoricals_count_transformer': {'all_features': False, 'input_features': [], 'behavior': 'DISABLED'}, 'shifts': {}, 'windows': [], 'windows_rescale_numericals': False, 'windows_max_categories': 10}}
[2026-04-21 18:56:00,253] [23/MainThread] [INFO] [dataiku.doctor.utils.listener] START -  Loading train set
[2026-04-21 18:56:00,253] [23/MainThread] [INFO] [dataiku.base.folder_context] Fetching file from backend: source='/data/dataiku/datadir/analysis-data/PROJET_CHURN_BANQUE/SokZTM82/2myLNFUR/sessions/s3/pp1/m1/train_info.json' target='/home/dataiku/cache/analysis-data/PROJET_CHURN_BANQUE/SokZTM82/2myLNFUR/sessions/s3/pp1/m1/train_info.json'
[2026-04-21 18:56:00,254] [23/MainThread] [INFO] [dataiku.container.file_exchange] Fetching file /data/dataiku/datadir/analysis-data/PROJET_CHURN_BANQUE/SokZTM82/2myLNFUR/sessions/s3/pp1/m1/train_info.json into /home/dataiku/cache/analysis-data/PROJET_CHURN_BANQUE/SokZTM82/2myLNFUR/sessions/s3/pp1/m1/train_info.json
[2026-04-21 18:56:00,254] [23/MainThread] [DEBUG] [root] Creating HTTP session for internal RPC
[2026-04-21 18:56:00,254] [23/MainThread] [DEBUG] [root] Verifying SSL calls: /home/dataiku/rpc_server_cert.pem
[2026-04-21 18:56:00,257] [23/MainThread] [DEBUG] [urllib3.connectionpool] Starting new HTTPS connection (1): dss-headless-node-56800c84.space-1e09aade-dku.svc.cluster.local:10005
[2026-04-21 18:56:00,280] [23/MainThread] [DEBUG] [urllib3.connectionpool] https://dss-headless-node-56800c84.space-1e09aade-dku.svc.cluster.local:10005 "POST /dip/api/tintercom/containers/get-file HTTP/1.1" 200 629
[2026-04-21 18:56:00,302] [23/MainThread] [INFO] [dataiku.doctor.utils] Training on platform: {"architecture": ["64bit", "ELF"], "libc": ["glibc", "2.34"], "machine": "x86_64", "kernelRelease": "6.12.79-101.147.amzn2023.x86_64", "kernelVersion": "#1 SMP PREEMPT_DYNAMIC Thu Apr  2 04:32:18 UTC 2026", "platform": "Linux-6.12.79-101.147.amzn2023.x86_64-x86_64-with-glibc2.34", "pythonCompiler": "GCC 11.5.0 20240719 (Red Hat 11.5.0-11)", "pythonImplementation": "CPython", "pythonVersion": "3.9.25", "system": "Linux"}
[2026-04-21 18:56:00,303] [23/MainThread] [INFO] [dataiku.doctor.utils] Training on CPU: {"processor": "0", "vendor_id": "GenuineIntel", "cpu family": "6", "model": "85", "model name": "Intel(R) Xeon(R) Platinum 8259CL CPU @ 2.50GHz", "stepping": "7", "microcode": "0x5003901", "cpu MHz": "3199.894", "cache size": "36608 KB", "physical id": "0", "siblings": "8", "core id": "0", "cpu cores": "4", "apicid": "0", "initial apicid": "0", "fpu": "yes", "fpu_exception": "yes", "cpuid level": "13", "wp": "yes", "flags": "fpu vme de pse tsc msr pae mce cx8 apic sep mtrr pge mca cmov pat pse36 clflush mmx fxsr sse sse2 ss ht syscall nx pdpe1gb rdtscp lm constant_tsc rep_good nopl xtopology nonstop_tsc cpuid aperfmperf tsc_known_freq pni pclmulqdq ssse3 fma cx16 pcid sse4_1 sse4_2 x2apic movbe popcnt tsc_deadline_timer aes xsave avx f16c rdrand hypervisor lahf_lm abm 3dnowprefetch cpuid_fault pti fsgsbase tsc_adjust bmi1 avx2 smep bmi2 erms invpcid mpx avx512f avx512dq rdseed adx smap clflushopt clwb avx512cd avx512bw avx512vl xsaveopt xsavec xgetbv1 xsaves ida arat pku ospke", "bugs": "cpu_meltdown spectre_v1 spectre_v2 spec_store_bypass l1tf mds swapgs itlb_multihit mmio_stale_data retbleed gds bhi its", "bogomips": "4999.98", "clflush size": "64", "cache_alignment": "64", "address sizes": "46 bits physical, 48 bits virtual"}
[2026-04-21 18:56:00,331] [23/MainThread] [INFO] [dataiku.doctor.utils] Training with main package versions: {"pandas": "2.2.3", "scikit-learn": "1.5.2", "scipy": "1.13.1", "lightgbm": "4.6.0", "flask": "2.2.5", "itsdangerous": "2.2.0", "jinja2": "3.1.6", "xgboost": "1.7.6", "werkzeug": "3.1.8", "statsmodels": "0.14.6", "pillow": "11.3.0", "markupsafe": "3.0.3", "cloudpickle": "1.5.0"} 
[2026-04-21 18:56:00,332] [23/MainThread] [INFO] [root] Sending /home/dataiku/cache/analysis-data/PROJET_CHURN_BANQUE/SokZTM82/2myLNFUR/sessions/s3/pp1/m1/train_info.json to /data/dataiku/datadir/analysis-data/PROJET_CHURN_BANQUE/SokZTM82/2myLNFUR/sessions/s3/pp1/m1/train_info.json
[2026-04-21 18:56:00,334] [23/MainThread] [DEBUG] [urllib3.connectionpool] Resetting dropped connection: dss-headless-node-56800c84.space-1e09aade-dku.svc.cluster.local
[2026-04-21 18:56:00,358] [23/MainThread] [DEBUG] [urllib3.connectionpool] https://dss-headless-node-56800c84.space-1e09aade-dku.svc.cluster.local:10005 "POST /dip/api/tintercom/containers/put-file?executionId=doctor-preprocessing-sa0q9oj&fileKind=FILTERED_PATHS&path=%2Fdata%2Fdataiku%2Fdatadir%2Fanalysis-data%2FPROJET_CHURN_BANQUE%2FSokZTM82%2F2myLNFUR%2Fsessions%2Fs3%2Fpp1%2Fm1%2Ftrain_info.json&expand=false HTTP/1.1" 200 None
[2026-04-21 18:56:00,359] [23/MainThread] [INFO] [root] Sending /home/dataiku/cache/analysis-data/PROJET_CHURN_BANQUE/SokZTM82/2myLNFUR/sessions/s3/pp1/m1/train_info.json to /data/dataiku/datadir/analysis-data/PROJET_CHURN_BANQUE/SokZTM82/2myLNFUR/sessions/s3/pp1/m1/train_info.json
[2026-04-21 18:56:00,363] [23/MainThread] [DEBUG] [urllib3.connectionpool] https://dss-headless-node-56800c84.space-1e09aade-dku.svc.cluster.local:10005 "POST /dip/api/tintercom/containers/put-file?executionId=doctor-preprocessing-sa0q9oj&fileKind=FILTERED_PATHS&path=%2Fdata%2Fdataiku%2Fdatadir%2Fanalysis-data%2FPROJET_CHURN_BANQUE%2FSokZTM82%2F2myLNFUR%2Fsessions%2Fs3%2Fpp1%2Fm1%2Ftrain_info.json&expand=false HTTP/1.1" 200 None
[2026-04-21 18:56:00,363] [23/MainThread] [INFO] [dataiku.base.folder_context] Fetching file from backend: source='/data/dataiku/datadir/analysis-data/PROJET_CHURN_BANQUE/SokZTM82/2myLNFUR/splits/train-1c6768fce12b05e4b5a07c7d57a27714-0.csv.gz' target='/home/dataiku/cache/analysis-data/PROJET_CHURN_BANQUE/SokZTM82/2myLNFUR/splits/train-1c6768fce12b05e4b5a07c7d57a27714-0.csv.gz'
[2026-04-21 18:56:00,364] [23/MainThread] [INFO] [dataiku.container.file_exchange] Fetching file /data/dataiku/datadir/analysis-data/PROJET_CHURN_BANQUE/SokZTM82/2myLNFUR/splits/train-1c6768fce12b05e4b5a07c7d57a27714-0.csv.gz into /home/dataiku/cache/analysis-data/PROJET_CHURN_BANQUE/SokZTM82/2myLNFUR/splits/train-1c6768fce12b05e4b5a07c7d57a27714-0.csv.gz
[2026-04-21 18:56:00,367] [23/MainThread] [DEBUG] [urllib3.connectionpool] https://dss-headless-node-56800c84.space-1e09aade-dku.svc.cluster.local:10005 "POST /dip/api/tintercom/containers/get-file HTTP/1.1" 200 4064669
[2026-04-21 18:56:00,386] [23/MainThread] [INFO] [root] Reading with dtypes: None
[2026-04-21 18:56:00,386] [23/MainThread] [INFO] [dataiku.doctor.utils] Computed dtype for customer_id: <class 'numpy.float64'> (schema_type=bigint feature_type=NUMERIC feature_role=INPUT)
[2026-04-21 18:56:00,387] [23/MainThread] [INFO] [dataiku.doctor.utils] Computed dtype for product: str (schema_type=string feature_type=CATEGORY feature_role=INPUT)
[2026-04-21 18:56:00,387] [23/MainThread] [INFO] [dataiku.doctor.utils] Computed dtype for product_type: str (schema_type=string feature_type=CATEGORY feature_role=INPUT)
[2026-04-21 18:56:00,387] [23/MainThread] [INFO] [dataiku.doctor.utils] Computed dtype for start_date: None (schema_type=date feature_type=NUMERIC feature_role=INPUT)
[2026-04-21 18:56:00,387] [23/MainThread] [INFO] [dataiku.doctor.utils] Computed dtype for product_id: None (schema_type=bigint feature_type=NUMERIC feature_role=REJECT)
[2026-04-21 18:56:00,387] [23/MainThread] [INFO] [dataiku.doctor.utils] Computed dtype for end_date: None (schema_type=date feature_type=NUMERIC feature_role=INPUT)
[2026-04-21 18:56:00,387] [23/MainThread] [INFO] [dataiku.doctor.utils] Computed dtype for is_churn: <class 'numpy.object_'> (schema_type=bigint feature_type=NUMERIC feature_role=TARGET)
[2026-04-21 18:56:00,387] [23/MainThread] [INFO] [dataiku.doctor.utils] Computed dtype for balance_min: <class 'numpy.float64'> (schema_type=double feature_type=NUMERIC feature_role=INPUT)
[2026-04-21 18:56:00,387] [23/MainThread] [INFO] [dataiku.doctor.utils] Computed dtype for balance_max: <class 'numpy.float64'> (schema_type=double feature_type=NUMERIC feature_role=INPUT)
[2026-04-21 18:56:00,387] [23/MainThread] [INFO] [dataiku.doctor.utils] Computed dtype for balance_distinct: <class 'numpy.float64'> (schema_type=bigint feature_type=NUMERIC feature_role=INPUT)
[2026-04-21 18:56:00,387] [23/MainThread] [INFO] [dataiku.doctor.utils] Computed dtype for balance_avg: <class 'numpy.float64'> (schema_type=double feature_type=NUMERIC feature_role=INPUT)
[2026-04-21 18:56:00,387] [23/MainThread] [INFO] [dataiku.doctor.utils] Computed dtype for balance_stddev: <class 'numpy.float64'> (schema_type=double feature_type=NUMERIC feature_role=INPUT)
[2026-04-21 18:56:00,387] [23/MainThread] [INFO] [dataiku.doctor.utils] Computed dtype for count: <class 'numpy.float64'> (schema_type=bigint feature_type=NUMERIC feature_role=INPUT)
[2026-04-21 18:56:00,387] [23/MainThread] [INFO] [dataiku.doctor.utils] Computed dtype for revenue_avg: <class 'numpy.float64'> (schema_type=double feature_type=NUMERIC feature_role=INPUT)
[2026-04-21 18:56:00,387] [23/MainThread] [INFO] [dataiku.doctor.utils] Computed dtype for revenue_sum: <class 'numpy.float64'> (schema_type=double feature_type=NUMERIC feature_role=INPUT)
[2026-04-21 18:56:00,387] [23/MainThread] [INFO] [dataiku.doctor.utils] Computed dtype for in_person_interaction_sum: <class 'numpy.float64'> (schema_type=double feature_type=NUMERIC feature_role=INPUT)
[2026-04-21 18:56:00,387] [23/MainThread] [INFO] [dataiku.doctor.utils] Computed dtype for atm_withdrawals_sum: <class 'numpy.float64'> (schema_type=double feature_type=NUMERIC feature_role=INPUT)
[2026-04-21 18:56:00,387] [23/MainThread] [INFO] [dataiku.doctor.utils] Computed dtype for atm_withdrawals_sum_sum: <class 'numpy.float64'> (schema_type=double feature_type=NUMERIC feature_role=INPUT)
[2026-04-21 18:56:00,387] [23/MainThread] [INFO] [dataiku.doctor.utils] Computed dtype for physical_services_sum: <class 'numpy.float64'> (schema_type=double feature_type=NUMERIC feature_role=INPUT)
[2026-04-21 18:56:00,387] [23/MainThread] [INFO] [dataiku.doctor.utils] Computed dtype for physical_services_sum_sum: <class 'numpy.float64'> (schema_type=double feature_type=NUMERIC feature_role=INPUT)
[2026-04-21 18:56:00,387] [23/MainThread] [INFO] [dataiku.doctor.utils] Computed dtype for digital_services_sum: <class 'numpy.float64'> (schema_type=double feature_type=NUMERIC feature_role=INPUT)
[2026-04-21 18:56:00,387] [23/MainThread] [INFO] [dataiku.doctor.utils] Computed dtype for fx_services_sum: <class 'numpy.float64'> (schema_type=double feature_type=NUMERIC feature_role=INPUT)
[2026-04-21 18:56:00,387] [23/MainThread] [INFO] [dataiku.doctor.utils] Computed dtype for gender: str (schema_type=string feature_type=CATEGORY feature_role=INPUT)
[2026-04-21 18:56:00,387] [23/MainThread] [INFO] [dataiku.doctor.utils] Computed dtype for creation_date: None (schema_type=date feature_type=NUMERIC feature_role=INPUT)
[2026-04-21 18:56:00,387] [23/MainThread] [INFO] [dataiku.doctor.utils] Computed dtype for region: <class 'numpy.float64'> (schema_type=bigint feature_type=NUMERIC feature_role=INPUT)
[2026-04-21 18:56:00,387] [23/MainThread] [INFO] [dataiku.doctor.utils] Computed dtype for income: <class 'numpy.float64'> (schema_type=double feature_type=NUMERIC feature_role=INPUT)
[2026-04-21 18:56:00,388] [23/MainThread] [INFO] [dataiku.doctor.utils] Computed dtype for tier: str (schema_type=string feature_type=CATEGORY feature_role=INPUT)
[2026-04-21 18:56:00,388] [23/MainThread] [INFO] [dataiku.doctor.utils] Computed dtype for birth_date: None (schema_type=date feature_type=NUMERIC feature_role=INPUT)
[2026-04-21 18:56:00,388] [23/MainThread] [INFO] [dataiku.doctor.utils] Computed dtype for first_name: str (schema_type=string feature_type=CATEGORY feature_role=INPUT)
[2026-04-21 18:56:00,388] [23/MainThread] [INFO] [dataiku.doctor.utils] Computed dtype for last_name: str (schema_type=string feature_type=CATEGORY feature_role=INPUT)
[2026-04-21 18:56:00,388] [23/MainThread] [INFO] [dataiku.doctor.utils] Computed dtype for segment: str (schema_type=string feature_type=CATEGORY feature_role=INPUT)
[2026-04-21 18:56:00,388] [23/MainThread] [INFO] [root] Reading with FIXED dtypes: {'customer_id': <class 'numpy.float64'>, 'product': 'str', 'product_type': 'str', 'is_churn': <class 'numpy.object_'>, 'balance_min': <class 'numpy.float64'>, 'balance_max': <class 'numpy.float64'>, 'balance_distinct': <class 'numpy.float64'>, 'balance_avg': <class 'numpy.float64'>, 'balance_stddev': <class 'numpy.float64'>, 'count': <class 'numpy.float64'>, 'revenue_avg': <class 'numpy.float64'>, 'revenue_sum': <class 'numpy.float64'>, 'in_person_interaction_sum': <class 'numpy.float64'>, 'atm_withdrawals_sum': <class 'numpy.float64'>, 'atm_withdrawals_sum_sum': <class 'numpy.float64'>, 'physical_services_sum': <class 'numpy.float64'>, 'physical_services_sum_sum': <class 'numpy.float64'>, 'digital_services_sum': <class 'numpy.float64'>, 'fx_services_sum': <class 'numpy.float64'>, 'gender': 'str', 'region': <class 'numpy.float64'>, 'income': <class 'numpy.float64'>, 'tier': 'str', 'first_name': 'str', 'last_name': 'str', 'segment': 'str'}
[2026-04-21 18:56:03,546] [1/Thread-1] [INFO] [root] Local process resource usage : {"commandName": "/opt/dataiku/bin/python -m dataiku.container.exec_doctor_server", "vmRSSTotalMBS": 0, "majorFaults": 0, "childrenMajorFaults": 0, "cpuUserTimeMS": 4680.0, "cpuSystemTimeMS": 230.0, "cpuChildrenUserTimeMS": 10.0, "cpuChildrenSystemTimeMS": 0.0, "cpuTotalMS": 4920.0, "vmSizePeakMB": 1122.0703125, "vmSizeMB": 1070.140625, "vmRSSMB": 255.046875, "vmHWMMB": 306.0546875, "vmRSSAnonMB": 161.57421875, "vmDataMB": 741.7421875, "vmRSSPeakMB": 255.046875}
[2026-04-21 18:56:04,230] [23/MainThread] [INFO] [root] Loaded table
[2026-04-21 18:56:04,231] [23/MainThread] [INFO] [dataiku.doctor.utils] Normalizing date to numeric : 0                             NaT
1                             NaT
2                             NaT
3       2015-10-28 00:00:00+00:00
4                             NaT
                   ...           
43696                         NaT
43697                         NaT
43698                         NaT
43699                         NaT
43700                         NaT
Name: end_date, Length: 43701, dtype: datetime64[ns, UTC]
/opt/dataiku/python/dataiku/doctor/utils/__init__.py:173: UserWarning: no explicit representation of timezones available for np.datetime64
  return (pd.Series((series.values.astype("datetime64[ms]") - np.datetime64(EPOCH))) / np.timedelta64(1, 's')).reindex_like(series, method='pad')
[2026-04-21 18:56:04,234] [23/MainThread] [INFO] [dataiku.doctor.utils] Normalized date : 0                 NaN
1                 NaN
2                 NaN
3        3.654979e+09
4                 NaN
             ...     
43696             NaN
43697             NaN
43698             NaN
43699             NaN
43700             NaN
Name: end_date, Length: 43701, dtype: float64
[2026-04-21 18:56:04,235] [23/MainThread] [INFO] [dataiku.doctor.utils] Normalizing date to numeric : 0       1970-06-25 00:00:00+00:00
1       1941-06-25 00:00:00+00:00
2       1958-06-30 00:00:00+00:00
3       1951-06-25 00:00:00+00:00
4       1967-07-14 00:00:00+00:00
                   ...           
43696   1964-06-15 00:00:00+00:00
43697   1964-06-15 00:00:00+00:00
43698   1963-06-25 00:00:00+00:00
43699   1966-06-25 00:00:00+00:00
43700   1970-06-25 00:00:00+00:00
Name: birth_date, Length: 43701, dtype: datetime64[ns, UTC]
/opt/dataiku/python/dataiku/doctor/utils/__init__.py:173: UserWarning: no explicit representation of timezones available for np.datetime64
  return (pd.Series((series.values.astype("datetime64[ms]") - np.datetime64(EPOCH))) / np.timedelta64(1, 's')).reindex_like(series, method='pad')
[2026-04-21 18:56:04,238] [23/MainThread] [INFO] [dataiku.doctor.utils] Normalized date : 0        2.224109e+09
1        1.308960e+09
2        1.845850e+09
3        1.624493e+09
4        2.131056e+09
             ...     
43696    2.033942e+09
43697    2.033942e+09
43698    2.003184e+09
43699    2.097878e+09
43700    2.224109e+09
Name: birth_date, Length: 43701, dtype: float64
[2026-04-21 18:56:04,239] [23/MainThread] [INFO] [dataiku.doctor.utils] Normalizing date to numeric : 0       2015-01-28 00:00:00+00:00
1       2015-01-28 00:00:00+00:00
2       2015-01-28 00:00:00+00:00
3       2015-01-28 00:00:00+00:00
4       2015-01-28 00:00:00+00:00
                   ...           
43696   2015-01-28 00:00:00+00:00
43697   2015-01-28 00:00:00+00:00
43698   2015-01-28 00:00:00+00:00
43699   2015-01-28 00:00:00+00:00
43700   2015-01-28 00:00:00+00:00
Name: start_date, Length: 43701, dtype: datetime64[ns, UTC]
/opt/dataiku/python/dataiku/doctor/utils/__init__.py:173: UserWarning: no explicit representation of timezones available for np.datetime64
  return (pd.Series((series.values.astype("datetime64[ms]") - np.datetime64(EPOCH))) / np.timedelta64(1, 's')).reindex_like(series, method='pad')
[2026-04-21 18:56:04,242] [23/MainThread] [INFO] [dataiku.doctor.utils] Normalized date : 0        3.631392e+09
1        3.631392e+09
2        3.631392e+09
3        3.631392e+09
4        3.631392e+09
             ...     
43696    3.631392e+09
43697    3.631392e+09
43698    3.631392e+09
43699    3.631392e+09
43700    3.631392e+09
Name: start_date, Length: 43701, dtype: float64
[2026-04-21 18:56:04,243] [23/MainThread] [INFO] [dataiku.doctor.utils] Normalizing date to numeric : 0       2000-01-11 00:00:00+00:00
1       1998-02-17 00:00:00+00:00
2       2007-03-08 00:00:00+00:00
3       2007-02-27 00:00:00+00:00
4       2007-03-22 00:00:00+00:00
                   ...           
43696   1998-01-09 00:00:00+00:00
43697   1998-01-09 00:00:00+00:00
43698   2006-12-23 00:00:00+00:00
43699   1998-04-21 00:00:00+00:00
43700   1998-05-11 00:00:00+00:00
Name: creation_date, Length: 43701, dtype: datetime64[ns, UTC]
/opt/dataiku/python/dataiku/doctor/utils/__init__.py:173: UserWarning: no explicit representation of timezones available for np.datetime64
  return (pd.Series((series.values.astype("datetime64[ms]") - np.datetime64(EPOCH))) / np.timedelta64(1, 's')).reindex_like(series, method='pad')
[2026-04-21 18:56:04,245] [23/MainThread] [INFO] [dataiku.doctor.utils] Normalized date : 0        3.156538e+09
1        3.096662e+09
2        3.382301e+09
3        3.381523e+09
4        3.383510e+09
             ...     
43696    3.093293e+09
43697    3.093293e+09
43698    3.375821e+09
43699    3.102106e+09
43700    3.103834e+09
Name: creation_date, Length: 43701, dtype: float64
[2026-04-21 18:56:04,246] [23/MainThread] [INFO] [dataiku.doctor.utils] Coercion done
[2026-04-21 18:56:04,246] [23/MainThread] [DEBUG] [dataiku.doctor.diagnostics.diagnostics] calling DatasetSanityCheckDiagnostic.on_load_train_dataset_end()
[2026-04-21 18:56:04,248] [23/MainThread] [DEBUG] [dataiku.doctor.diagnostics.diagnostics] DatasetSanityCheckDiagnostic.on_load_train_dataset_end() generated diagnostics: []
[2026-04-21 18:56:04,249] [23/MainThread] [DEBUG] [dataiku.doctor.diagnostics.diagnostics] calling ClassifierAccuracyCheckDiagnostic.on_load_train_dataset_end()
[2026-04-21 18:56:04,249] [23/MainThread] [DEBUG] [dataiku.doctor.diagnostics.diagnostics] calling RegressionR2CheckDiagnostic.on_load_train_dataset_end()
[2026-04-21 18:56:04,249] [23/MainThread] [DEBUG] [dataiku.doctor.diagnostics.diagnostics] calling LeakageDiagnostic.on_load_train_dataset_end()
[2026-04-21 18:56:04,249] [23/MainThread] [DEBUG] [dataiku.doctor.diagnostics.diagnostics] calling TreeOverfitDiagnostic.on_load_train_dataset_end()
[2026-04-21 18:56:04,249] [23/MainThread] [DEBUG] [dataiku.doctor.diagnostics.diagnostics] calling MLAssertionsDiagnostic.on_load_train_dataset_end()
[2026-04-21 18:56:04,249] [23/MainThread] [DEBUG] [dataiku.doctor.diagnostics.diagnostics] calling ModelCheckDiagnostic.on_load_train_dataset_end()
[2026-04-21 18:56:04,249] [23/MainThread] [DEBUG] [dataiku.doctor.diagnostics.diagnostics] calling AbnormalPredictionsDetectionDiagnostic.on_load_train_dataset_end()
[2026-04-21 18:56:04,249] [23/MainThread] [INFO] [dataiku.doctor.utils.split] Loaded train df: shape=(43701,31)
[2026-04-21 18:56:04,249] [23/MainThread] [INFO] [dataiku.doctor.commands] Train col : customer_id (float64)
[2026-04-21 18:56:04,249] [23/MainThread] [INFO] [dataiku.doctor.commands] Train col : product (object)
[2026-04-21 18:56:04,249] [23/MainThread] [INFO] [dataiku.doctor.commands] Train col : product_type (object)
[2026-04-21 18:56:04,249] [23/MainThread] [INFO] [dataiku.doctor.commands] Train col : start_date (float64)
[2026-04-21 18:56:04,249] [23/MainThread] [INFO] [dataiku.doctor.commands] Train col : product_id (int64)
[2026-04-21 18:56:04,250] [23/MainThread] [INFO] [dataiku.doctor.commands] Train col : end_date (float64)
[2026-04-21 18:56:04,250] [23/MainThread] [INFO] [dataiku.doctor.commands] Train col : is_churn (object)
[2026-04-21 18:56:04,250] [23/MainThread] [INFO] [dataiku.doctor.commands] Train col : balance_min (float64)
[2026-04-21 18:56:04,250] [23/MainThread] [INFO] [dataiku.doctor.commands] Train col : balance_max (float64)
[2026-04-21 18:56:04,250] [23/MainThread] [INFO] [dataiku.doctor.commands] Train col : balance_distinct (float64)
[2026-04-21 18:56:04,250] [23/MainThread] [INFO] [dataiku.doctor.commands] Train col : balance_avg (float64)
[2026-04-21 18:56:04,250] [23/MainThread] [INFO] [dataiku.doctor.commands] Train col : balance_stddev (float64)
[2026-04-21 18:56:04,250] [23/MainThread] [INFO] [dataiku.doctor.commands] Train col : count (float64)
[2026-04-21 18:56:04,250] [23/MainThread] [INFO] [dataiku.doctor.commands] Train col : revenue_avg (float64)
[2026-04-21 18:56:04,250] [23/MainThread] [INFO] [dataiku.doctor.commands] Train col : revenue_sum (float64)
[2026-04-21 18:56:04,251] [23/MainThread] [INFO] [dataiku.doctor.commands] Train col : in_person_interaction_sum (float64)
[2026-04-21 18:56:04,251] [23/MainThread] [INFO] [dataiku.doctor.commands] Train col : atm_withdrawals_sum (float64)
[2026-04-21 18:56:04,251] [23/MainThread] [INFO] [dataiku.doctor.commands] Train col : atm_withdrawals_sum_sum (float64)
[2026-04-21 18:56:04,251] [23/MainThread] [INFO] [dataiku.doctor.commands] Train col : physical_services_sum (float64)
[2026-04-21 18:56:04,251] [23/MainThread] [INFO] [dataiku.doctor.commands] Train col : physical_services_sum_sum (float64)
[2026-04-21 18:56:04,251] [23/MainThread] [INFO] [dataiku.doctor.commands] Train col : digital_services_sum (float64)
[2026-04-21 18:56:04,251] [23/MainThread] [INFO] [dataiku.doctor.commands] Train col : fx_services_sum (float64)
[2026-04-21 18:56:04,251] [23/MainThread] [INFO] [dataiku.doctor.commands] Train col : gender (object)
[2026-04-21 18:56:04,251] [23/MainThread] [INFO] [dataiku.doctor.commands] Train col : creation_date (float64)
[2026-04-21 18:56:04,251] [23/MainThread] [INFO] [dataiku.doctor.commands] Train col : region (float64)
[2026-04-21 18:56:04,252] [23/MainThread] [INFO] [dataiku.doctor.commands] Train col : income (float64)
[2026-04-21 18:56:04,252] [23/MainThread] [INFO] [dataiku.doctor.commands] Train col : tier (object)
[2026-04-21 18:56:04,252] [23/MainThread] [INFO] [dataiku.doctor.commands] Train col : birth_date (float64)
[2026-04-21 18:56:04,252] [23/MainThread] [INFO] [dataiku.doctor.commands] Train col : first_name (object)
[2026-04-21 18:56:04,252] [23/MainThread] [INFO] [dataiku.doctor.commands] Train col : last_name (object)
[2026-04-21 18:56:04,252] [23/MainThread] [INFO] [dataiku.doctor.commands] Train col : segment (object)
[2026-04-21 18:56:04,252] [23/MainThread] [INFO] [dataiku.doctor.utils.listener] END -  Loading train set
[2026-04-21 18:56:04,252] [23/MainThread] [INFO] [dataiku.doctor.utils.listener] START -  Loading test set
[2026-04-21 18:56:04,253] [23/MainThread] [INFO] [root] Sending /home/dataiku/cache/analysis-data/PROJET_CHURN_BANQUE/SokZTM82/2myLNFUR/sessions/s3/pp1/m1/train_info.json to /data/dataiku/datadir/analysis-data/PROJET_CHURN_BANQUE/SokZTM82/2myLNFUR/sessions/s3/pp1/m1/train_info.json
[2026-04-21 18:56:04,257] [23/MainThread] [DEBUG] [urllib3.connectionpool] https://dss-headless-node-56800c84.space-1e09aade-dku.svc.cluster.local:10005 "POST /dip/api/tintercom/containers/put-file?executionId=doctor-preprocessing-sa0q9oj&fileKind=FILTERED_PATHS&path=%2Fdata%2Fdataiku%2Fdatadir%2Fanalysis-data%2FPROJET_CHURN_BANQUE%2FSokZTM82%2F2myLNFUR%2Fsessions%2Fs3%2Fpp1%2Fm1%2Ftrain_info.json&expand=false HTTP/1.1" 200 None
[2026-04-21 18:56:04,257] [23/MainThread] [INFO] [dataiku.base.folder_context] Fetching file from backend: source='/data/dataiku/datadir/analysis-data/PROJET_CHURN_BANQUE/SokZTM82/2myLNFUR/splits/test-1c6768fce12b05e4b5a07c7d57a27714-0.csv.gz' target='/home/dataiku/cache/analysis-data/PROJET_CHURN_BANQUE/SokZTM82/2myLNFUR/splits/test-1c6768fce12b05e4b5a07c7d57a27714-0.csv.gz'
[2026-04-21 18:56:04,257] [23/MainThread] [INFO] [dataiku.container.file_exchange] Fetching file /data/dataiku/datadir/analysis-data/PROJET_CHURN_BANQUE/SokZTM82/2myLNFUR/splits/test-1c6768fce12b05e4b5a07c7d57a27714-0.csv.gz into /home/dataiku/cache/analysis-data/PROJET_CHURN_BANQUE/SokZTM82/2myLNFUR/splits/test-1c6768fce12b05e4b5a07c7d57a27714-0.csv.gz
[2026-04-21 18:56:04,260] [23/MainThread] [DEBUG] [urllib3.connectionpool] https://dss-headless-node-56800c84.space-1e09aade-dku.svc.cluster.local:10005 "POST /dip/api/tintercom/containers/get-file HTTP/1.1" 200 1034718
[2026-04-21 18:56:04,266] [23/MainThread] [INFO] [root] Reading with dtypes: None
[2026-04-21 18:56:04,266] [23/MainThread] [INFO] [dataiku.doctor.utils] Computed dtype for customer_id: <class 'numpy.float64'> (schema_type=bigint feature_type=NUMERIC feature_role=INPUT)
[2026-04-21 18:56:04,266] [23/MainThread] [INFO] [dataiku.doctor.utils] Computed dtype for product: str (schema_type=string feature_type=CATEGORY feature_role=INPUT)
[2026-04-21 18:56:04,266] [23/MainThread] [INFO] [dataiku.doctor.utils] Computed dtype for product_type: str (schema_type=string feature_type=CATEGORY feature_role=INPUT)
[2026-04-21 18:56:04,266] [23/MainThread] [INFO] [dataiku.doctor.utils] Computed dtype for start_date: None (schema_type=date feature_type=NUMERIC feature_role=INPUT)
[2026-04-21 18:56:04,266] [23/MainThread] [INFO] [dataiku.doctor.utils] Computed dtype for product_id: None (schema_type=bigint feature_type=NUMERIC feature_role=REJECT)
[2026-04-21 18:56:04,266] [23/MainThread] [INFO] [dataiku.doctor.utils] Computed dtype for end_date: None (schema_type=date feature_type=NUMERIC feature_role=INPUT)
[2026-04-21 18:56:04,266] [23/MainThread] [INFO] [dataiku.doctor.utils] Computed dtype for is_churn: <class 'numpy.object_'> (schema_type=bigint feature_type=NUMERIC feature_role=TARGET)
[2026-04-21 18:56:04,266] [23/MainThread] [INFO] [dataiku.doctor.utils] Computed dtype for balance_min: <class 'numpy.float64'> (schema_type=double feature_type=NUMERIC feature_role=INPUT)
[2026-04-21 18:56:04,267] [23/MainThread] [INFO] [dataiku.doctor.utils] Computed dtype for balance_max: <class 'numpy.float64'> (schema_type=double feature_type=NUMERIC feature_role=INPUT)
[2026-04-21 18:56:04,267] [23/MainThread] [INFO] [dataiku.doctor.utils] Computed dtype for balance_distinct: <class 'numpy.float64'> (schema_type=bigint feature_type=NUMERIC feature_role=INPUT)
[2026-04-21 18:56:04,267] [23/MainThread] [INFO] [dataiku.doctor.utils] Computed dtype for balance_avg: <class 'numpy.float64'> (schema_type=double feature_type=NUMERIC feature_role=INPUT)
[2026-04-21 18:56:04,267] [23/MainThread] [INFO] [dataiku.doctor.utils] Computed dtype for balance_stddev: <class 'numpy.float64'> (schema_type=double feature_type=NUMERIC feature_role=INPUT)
[2026-04-21 18:56:04,267] [23/MainThread] [INFO] [dataiku.doctor.utils] Computed dtype for count: <class 'numpy.float64'> (schema_type=bigint feature_type=NUMERIC feature_role=INPUT)
[2026-04-21 18:56:04,267] [23/MainThread] [INFO] [dataiku.doctor.utils] Computed dtype for revenue_avg: <class 'numpy.float64'> (schema_type=double feature_type=NUMERIC feature_role=INPUT)
[2026-04-21 18:56:04,267] [23/MainThread] [INFO] [dataiku.doctor.utils] Computed dtype for revenue_sum: <class 'numpy.float64'> (schema_type=double feature_type=NUMERIC feature_role=INPUT)
[2026-04-21 18:56:04,267] [23/MainThread] [INFO] [dataiku.doctor.utils] Computed dtype for in_person_interaction_sum: <class 'numpy.float64'> (schema_type=double feature_type=NUMERIC feature_role=INPUT)
[2026-04-21 18:56:04,267] [23/MainThread] [INFO] [dataiku.doctor.utils] Computed dtype for atm_withdrawals_sum: <class 'numpy.float64'> (schema_type=double feature_type=NUMERIC feature_role=INPUT)
[2026-04-21 18:56:04,267] [23/MainThread] [INFO] [dataiku.doctor.utils] Computed dtype for atm_withdrawals_sum_sum: <class 'numpy.float64'> (schema_type=double feature_type=NUMERIC feature_role=INPUT)
[2026-04-21 18:56:04,267] [23/MainThread] [INFO] [dataiku.doctor.utils] Computed dtype for physical_services_sum: <class 'numpy.float64'> (schema_type=double feature_type=NUMERIC feature_role=INPUT)
[2026-04-21 18:56:04,267] [23/MainThread] [INFO] [dataiku.doctor.utils] Computed dtype for physical_services_sum_sum: <class 'numpy.float64'> (schema_type=double feature_type=NUMERIC feature_role=INPUT)
[2026-04-21 18:56:04,267] [23/MainThread] [INFO] [dataiku.doctor.utils] Computed dtype for digital_services_sum: <class 'numpy.float64'> (schema_type=double feature_type=NUMERIC feature_role=INPUT)
[2026-04-21 18:56:04,267] [23/MainThread] [INFO] [dataiku.doctor.utils] Computed dtype for fx_services_sum: <class 'numpy.float64'> (schema_type=double feature_type=NUMERIC feature_role=INPUT)
[2026-04-21 18:56:04,267] [23/MainThread] [INFO] [dataiku.doctor.utils] Computed dtype for gender: str (schema_type=string feature_type=CATEGORY feature_role=INPUT)
[2026-04-21 18:56:04,267] [23/MainThread] [INFO] [dataiku.doctor.utils] Computed dtype for creation_date: None (schema_type=date feature_type=NUMERIC feature_role=INPUT)
[2026-04-21 18:56:04,267] [23/MainThread] [INFO] [dataiku.doctor.utils] Computed dtype for region: <class 'numpy.float64'> (schema_type=bigint feature_type=NUMERIC feature_role=INPUT)
[2026-04-21 18:56:04,267] [23/MainThread] [INFO] [dataiku.doctor.utils] Computed dtype for income: <class 'numpy.float64'> (schema_type=double feature_type=NUMERIC feature_role=INPUT)
[2026-04-21 18:56:04,267] [23/MainThread] [INFO] [dataiku.doctor.utils] Computed dtype for tier: str (schema_type=string feature_type=CATEGORY feature_role=INPUT)
[2026-04-21 18:56:04,267] [23/MainThread] [INFO] [dataiku.doctor.utils] Computed dtype for birth_date: None (schema_type=date feature_type=NUMERIC feature_role=INPUT)
[2026-04-21 18:56:04,268] [23/MainThread] [INFO] [dataiku.doctor.utils] Computed dtype for first_name: str (schema_type=string feature_type=CATEGORY feature_role=INPUT)
[2026-04-21 18:56:04,268] [23/MainThread] [INFO] [dataiku.doctor.utils] Computed dtype for last_name: str (schema_type=string feature_type=CATEGORY feature_role=INPUT)
[2026-04-21 18:56:04,268] [23/MainThread] [INFO] [dataiku.doctor.utils] Computed dtype for segment: str (schema_type=string feature_type=CATEGORY feature_role=INPUT)
[2026-04-21 18:56:04,268] [23/MainThread] [INFO] [root] Reading with FIXED dtypes: {'customer_id': <class 'numpy.float64'>, 'product': 'str', 'product_type': 'str', 'is_churn': <class 'numpy.object_'>, 'balance_min': <class 'numpy.float64'>, 'balance_max': <class 'numpy.float64'>, 'balance_distinct': <class 'numpy.float64'>, 'balance_avg': <class 'numpy.float64'>, 'balance_stddev': <class 'numpy.float64'>, 'count': <class 'numpy.float64'>, 'revenue_avg': <class 'numpy.float64'>, 'revenue_sum': <class 'numpy.float64'>, 'in_person_interaction_sum': <class 'numpy.float64'>, 'atm_withdrawals_sum': <class 'numpy.float64'>, 'atm_withdrawals_sum_sum': <class 'numpy.float64'>, 'physical_services_sum': <class 'numpy.float64'>, 'physical_services_sum_sum': <class 'numpy.float64'>, 'digital_services_sum': <class 'numpy.float64'>, 'fx_services_sum': <class 'numpy.float64'>, 'gender': 'str', 'region': <class 'numpy.float64'>, 'income': <class 'numpy.float64'>, 'tier': 'str', 'first_name': 'str', 'last_name': 'str', 'segment': 'str'}
[2026/04/21-18:56:05.092] [KNL-python-single-command-kernel-k8smonitor-1051] [INFO] [dku.containers.kubernetes]  - wait for pod to complete, getting pod status
[2026/04/21-18:56:05.093] [KNL-python-single-command-kernel-k8smonitor-1051] [INFO] [dku.containers.kubernetes]  - Querying status on pod dataiku-exec-doctor-preprocessing-sa0q9oj- try number 1
[2026-04-21 18:56:05,241] [23/MainThread] [INFO] [root] Loaded table
[2026-04-21 18:56:05,243] [23/MainThread] [INFO] [dataiku.doctor.utils] Normalizing date to numeric : 0                             NaT
1       2016-04-28 00:00:00+00:00
2                             NaT
3                             NaT
4                             NaT
                   ...           
11034                         NaT
11035                         NaT
11036                         NaT
11037                         NaT
11038                         NaT
Name: end_date, Length: 11039, dtype: datetime64[ns, UTC]
/opt/dataiku/python/dataiku/doctor/utils/__init__.py:173: UserWarning: no explicit representation of timezones available for np.datetime64
  return (pd.Series((series.values.astype("datetime64[ms]") - np.datetime64(EPOCH))) / np.timedelta64(1, 's')).reindex_like(series, method='pad')
[2026-04-21 18:56:05,244] [23/MainThread] [INFO] [dataiku.doctor.utils] Normalized date : 0                 NaN
1        3.670790e+09
2                 NaN
3                 NaN
4                 NaN
             ...     
11034             NaN
11035             NaN
11036             NaN
11037             NaN
11038             NaN
Name: end_date, Length: 11039, dtype: float64
[2026-04-21 18:56:05,245] [23/MainThread] [INFO] [dataiku.doctor.utils] Normalizing date to numeric : 0       1992-06-12 00:00:00+00:00
1       1988-06-05 00:00:00+00:00
2       1978-06-23 00:00:00+00:00
3       1956-06-25 00:00:00+00:00
4       1965-06-25 00:00:00+00:00
                   ...           
11034   1976-06-05 00:00:00+00:00
11035   1981-07-04 00:00:00+00:00
11036   1949-06-05 00:00:00+00:00
11037   1964-06-18 00:00:00+00:00
11038   1946-07-10 00:00:00+00:00
Name: birth_date, Length: 11039, dtype: datetime64[ns, UTC]
/opt/dataiku/python/dataiku/doctor/utils/__init__.py:173: UserWarning: no explicit representation of timezones available for np.datetime64
  return (pd.Series((series.values.astype("datetime64[ms]") - np.datetime64(EPOCH))) / np.timedelta64(1, 's')).reindex_like(series, method='pad')
[2026-04-21 18:56:05,248] [23/MainThread] [INFO] [dataiku.doctor.utils] Normalized date : 0        2.917296e+09
1        2.790461e+09
2        2.476397e+09
3        1.782346e+09
4        2.066342e+09
             ...     
11034    2.411770e+09
11035    2.572042e+09
11036    1.559693e+09
11037    2.034202e+09
11038    1.468022e+09
Name: birth_date, Length: 11039, dtype: float64
[2026-04-21 18:56:05,249] [23/MainThread] [INFO] [dataiku.doctor.utils] Normalizing date to numeric : 0       2015-01-28 00:00:00+00:00
1       2015-01-28 00:00:00+00:00
2       2015-02-28 00:00:00+00:00
3       2015-01-28 00:00:00+00:00
4       2015-01-28 00:00:00+00:00
                   ...           
11034   2015-11-28 00:00:00+00:00
11035   2015-01-28 00:00:00+00:00
11036   2015-01-28 00:00:00+00:00
11037   2015-01-28 00:00:00+00:00
11038   2015-01-28 00:00:00+00:00
Name: start_date, Length: 11039, dtype: datetime64[ns, UTC]
/opt/dataiku/python/dataiku/doctor/utils/__init__.py:173: UserWarning: no explicit representation of timezones available for np.datetime64
  return (pd.Series((series.values.astype("datetime64[ms]") - np.datetime64(EPOCH))) / np.timedelta64(1, 's')).reindex_like(series, method='pad')
[2026-04-21 18:56:05,251] [23/MainThread] [INFO] [dataiku.doctor.utils] Normalized date : 0        3.631392e+09
1        3.631392e+09
2        3.634070e+09
3        3.631392e+09
4        3.631392e+09
             ...     
11034    3.657658e+09
11035    3.631392e+09
11036    3.631392e+09
11037    3.631392e+09
11038    3.631392e+09
Name: start_date, Length: 11039, dtype: float64
[2026-04-21 18:56:05,252] [23/MainThread] [INFO] [dataiku.doctor.utils] Normalizing date to numeric : 0       2012-10-25 00:00:00+00:00
1       2012-10-26 00:00:00+00:00
2       2007-02-21 00:00:00+00:00
3       1999-09-24 00:00:00+00:00
4       1998-01-26 00:00:00+00:00
                   ...           
11034   2003-03-11 00:00:00+00:00
11035   2007-03-29 00:00:00+00:00
11036   2000-04-13 00:00:00+00:00
11037   2000-04-17 00:00:00+00:00
11038   2000-01-19 00:00:00+00:00
Name: creation_date, Length: 11039, dtype: datetime64[ns, UTC]
/opt/dataiku/python/dataiku/doctor/utils/__init__.py:173: UserWarning: no explicit representation of timezones available for np.datetime64
  return (pd.Series((series.values.astype("datetime64[ms]") - np.datetime64(EPOCH))) / np.timedelta64(1, 's')).reindex_like(series, method='pad')
[2026-04-21 18:56:05,254] [23/MainThread] [INFO] [dataiku.doctor.utils] Normalized date : 0        3.560112e+09
1        3.560198e+09
2        3.381005e+09
3        3.147120e+09
4        3.094762e+09
             ...     
11034    3.256330e+09
11035    3.384115e+09
11036    3.164573e+09
11037    3.164918e+09
11038    3.157229e+09
Name: creation_date, Length: 11039, dtype: float64
[2026-04-21 18:56:05,254] [23/MainThread] [INFO] [dataiku.doctor.utils] Coercion done
[2026-04-21 18:56:05,254] [23/MainThread] [DEBUG] [dataiku.doctor.diagnostics.diagnostics] calling DatasetSanityCheckDiagnostic.on_load_test_dataset_end()
[2026-04-21 18:56:05,255] [23/MainThread] [DEBUG] [dataiku.doctor.diagnostics.diagnostics] DatasetSanityCheckDiagnostic.on_load_test_dataset_end() generated diagnostics: []
[2026-04-21 18:56:05,256] [23/MainThread] [DEBUG] [dataiku.doctor.diagnostics.diagnostics] calling ClassifierAccuracyCheckDiagnostic.on_load_test_dataset_end()
[2026-04-21 18:56:05,256] [23/MainThread] [DEBUG] [dataiku.doctor.diagnostics.diagnostics] calling RegressionR2CheckDiagnostic.on_load_test_dataset_end()
[2026-04-21 18:56:05,256] [23/MainThread] [DEBUG] [dataiku.doctor.diagnostics.diagnostics] calling LeakageDiagnostic.on_load_test_dataset_end()
[2026-04-21 18:56:05,256] [23/MainThread] [DEBUG] [dataiku.doctor.diagnostics.diagnostics] calling TreeOverfitDiagnostic.on_load_test_dataset_end()
[2026-04-21 18:56:05,256] [23/MainThread] [DEBUG] [dataiku.doctor.diagnostics.diagnostics] calling MLAssertionsDiagnostic.on_load_test_dataset_end()
[2026-04-21 18:56:05,256] [23/MainThread] [DEBUG] [dataiku.doctor.diagnostics.diagnostics] calling ModelCheckDiagnostic.on_load_test_dataset_end()
[2026-04-21 18:56:05,256] [23/MainThread] [DEBUG] [dataiku.doctor.diagnostics.diagnostics] calling AbnormalPredictionsDetectionDiagnostic.on_load_test_dataset_end()
[2026-04-21 18:56:05,256] [23/MainThread] [INFO] [dataiku.doctor.utils.split] Loaded test df: shape=(11039,31)
[2026-04-21 18:56:05,256] [23/MainThread] [INFO] [dataiku.doctor.utils.listener] END -  Loading test set
[2026-04-21 18:56:05,256] [23/MainThread] [INFO] [dataiku.doctor.utils.listener] START -  Collecting statistics
[2026-04-21 18:56:05,257] [23/MainThread] [INFO] [root] Sending /home/dataiku/cache/analysis-data/PROJET_CHURN_BANQUE/SokZTM82/2myLNFUR/sessions/s3/pp1/m1/train_info.json to /data/dataiku/datadir/analysis-data/PROJET_CHURN_BANQUE/SokZTM82/2myLNFUR/sessions/s3/pp1/m1/train_info.json
[2026-04-21 18:56:05,260] [23/MainThread] [DEBUG] [urllib3.connectionpool] https://dss-headless-node-56800c84.space-1e09aade-dku.svc.cluster.local:10005 "POST /dip/api/tintercom/containers/put-file?executionId=doctor-preprocessing-sa0q9oj&fileKind=FILTERED_PATHS&path=%2Fdata%2Fdataiku%2Fdatadir%2Fanalysis-data%2FPROJET_CHURN_BANQUE%2FSokZTM82%2F2myLNFUR%2Fsessions%2Fs3%2Fpp1%2Fm1%2Ftrain_info.json&expand=false HTTP/1.1" 200 None
[2026-04-21 18:56:05,285] [23/MainThread] [INFO] [dataiku.doctor.preprocessing_collector] Looking at end_date... (type=NUMERIC)
[2026-04-21 18:56:05,285] [23/MainThread] [INFO] [dataiku.doctor.preprocessing_collector] Checking series of type: float64 (isM8=False)
[2026-04-21 18:56:05,288] [23/MainThread] [INFO] [dataiku.doctor.preprocessing_collector] Looking at income... (type=NUMERIC)
[2026-04-21 18:56:05,288] [23/MainThread] [INFO] [dataiku.doctor.preprocessing_collector] Checking series of type: float64 (isM8=False)
[2026/04/21-18:56:05.291] [Thread-841] [DEBUG] [dku.utils]  - Process kubectl-get-pod done (return code 0)
[2026-04-21 18:56:05,290] [23/MainThread] [INFO] [dataiku.doctor.preprocessing_collector] Looking at gender... (type=CATEGORY)
[2026/04/21-18:56:05.291] [KNL-python-single-command-kernel-k8smonitor-1051] [DEBUG] [dku.containers.kubernetes]  - kubectl get pod OK, out=Running
[2026/04/21-18:56:05.292] [KNL-python-single-command-kernel-k8smonitor-1051] [DEBUG] [dku.containers.kubernetes]  - Kubernetes pod is running
[2026-04-21 18:56:05,295] [23/MainThread] [INFO] [dataiku.doctor.preprocessing_collector] Looking at balance_min... (type=NUMERIC)
[2026-04-21 18:56:05,295] [23/MainThread] [INFO] [dataiku.doctor.preprocessing_collector] Checking series of type: float64 (isM8=False)
[2026-04-21 18:56:05,297] [23/MainThread] [INFO] [dataiku.doctor.preprocessing_collector] Looking at balance_avg... (type=NUMERIC)
[2026-04-21 18:56:05,297] [23/MainThread] [INFO] [dataiku.doctor.preprocessing_collector] Checking series of type: float64 (isM8=False)
[2026-04-21 18:56:05,300] [23/MainThread] [INFO] [dataiku.doctor.preprocessing_collector] Looking at birth_date... (type=NUMERIC)
[2026-04-21 18:56:05,300] [23/MainThread] [INFO] [dataiku.doctor.preprocessing_collector] Checking series of type: float64 (isM8=False)
[2026-04-21 18:56:05,303] [23/MainThread] [INFO] [dataiku.doctor.preprocessing_collector] Looking at atm_withdrawals_sum... (type=NUMERIC)
[2026-04-21 18:56:05,303] [23/MainThread] [INFO] [dataiku.doctor.preprocessing_collector] Checking series of type: float64 (isM8=False)
[2026-04-21 18:56:05,306] [23/MainThread] [INFO] [dataiku.doctor.preprocessing_collector] Looking at physical_services_sum_sum... (type=NUMERIC)
[2026-04-21 18:56:05,306] [23/MainThread] [INFO] [dataiku.doctor.preprocessing_collector] Checking series of type: float64 (isM8=False)
[2026-04-21 18:56:05,309] [23/MainThread] [INFO] [dataiku.doctor.preprocessing_collector] Looking at balance_stddev... (type=NUMERIC)
[2026-04-21 18:56:05,309] [23/MainThread] [INFO] [dataiku.doctor.preprocessing_collector] Checking series of type: float64 (isM8=False)
[2026-04-21 18:56:05,311] [23/MainThread] [INFO] [dataiku.doctor.preprocessing_collector] Looking at tier... (type=CATEGORY)
[2026-04-21 18:56:05,316] [23/MainThread] [INFO] [dataiku.doctor.preprocessing_collector] Looking at product_id... (type=NUMERIC)
[2026-04-21 18:56:05,316] [23/MainThread] [INFO] [dataiku.doctor.preprocessing_collector] Looking at segment... (type=CATEGORY)
[2026-04-21 18:56:05,320] [23/MainThread] [INFO] [dataiku.doctor.preprocessing_collector] Looking at digital_services_sum... (type=NUMERIC)
[2026-04-21 18:56:05,320] [23/MainThread] [INFO] [dataiku.doctor.preprocessing_collector] Checking series of type: float64 (isM8=False)
[2026-04-21 18:56:05,323] [23/MainThread] [INFO] [dataiku.doctor.preprocessing_collector] Looking at first_name... (type=CATEGORY)
[2026-04-21 18:56:05,329] [23/MainThread] [INFO] [dataiku.doctor.preprocessing_collector] Looking at start_date... (type=NUMERIC)
[2026-04-21 18:56:05,329] [23/MainThread] [INFO] [dataiku.doctor.preprocessing_collector] Checking series of type: float64 (isM8=False)
[2026-04-21 18:56:05,331] [23/MainThread] [INFO] [dataiku.doctor.preprocessing_collector] Looking at is_churn... (type=NUMERIC)
[2026-04-21 18:56:05,331] [23/MainThread] [INFO] [dataiku.doctor.preprocessing_collector] Looking at product... (type=CATEGORY)
[2026-04-21 18:56:05,336] [23/MainThread] [INFO] [dataiku.doctor.preprocessing_collector] Looking at count... (type=NUMERIC)
[2026-04-21 18:56:05,336] [23/MainThread] [INFO] [dataiku.doctor.preprocessing_collector] Checking series of type: float64 (isM8=False)
[2026-04-21 18:56:05,338] [23/MainThread] [INFO] [dataiku.doctor.preprocessing_collector] Looking at last_name... (type=CATEGORY)
[2026-04-21 18:56:05,344] [23/MainThread] [INFO] [dataiku.doctor.preprocessing_collector] Looking at balance_max... (type=NUMERIC)
[2026-04-21 18:56:05,344] [23/MainThread] [INFO] [dataiku.doctor.preprocessing_collector] Checking series of type: float64 (isM8=False)
[2026-04-21 18:56:05,347] [23/MainThread] [INFO] [dataiku.doctor.preprocessing_collector] Looking at revenue_sum... (type=NUMERIC)
[2026-04-21 18:56:05,347] [23/MainThread] [INFO] [dataiku.doctor.preprocessing_collector] Checking series of type: float64 (isM8=False)
[2026-04-21 18:56:05,350] [23/MainThread] [INFO] [dataiku.doctor.preprocessing_collector] Looking at atm_withdrawals_sum_sum... (type=NUMERIC)
[2026-04-21 18:56:05,350] [23/MainThread] [INFO] [dataiku.doctor.preprocessing_collector] Checking series of type: float64 (isM8=False)
[2026-04-21 18:56:05,353] [23/MainThread] [INFO] [dataiku.doctor.preprocessing_collector] Looking at creation_date... (type=NUMERIC)
[2026-04-21 18:56:05,353] [23/MainThread] [INFO] [dataiku.doctor.preprocessing_collector] Checking series of type: float64 (isM8=False)
[2026-04-21 18:56:05,355] [23/MainThread] [INFO] [dataiku.doctor.preprocessing_collector] Looking at revenue_avg... (type=NUMERIC)
[2026-04-21 18:56:05,356] [23/MainThread] [INFO] [dataiku.doctor.preprocessing_collector] Checking series of type: float64 (isM8=False)
[2026-04-21 18:56:05,359] [23/MainThread] [INFO] [dataiku.doctor.preprocessing_collector] Looking at product_type... (type=CATEGORY)
[2026-04-21 18:56:05,363] [23/MainThread] [INFO] [dataiku.doctor.preprocessing_collector] Looking at balance_distinct... (type=NUMERIC)
[2026-04-21 18:56:05,363] [23/MainThread] [INFO] [dataiku.doctor.preprocessing_collector] Checking series of type: float64 (isM8=False)
[2026-04-21 18:56:05,366] [23/MainThread] [INFO] [dataiku.doctor.preprocessing_collector] Looking at in_person_interaction_sum... (type=NUMERIC)
[2026-04-21 18:56:05,366] [23/MainThread] [INFO] [dataiku.doctor.preprocessing_collector] Checking series of type: float64 (isM8=False)
[2026-04-21 18:56:05,368] [23/MainThread] [INFO] [dataiku.doctor.preprocessing_collector] Looking at physical_services_sum... (type=NUMERIC)
[2026-04-21 18:56:05,369] [23/MainThread] [INFO] [dataiku.doctor.preprocessing_collector] Checking series of type: float64 (isM8=False)
[2026-04-21 18:56:05,371] [23/MainThread] [INFO] [dataiku.doctor.preprocessing_collector] Looking at customer_id... (type=NUMERIC)
[2026-04-21 18:56:05,371] [23/MainThread] [INFO] [dataiku.doctor.preprocessing_collector] Checking series of type: float64 (isM8=False)
[2026-04-21 18:56:05,374] [23/MainThread] [INFO] [dataiku.doctor.preprocessing_collector] Looking at region... (type=NUMERIC)
[2026-04-21 18:56:05,374] [23/MainThread] [INFO] [dataiku.doctor.preprocessing_collector] Checking series of type: float64 (isM8=False)
[2026-04-21 18:56:05,377] [23/MainThread] [INFO] [dataiku.doctor.preprocessing_collector] Looking at fx_services_sum... (type=NUMERIC)
[2026-04-21 18:56:05,377] [23/MainThread] [INFO] [dataiku.doctor.preprocessing_collector] Checking series of type: float64 (isM8=False)
[2026-04-21 18:56:05,380] [23/MainThread] [INFO] [dataiku.doctor.preprocessing_handler] generating interactions
[2026-04-21 18:56:05,381] [23/MainThread] [INFO] [dataiku.doctor.preprocessing_handler] {'feature_selection_params': {'method': 'NONE', 'random_forest_params': {'n_trees': 30, 'depth': 10, 'n_features': 25}, 'lasso_params': {'alpha': [0.01, 0.1, 1.0, 10.0, 100.0], 'cross_validate': True}, 'pca_params': {'n_features': 25, 'variance_proportion': 0.9}, 'ica_params': {'n_components': 25, 'fun': 'logcosh'}, 'correlation_params': {'min_abs_correlation': 0.0, 'max_abs_correlation': 1.0, 'n_features': 25}, 'custom_params': {'code': '# type your code here'}}, 'preprocessingFitSampleRatio': 1.0, 'preprocessingFitSampleSeed': 1337, 'target_remapping': [{'sourceValue': '0', 'mappedValue': 0, 'sampleFreq': 7966}, {'sourceValue': '1', 'mappedValue': 1, 'sampleFreq': 2034}], 'skipPreprocessing': False, 'per_feature': {'end_date': {'generate_derivative': False, 'numerical_handling': 'DATETIME_CYCLICAL', 'missing_handling': 'DROP_ROW', 'impute_constant_value': 0.0, 'keep_regular': False, 'rescaling': 'AVGSTD', 'monotonic': 'NONE', 'quantile_bin_nb_bins': 4, 'binarize_threshold_mode': 'MEDIAN', 'binarize_constant_threshold': 0.0, 'datetime_cyclical_periods': ['YEAR', 'WEEK', 'QUARTER'], 'role': 'INPUT', 'type': 'NUMERIC', 'state': {'userModified': False, 'autoModifiedByDSS': False, 'recordedMeaning': 'Date'}, 'customHandlingCode': '', 'customProcessorWantsMatrix': False, 'sendToInput': 'main'}, 'income': {'generate_derivative': False, 'numerical_handling': 'REGULAR', 'missing_handling': 'IMPUTE', 'missing_impute_with': 'MEAN', 'impute_constant_value': 0.0, 'keep_regular': False, 'rescaling': 'AVGSTD', 'monotonic': 'NONE', 'quantile_bin_nb_bins': 4, 'binarize_threshold_mode': 'MEDIAN', 'binarize_constant_threshold': 0.0, 'datetime_cyclical_periods': [], 'role': 'INPUT', 'type': 'NUMERIC', 'state': {'userModified': False, 'autoModifiedByDSS': False, 'recordedMeaning': 'DoubleMeaning'}, 'customHandlingCode': '', 'customProcessorWantsMatrix': False, 'sendToInput': 'main'}, 'gender': {'category_handling': 'DUMMIFY', 'missing_handling': 'NONE', 'missing_impute_with': 'MODE', 'dummy_clip': 'MAX_NB_CATEGORIES', 'cumulative_proportion': 0.95, 'min_samples': 10, 'max_nb_categories': 100, 'max_cat_safety': 200, 'nb_bins_hashing': 1048576, 'hash_whole_categories': True, 'dummy_drop': 'NONE', 'impact_method': 'M_ESTIMATOR', 'impact_m': 10, 'impact_kfold': True, 'impact_kfold_k': 5, 'impact_kfold_seed': 1337, 'ordinal_order': 'COUNT', 'ordinal_ascending': False, 'ordinal_default_mode': 'HIGHEST', 'ordinal_default_value': 0, 'frequency_default_mode': 'EXPLICIT', 'frequency_default_value': 0.0, 'frequency_normalized': True, 'role': 'INPUT', 'type': 'CATEGORY', 'state': {'userModified': False, 'autoModifiedByDSS': False, 'recordedMeaning': 'Gender'}, 'customHandlingCode': '', 'customProcessorWantsMatrix': False, 'sendToInput': 'main'}, 'balance_min': {'generate_derivative': False, 'numerical_handling': 'REGULAR', 'missing_handling': 'IMPUTE', 'missing_impute_with': 'MEAN', 'impute_constant_value': 0.0, 'keep_regular': False, 'rescaling': 'AVGSTD', 'monotonic': 'NONE', 'quantile_bin_nb_bins': 4, 'binarize_threshold_mode': 'MEDIAN', 'binarize_constant_threshold': 0.0, 'datetime_cyclical_periods': [], 'role': 'INPUT', 'type': 'NUMERIC', 'state': {'userModified': False, 'autoModifiedByDSS': False, 'recordedMeaning': 'DoubleMeaning'}, 'customHandlingCode': '', 'customProcessorWantsMatrix': False, 'sendToInput': 'main'}, 'balance_avg': {'generate_derivative': False, 'numerical_handling': 'REGULAR', 'missing_handling': 'IMPUTE', 'missing_impute_with': 'MEAN', 'impute_constant_value': 0.0, 'keep_regular': False, 'rescaling': 'AVGSTD', 'monotonic': 'NONE', 'quantile_bin_nb_bins': 4, 'binarize_threshold_mode': 'MEDIAN', 'binarize_constant_threshold': 0.0, 'datetime_cyclical_periods': [], 'role': 'INPUT', 'type': 'NUMERIC', 'state': {'userModified': False, 'autoModifiedByDSS': False, 'recordedMeaning': 'DoubleMeaning'}, 'customHandlingCode': '', 'customProcessorWantsMatrix': False, 'sendToInput': 'main'}, 'birth_date': {'generate_derivative': False, 'numerical_handling': 'DATETIME_CYCLICAL', 'missing_handling': 'DROP_ROW', 'impute_constant_value': 0.0, 'keep_regular': False, 'rescaling': 'AVGSTD', 'monotonic': 'NONE', 'quantile_bin_nb_bins': 4, 'binarize_threshold_mode': 'MEDIAN', 'binarize_constant_threshold': 0.0, 'datetime_cyclical_periods': ['YEAR', 'WEEK', 'QUARTER', 'MONTH'], 'role': 'INPUT', 'type': 'NUMERIC', 'state': {'userModified': False, 'autoModifiedByDSS': False, 'recordedMeaning': 'Date'}, 'customHandlingCode': '', 'customProcessorWantsMatrix': False, 'sendToInput': 'main'}, 'atm_withdrawals_sum': {'generate_derivative': False, 'numerical_handling': 'REGULAR', 'missing_handling': 'IMPUTE', 'missing_impute_with': 'MEAN', 'impute_constant_value': 0.0, 'keep_regular': False, 'rescaling': 'AVGSTD', 'monotonic': 'NONE', 'quantile_bin_nb_bins': 4, 'binarize_threshold_mode': 'MEDIAN', 'binarize_constant_threshold': 0.0, 'datetime_cyclical_periods': [], 'role': 'INPUT', 'type': 'NUMERIC', 'state': {'userModified': False, 'autoModifiedByDSS': False, 'recordedMeaning': 'DoubleMeaning'}, 'customHandlingCode': '', 'customProcessorWantsMatrix': False, 'sendToInput': 'main'}, 'physical_services_sum_sum': {'generate_derivative': False, 'numerical_handling': 'REGULAR', 'missing_handling': 'IMPUTE', 'missing_impute_with': 'MEAN', 'impute_constant_value': 0.0, 'keep_regular': False, 'rescaling': 'AVGSTD', 'monotonic': 'NONE', 'quantile_bin_nb_bins': 4, 'binarize_threshold_mode': 'MEDIAN', 'binarize_constant_threshold': 0.0, 'datetime_cyclical_periods': [], 'role': 'INPUT', 'type': 'NUMERIC', 'state': {'userModified': False, 'autoModifiedByDSS': False, 'recordedMeaning': 'DoubleMeaning'}, 'customHandlingCode': '', 'customProcessorWantsMatrix': False, 'sendToInput': 'main'}, 'balance_stddev': {'generate_derivative': False, 'numerical_handling': 'REGULAR', 'missing_handling': 'IMPUTE', 'missing_impute_with': 'MEAN', 'impute_constant_value': 0.0, 'keep_regular': False, 'rescaling': 'AVGSTD', 'monotonic': 'NONE', 'quantile_bin_nb_bins': 4, 'binarize_threshold_mode': 'MEDIAN', 'binarize_constant_threshold': 0.0, 'datetime_cyclical_periods': [], 'role': 'INPUT', 'type': 'NUMERIC', 'state': {'userModified': False, 'autoModifiedByDSS': False, 'recordedMeaning': 'DoubleMeaning'}, 'customHandlingCode': '', 'customProcessorWantsMatrix': False, 'sendToInput': 'main'}, 'tier': {'category_handling': 'DUMMIFY', 'missing_handling': 'NONE', 'missing_impute_with': 'MODE', 'dummy_clip': 'MAX_NB_CATEGORIES', 'cumulative_proportion': 0.95, 'min_samples': 10, 'max_nb_categories': 100, 'max_cat_safety': 200, 'nb_bins_hashing': 1048576, 'hash_whole_categories': True, 'dummy_drop': 'NONE', 'impact_method': 'M_ESTIMATOR', 'impact_m': 10, 'impact_kfold': True, 'impact_kfold_k': 5, 'impact_kfold_seed': 1337, 'ordinal_order': 'COUNT', 'ordinal_ascending': False, 'ordinal_default_mode': 'HIGHEST', 'ordinal_default_value': 0, 'frequency_default_mode': 'EXPLICIT', 'frequency_default_value': 0.0, 'frequency_normalized': True, 'role': 'INPUT', 'type': 'CATEGORY', 'state': {'userModified': False, 'autoModifiedByDSS': False, 'recordedMeaning': 'Text'}, 'customHandlingCode': '', 'customProcessorWantsMatrix': False, 'sendToInput': 'main'}, 'product_id': {'generate_derivative': False, 'impute_constant_value': 0.0, 'keep_regular': False, 'monotonic': 'NONE', 'quantile_bin_nb_bins': 4, 'binarize_threshold_mode': 'MEDIAN', 'binarize_constant_threshold': 0.0, 'datetime_cyclical_periods': [], 'role': 'REJECT', 'type': 'NUMERIC', 'state': {'userModified': False, 'autoModifiedByDSS': False, 'recordedMeaning': 'LongMeaning'}, 'autoReason': 'REJECT_IDENTIFIER', 'customHandlingCode': '', 'customProcessorWantsMatrix': False, 'sendToInput': 'main'}, 'segment': {'category_handling': 'DUMMIFY', 'missing_handling': 'NONE', 'missing_impute_with': 'MODE', 'dummy_clip': 'MAX_NB_CATEGORIES', 'cumulative_proportion': 0.95, 'min_samples': 10, 'max_nb_categories': 100, 'max_cat_safety': 200, 'nb_bins_hashing': 1048576, 'hash_whole_categories': True, 'dummy_drop': 'NONE', 'impact_method': 'M_ESTIMATOR', 'impact_m': 10, 'impact_kfold': True, 'impact_kfold_k': 5, 'impact_kfold_seed': 1337, 'ordinal_order': 'COUNT', 'ordinal_ascending': False, 'ordinal_default_mode': 'HIGHEST', 'ordinal_default_value': 0, 'frequency_default_mode': 'EXPLICIT', 'frequency_default_value': 0.0, 'frequency_normalized': True, 'role': 'INPUT', 'type': 'CATEGORY', 'state': {'userModified': False, 'autoModifiedByDSS': False, 'recordedMeaning': 'Text'}, 'customHandlingCode': '', 'customProcessorWantsMatrix': False, 'sendToInput': 'main'}, 'digital_services_sum': {'generate_derivative': False, 'numerical_handling': 'REGULAR', 'missing_handling': 'IMPUTE', 'missing_impute_with': 'MEAN', 'impute_constant_value': 0.0, 'keep_regular': False, 'rescaling': 'AVGSTD', 'monotonic': 'NONE', 'quantile_bin_nb_bins': 4, 'binarize_threshold_mode': 'MEDIAN', 'binarize_constant_threshold': 0.0, 'datetime_cyclical_periods': [], 'role': 'INPUT', 'type': 'NUMERIC', 'state': {'userModified': False, 'autoModifiedByDSS': False, 'recordedMeaning': 'DoubleMeaning'}, 'customHandlingCode': '', 'customProcessorWantsMatrix': False, 'sendToInput': 'main'}, 'first_name': {'category_handling': 'DUMMIFY', 'missing_handling': 'NONE', 'missing_impute_with': 'MODE', 'dummy_clip': 'MAX_NB_CATEGORIES', 'cumulative_proportion': 0.95, 'min_samples': 10, 'max_nb_categories': 100, 'max_cat_safety': 200, 'nb_bins_hashing': 1048576, 'hash_whole_categories': True, 'dummy_drop': 'NONE', 'impact_method': 'M_ESTIMATOR', 'impact_m': 10, 'impact_kfold': True, 'impact_kfold_k': 5, 'impact_kfold_seed': 1337, 'ordinal_order': 'COUNT', 'ordinal_ascending': False, 'ordinal_default_mode': 'HIGHEST', 'ordinal_default_value': 0, 'frequency_default_mode': 'EXPLICIT', 'frequency_default_value': 0.0, 'frequency_normalized': True, 'role': 'INPUT', 'type': 'CATEGORY', 'state': {'userModified': False, 'autoModifiedByDSS': False, 'recordedMeaning': 'Text'}, 'customHandlingCode': '', 'customProcessorWantsMatrix': False, 'sendToInput': 'main'}, 'start_date': {'generate_derivative': False, 'numerical_handling': 'DATETIME_CYCLICAL', 'missing_handling': 'DROP_ROW', 'impute_constant_value': 0.0, 'keep_regular': False, 'rescaling': 'AVGSTD', 'monotonic': 'NONE', 'quantile_bin_nb_bins': 4, 'binarize_threshold_mode': 'MEDIAN', 'binarize_constant_threshold': 0.0, 'datetime_cyclical_periods': ['YEAR', 'WEEK', 'QUARTER'], 'role': 'INPUT', 'type': 'NUMERIC', 'state': {'userModified': False, 'autoModifiedByDSS': False, 'recordedMeaning': 'Date'}, 'customHandlingCode': '', 'customProcessorWantsMatrix': False, 'sendToInput': 'main'}, 'is_churn': {'generate_derivative': False, 'impute_constant_value': 0.0, 'keep_regular': False, 'monotonic': 'NONE', 'quantile_bin_nb_bins': 4, 'binarize_threshold_mode': 'MEDIAN', 'binarize_constant_threshold': 0.0, 'datetime_cyclical_periods': [], 'role': 'TARGET', 'type': 'NUMERIC', 'state': {'userModified': False, 'autoModifiedByDSS': False, 'recordedMeaning': 'LongMeaning'}, 'customHandlingCode': '', 'customProcessorWantsMatrix': False, 'sendToInput': 'main'}, 'product': {'category_handling': 'DUMMIFY', 'missing_handling': 'NONE', 'missing_impute_with': 'MODE', 'dummy_clip': 'MAX_NB_CATEGORIES', 'cumulative_proportion': 0.95, 'min_samples': 10, 'max_nb_categories': 100, 'max_cat_safety': 200, 'nb_bins_hashing': 1048576, 'hash_whole_categories': True, 'dummy_drop': 'NONE', 'impact_method': 'M_ESTIMATOR', 'impact_m': 10, 'impact_kfold': True, 'impact_kfold_k': 5, 'impact_kfold_seed': 1337, 'ordinal_order': 'COUNT', 'ordinal_ascending': False, 'ordinal_default_mode': 'HIGHEST', 'ordinal_default_value': 0, 'frequency_default_mode': 'EXPLICIT', 'frequency_default_value': 0.0, 'frequency_normalized': True, 'role': 'INPUT', 'type': 'CATEGORY', 'state': {'userModified': False, 'autoModifiedByDSS': False, 'recordedMeaning': 'Text'}, 'customHandlingCode': '', 'customProcessorWantsMatrix': False, 'sendToInput': 'main'}, 'count': {'generate_derivative': False, 'numerical_handling': 'REGULAR', 'missing_handling': 'IMPUTE', 'missing_impute_with': 'MEAN', 'impute_constant_value': 0.0, 'keep_regular': False, 'rescaling': 'AVGSTD', 'monotonic': 'NONE', 'quantile_bin_nb_bins': 4, 'binarize_threshold_mode': 'MEDIAN', 'binarize_constant_threshold': 0.0, 'datetime_cyclical_periods': [], 'role': 'INPUT', 'type': 'NUMERIC', 'state': {'userModified': False, 'autoModifiedByDSS': False, 'recordedMeaning': 'LongMeaning'}, 'customHandlingCode': '', 'customProcessorWantsMatrix': False, 'sendToInput': 'main'}, 'last_name': {'category_handling': 'DUMMIFY', 'missing_handling': 'NONE', 'missing_impute_with': 'MODE', 'dummy_clip': 'MAX_NB_CATEGORIES', 'cumulative_proportion': 0.95, 'min_samples': 10, 'max_nb_categories': 100, 'max_cat_safety': 200, 'nb_bins_hashing': 1048576, 'hash_whole_categories': True, 'dummy_drop': 'NONE', 'impact_method': 'M_ESTIMATOR', 'impact_m': 10, 'impact_kfold': True, 'impact_kfold_k': 5, 'impact_kfold_seed': 1337, 'ordinal_order': 'COUNT', 'ordinal_ascending': False, 'ordinal_default_mode': 'HIGHEST', 'ordinal_default_value': 0, 'frequency_default_mode': 'EXPLICIT', 'frequency_default_value': 0.0, 'frequency_normalized': True, 'role': 'INPUT', 'type': 'CATEGORY', 'state': {'userModified': False, 'autoModifiedByDSS': False, 'recordedMeaning': 'Text'}, 'customHandlingCode': '', 'customProcessorWantsMatrix': False, 'sendToInput': 'main'}, 'balance_max': {'generate_derivative': False, 'numerical_handling': 'REGULAR', 'missing_handling': 'IMPUTE', 'missing_impute_with': 'MEAN', 'impute_constant_value': 0.0, 'keep_regular': False, 'rescaling': 'AVGSTD', 'monotonic': 'NONE', 'quantile_bin_nb_bins': 4, 'binarize_threshold_mode': 'MEDIAN', 'binarize_constant_threshold': 0.0, 'datetime_cyclical_periods': [], 'role': 'INPUT', 'type': 'NUMERIC', 'state': {'userModified': False, 'autoModifiedByDSS': False, 'recordedMeaning': 'DoubleMeaning'}, 'customHandlingCode': '', 'customProcessorWantsMatrix': False, 'sendToInput': 'main'}, 'revenue_sum': {'generate_derivative': False, 'numerical_handling': 'REGULAR', 'missing_handling': 'IMPUTE', 'missing_impute_with': 'MEAN', 'impute_constant_value': 0.0, 'keep_regular': False, 'rescaling': 'AVGSTD', 'monotonic': 'NONE', 'quantile_bin_nb_bins': 4, 'binarize_threshold_mode': 'MEDIAN', 'binarize_constant_threshold': 0.0, 'datetime_cyclical_periods': [], 'role': 'INPUT', 'type': 'NUMERIC', 'state': {'userModified': False, 'autoModifiedByDSS': False, 'recordedMeaning': 'DoubleMeaning'}, 'customHandlingCode': '', 'customProcessorWantsMatrix': False, 'sendToInput': 'main'}, 'atm_withdrawals_sum_sum': {'generate_derivative': False, 'numerical_handling': 'REGULAR', 'missing_handling': 'IMPUTE', 'missing_impute_with': 'MEAN', 'impute_constant_value': 0.0, 'keep_regular': False, 'rescaling': 'AVGSTD', 'monotonic': 'NONE', 'quantile_bin_nb_bins': 4, 'binarize_threshold_mode': 'MEDIAN', 'binarize_constant_threshold': 0.0, 'datetime_cyclical_periods': [], 'role': 'INPUT', 'type': 'NUMERIC', 'state': {'userModified': False, 'autoModifiedByDSS': False, 'recordedMeaning': 'DoubleMeaning'}, 'customHandlingCode': '', 'customProcessorWantsMatrix': False, 'sendToInput': 'main'}, 'creation_date': {'generate_derivative': False, 'numerical_handling': 'DATETIME_CYCLICAL', 'missing_handling': 'DROP_ROW', 'impute_constant_value': 0.0, 'keep_regular': False, 'rescaling': 'AVGSTD', 'monotonic': 'NONE', 'quantile_bin_nb_bins': 4, 'binarize_threshold_mode': 'MEDIAN', 'binarize_constant_threshold': 0.0, 'datetime_cyclical_periods': ['YEAR', 'WEEK', 'QUARTER', 'MONTH'], 'role': 'INPUT', 'type': 'NUMERIC', 'state': {'userModified': False, 'autoModifiedByDSS': False, 'recordedMeaning': 'Date'}, 'customHandlingCode': '', 'customProcessorWantsMatrix': False, 'sendToInput': 'main'}, 'revenue_avg': {'generate_derivative': False, 'numerical_handling': 'REGULAR', 'missing_handling': 'IMPUTE', 'missing_impute_with': 'MEAN', 'impute_constant_value': 0.0, 'keep_regular': False, 'rescaling': 'AVGSTD', 'monotonic': 'NONE', 'quantile_bin_nb_bins': 4, 'binarize_threshold_mode': 'MEDIAN', 'binarize_constant_threshold': 0.0, 'datetime_cyclical_periods': [], 'role': 'INPUT', 'type': 'NUMERIC', 'state': {'userModified': False, 'autoModifiedByDSS': False, 'recordedMeaning': 'DoubleMeaning'}, 'customHandlingCode': '', 'customProcessorWantsMatrix': False, 'sendToInput': 'main'}, 'product_type': {'category_handling': 'DUMMIFY', 'missing_handling': 'NONE', 'missing_impute_with': 'MODE', 'dummy_clip': 'MAX_NB_CATEGORIES', 'cumulative_proportion': 0.95, 'min_samples': 10, 'max_nb_categories': 100, 'max_cat_safety': 200, 'nb_bins_hashing': 1048576, 'hash_whole_categories': True, 'dummy_drop': 'NONE', 'impact_method': 'M_ESTIMATOR', 'impact_m': 10, 'impact_kfold': True, 'impact_kfold_k': 5, 'impact_kfold_seed': 1337, 'ordinal_order': 'COUNT', 'ordinal_ascending': False, 'ordinal_default_mode': 'HIGHEST', 'ordinal_default_value': 0, 'frequency_default_mode': 'EXPLICIT', 'frequency_default_value': 0.0, 'frequency_normalized': True, 'role': 'INPUT', 'type': 'CATEGORY', 'state': {'userModified': False, 'autoModifiedByDSS': False, 'recordedMeaning': 'Text'}, 'customHandlingCode': '', 'customProcessorWantsMatrix': False, 'sendToInput': 'main'}, 'balance_distinct': {'generate_derivative': False, 'numerical_handling': 'REGULAR', 'missing_handling': 'IMPUTE', 'missing_impute_with': 'MEAN', 'impute_constant_value': 0.0, 'keep_regular': False, 'rescaling': 'AVGSTD', 'monotonic': 'NONE', 'quantile_bin_nb_bins': 4, 'binarize_threshold_mode': 'MEDIAN', 'binarize_constant_threshold': 0.0, 'datetime_cyclical_periods': [], 'role': 'INPUT', 'type': 'NUMERIC', 'state': {'userModified': False, 'autoModifiedByDSS': False, 'recordedMeaning': 'LongMeaning'}, 'customHandlingCode': '', 'customProcessorWantsMatrix': False, 'sendToInput': 'main'}, 'in_person_interaction_sum': {'generate_derivative': False, 'numerical_handling': 'REGULAR', 'missing_handling': 'IMPUTE', 'missing_impute_with': 'MEAN', 'impute_constant_value': 0.0, 'keep_regular': False, 'rescaling': 'AVGSTD', 'monotonic': 'NONE', 'quantile_bin_nb_bins': 4, 'binarize_threshold_mode': 'MEDIAN', 'binarize_constant_threshold': 0.0, 'datetime_cyclical_periods': [], 'role': 'INPUT', 'type': 'NUMERIC', 'state': {'userModified': False, 'autoModifiedByDSS': False, 'recordedMeaning': 'DoubleMeaning'}, 'customHandlingCode': '', 'customProcessorWantsMatrix': False, 'sendToInput': 'main'}, 'physical_services_sum': {'generate_derivative': False, 'numerical_handling': 'REGULAR', 'missing_handling': 'IMPUTE', 'missing_impute_with': 'MEAN', 'impute_constant_value': 0.0, 'keep_regular': False, 'rescaling': 'AVGSTD', 'monotonic': 'NONE', 'quantile_bin_nb_bins': 4, 'binarize_threshold_mode': 'MEDIAN', 'binarize_constant_threshold': 0.0, 'datetime_cyclical_periods': [], 'role': 'INPUT', 'type': 'NUMERIC', 'state': {'userModified': False, 'autoModifiedByDSS': False, 'recordedMeaning': 'DoubleMeaning'}, 'customHandlingCode': '', 'customProcessorWantsMatrix': False, 'sendToInput': 'main'}, 'customer_id': {'generate_derivative': False, 'numerical_handling': 'REGULAR', 'missing_handling': 'IMPUTE', 'missing_impute_with': 'MEAN', 'impute_constant_value': 0.0, 'keep_regular': False, 'rescaling': 'AVGSTD', 'monotonic': 'NONE', 'quantile_bin_nb_bins': 4, 'binarize_threshold_mode': 'MEDIAN', 'binarize_constant_threshold': 0.0, 'datetime_cyclical_periods': [], 'role': 'INPUT', 'type': 'NUMERIC', 'state': {'userModified': False, 'autoModifiedByDSS': False, 'recordedMeaning': 'LongMeaning'}, 'customHandlingCode': '', 'customProcessorWantsMatrix': False, 'sendToInput': 'main'}, 'region': {'generate_derivative': False, 'numerical_handling': 'REGULAR', 'missing_handling': 'IMPUTE', 'missing_impute_with': 'MEAN', 'impute_constant_value': 0.0, 'keep_regular': False, 'rescaling': 'AVGSTD', 'monotonic': 'NONE', 'quantile_bin_nb_bins': 4, 'binarize_threshold_mode': 'MEDIAN', 'binarize_constant_threshold': 0.0, 'datetime_cyclical_periods': [], 'role': 'INPUT', 'type': 'NUMERIC', 'state': {'userModified': False, 'autoModifiedByDSS': False, 'recordedMeaning': 'LongMeaning'}, 'customHandlingCode': '', 'customProcessorWantsMatrix': False, 'sendToInput': 'main'}, 'fx_services_sum': {'generate_derivative': False, 'numerical_handling': 'REGULAR', 'missing_handling': 'IMPUTE', 'missing_impute_with': 'MEAN', 'impute_constant_value': 0.0, 'keep_regular': False, 'rescaling': 'AVGSTD', 'monotonic': 'NONE', 'quantile_bin_nb_bins': 4, 'binarize_threshold_mode': 'MEDIAN', 'binarize_constant_threshold': 0.0, 'datetime_cyclical_periods': [], 'role': 'INPUT', 'type': 'NUMERIC', 'state': {'userModified': False, 'autoModifiedByDSS': False, 'recordedMeaning': 'DoubleMeaning'}, 'customHandlingCode': '', 'customProcessorWantsMatrix': False, 'sendToInput': 'main'}}, 'reduce': {'enabled': False, 'kept_variance': 0.0}, 'feature_generation': {'pairwise_linear': {'behavior': 'DISABLED'}, 'polynomial_combinations': {'behavior': 'DISABLED'}, 'manual_interactions': {'interactions': []}, 'numericals_clustering': {'k': 0, 'all_features': False, 'input_features': [], 'behavior': 'DISABLED'}, 'categoricals_count_transformer': {'all_features': False, 'input_features': [], 'behavior': 'DISABLED'}, 'shifts': {}, 'windows': [], 'windows_rescale_numericals': False, 'windows_max_categories': 10}}
[2026-04-21 18:56:05,381] [23/MainThread] [INFO] [dataiku.doctor.preprocessing_handler] No feature selection to perform
[2026-04-21 18:56:05,381] [23/MainThread] [INFO] [dataiku.base.folder_context] Fetching file from backend: source='/data/dataiku/datadir/analysis-data/PROJET_CHURN_BANQUE/SokZTM82/2myLNFUR/sessions/s3/pp1/drop_rows.json' target='/home/dataiku/cache/analysis-data/PROJET_CHURN_BANQUE/SokZTM82/2myLNFUR/sessions/s3/pp1/drop_rows.json'
[2026-04-21 18:56:05,381] [23/MainThread] [INFO] [dataiku.container.file_exchange] Fetching file /data/dataiku/datadir/analysis-data/PROJET_CHURN_BANQUE/SokZTM82/2myLNFUR/sessions/s3/pp1/drop_rows.json into /home/dataiku/cache/analysis-data/PROJET_CHURN_BANQUE/SokZTM82/2myLNFUR/sessions/s3/pp1/drop_rows.json
[2026-04-21 18:56:05,385] [23/MainThread] [DEBUG] [urllib3.connectionpool] https://dss-headless-node-56800c84.space-1e09aade-dku.svc.cluster.local:10005 "POST /dip/api/tintercom/containers/get-file HTTP/1.1" 404 816
[2026-04-21 18:56:05,385] [23/MainThread] [WARNING] [dataiku.container.file_exchange] Could not fetch file /data/dataiku/datadir/analysis-data/PROJET_CHURN_BANQUE/SokZTM82/2myLNFUR/sessions/s3/pp1/drop_rows.json, not found
[2026-04-21 18:56:05,386] [23/MainThread] [INFO] [dataiku.base.folder_context] Fetching file from backend: source='/data/dataiku/datadir/analysis-data/PROJET_CHURN_BANQUE/SokZTM82/2myLNFUR/sessions/s3/pp1/datetime_cyclical.json' target='/home/dataiku/cache/analysis-data/PROJET_CHURN_BANQUE/SokZTM82/2myLNFUR/sessions/s3/pp1/datetime_cyclical.json'
[2026-04-21 18:56:05,386] [23/MainThread] [INFO] [dataiku.container.file_exchange] Fetching file /data/dataiku/datadir/analysis-data/PROJET_CHURN_BANQUE/SokZTM82/2myLNFUR/sessions/s3/pp1/datetime_cyclical.json into /home/dataiku/cache/analysis-data/PROJET_CHURN_BANQUE/SokZTM82/2myLNFUR/sessions/s3/pp1/datetime_cyclical.json
[2026-04-21 18:56:05,387] [23/MainThread] [DEBUG] [urllib3.connectionpool] Starting new HTTPS connection (2): dss-headless-node-56800c84.space-1e09aade-dku.svc.cluster.local:10005
[2026-04-21 18:56:05,415] [23/MainThread] [DEBUG] [urllib3.connectionpool] https://dss-headless-node-56800c84.space-1e09aade-dku.svc.cluster.local:10005 "POST /dip/api/tintercom/containers/get-file HTTP/1.1" 404 840
[2026-04-21 18:56:05,416] [23/MainThread] [WARNING] [dataiku.container.file_exchange] Could not fetch file /data/dataiku/datadir/analysis-data/PROJET_CHURN_BANQUE/SokZTM82/2myLNFUR/sessions/s3/pp1/datetime_cyclical.json, not found
[2026-04-21 18:56:05,416] [23/MainThread] [INFO] [dataiku.base.folder_context] Fetching file from backend: source='/data/dataiku/datadir/analysis-data/PROJET_CHURN_BANQUE/SokZTM82/2myLNFUR/sessions/s3/pp1/imputed.json' target='/home/dataiku/cache/analysis-data/PROJET_CHURN_BANQUE/SokZTM82/2myLNFUR/sessions/s3/pp1/imputed.json'
[2026-04-21 18:56:05,416] [23/MainThread] [INFO] [dataiku.container.file_exchange] Fetching file /data/dataiku/datadir/analysis-data/PROJET_CHURN_BANQUE/SokZTM82/2myLNFUR/sessions/s3/pp1/imputed.json into /home/dataiku/cache/analysis-data/PROJET_CHURN_BANQUE/SokZTM82/2myLNFUR/sessions/s3/pp1/imputed.json
[2026-04-21 18:56:05,418] [23/MainThread] [DEBUG] [urllib3.connectionpool] Starting new HTTPS connection (3): dss-headless-node-56800c84.space-1e09aade-dku.svc.cluster.local:10005
[2026-04-21 18:56:05,443] [23/MainThread] [DEBUG] [urllib3.connectionpool] https://dss-headless-node-56800c84.space-1e09aade-dku.svc.cluster.local:10005 "POST /dip/api/tintercom/containers/get-file HTTP/1.1" 404 810
[2026-04-21 18:56:05,444] [23/MainThread] [WARNING] [dataiku.container.file_exchange] Could not fetch file /data/dataiku/datadir/analysis-data/PROJET_CHURN_BANQUE/SokZTM82/2myLNFUR/sessions/s3/pp1/imputed.json, not found
[2026-04-21 18:56:05,444] [23/MainThread] [INFO] [dataiku.base.folder_context] Fetching file from backend: source='/data/dataiku/datadir/analysis-data/PROJET_CHURN_BANQUE/SokZTM82/2myLNFUR/sessions/s3/pp1/rescalers.json' target='/home/dataiku/cache/analysis-data/PROJET_CHURN_BANQUE/SokZTM82/2myLNFUR/sessions/s3/pp1/rescalers.json'
[2026-04-21 18:56:05,444] [23/MainThread] [INFO] [dataiku.container.file_exchange] Fetching file /data/dataiku/datadir/analysis-data/PROJET_CHURN_BANQUE/SokZTM82/2myLNFUR/sessions/s3/pp1/rescalers.json into /home/dataiku/cache/analysis-data/PROJET_CHURN_BANQUE/SokZTM82/2myLNFUR/sessions/s3/pp1/rescalers.json
[2026-04-21 18:56:05,446] [23/MainThread] [DEBUG] [urllib3.connectionpool] Starting new HTTPS connection (4): dss-headless-node-56800c84.space-1e09aade-dku.svc.cluster.local:10005
[2026-04-21 18:56:05,470] [23/MainThread] [DEBUG] [urllib3.connectionpool] https://dss-headless-node-56800c84.space-1e09aade-dku.svc.cluster.local:10005 "POST /dip/api/tintercom/containers/get-file HTTP/1.1" 404 816
[2026-04-21 18:56:05,470] [23/MainThread] [WARNING] [dataiku.container.file_exchange] Could not fetch file /data/dataiku/datadir/analysis-data/PROJET_CHURN_BANQUE/SokZTM82/2myLNFUR/sessions/s3/pp1/rescalers.json, not found
[2026-04-21 18:56:05,470] [23/MainThread] [INFO] [dataiku.base.folder_context] Fetching file from backend: source='/data/dataiku/datadir/analysis-data/PROJET_CHURN_BANQUE/SokZTM82/2myLNFUR/sessions/s3/pp1/dummies.json' target='/home/dataiku/cache/analysis-data/PROJET_CHURN_BANQUE/SokZTM82/2myLNFUR/sessions/s3/pp1/dummies.json'
[2026-04-21 18:56:05,470] [23/MainThread] [INFO] [dataiku.container.file_exchange] Fetching file /data/dataiku/datadir/analysis-data/PROJET_CHURN_BANQUE/SokZTM82/2myLNFUR/sessions/s3/pp1/dummies.json into /home/dataiku/cache/analysis-data/PROJET_CHURN_BANQUE/SokZTM82/2myLNFUR/sessions/s3/pp1/dummies.json
[2026-04-21 18:56:05,471] [23/MainThread] [DEBUG] [urllib3.connectionpool] Starting new HTTPS connection (5): dss-headless-node-56800c84.space-1e09aade-dku.svc.cluster.local:10005
[2026-04-21 18:56:05,496] [23/MainThread] [DEBUG] [urllib3.connectionpool] https://dss-headless-node-56800c84.space-1e09aade-dku.svc.cluster.local:10005 "POST /dip/api/tintercom/containers/get-file HTTP/1.1" 404 810
[2026-04-21 18:56:05,496] [23/MainThread] [WARNING] [dataiku.container.file_exchange] Could not fetch file /data/dataiku/datadir/analysis-data/PROJET_CHURN_BANQUE/SokZTM82/2myLNFUR/sessions/s3/pp1/dummies.json, not found
[2026-04-21 18:56:05,496] [23/MainThread] [INFO] [dataiku.doctor.utils.listener] END -  Collecting statistics
[2026-04-21 18:56:05,497] [23/MainThread] [INFO] [dataiku.doctor.utils.listener] START -  Preprocessing train set
[2026-04-21 18:56:05,497] [23/MainThread] [INFO] [root] Sending /home/dataiku/cache/analysis-data/PROJET_CHURN_BANQUE/SokZTM82/2myLNFUR/sessions/s3/pp1/m1/train_info.json to /data/dataiku/datadir/analysis-data/PROJET_CHURN_BANQUE/SokZTM82/2myLNFUR/sessions/s3/pp1/m1/train_info.json
[2026-04-21 18:56:05,499] [23/MainThread] [DEBUG] [urllib3.connectionpool] Starting new HTTPS connection (6): dss-headless-node-56800c84.space-1e09aade-dku.svc.cluster.local:10005
[2026-04-21 18:56:05,522] [23/MainThread] [DEBUG] [urllib3.connectionpool] https://dss-headless-node-56800c84.space-1e09aade-dku.svc.cluster.local:10005 "POST /dip/api/tintercom/containers/put-file?executionId=doctor-preprocessing-sa0q9oj&fileKind=FILTERED_PATHS&path=%2Fdata%2Fdataiku%2Fdatadir%2Fanalysis-data%2FPROJET_CHURN_BANQUE%2FSokZTM82%2F2myLNFUR%2Fsessions%2Fs3%2Fpp1%2Fm1%2Ftrain_info.json&expand=false HTTP/1.1" 200 None
[2026-04-21 18:56:05,523] [23/MainThread] [INFO] [dataiku.doctor.multiframe] Set MF index len 43701
[2026-04-21 18:56:05,523] [23/MainThread] [DEBUG] [dku.ml.preprocessing] FIT/PROCESS WITH Step:RemapValueToOutput
[2026-04-21 18:56:05,527] [23/MainThread] [DEBUG] [dku.ml.preprocessing] FIT/PROCESS WITH Step:SingleColumnDropNARows (end_date)
[2026-04-21 18:56:05,527] [23/MainThread] [DEBUG] [dku.ml.preprocessing] Deleting 35126 rows
[2026-04-21 18:56:05,527] [23/MainThread] [INFO] [dataiku.doctor.multiframe] MultiFrame, dropping rows: [    0     1     2 ... 43698 43699 43700]
[2026-04-21 18:56:05,533] [23/MainThread] [INFO] [dku.ml.preprocessing] After SCDNA input_df=(8575, 31)
[2026-04-21 18:56:05,533] [23/MainThread] [DEBUG] [dku.ml.preprocessing] FIT/PROCESS WITH Step:SingleColumnDropNARows (birth_date)
[2026-04-21 18:56:05,534] [23/MainThread] [DEBUG] [dku.ml.preprocessing] Deleting 0 rows
[2026-04-21 18:56:05,534] [23/MainThread] [INFO] [dataiku.doctor.multiframe] MultiFrame, dropping rows: []
[2026-04-21 18:56:05,536] [23/MainThread] [INFO] [dku.ml.preprocessing] After SCDNA input_df=(8575, 31)
[2026-04-21 18:56:05,536] [23/MainThread] [DEBUG] [dku.ml.preprocessing] FIT/PROCESS WITH Step:SingleColumnDropNARows (start_date)
[2026-04-21 18:56:05,536] [23/MainThread] [DEBUG] [dku.ml.preprocessing] Deleting 0 rows
[2026-04-21 18:56:05,536] [23/MainThread] [INFO] [dataiku.doctor.multiframe] MultiFrame, dropping rows: []
[2026-04-21 18:56:05,539] [23/MainThread] [INFO] [dku.ml.preprocessing] After SCDNA input_df=(8575, 31)
[2026-04-21 18:56:05,539] [23/MainThread] [DEBUG] [dku.ml.preprocessing] FIT/PROCESS WITH Step:SingleColumnDropNARows (creation_date)
[2026-04-21 18:56:05,539] [23/MainThread] [DEBUG] [dku.ml.preprocessing] Deleting 0 rows
[2026-04-21 18:56:05,539] [23/MainThread] [INFO] [dataiku.doctor.multiframe] MultiFrame, dropping rows: []
[2026-04-21 18:56:05,541] [23/MainThread] [INFO] [dku.ml.preprocessing] After SCDNA input_df=(8575, 31)
[2026-04-21 18:56:05,541] [23/MainThread] [DEBUG] [dku.ml.preprocessing] FIT/PROCESS WITH Step:DatetimeCyclicalEncodingStep
/opt/dataiku/python/dataiku/doctor/preprocessing/dataframe_preprocessing.py:949: FutureWarning: 'w' is deprecated and will be removed in a future version, please use 'W' instead.
  truncated_datetime_series = datetime_series.dt.to_period(period.period_str).dt.start_time
/opt/dataiku/python/dataiku/doctor/preprocessing/dataframe_preprocessing.py:949: FutureWarning: 'q' is deprecated and will be removed in a future version, please use 'Q' instead.
  truncated_datetime_series = datetime_series.dt.to_period(period.period_str).dt.start_time
/opt/dataiku/python/dataiku/doctor/preprocessing/dataframe_preprocessing.py:949: FutureWarning: 'y' is deprecated and will be removed in a future version, please use 'Y' instead.
  truncated_datetime_series = datetime_series.dt.to_period(period.period_str).dt.start_time
[2026-04-21 18:56:05,554] [23/MainThread] [DEBUG] [dku.ml.preprocessing] FIT/PROCESS WITH Step:DatetimeCyclicalEncodingStep
/opt/dataiku/python/dataiku/doctor/preprocessing/dataframe_preprocessing.py:949: FutureWarning: 'w' is deprecated and will be removed in a future version, please use 'W' instead.
  truncated_datetime_series = datetime_series.dt.to_period(period.period_str).dt.start_time
/opt/dataiku/python/dataiku/doctor/preprocessing/dataframe_preprocessing.py:949: FutureWarning: 'm' is deprecated and will be removed in a future version, please use 'M' instead.
  truncated_datetime_series = datetime_series.dt.to_period(period.period_str).dt.start_time
/opt/dataiku/python/dataiku/doctor/preprocessing/dataframe_preprocessing.py:949: FutureWarning: 'q' is deprecated and will be removed in a future version, please use 'Q' instead.
  truncated_datetime_series = datetime_series.dt.to_period(period.period_str).dt.start_time
/opt/dataiku/python/dataiku/doctor/preprocessing/dataframe_preprocessing.py:949: FutureWarning: 'y' is deprecated and will be removed in a future version, please use 'Y' instead.
  truncated_datetime_series = datetime_series.dt.to_period(period.period_str).dt.start_time
[2026-04-21 18:56:05,569] [23/MainThread] [DEBUG] [dku.ml.preprocessing] FIT/PROCESS WITH Step:DatetimeCyclicalEncodingStep
/opt/dataiku/python/dataiku/doctor/preprocessing/dataframe_preprocessing.py:949: FutureWarning: 'w' is deprecated and will be removed in a future version, please use 'W' instead.
  truncated_datetime_series = datetime_series.dt.to_period(period.period_str).dt.start_time
/opt/dataiku/python/dataiku/doctor/preprocessing/dataframe_preprocessing.py:949: FutureWarning: 'q' is deprecated and will be removed in a future version, please use 'Q' instead.
  truncated_datetime_series = datetime_series.dt.to_period(period.period_str).dt.start_time
/opt/dataiku/python/dataiku/doctor/preprocessing/dataframe_preprocessing.py:949: FutureWarning: 'y' is deprecated and will be removed in a future version, please use 'Y' instead.
  truncated_datetime_series = datetime_series.dt.to_period(period.period_str).dt.start_time
[2026-04-21 18:56:05,580] [23/MainThread] [DEBUG] [dku.ml.preprocessing] FIT/PROCESS WITH Step:DatetimeCyclicalEncodingStep
/opt/dataiku/python/dataiku/doctor/preprocessing/dataframe_preprocessing.py:949: FutureWarning: 'w' is deprecated and will be removed in a future version, please use 'W' instead.
  truncated_datetime_series = datetime_series.dt.to_period(period.period_str).dt.start_time
/opt/dataiku/python/dataiku/doctor/preprocessing/dataframe_preprocessing.py:949: FutureWarning: 'm' is deprecated and will be removed in a future version, please use 'M' instead.
  truncated_datetime_series = datetime_series.dt.to_period(period.period_str).dt.start_time
/opt/dataiku/python/dataiku/doctor/preprocessing/dataframe_preprocessing.py:949: FutureWarning: 'q' is deprecated and will be removed in a future version, please use 'Q' instead.
  truncated_datetime_series = datetime_series.dt.to_period(period.period_str).dt.start_time
/opt/dataiku/python/dataiku/doctor/preprocessing/dataframe_preprocessing.py:949: FutureWarning: 'y' is deprecated and will be removed in a future version, please use 'Y' instead.
  truncated_datetime_series = datetime_series.dt.to_period(period.period_str).dt.start_time
[2026-04-21 18:56:05,599] [23/MainThread] [DEBUG] [dku.ml.preprocessing] FIT/PROCESS WITH Step:MultipleImputeMissingFromInput
[2026-04-21 18:56:05,599] [23/MainThread] [DEBUG] [dku.ml.preprocessing] MIMIFI: Imputing with map {'income': 36747.908057023866, 'balance_min': 14751.248644220293, 'balance_avg': 17816.97015109049, 'atm_withdrawals_sum': 192.25524699844195, 'physical_services_sum_sum': 61.7928872239025, 'balance_stddev': 1887.8801472642533, 'digital_services_sum': 40.84261295939877, 'count': 13.593100345693044, 'balance_max': 21009.365071979923, 'revenue_sum': 121.39496734297984, 'atm_withdrawals_sum_sum': 9699.372880579233, 'revenue_avg': 9.044589705877412, 'balance_distinct': 13.592721504001515, 'in_person_interaction_sum': 2.234785995784071, 'physical_services_sum': 1.0221107139583907, 'customer_id': 607264.9624036063, 'region': 27.16477883801286, 'fx_services_sum': 6.466089267711483}
[2026-04-21 18:56:05,604] [23/MainThread] [DEBUG] [dku.ml.preprocessing] FIT/PROCESS WITH Step:MultipleImputeMissingFromInput
[2026-04-21 18:56:05,604] [23/MainThread] [DEBUG] [dku.ml.preprocessing] MIMIFI: Imputing with map {}
[2026-04-21 18:56:05,604] [23/MainThread] [DEBUG] [dku.ml.preprocessing] FIT/PROCESS WITH Step:RescalingProcessor2 (income)
[2026-04-21 18:56:05,604] [23/MainThread] [DEBUG] [dku.ml.preprocessing]   Rescale income (avg=34670.36151603499 std=27985.561577514945 shift=36747.908057023866 inv_scale=2.0239916015601655e-05 nulls=0)
[2026-04-21 18:56:05,605] [23/MainThread] [DEBUG] [dku.ml.preprocessing] FIT/PROCESS WITH Step:RescalingProcessor2 (balance_min)
[2026-04-21 18:56:05,605] [23/MainThread] [DEBUG] [dku.ml.preprocessing]   Rescale balance_min (avg=20491.376985898947 std=74223.65089263828 shift=14751.248644220293 inv_scale=1.3571009307340137e-05 nulls=0)
[2026-04-21 18:56:05,606] [23/MainThread] [DEBUG] [dku.ml.preprocessing] FIT/PROCESS WITH Step:RescalingProcessor2 (balance_avg)
[2026-04-21 18:56:05,606] [23/MainThread] [DEBUG] [dku.ml.preprocessing]   Rescale balance_avg (avg=22559.43561746236 std=74500.8150489652 shift=17816.97015109049 inv_scale=1.3436693645424387e-05 nulls=0)
[2026-04-21 18:56:05,607] [23/MainThread] [DEBUG] [dku.ml.preprocessing] FIT/PROCESS WITH Step:RescalingProcessor2 (atm_withdrawals_sum)
[2026-04-21 18:56:05,607] [23/MainThread] [DEBUG] [dku.ml.preprocessing]   Rescale atm_withdrawals_sum (avg=181.19828009981637 std=40.92634713885069 shift=192.25524699844195 inv_scale=0.0335766152107492 nulls=0)
[2026-04-21 18:56:05,608] [23/MainThread] [DEBUG] [dku.ml.preprocessing] FIT/PROCESS WITH Step:RescalingProcessor2 (physical_services_sum_sum)
[2026-04-21 18:56:05,609] [23/MainThread] [DEBUG] [dku.ml.preprocessing]   Rescale physical_services_sum_sum (avg=45.52569079728831 std=107.74335848210352 shift=61.7928872239025 inv_scale=0.007147054297372783 nulls=0)
[2026-04-21 18:56:05,609] [23/MainThread] [DEBUG] [dku.ml.preprocessing] FIT/PROCESS WITH Step:RescalingProcessor2 (balance_stddev)
[2026-04-21 18:56:05,610] [23/MainThread] [DEBUG] [dku.ml.preprocessing]   Rescale balance_stddev (avg=1563.7318144777146 std=1553.150051763796 shift=1887.8801472642533 inv_scale=0.0004892846140095054 nulls=0)
[2026-04-21 18:56:05,610] [23/MainThread] [DEBUG] [dku.ml.preprocessing] FIT/PROCESS WITH Step:RescalingProcessor2 (digital_services_sum)
[2026-04-21 18:56:05,611] [23/MainThread] [DEBUG] [dku.ml.preprocessing]   Rescale digital_services_sum (avg=39.107690428227535 std=9.768456089131131 shift=40.84261295939877 inv_scale=0.13172135659848155 nulls=0)
[2026-04-21 18:56:05,611] [23/MainThread] [DEBUG] [dku.ml.preprocessing] FIT/PROCESS WITH Step:RescalingProcessor2 (count)
[2026-04-21 18:56:05,612] [23/MainThread] [DEBUG] [dku.ml.preprocessing]   Rescale count (avg=8.436387617454386 std=4.56794737166892 shift=13.593100345693044 inv_scale=0.23191009973454285 nulls=0)
[2026-04-21 18:56:05,612] [23/MainThread] [DEBUG] [dku.ml.preprocessing] FIT/PROCESS WITH Step:RescalingProcessor2 (balance_max)
[2026-04-21 18:56:05,613] [23/MainThread] [DEBUG] [dku.ml.preprocessing]   Rescale balance_max (avg=24672.66533147331 std=74853.67069479023 shift=21009.365071979923 inv_scale=1.3278534760541018e-05 nulls=0)
[2026-04-21 18:56:05,613] [23/MainThread] [DEBUG] [dku.ml.preprocessing] FIT/PROCESS WITH Step:RescalingProcessor2 (revenue_sum)
[2026-04-21 18:56:05,614] [23/MainThread] [DEBUG] [dku.ml.preprocessing]   Rescale revenue_sum (avg=85.06950351861374 std=122.99103949198904 shift=121.39496734297984 inv_scale=0.0038472785532649 nulls=0)
[2026-04-21 18:56:05,614] [23/MainThread] [DEBUG] [dku.ml.preprocessing] FIT/PROCESS WITH Step:RescalingProcessor2 (atm_withdrawals_sum_sum)
[2026-04-21 18:56:05,615] [23/MainThread] [DEBUG] [dku.ml.preprocessing]   Rescale atm_withdrawals_sum_sum (avg=8922.441970643476 std=6182.151150028293 shift=9699.372880579233 inv_scale=0.00015851057062380724 nulls=0)
[2026-04-21 18:56:05,615] [23/MainThread] [DEBUG] [dku.ml.preprocessing] FIT/PROCESS WITH Step:RescalingProcessor2 (revenue_avg)
[2026-04-21 18:56:05,616] [23/MainThread] [DEBUG] [dku.ml.preprocessing]   Rescale revenue_avg (avg=9.236967248021905 std=12.2672262072899 shift=9.044589705877412 inv_scale=0.057203359710250555 nulls=0)
[2026-04-21 18:56:05,616] [23/MainThread] [DEBUG] [dku.ml.preprocessing] FIT/PROCESS WITH Step:RescalingProcessor2 (balance_distinct)
[2026-04-21 18:56:05,617] [23/MainThread] [DEBUG] [dku.ml.preprocessing]   Rescale balance_distinct (avg=8.43633398319042 std=4.567886818900251 shift=13.592721504001515 inv_scale=0.23191822569206563 nulls=0)
[2026-04-21 18:56:05,617] [23/MainThread] [DEBUG] [dku.ml.preprocessing] FIT/PROCESS WITH Step:RescalingProcessor2 (in_person_interaction_sum)
[2026-04-21 18:56:05,618] [23/MainThread] [DEBUG] [dku.ml.preprocessing]   Rescale in_person_interaction_sum (avg=1.8464454493058469 std=1.7679881610841777 shift=2.234785995784071 inv_scale=0.5145744232055504 nulls=0)
[2026-04-21 18:56:05,618] [23/MainThread] [DEBUG] [dku.ml.preprocessing] FIT/PROCESS WITH Step:RescalingProcessor2 (physical_services_sum)
[2026-04-21 18:56:05,618] [23/MainThread] [DEBUG] [dku.ml.preprocessing]   Rescale physical_services_sum (avg=0.7849634185737613 std=1.0880583217298803 shift=1.0221107139583907 inv_scale=0.7938797732119768 nulls=0)
[2026-04-21 18:56:05,619] [23/MainThread] [DEBUG] [dku.ml.preprocessing] FIT/PROCESS WITH Step:RescalingProcessor2 (customer_id)
[2026-04-21 18:56:05,619] [23/MainThread] [DEBUG] [dku.ml.preprocessing]   Rescale customer_id (avg=721339.6566763849 std=446682.2915983737 shift=607264.9624036063 inv_scale=2.3594405668035384e-06 nulls=0)
[2026-04-21 18:56:05,620] [23/MainThread] [DEBUG] [dku.ml.preprocessing] FIT/PROCESS WITH Step:RescalingProcessor2 (region)
[2026-04-21 18:56:05,621] [23/MainThread] [DEBUG] [dku.ml.preprocessing]   Rescale region (avg=27.082798833819243 std=11.225726542887065 shift=27.16477883801286 inv_scale=0.08990640465144834 nulls=0)
[2026-04-21 18:56:05,621] [23/MainThread] [DEBUG] [dku.ml.preprocessing] FIT/PROCESS WITH Step:RescalingProcessor2 (fx_services_sum)
[2026-04-21 18:56:05,622] [23/MainThread] [DEBUG] [dku.ml.preprocessing]   Rescale fx_services_sum (avg=5.281559450128298 std=6.684964823450019 shift=6.466089267711483 inv_scale=0.1668333120032138 nulls=0)
[2026-04-21 18:56:05,622] [23/MainThread] [DEBUG] [dku.ml.preprocessing] FIT/PROCESS WITH Step:FlushDFBuilder(num_flagonly)
[2026-04-21 18:56:05,622] [23/MainThread] [DEBUG] [dku.ml.preprocessing] FIT/PROCESS WITH Step:FlushDFBuilder(datetime_cyclical)
[2026-04-21 18:56:05,623] [23/MainThread] [DEBUG] [dku.ml.preprocessing] FIT/PROCESS WITH Step:FastSparseDummifyProcessor (gender)
[2026-04-21 18:56:05,627] [23/MainThread] [DEBUG] [dku.ml.preprocessing] Dummifier: Append a sparse block shape=(8575, 4) nnz=8575
[2026-04-21 18:56:05,628] [23/MainThread] [DEBUG] [dku.ml.preprocessing] FIT/PROCESS WITH Step:FastSparseDummifyProcessor (tier)
[2026-04-21 18:56:05,632] [23/MainThread] [DEBUG] [dku.ml.preprocessing] Dummifier: Append a sparse block shape=(8575, 5) nnz=8575
[2026-04-21 18:56:05,632] [23/MainThread] [DEBUG] [dku.ml.preprocessing] FIT/PROCESS WITH Step:FastSparseDummifyProcessor (segment)
[2026-04-21 18:56:05,636] [23/MainThread] [DEBUG] [dku.ml.preprocessing] Dummifier: Append a sparse block shape=(8575, 6) nnz=8575
[2026-04-21 18:56:05,637] [23/MainThread] [DEBUG] [dku.ml.preprocessing] FIT/PROCESS WITH Step:FastSparseDummifyProcessor (first_name)
[2026-04-21 18:56:05,642] [23/MainThread] [DEBUG] [dku.ml.preprocessing] Dummifier: Append a sparse block shape=(8575, 103) nnz=8575
[2026-04-21 18:56:05,642] [23/MainThread] [DEBUG] [dku.ml.preprocessing] FIT/PROCESS WITH Step:FastSparseDummifyProcessor (product)
[2026-04-21 18:56:05,648] [23/MainThread] [DEBUG] [dku.ml.preprocessing] Dummifier: Append a sparse block shape=(8575, 12) nnz=8575
[2026-04-21 18:56:05,648] [23/MainThread] [DEBUG] [dku.ml.preprocessing] FIT/PROCESS WITH Step:FastSparseDummifyProcessor (last_name)
[2026-04-21 18:56:05,653] [23/MainThread] [DEBUG] [dku.ml.preprocessing] Dummifier: Append a sparse block shape=(8575, 103) nnz=8575
[2026-04-21 18:56:05,653] [23/MainThread] [DEBUG] [dku.ml.preprocessing] FIT/PROCESS WITH Step:FastSparseDummifyProcessor (product_type)
[2026-04-21 18:56:05,657] [23/MainThread] [DEBUG] [dku.ml.preprocessing] Dummifier: Append a sparse block shape=(8575, 6) nnz=8575
[2026-04-21 18:56:05,657] [23/MainThread] [DEBUG] [dku.ml.preprocessing] FIT/PROCESS WITH Step:MultipleImputeMissingFromInput
[2026-04-21 18:56:05,657] [23/MainThread] [DEBUG] [dku.ml.preprocessing] MIMIFI: Imputing with map {}
[2026-04-21 18:56:05,657] [23/MainThread] [DEBUG] [dku.ml.preprocessing] FIT/PROCESS WITH Step:FlushDFBuilder(cat_flagpresence)
[2026-04-21 18:56:05,657] [23/MainThread] [DEBUG] [dku.ml.preprocessing] FIT/PROCESS WITH Step:MultipleImputeMissingFromInput
[2026-04-21 18:56:05,657] [23/MainThread] [DEBUG] [dku.ml.preprocessing] MIMIFI: Imputing with map {}
[2026-04-21 18:56:05,658] [23/MainThread] [DEBUG] [dku.ml.preprocessing] FIT/PROCESS WITH Step:MultipleImputeMissingFromInput
[2026-04-21 18:56:05,658] [23/MainThread] [DEBUG] [dku.ml.preprocessing] MIMIFI: Imputing with map {}
[2026-04-21 18:56:05,658] [23/MainThread] [DEBUG] [dku.ml.preprocessing] FIT/PROCESS WITH Step:FlushDFBuilder(interaction)
[2026-04-21 18:56:05,658] [23/MainThread] [DEBUG] [dku.ml.preprocessing] FIT/PROCESS WITH Step:RealignTarget
[2026-04-21 18:56:05,658] [23/MainThread] [DEBUG] [dku.ml.preprocessing] Realign target series = (43701,)
[2026-04-21 18:56:05,659] [23/MainThread] [DEBUG] [dku.ml.preprocessing] After realign target: (8575,)
[2026-04-21 18:56:05,659] [23/MainThread] [DEBUG] [dku.ml.preprocessing] FIT/PROCESS WITH Step:DropRowsWhereNoTarget
[2026-04-21 18:56:05,659] [23/MainThread] [DEBUG] [dku.ml.preprocessing] Deleting 0 rows because one of ['target'] is missing or infinity
[2026-04-21 18:56:05,660] [23/MainThread] [DEBUG] [dku.ml.preprocessing] MF before = (8575, 285)
[2026-04-21 18:56:05,660] [23/MainThread] [DEBUG] [dku.ml.preprocessing] target before = (8575,)
[2026-04-21 18:56:05,661] [23/MainThread] [INFO] [dataiku.doctor.multiframe] MultiFrame, dropping rows: []
[2026-04-21 18:56:05,666] [23/MainThread] [DEBUG] [dku.ml.preprocessing] After DRWNT input_df=(8575, 31)
[2026-04-21 18:56:05,666] [23/MainThread] [DEBUG] [dku.ml.preprocessing] MF after = (8575, 285)
[2026-04-21 18:56:05,666] [23/MainThread] [DEBUG] [dku.ml.preprocessing] target after = (8575,)
[2026-04-21 18:56:05,666] [23/MainThread] [DEBUG] [dku.ml.preprocessing] FIT/PROCESS WITH Step:DumpPipelineState
[2026-04-21 18:56:05,666] [23/MainThread] [DEBUG] [dku.ml.preprocessing] ********* Pipeline state (Before feature selection)
[2026-04-21 18:56:05,666] [23/MainThread] [DEBUG] [dku.ml.preprocessing]    input_df= (8575, 31) 
[2026-04-21 18:56:05,666] [23/MainThread] [DEBUG] [dku.ml.preprocessing]    current_mf=(8575, 285) 
[2026-04-21 18:56:05,666] [23/MainThread] [DEBUG] [dku.ml.preprocessing]    PPR: 
[2026-04-21 18:56:05,667] [23/MainThread] [DEBUG] [dku.ml.preprocessing]       target = <class 'pandas.core.series.Series'> ((8575,))
[2026-04-21 18:56:05,667] [23/MainThread] [DEBUG] [dku.ml.preprocessing] FIT/PROCESS WITH Step:EmitCurrentMFAsResult
[2026-04-21 18:56:05,667] [23/MainThread] [INFO] [dataiku.doctor.multiframe] Set MF index len 8575
[2026-04-21 18:56:05,667] [23/MainThread] [DEBUG] [dku.ml.preprocessing] FIT/PROCESS WITH Step:DumpPipelineState
[2026-04-21 18:56:05,667] [23/MainThread] [DEBUG] [dku.ml.preprocessing] ********* Pipeline state (At end)
[2026-04-21 18:56:05,667] [23/MainThread] [DEBUG] [dku.ml.preprocessing]    input_df= (8575, 31) 
[2026-04-21 18:56:05,667] [23/MainThread] [DEBUG] [dku.ml.preprocessing]    current_mf=(0, 0) 
[2026-04-21 18:56:05,667] [23/MainThread] [DEBUG] [dku.ml.preprocessing]    PPR: 
[2026-04-21 18:56:05,667] [23/MainThread] [DEBUG] [dku.ml.preprocessing]       target = <class 'pandas.core.series.Series'> ((8575,))
[2026-04-21 18:56:05,667] [23/MainThread] [DEBUG] [dku.ml.preprocessing]       TRAIN = <class 'dataiku.doctor.multiframe.MultiFrame'> ((8575, 285))
[2026-04-21 18:56:05,667] [23/MainThread] [DEBUG] [dku.ml.preprocessing]       UNPROCESSED = <class 'pandas.core.frame.DataFrame'> ((8575, 31))
[2026-04-21 18:56:05,667] [23/MainThread] [DEBUG] [dataiku.doctor.diagnostics.diagnostics] calling DatasetSanityCheckDiagnostic.on_preprocess_train_dataset_end()
[2026-04-21 18:56:05,667] [23/MainThread] [DEBUG] [dataiku.doctor.diagnostics.diagnostics] calling ClassifierAccuracyCheckDiagnostic.on_preprocess_train_dataset_end()
[2026-04-21 18:56:05,667] [23/MainThread] [DEBUG] [dataiku.doctor.diagnostics.diagnostics] calling RegressionR2CheckDiagnostic.on_preprocess_train_dataset_end()
[2026-04-21 18:56:05,667] [23/MainThread] [DEBUG] [dataiku.doctor.diagnostics.diagnostics] calling LeakageDiagnostic.on_preprocess_train_dataset_end()
[2026-04-21 18:56:05,668] [23/MainThread] [DEBUG] [dataiku.doctor.diagnostics.diagnostics] calling TreeOverfitDiagnostic.on_preprocess_train_dataset_end()
[2026-04-21 18:56:05,668] [23/MainThread] [DEBUG] [dataiku.doctor.diagnostics.diagnostics] calling MLAssertionsDiagnostic.on_preprocess_train_dataset_end()
[2026-04-21 18:56:05,668] [23/MainThread] [DEBUG] [dataiku.doctor.diagnostics.diagnostics] calling ModelCheckDiagnostic.on_preprocess_train_dataset_end()
[2026-04-21 18:56:05,668] [23/MainThread] [INFO] [dataiku.doctor.diagnostics.modeling_parameters] train multiframe initial size: 43701
[2026-04-21 18:56:05,668] [23/MainThread] [INFO] [dataiku.doctor.diagnostics.modeling_parameters] 35126 rows dropped due to "drop null rows" selected on column "end_date"
[2026-04-21 18:56:05,668] [23/MainThread] [DEBUG] [dataiku.doctor.diagnostics.diagnostics] ModelCheckDiagnostic.on_preprocess_train_dataset_end() generated diagnostics: ["80.38% of the train dataset was dropped due to feature handling on 'end_date'"]
[2026-04-21 18:56:05,668] [23/MainThread] [INFO] [dataiku.doctor.diagnostics.diagnostics] Adding diagnostic: <DoctorDiagnostic ML_DIAGNOSTICS_MODEL_CHECK: 80.38% of the train dataset was dropped due to feature handling on 'end_date'>
[2026-04-21 18:56:05,668] [23/MainThread] [DEBUG] [dataiku.doctor.diagnostics.diagnostics] calling AbnormalPredictionsDetectionDiagnostic.on_preprocess_train_dataset_end()
[2026-04-21 18:56:05,668] [23/MainThread] [INFO] [root] Sending /home/dataiku/cache/analysis-data/PROJET_CHURN_BANQUE/SokZTM82/2myLNFUR/sessions/s3/pp1/m1/ml_diagnostics.json to /data/dataiku/datadir/analysis-data/PROJET_CHURN_BANQUE/SokZTM82/2myLNFUR/sessions/s3/pp1/m1/ml_diagnostics.json
[2026-04-21 18:56:05,672] [23/MainThread] [DEBUG] [urllib3.connectionpool] https://dss-headless-node-56800c84.space-1e09aade-dku.svc.cluster.local:10005 "POST /dip/api/tintercom/containers/put-file?executionId=doctor-preprocessing-sa0q9oj&fileKind=FILTERED_PATHS&path=%2Fdata%2Fdataiku%2Fdatadir%2Fanalysis-data%2FPROJET_CHURN_BANQUE%2FSokZTM82%2F2myLNFUR%2Fsessions%2Fs3%2Fpp1%2Fm1%2Fml_diagnostics.json&expand=false HTTP/1.1" 200 None
[2026-04-21 18:56:05,674] [23/MainThread] [INFO] [root] Sending /home/dataiku/cache/analysis-data/PROJET_CHURN_BANQUE/SokZTM82/2myLNFUR/sessions/s3/pp1/collector_data.json to /data/dataiku/datadir/analysis-data/PROJET_CHURN_BANQUE/SokZTM82/2myLNFUR/sessions/s3/pp1/collector_data.json
[2026-04-21 18:56:05,677] [23/MainThread] [DEBUG] [urllib3.connectionpool] https://dss-headless-node-56800c84.space-1e09aade-dku.svc.cluster.local:10005 "POST /dip/api/tintercom/containers/put-file?executionId=doctor-preprocessing-sa0q9oj&fileKind=FILTERED_PATHS&path=%2Fdata%2Fdataiku%2Fdatadir%2Fanalysis-data%2FPROJET_CHURN_BANQUE%2FSokZTM82%2F2myLNFUR%2Fsessions%2Fs3%2Fpp1%2Fcollector_data.json&expand=false HTTP/1.1" 200 None
[2026-04-21 18:56:05,678] [23/MainThread] [INFO] [root] Sending /home/dataiku/cache/analysis-data/PROJET_CHURN_BANQUE/SokZTM82/2myLNFUR/sessions/s3/pp1/drop_rows.json to /data/dataiku/datadir/analysis-data/PROJET_CHURN_BANQUE/SokZTM82/2myLNFUR/sessions/s3/pp1/drop_rows.json
[2026-04-21 18:56:05,681] [23/MainThread] [DEBUG] [urllib3.connectionpool] https://dss-headless-node-56800c84.space-1e09aade-dku.svc.cluster.local:10005 "POST /dip/api/tintercom/containers/put-file?executionId=doctor-preprocessing-sa0q9oj&fileKind=FILTERED_PATHS&path=%2Fdata%2Fdataiku%2Fdatadir%2Fanalysis-data%2FPROJET_CHURN_BANQUE%2FSokZTM82%2F2myLNFUR%2Fsessions%2Fs3%2Fpp1%2Fdrop_rows.json&expand=false HTTP/1.1" 200 None
[2026-04-21 18:56:05,682] [23/MainThread] [INFO] [root] Sending /home/dataiku/cache/analysis-data/PROJET_CHURN_BANQUE/SokZTM82/2myLNFUR/sessions/s3/pp1/datetime_cyclical.json to /data/dataiku/datadir/analysis-data/PROJET_CHURN_BANQUE/SokZTM82/2myLNFUR/sessions/s3/pp1/datetime_cyclical.json
[2026-04-21 18:56:05,685] [23/MainThread] [DEBUG] [urllib3.connectionpool] https://dss-headless-node-56800c84.space-1e09aade-dku.svc.cluster.local:10005 "POST /dip/api/tintercom/containers/put-file?executionId=doctor-preprocessing-sa0q9oj&fileKind=FILTERED_PATHS&path=%2Fdata%2Fdataiku%2Fdatadir%2Fanalysis-data%2FPROJET_CHURN_BANQUE%2FSokZTM82%2F2myLNFUR%2Fsessions%2Fs3%2Fpp1%2Fdatetime_cyclical.json&expand=false HTTP/1.1" 200 None
[2026-04-21 18:56:05,686] [23/MainThread] [INFO] [root] Sending /home/dataiku/cache/analysis-data/PROJET_CHURN_BANQUE/SokZTM82/2myLNFUR/sessions/s3/pp1/imputed.json to /data/dataiku/datadir/analysis-data/PROJET_CHURN_BANQUE/SokZTM82/2myLNFUR/sessions/s3/pp1/imputed.json
[2026-04-21 18:56:05,689] [23/MainThread] [DEBUG] [urllib3.connectionpool] https://dss-headless-node-56800c84.space-1e09aade-dku.svc.cluster.local:10005 "POST /dip/api/tintercom/containers/put-file?executionId=doctor-preprocessing-sa0q9oj&fileKind=FILTERED_PATHS&path=%2Fdata%2Fdataiku%2Fdatadir%2Fanalysis-data%2FPROJET_CHURN_BANQUE%2FSokZTM82%2F2myLNFUR%2Fsessions%2Fs3%2Fpp1%2Fimputed.json&expand=false HTTP/1.1" 200 None
[2026-04-21 18:56:05,690] [23/MainThread] [INFO] [root] Sending /home/dataiku/cache/analysis-data/PROJET_CHURN_BANQUE/SokZTM82/2myLNFUR/sessions/s3/pp1/rescalers.json to /data/dataiku/datadir/analysis-data/PROJET_CHURN_BANQUE/SokZTM82/2myLNFUR/sessions/s3/pp1/rescalers.json
[2026-04-21 18:56:05,693] [23/MainThread] [DEBUG] [urllib3.connectionpool] https://dss-headless-node-56800c84.space-1e09aade-dku.svc.cluster.local:10005 "POST /dip/api/tintercom/containers/put-file?executionId=doctor-preprocessing-sa0q9oj&fileKind=FILTERED_PATHS&path=%2Fdata%2Fdataiku%2Fdatadir%2Fanalysis-data%2FPROJET_CHURN_BANQUE%2FSokZTM82%2F2myLNFUR%2Fsessions%2Fs3%2Fpp1%2Frescalers.json&expand=false HTTP/1.1" 200 None
[2026-04-21 18:56:05,694] [23/MainThread] [INFO] [root] Sending /home/dataiku/cache/analysis-data/PROJET_CHURN_BANQUE/SokZTM82/2myLNFUR/sessions/s3/pp1/dummies.json to /data/dataiku/datadir/analysis-data/PROJET_CHURN_BANQUE/SokZTM82/2myLNFUR/sessions/s3/pp1/dummies.json
[2026-04-21 18:56:05,698] [23/MainThread] [DEBUG] [urllib3.connectionpool] https://dss-headless-node-56800c84.space-1e09aade-dku.svc.cluster.local:10005 "POST /dip/api/tintercom/containers/put-file?executionId=doctor-preprocessing-sa0q9oj&fileKind=FILTERED_PATHS&path=%2Fdata%2Fdataiku%2Fdatadir%2Fanalysis-data%2FPROJET_CHURN_BANQUE%2FSokZTM82%2F2myLNFUR%2Fsessions%2Fs3%2Fpp1%2Fdummies.json&expand=false HTTP/1.1" 200 None
[2026-04-21 18:56:05,699] [23/MainThread] [INFO] [root] Sending /home/dataiku/cache/analysis-data/PROJET_CHURN_BANQUE/SokZTM82/2myLNFUR/sessions/s3/pp1/preprocessing_report.json to /data/dataiku/datadir/analysis-data/PROJET_CHURN_BANQUE/SokZTM82/2myLNFUR/sessions/s3/pp1/preprocessing_report.json
[2026-04-21 18:56:05,703] [23/MainThread] [DEBUG] [urllib3.connectionpool] https://dss-headless-node-56800c84.space-1e09aade-dku.svc.cluster.local:10005 "POST /dip/api/tintercom/containers/put-file?executionId=doctor-preprocessing-sa0q9oj&fileKind=FILTERED_PATHS&path=%2Fdata%2Fdataiku%2Fdatadir%2Fanalysis-data%2FPROJET_CHURN_BANQUE%2FSokZTM82%2F2myLNFUR%2Fsessions%2Fs3%2Fpp1%2Fpreprocessing_report.json&expand=false HTTP/1.1" 200 None
[2026-04-21 18:56:05,703] [23/MainThread] [INFO] [dataiku.doctor.utils.listener] END -  Preprocessing train set
[2026-04-21 18:56:05,703] [23/MainThread] [INFO] [dataiku.doctor.utils.listener] START -  Preprocessing test set
[2026-04-21 18:56:05,704] [23/MainThread] [INFO] [root] Sending /home/dataiku/cache/analysis-data/PROJET_CHURN_BANQUE/SokZTM82/2myLNFUR/sessions/s3/pp1/m1/train_info.json to /data/dataiku/datadir/analysis-data/PROJET_CHURN_BANQUE/SokZTM82/2myLNFUR/sessions/s3/pp1/m1/train_info.json
[2026-04-21 18:56:05,708] [23/MainThread] [DEBUG] [urllib3.connectionpool] https://dss-headless-node-56800c84.space-1e09aade-dku.svc.cluster.local:10005 "POST /dip/api/tintercom/containers/put-file?executionId=doctor-preprocessing-sa0q9oj&fileKind=FILTERED_PATHS&path=%2Fdata%2Fdataiku%2Fdatadir%2Fanalysis-data%2FPROJET_CHURN_BANQUE%2FSokZTM82%2F2myLNFUR%2Fsessions%2Fs3%2Fpp1%2Fm1%2Ftrain_info.json&expand=false HTTP/1.1" 200 None
[2026-04-21 18:56:05,708] [23/MainThread] [INFO] [dataiku.doctor.multiframe] Set MF index len 11039
[2026-04-21 18:56:05,708] [23/MainThread] [DEBUG] [dku.ml.preprocessing] PROCESS WITH Step:RemapValueToOutput
[2026-04-21 18:56:05,710] [23/MainThread] [DEBUG] [dku.ml.preprocessing] PROCESS WITH Step:SingleColumnDropNARows (end_date)
[2026-04-21 18:56:05,711] [23/MainThread] [DEBUG] [dku.ml.preprocessing] Deleting 8826 rows
[2026-04-21 18:56:05,711] [23/MainThread] [INFO] [dataiku.doctor.multiframe] MultiFrame, dropping rows: [    0     2     3 ... 11036 11037 11038]
[2026-04-21 18:56:05,714] [23/MainThread] [INFO] [dku.ml.preprocessing] After SCDNA input_df=(2213, 31)
[2026-04-21 18:56:05,714] [23/MainThread] [DEBUG] [dku.ml.preprocessing] PROCESS WITH Step:SingleColumnDropNARows (birth_date)
[2026-04-21 18:56:05,715] [23/MainThread] [DEBUG] [dku.ml.preprocessing] Deleting 0 rows
[2026-04-21 18:56:05,715] [23/MainThread] [INFO] [dataiku.doctor.multiframe] MultiFrame, dropping rows: []
[2026-04-21 18:56:05,716] [23/MainThread] [INFO] [dku.ml.preprocessing] After SCDNA input_df=(2213, 31)
[2026-04-21 18:56:05,716] [23/MainThread] [DEBUG] [dku.ml.preprocessing] PROCESS WITH Step:SingleColumnDropNARows (start_date)
[2026-04-21 18:56:05,717] [23/MainThread] [DEBUG] [dku.ml.preprocessing] Deleting 0 rows
[2026-04-21 18:56:05,717] [23/MainThread] [INFO] [dataiku.doctor.multiframe] MultiFrame, dropping rows: []
[2026-04-21 18:56:05,718] [23/MainThread] [INFO] [dku.ml.preprocessing] After SCDNA input_df=(2213, 31)
[2026-04-21 18:56:05,718] [23/MainThread] [DEBUG] [dku.ml.preprocessing] PROCESS WITH Step:SingleColumnDropNARows (creation_date)
[2026-04-21 18:56:05,718] [23/MainThread] [DEBUG] [dku.ml.preprocessing] Deleting 0 rows
[2026-04-21 18:56:05,718] [23/MainThread] [INFO] [dataiku.doctor.multiframe] MultiFrame, dropping rows: []
[2026-04-21 18:56:05,720] [23/MainThread] [INFO] [dku.ml.preprocessing] After SCDNA input_df=(2213, 31)
[2026-04-21 18:56:05,720] [23/MainThread] [DEBUG] [dku.ml.preprocessing] PROCESS WITH Step:DatetimeCyclicalEncodingStep
/opt/dataiku/python/dataiku/doctor/preprocessing/dataframe_preprocessing.py:949: FutureWarning: 'w' is deprecated and will be removed in a future version, please use 'W' instead.
  truncated_datetime_series = datetime_series.dt.to_period(period.period_str).dt.start_time
/opt/dataiku/python/dataiku/doctor/preprocessing/dataframe_preprocessing.py:949: FutureWarning: 'q' is deprecated and will be removed in a future version, please use 'Q' instead.
  truncated_datetime_series = datetime_series.dt.to_period(period.period_str).dt.start_time
/opt/dataiku/python/dataiku/doctor/preprocessing/dataframe_preprocessing.py:949: FutureWarning: 'y' is deprecated and will be removed in a future version, please use 'Y' instead.
  truncated_datetime_series = datetime_series.dt.to_period(period.period_str).dt.start_time
[2026-04-21 18:56:05,730] [23/MainThread] [DEBUG] [dku.ml.preprocessing] PROCESS WITH Step:DatetimeCyclicalEncodingStep
/opt/dataiku/python/dataiku/doctor/preprocessing/dataframe_preprocessing.py:949: FutureWarning: 'w' is deprecated and will be removed in a future version, please use 'W' instead.
  truncated_datetime_series = datetime_series.dt.to_period(period.period_str).dt.start_time
/opt/dataiku/python/dataiku/doctor/preprocessing/dataframe_preprocessing.py:949: FutureWarning: 'm' is deprecated and will be removed in a future version, please use 'M' instead.
  truncated_datetime_series = datetime_series.dt.to_period(period.period_str).dt.start_time
/opt/dataiku/python/dataiku/doctor/preprocessing/dataframe_preprocessing.py:949: FutureWarning: 'q' is deprecated and will be removed in a future version, please use 'Q' instead.
  truncated_datetime_series = datetime_series.dt.to_period(period.period_str).dt.start_time
/opt/dataiku/python/dataiku/doctor/preprocessing/dataframe_preprocessing.py:949: FutureWarning: 'y' is deprecated and will be removed in a future version, please use 'Y' instead.
  truncated_datetime_series = datetime_series.dt.to_period(period.period_str).dt.start_time
[2026-04-21 18:56:05,741] [23/MainThread] [DEBUG] [dku.ml.preprocessing] PROCESS WITH Step:DatetimeCyclicalEncodingStep
/opt/dataiku/python/dataiku/doctor/preprocessing/dataframe_preprocessing.py:949: FutureWarning: 'w' is deprecated and will be removed in a future version, please use 'W' instead.
  truncated_datetime_series = datetime_series.dt.to_period(period.period_str).dt.start_time
/opt/dataiku/python/dataiku/doctor/preprocessing/dataframe_preprocessing.py:949: FutureWarning: 'q' is deprecated and will be removed in a future version, please use 'Q' instead.
  truncated_datetime_series = datetime_series.dt.to_period(period.period_str).dt.start_time
/opt/dataiku/python/dataiku/doctor/preprocessing/dataframe_preprocessing.py:949: FutureWarning: 'y' is deprecated and will be removed in a future version, please use 'Y' instead.
  truncated_datetime_series = datetime_series.dt.to_period(period.period_str).dt.start_time
[2026-04-21 18:56:05,748] [23/MainThread] [DEBUG] [dku.ml.preprocessing] PROCESS WITH Step:DatetimeCyclicalEncodingStep
/opt/dataiku/python/dataiku/doctor/preprocessing/dataframe_preprocessing.py:949: FutureWarning: 'w' is deprecated and will be removed in a future version, please use 'W' instead.
  truncated_datetime_series = datetime_series.dt.to_period(period.period_str).dt.start_time
/opt/dataiku/python/dataiku/doctor/preprocessing/dataframe_preprocessing.py:949: FutureWarning: 'm' is deprecated and will be removed in a future version, please use 'M' instead.
  truncated_datetime_series = datetime_series.dt.to_period(period.period_str).dt.start_time
/opt/dataiku/python/dataiku/doctor/preprocessing/dataframe_preprocessing.py:949: FutureWarning: 'q' is deprecated and will be removed in a future version, please use 'Q' instead.
  truncated_datetime_series = datetime_series.dt.to_period(period.period_str).dt.start_time
/opt/dataiku/python/dataiku/doctor/preprocessing/dataframe_preprocessing.py:949: FutureWarning: 'y' is deprecated and will be removed in a future version, please use 'Y' instead.
  truncated_datetime_series = datetime_series.dt.to_period(period.period_str).dt.start_time
[2026-04-21 18:56:05,758] [23/MainThread] [DEBUG] [dku.ml.preprocessing] PROCESS WITH Step:MultipleImputeMissingFromInput
[2026-04-21 18:56:05,758] [23/MainThread] [DEBUG] [dku.ml.preprocessing] MIMIFI: Imputing with map {'income': 36747.908057023866, 'balance_min': 14751.248644220293, 'balance_avg': 17816.97015109049, 'atm_withdrawals_sum': 192.25524699844195, 'physical_services_sum_sum': 61.7928872239025, 'balance_stddev': 1887.8801472642533, 'digital_services_sum': 40.84261295939877, 'count': 13.593100345693044, 'balance_max': 21009.365071979923, 'revenue_sum': 121.39496734297984, 'atm_withdrawals_sum_sum': 9699.372880579233, 'revenue_avg': 9.044589705877412, 'balance_distinct': 13.592721504001515, 'in_person_interaction_sum': 2.234785995784071, 'physical_services_sum': 1.0221107139583907, 'customer_id': 607264.9624036063, 'region': 27.16477883801286, 'fx_services_sum': 6.466089267711483}
[2026-04-21 18:56:05,762] [23/MainThread] [DEBUG] [dku.ml.preprocessing] PROCESS WITH Step:MultipleImputeMissingFromInput
[2026-04-21 18:56:05,762] [23/MainThread] [DEBUG] [dku.ml.preprocessing] MIMIFI: Imputing with map {}
[2026-04-21 18:56:05,762] [23/MainThread] [DEBUG] [dku.ml.preprocessing] PROCESS WITH Step:RescalingProcessor2 (income)
[2026-04-21 18:56:05,762] [23/MainThread] [DEBUG] [dku.ml.preprocessing]   Rescale income (avg=34727.33393583371 std=27585.721888529795 shift=36747.908057023866 inv_scale=2.0239916015601655e-05 nulls=0)
[2026-04-21 18:56:05,763] [23/MainThread] [DEBUG] [dku.ml.preprocessing] PROCESS WITH Step:RescalingProcessor2 (balance_min)
[2026-04-21 18:56:05,764] [23/MainThread] [DEBUG] [dku.ml.preprocessing]   Rescale balance_min (avg=20206.535798040703 std=74403.14355189953 shift=14751.248644220293 inv_scale=1.3571009307340137e-05 nulls=0)
[2026-04-21 18:56:05,764] [23/MainThread] [DEBUG] [dku.ml.preprocessing] PROCESS WITH Step:RescalingProcessor2 (balance_avg)
[2026-04-21 18:56:05,765] [23/MainThread] [DEBUG] [dku.ml.preprocessing]   Rescale balance_avg (avg=22286.33994891564 std=74614.4966594583 shift=17816.97015109049 inv_scale=1.3436693645424387e-05 nulls=0)
[2026-04-21 18:56:05,766] [23/MainThread] [DEBUG] [dku.ml.preprocessing] PROCESS WITH Step:RescalingProcessor2 (atm_withdrawals_sum)
[2026-04-21 18:56:05,766] [23/MainThread] [DEBUG] [dku.ml.preprocessing]   Rescale atm_withdrawals_sum (avg=179.45495152145634 std=43.61190252514408 shift=192.25524699844195 inv_scale=0.0335766152107492 nulls=0)
[2026-04-21 18:56:05,767] [23/MainThread] [DEBUG] [dku.ml.preprocessing] PROCESS WITH Step:RescalingProcessor2 (physical_services_sum_sum)
[2026-04-21 18:56:05,767] [23/MainThread] [DEBUG] [dku.ml.preprocessing]   Rescale physical_services_sum_sum (avg=46.78584354245953 std=112.91445535009736 shift=61.7928872239025 inv_scale=0.007147054297372783 nulls=0)
[2026-04-21 18:56:05,768] [23/MainThread] [DEBUG] [dku.ml.preprocessing] PROCESS WITH Step:RescalingProcessor2 (balance_stddev)
[2026-04-21 18:56:05,768] [23/MainThread] [DEBUG] [dku.ml.preprocessing]   Rescale balance_stddev (avg=1569.6229799257928 std=1533.257201439978 shift=1887.8801472642533 inv_scale=0.0004892846140095054 nulls=0)
[2026-04-21 18:56:05,769] [23/MainThread] [DEBUG] [dku.ml.preprocessing] PROCESS WITH Step:RescalingProcessor2 (digital_services_sum)
[2026-04-21 18:56:05,769] [23/MainThread] [DEBUG] [dku.ml.preprocessing]   Rescale digital_services_sum (avg=38.64449559085106 std=10.062343211786303 shift=40.84261295939877 inv_scale=0.13172135659848155 nulls=0)
[2026-04-21 18:56:05,770] [23/MainThread] [DEBUG] [dku.ml.preprocessing] PROCESS WITH Step:RescalingProcessor2 (count)
[2026-04-21 18:56:05,770] [23/MainThread] [DEBUG] [dku.ml.preprocessing]   Rescale count (avg=8.36026570574747 std=4.5512029720091505 shift=13.593100345693044 inv_scale=0.23191009973454285 nulls=0)
[2026-04-21 18:56:05,771] [23/MainThread] [DEBUG] [dku.ml.preprocessing] PROCESS WITH Step:RescalingProcessor2 (balance_max)
[2026-04-21 18:56:05,771] [23/MainThread] [DEBUG] [dku.ml.preprocessing]   Rescale balance_max (avg=24443.882624149028 std=74899.32423697562 shift=21009.365071979923 inv_scale=1.3278534760541018e-05 nulls=0)
[2026-04-21 18:56:05,772] [23/MainThread] [DEBUG] [dku.ml.preprocessing] PROCESS WITH Step:RescalingProcessor2 (revenue_sum)
[2026-04-21 18:56:05,772] [23/MainThread] [DEBUG] [dku.ml.preprocessing]   Rescale revenue_sum (avg=81.46022141946234 std=112.65215256998746 shift=121.39496734297984 inv_scale=0.0038472785532649 nulls=0)
[2026-04-21 18:56:05,772] [23/MainThread] [DEBUG] [dku.ml.preprocessing] PROCESS WITH Step:RescalingProcessor2 (atm_withdrawals_sum_sum)
[2026-04-21 18:56:05,773] [23/MainThread] [DEBUG] [dku.ml.preprocessing]   Rescale atm_withdrawals_sum_sum (avg=8885.139223536544 std=6182.040189544596 shift=9699.372880579233 inv_scale=0.00015851057062380724 nulls=0)
[2026-04-21 18:56:05,773] [23/MainThread] [DEBUG] [dku.ml.preprocessing] PROCESS WITH Step:RescalingProcessor2 (revenue_avg)
[2026-04-21 18:56:05,774] [23/MainThread] [DEBUG] [dku.ml.preprocessing]   Rescale revenue_avg (avg=9.104406175604641 std=11.541112736067108 shift=9.044589705877412 inv_scale=0.057203359710250555 nulls=0)
[2026-04-21 18:56:05,774] [23/MainThread] [DEBUG] [dku.ml.preprocessing] PROCESS WITH Step:RescalingProcessor2 (balance_distinct)
[2026-04-21 18:56:05,774] [23/MainThread] [DEBUG] [dku.ml.preprocessing]   Rescale balance_distinct (avg=8.360212808285796 std=4.55114212611083 shift=13.592721504001515 inv_scale=0.23191822569206563 nulls=0)
[2026-04-21 18:56:05,775] [23/MainThread] [DEBUG] [dku.ml.preprocessing] PROCESS WITH Step:RescalingProcessor2 (in_person_interaction_sum)
[2026-04-21 18:56:05,775] [23/MainThread] [DEBUG] [dku.ml.preprocessing]   Rescale in_person_interaction_sum (avg=1.8692194514024514 std=1.7680554250022233 shift=2.234785995784071 inv_scale=0.5145744232055504 nulls=0)
[2026-04-21 18:56:05,776] [23/MainThread] [DEBUG] [dku.ml.preprocessing] PROCESS WITH Step:RescalingProcessor2 (physical_services_sum)
[2026-04-21 18:56:05,776] [23/MainThread] [DEBUG] [dku.ml.preprocessing]   Rescale physical_services_sum (avg=0.7768835146197661 std=1.0668945869246156 shift=1.0221107139583907 inv_scale=0.7938797732119768 nulls=0)
[2026-04-21 18:56:05,777] [23/MainThread] [DEBUG] [dku.ml.preprocessing] PROCESS WITH Step:RescalingProcessor2 (customer_id)
[2026-04-21 18:56:05,777] [23/MainThread] [DEBUG] [dku.ml.preprocessing]   Rescale customer_id (avg=716017.9457749662 std=452552.41198453924 shift=607264.9624036063 inv_scale=2.3594405668035384e-06 nulls=0)
[2026-04-21 18:56:05,778] [23/MainThread] [DEBUG] [dku.ml.preprocessing] PROCESS WITH Step:RescalingProcessor2 (region)
[2026-04-21 18:56:05,778] [23/MainThread] [DEBUG] [dku.ml.preprocessing]   Rescale region (avg=26.9466787166742 std=10.985888286821682 shift=27.16477883801286 inv_scale=0.08990640465144834 nulls=0)
[2026-04-21 18:56:05,778] [23/MainThread] [DEBUG] [dku.ml.preprocessing] PROCESS WITH Step:RescalingProcessor2 (fx_services_sum)
[2026-04-21 18:56:05,779] [23/MainThread] [DEBUG] [dku.ml.preprocessing]   Rescale fx_services_sum (avg=5.382343868931237 std=8.431731274392815 shift=6.466089267711483 inv_scale=0.1668333120032138 nulls=0)
[2026-04-21 18:56:05,779] [23/MainThread] [DEBUG] [dku.ml.preprocessing] PROCESS WITH Step:FlushDFBuilder(num_flagonly)
[2026-04-21 18:56:05,779] [23/MainThread] [DEBUG] [dku.ml.preprocessing] PROCESS WITH Step:FlushDFBuilder(datetime_cyclical)
[2026-04-21 18:56:05,780] [23/MainThread] [DEBUG] [dku.ml.preprocessing] PROCESS WITH Step:FastSparseDummifyProcessor (gender)
[2026-04-21 18:56:05,782] [23/MainThread] [DEBUG] [dku.ml.preprocessing] Dummifier: Append a sparse block shape=(2213, 4) nnz=2213
[2026-04-21 18:56:05,782] [23/MainThread] [DEBUG] [dku.ml.preprocessing] PROCESS WITH Step:FastSparseDummifyProcessor (tier)
[2026-04-21 18:56:05,785] [23/MainThread] [DEBUG] [dku.ml.preprocessing] Dummifier: Append a sparse block shape=(2213, 5) nnz=2213
[2026-04-21 18:56:05,785] [23/MainThread] [DEBUG] [dku.ml.preprocessing] PROCESS WITH Step:FastSparseDummifyProcessor (segment)
[2026-04-21 18:56:05,787] [23/MainThread] [DEBUG] [dku.ml.preprocessing] Dummifier: Append a sparse block shape=(2213, 6) nnz=2213
[2026-04-21 18:56:05,787] [23/MainThread] [DEBUG] [dku.ml.preprocessing] PROCESS WITH Step:FastSparseDummifyProcessor (first_name)
[2026-04-21 18:56:05,789] [23/MainThread] [DEBUG] [dku.ml.preprocessing] Dummifier: Append a sparse block shape=(2213, 103) nnz=2213
[2026-04-21 18:56:05,789] [23/MainThread] [DEBUG] [dku.ml.preprocessing] PROCESS WITH Step:FastSparseDummifyProcessor (product)
[2026-04-21 18:56:05,791] [23/MainThread] [DEBUG] [dku.ml.preprocessing] Dummifier: Append a sparse block shape=(2213, 12) nnz=2213
[2026-04-21 18:56:05,792] [23/MainThread] [DEBUG] [dku.ml.preprocessing] PROCESS WITH Step:FastSparseDummifyProcessor (last_name)
[2026-04-21 18:56:05,794] [23/MainThread] [DEBUG] [dku.ml.preprocessing] Dummifier: Append a sparse block shape=(2213, 103) nnz=2213
[2026-04-21 18:56:05,794] [23/MainThread] [DEBUG] [dku.ml.preprocessing] PROCESS WITH Step:FastSparseDummifyProcessor (product_type)
[2026-04-21 18:56:05,797] [23/MainThread] [DEBUG] [dku.ml.preprocessing] Dummifier: Append a sparse block shape=(2213, 6) nnz=2213
[2026-04-21 18:56:05,797] [23/MainThread] [DEBUG] [dku.ml.preprocessing] PROCESS WITH Step:MultipleImputeMissingFromInput
[2026-04-21 18:56:05,797] [23/MainThread] [DEBUG] [dku.ml.preprocessing] MIMIFI: Imputing with map {}
[2026-04-21 18:56:05,797] [23/MainThread] [DEBUG] [dku.ml.preprocessing] PROCESS WITH Step:FlushDFBuilder(cat_flagpresence)
[2026-04-21 18:56:05,797] [23/MainThread] [DEBUG] [dku.ml.preprocessing] PROCESS WITH Step:MultipleImputeMissingFromInput
[2026-04-21 18:56:05,797] [23/MainThread] [DEBUG] [dku.ml.preprocessing] MIMIFI: Imputing with map {}
[2026-04-21 18:56:05,797] [23/MainThread] [DEBUG] [dku.ml.preprocessing] PROCESS WITH Step:MultipleImputeMissingFromInput
[2026-04-21 18:56:05,797] [23/MainThread] [DEBUG] [dku.ml.preprocessing] MIMIFI: Imputing with map {}
[2026-04-21 18:56:05,797] [23/MainThread] [DEBUG] [dku.ml.preprocessing] PROCESS WITH Step:FlushDFBuilder(interaction)
[2026-04-21 18:56:05,797] [23/MainThread] [DEBUG] [dku.ml.preprocessing] PROCESS WITH Step:RealignTarget
[2026-04-21 18:56:05,797] [23/MainThread] [DEBUG] [dku.ml.preprocessing] Realign target series = (11039,)
[2026-04-21 18:56:05,798] [23/MainThread] [DEBUG] [dku.ml.preprocessing] After realign target: (2213,)
[2026-04-21 18:56:05,798] [23/MainThread] [DEBUG] [dku.ml.preprocessing] PROCESS WITH Step:DropRowsWhereNoTarget
[2026-04-21 18:56:05,798] [23/MainThread] [DEBUG] [dku.ml.preprocessing] Deleting 0 rows because one of ['target'] is missing or infinity
[2026-04-21 18:56:05,799] [23/MainThread] [DEBUG] [dku.ml.preprocessing] MF before = (2213, 285)
[2026-04-21 18:56:05,799] [23/MainThread] [DEBUG] [dku.ml.preprocessing] target before = (2213,)
[2026-04-21 18:56:05,799] [23/MainThread] [INFO] [dataiku.doctor.multiframe] MultiFrame, dropping rows: []
[2026-04-21 18:56:05,803] [23/MainThread] [DEBUG] [dku.ml.preprocessing] After DRWNT input_df=(2213, 31)
[2026-04-21 18:56:05,803] [23/MainThread] [DEBUG] [dku.ml.preprocessing] MF after = (2213, 285)
[2026-04-21 18:56:05,803] [23/MainThread] [DEBUG] [dku.ml.preprocessing] target after = (2213,)
[2026-04-21 18:56:05,803] [23/MainThread] [DEBUG] [dku.ml.preprocessing] PROCESS WITH Step:DumpPipelineState
[2026-04-21 18:56:05,803] [23/MainThread] [DEBUG] [dku.ml.preprocessing] ********* Pipeline state (Before feature selection)
[2026-04-21 18:56:05,803] [23/MainThread] [DEBUG] [dku.ml.preprocessing]    input_df= (2213, 31) 
[2026-04-21 18:56:05,803] [23/MainThread] [DEBUG] [dku.ml.preprocessing]    current_mf=(2213, 285) 
[2026-04-21 18:56:05,803] [23/MainThread] [DEBUG] [dku.ml.preprocessing]    PPR: 
[2026-04-21 18:56:05,803] [23/MainThread] [DEBUG] [dku.ml.preprocessing]       target = <class 'pandas.core.series.Series'> ((2213,))
[2026-04-21 18:56:05,803] [23/MainThread] [DEBUG] [dku.ml.preprocessing] PROCESS WITH Step:EmitCurrentMFAsResult
[2026-04-21 18:56:05,803] [23/MainThread] [INFO] [dataiku.doctor.multiframe] Set MF index len 2213
[2026-04-21 18:56:05,803] [23/MainThread] [DEBUG] [dku.ml.preprocessing] PROCESS WITH Step:DumpPipelineState
[2026-04-21 18:56:05,803] [23/MainThread] [DEBUG] [dku.ml.preprocessing] ********* Pipeline state (At end)
[2026-04-21 18:56:05,803] [23/MainThread] [DEBUG] [dku.ml.preprocessing]    input_df= (2213, 31) 
[2026-04-21 18:56:05,803] [23/MainThread] [DEBUG] [dku.ml.preprocessing]    current_mf=(0, 0) 
[2026-04-21 18:56:05,803] [23/MainThread] [DEBUG] [dku.ml.preprocessing]    PPR: 
[2026-04-21 18:56:05,803] [23/MainThread] [DEBUG] [dku.ml.preprocessing]       target = <class 'pandas.core.series.Series'> ((2213,))
[2026-04-21 18:56:05,803] [23/MainThread] [DEBUG] [dku.ml.preprocessing]       TRAIN = <class 'dataiku.doctor.multiframe.MultiFrame'> ((2213, 285))
[2026-04-21 18:56:05,804] [23/MainThread] [DEBUG] [dku.ml.preprocessing]       UNPROCESSED = <class 'pandas.core.frame.DataFrame'> ((2213, 31))
[2026-04-21 18:56:05,804] [23/MainThread] [DEBUG] [dataiku.doctor.diagnostics.diagnostics] calling DatasetSanityCheckDiagnostic.on_preprocess_test_dataset_end()
[2026-04-21 18:56:05,804] [23/MainThread] [DEBUG] [dataiku.doctor.diagnostics.diagnostics] calling ClassifierAccuracyCheckDiagnostic.on_preprocess_test_dataset_end()
[2026-04-21 18:56:05,804] [23/MainThread] [DEBUG] [dataiku.doctor.diagnostics.diagnostics] calling RegressionR2CheckDiagnostic.on_preprocess_test_dataset_end()
[2026-04-21 18:56:05,804] [23/MainThread] [DEBUG] [dataiku.doctor.diagnostics.diagnostics] calling LeakageDiagnostic.on_preprocess_test_dataset_end()
[2026-04-21 18:56:05,804] [23/MainThread] [DEBUG] [dataiku.doctor.diagnostics.diagnostics] calling TreeOverfitDiagnostic.on_preprocess_test_dataset_end()
[2026-04-21 18:56:05,804] [23/MainThread] [DEBUG] [dataiku.doctor.diagnostics.diagnostics] calling MLAssertionsDiagnostic.on_preprocess_test_dataset_end()
[2026-04-21 18:56:05,804] [23/MainThread] [DEBUG] [dataiku.doctor.diagnostics.diagnostics] calling ModelCheckDiagnostic.on_preprocess_test_dataset_end()
[2026-04-21 18:56:05,804] [23/MainThread] [INFO] [dataiku.doctor.diagnostics.modeling_parameters] test multiframe initial size: 11039
[2026-04-21 18:56:05,804] [23/MainThread] [INFO] [dataiku.doctor.diagnostics.modeling_parameters] 8826 rows dropped due to "drop null rows" selected on column "end_date"
[2026-04-21 18:56:05,804] [23/MainThread] [DEBUG] [dataiku.doctor.diagnostics.diagnostics] ModelCheckDiagnostic.on_preprocess_test_dataset_end() generated diagnostics: ["79.95% of the test dataset was dropped due to feature handling on 'end_date'"]
[2026-04-21 18:56:05,804] [23/MainThread] [INFO] [dataiku.doctor.diagnostics.diagnostics] Adding diagnostic: <DoctorDiagnostic ML_DIAGNOSTICS_MODEL_CHECK: 79.95% of the test dataset was dropped due to feature handling on 'end_date'>
[2026-04-21 18:56:05,804] [23/MainThread] [DEBUG] [dataiku.doctor.diagnostics.diagnostics] calling AbnormalPredictionsDetectionDiagnostic.on_preprocess_test_dataset_end()
[2026-04-21 18:56:05,805] [23/MainThread] [INFO] [root] Sending /home/dataiku/cache/analysis-data/PROJET_CHURN_BANQUE/SokZTM82/2myLNFUR/sessions/s3/pp1/m1/ml_diagnostics.json to /data/dataiku/datadir/analysis-data/PROJET_CHURN_BANQUE/SokZTM82/2myLNFUR/sessions/s3/pp1/m1/ml_diagnostics.json
[2026-04-21 18:56:05,808] [23/MainThread] [DEBUG] [urllib3.connectionpool] https://dss-headless-node-56800c84.space-1e09aade-dku.svc.cluster.local:10005 "POST /dip/api/tintercom/containers/put-file?executionId=doctor-preprocessing-sa0q9oj&fileKind=FILTERED_PATHS&path=%2Fdata%2Fdataiku%2Fdatadir%2Fanalysis-data%2FPROJET_CHURN_BANQUE%2FSokZTM82%2F2myLNFUR%2Fsessions%2Fs3%2Fpp1%2Fm1%2Fml_diagnostics.json&expand=false HTTP/1.1" 200 None
[2026-04-21 18:56:05,809] [23/MainThread] [INFO] [dataiku.doctor.utils.listener] END -  Preprocessing test set
[2026-04-21 18:56:05,810] [23/MainThread] [INFO] [root] Sending /home/dataiku/cache/analysis-data/PROJET_CHURN_BANQUE/SokZTM82/2myLNFUR/sessions/s3/pp1/m1/train_info.json to /data/dataiku/datadir/analysis-data/PROJET_CHURN_BANQUE/SokZTM82/2myLNFUR/sessions/s3/pp1/m1/train_info.json
[2026-04-21 18:56:05,813] [23/MainThread] [DEBUG] [urllib3.connectionpool] https://dss-headless-node-56800c84.space-1e09aade-dku.svc.cluster.local:10005 "POST /dip/api/tintercom/containers/put-file?executionId=doctor-preprocessing-sa0q9oj&fileKind=FILTERED_PATHS&path=%2Fdata%2Fdataiku%2Fdatadir%2Fanalysis-data%2FPROJET_CHURN_BANQUE%2FSokZTM82%2F2myLNFUR%2Fsessions%2Fs3%2Fpp1%2Fm1%2Ftrain_info.json&expand=false HTTP/1.1" 200 None
[2026-04-21 18:56:05,814] [23/MainThread] [INFO] [dataiku.doctor.utils.listener] START -  Hyperparameter searching
[2026-04-21 18:56:05,814] [23/MainThread] [INFO] [root] Sending /home/dataiku/cache/analysis-data/PROJET_CHURN_BANQUE/SokZTM82/2myLNFUR/sessions/s3/pp1/m1/train_info.json to /data/dataiku/datadir/analysis-data/PROJET_CHURN_BANQUE/SokZTM82/2myLNFUR/sessions/s3/pp1/m1/train_info.json
[2026-04-21 18:56:05,818] [23/MainThread] [DEBUG] [urllib3.connectionpool] https://dss-headless-node-56800c84.space-1e09aade-dku.svc.cluster.local:10005 "POST /dip/api/tintercom/containers/put-file?executionId=doctor-preprocessing-sa0q9oj&fileKind=FILTERED_PATHS&path=%2Fdata%2Fdataiku%2Fdatadir%2Fanalysis-data%2FPROJET_CHURN_BANQUE%2FSokZTM82%2F2myLNFUR%2Fsessions%2Fs3%2Fpp1%2Fm1%2Ftrain_info.json&expand=false HTTP/1.1" 200 None
[2026-04-21 18:56:05,819] [23/MainThread] [INFO] [dataiku.doctor.prediction.common] NaN support available: compatible algorithm RANDOM_FOREST_CLASSIFICATION and feature reduction None
[2026-04-21 18:56:05,821] [23/MainThread] [INFO] [dataiku.doctor.sparse] prepare multiframe shape=(8575,285) fill_ratio=0.18
[2026-04-21 18:56:05,821] [23/MainThread] [INFO] [dataiku.doctor.sparse] Using CSR (sparse matrix)
[2026-04-21 18:56:05,821] [23/MainThread] [INFO] [dataiku.doctor.multiframe] APPEND BLOCK NUM_IMPUTED_KEPT shape=(8575, 18)
[2026-04-21 18:56:05,821] [23/MainThread] [INFO] [dataiku.doctor.multiframe] APPEND BLOCK datetime_cyclical shape=(8575, 28)
[2026-04-21 18:56:05,821] [23/MainThread] [INFO] [dataiku.doctor.multiframe] APPEND BLOCK dummy:gender shape=(8575, 4)
[2026-04-21 18:56:05,821] [23/MainThread] [INFO] [dataiku.doctor.multiframe] APPEND BLOCK dummy:tier shape=(8575, 5)
[2026-04-21 18:56:05,821] [23/MainThread] [INFO] [dataiku.doctor.multiframe] APPEND BLOCK dummy:segment shape=(8575, 6)
[2026-04-21 18:56:05,821] [23/MainThread] [INFO] [dataiku.doctor.multiframe] APPEND BLOCK dummy:first_name shape=(8575, 103)
[2026-04-21 18:56:05,821] [23/MainThread] [INFO] [dataiku.doctor.multiframe] APPEND BLOCK dummy:product shape=(8575, 12)
[2026-04-21 18:56:05,821] [23/MainThread] [INFO] [dataiku.doctor.multiframe] APPEND BLOCK dummy:last_name shape=(8575, 103)
[2026-04-21 18:56:05,821] [23/MainThread] [INFO] [dataiku.doctor.multiframe] APPEND BLOCK dummy:product_type shape=(8575, 6)
[2026-04-21 18:56:05,835] [23/MainThread] [INFO] [dataiku.doctor.prediction.common] Create CLF from params: {'algorithm': 'RANDOM_FOREST_CLASSIFICATION', 'rf_classifier_grid': {'n_estimators': {'gridMode': 'EXPLICIT', 'randomMode': 'RANGE', 'limit': {'min': 1}, 'values': [100], 'range': {'min': 80, 'max': 200, 'nbValues': 3, 'scaling': 'LINEAR'}}, 'n_jobs': 4, 'max_tree_depth': {'gridMode': 'EXPLICIT', 'randomMode': 'RANGE', 'limit': {'min': 1}, 'values': [6, 15], 'range': {'min': 6, 'max': 20, 'nbValues': 3, 'scaling': 'LINEAR'}}, 'min_samples_leaf': {'gridMode': 'EXPLICIT', 'randomMode': 'RANGE', 'limit': {'min': 1}, 'values': [1], 'range': {'min': 1, 'max': 20, 'nbValues': 3, 'scaling': 'LINEAR'}}, 'selection_mode': 'sqrt', 'max_features': {'gridMode': 'EXPLICIT', 'randomMode': 'RANGE', 'limit': {'min': 1}, 'values': [5], 'range': {'min': 1, 'max': 20, 'nbValues': 3, 'scaling': 'LINEAR'}}, 'max_feature_prop': {'gridMode': 'EXPLICIT', 'randomMode': 'RANGE', 'limit': {'min': 1e-23, 'max': 1.0}, 'values': [0.3], 'range': {'min': 0.1, 'max': 0.7, 'nbValues': 3, 'scaling': 'LINEAR'}}, 'allow_sparse_matrices': True, 'enabled': True}, 'max_ensemble_nodes_serialized': 6000, 'metrics': {'customMetrics': [], 'evaluationMetric': 'ROC_AUC', 'classAveragingMethod': 'MACRO', 'thresholdOptimizationMetric': 'F1', 'costMatrixWeights': {'tpGain': 1.0, 'tnGain': 0.0, 'fpGain': -0.3, 'fnGain': 0.0}, 'liftPoint': 0.4, 'netUpliftPoint': 0.5, 'causalWeighting': 'NO_WEIGHTING'}, 'autoOptimizeThreshold': True, 'forcedClassifierThreshold': 0.0, 'isShiftWindowsCompatible': True, 'gridLength': 2, 'grid_search_params': {'mode': 'KFOLD', 'splitRatio': 0.8, 'shuffleIterations': 1, 'nFolds': 5, 'cvSeed': 1337, 'stratified': True, 'grouped': False, 'strategy': 'GRID', 'bayesianOptimizer': 'SCIKIT_OPTIMIZE', 'randomized': True, 'seed': 1337, 'nIter': 0, 'nIterRandom': 5, 'timeout': 0, 'nJobs': 4, 'distributed': False, 'nContainers': 4, 'foldOffset': True, 'equalDurationFolds': False}, 'pluginAlgoCustomGridSearch': False, 'computeLearningCurves': False, 'skipExpensiveReports': False, 'skipPermutationImportance': True, 'perIdentifierPermutationImportance': False, 'propensityModeling': {'enabled': True, 'calibrateProbabilities': False, 'calibrationDataRatio': 0.1}} for algorithm RANDOM_FOREST_CLASSIFICATION
[2026-04-21 18:56:05,835] [23/MainThread] [INFO] [dataiku.doctor.prediction.common] Using stratified K-Fold CV with k=5
[2026-04-21 18:56:05,837] [23/MainThread] [INFO] [dataiku.base.folder_context] Fetching file from backend: source='/data/dataiku/datadir/analysis-data/PROJET_CHURN_BANQUE/SokZTM82/2myLNFUR/sessions/s3/pp1/m1/grid_search_done_py.json' target='/home/dataiku/cache/analysis-data/PROJET_CHURN_BANQUE/SokZTM82/2myLNFUR/sessions/s3/pp1/m1/grid_search_done_py.json'
[2026-04-21 18:56:05,837] [23/MainThread] [INFO] [dataiku.container.file_exchange] Fetching file /data/dataiku/datadir/analysis-data/PROJET_CHURN_BANQUE/SokZTM82/2myLNFUR/sessions/s3/pp1/m1/grid_search_done_py.json into /home/dataiku/cache/analysis-data/PROJET_CHURN_BANQUE/SokZTM82/2myLNFUR/sessions/s3/pp1/m1/grid_search_done_py.json
[2026-04-21 18:56:05,841] [23/MainThread] [DEBUG] [urllib3.connectionpool] https://dss-headless-node-56800c84.space-1e09aade-dku.svc.cluster.local:10005 "POST /dip/api/tintercom/containers/get-file HTTP/1.1" 404 855
[2026-04-21 18:56:05,841] [23/MainThread] [WARNING] [dataiku.container.file_exchange] Could not fetch file /data/dataiku/datadir/analysis-data/PROJET_CHURN_BANQUE/SokZTM82/2myLNFUR/sessions/s3/pp1/m1/grid_search_done_py.json, not found
[2026-04-21 18:56:05,843] [23/MainThread] [DEBUG] [urllib3.connectionpool] Starting new HTTPS connection (7): dss-headless-node-56800c84.space-1e09aade-dku.svc.cluster.local:10005
[2026-04-21 18:56:05,885] [23/MainThread] [DEBUG] [urllib3.connectionpool] https://dss-headless-node-56800c84.space-1e09aade-dku.svc.cluster.local:10005 "GET /dip/api/tintercom/ml/available-container-configurations?type=KUBERNETES HTTP/1.1" 200 None
[2026-04-21 18:56:05,886] [23/MainThread] [INFO] [dataiku.doctor.crossval.search_evaluation_monitor] The following distributed container configuration(s) are available to run this search: ['vCPU-0.5-RAM-4GiB', 'vCPU-1-RAM-8GiB', 'vCPU-2-RAM-16GiB', 'vCPU-4-RAM-32GiB']
[2026-04-21 18:56:05,890] [23/MainThread] [INFO] [dataiku.doctor.crossval.search_runner] Fitting 5 folds for each of 2 candidates, totalling 10 fits
[2026-04-21 18:56:05,890] [23/MainThread] [INFO] [dataiku.base.utils] Detected 1/8 usable CPUs
[2026-04-21 18:56:05,890] [23/MainThread] [INFO] [dataiku.doctor.crossval.search_runner] Execute hyperparameter search locally on 4 threads
[2026-04-21 18:56:05,890] [23/MainThread] [INFO] [dataiku.base.folder_context] Fetching file from backend: source='/data/dataiku/datadir/analysis-data/PROJET_CHURN_BANQUE/SokZTM82/2myLNFUR/sessions/s3/pp1/m1/grid_search_scores.json' target='/home/dataiku/cache/analysis-data/PROJET_CHURN_BANQUE/SokZTM82/2myLNFUR/sessions/s3/pp1/m1/grid_search_scores.json'
[2026-04-21 18:56:05,890] [23/MainThread] [INFO] [dataiku.container.file_exchange] Fetching file /data/dataiku/datadir/analysis-data/PROJET_CHURN_BANQUE/SokZTM82/2myLNFUR/sessions/s3/pp1/m1/grid_search_scores.json into /home/dataiku/cache/analysis-data/PROJET_CHURN_BANQUE/SokZTM82/2myLNFUR/sessions/s3/pp1/m1/grid_search_scores.json
[2026-04-21 18:56:05,894] [23/MainThread] [DEBUG] [urllib3.connectionpool] https://dss-headless-node-56800c84.space-1e09aade-dku.svc.cluster.local:10005 "POST /dip/api/tintercom/containers/get-file HTTP/1.1" 404 852
[2026-04-21 18:56:05,894] [23/MainThread] [WARNING] [dataiku.container.file_exchange] Could not fetch file /data/dataiku/datadir/analysis-data/PROJET_CHURN_BANQUE/SokZTM82/2myLNFUR/sessions/s3/pp1/m1/grid_search_scores.json, not found
[2026-04-21 18:56:05,895] [23/MainThread] [INFO] [root] Sending /home/dataiku/cache/analysis-data/PROJET_CHURN_BANQUE/SokZTM82/2myLNFUR/sessions/s3/pp1/m1/grid_search_scores.json to /data/dataiku/datadir/analysis-data/PROJET_CHURN_BANQUE/SokZTM82/2myLNFUR/sessions/s3/pp1/m1/grid_search_scores.json
[2026-04-21 18:56:05,896] [23/MainThread] [DEBUG] [urllib3.connectionpool] Starting new HTTPS connection (8): dss-headless-node-56800c84.space-1e09aade-dku.svc.cluster.local:10005
[2026-04-21 18:56:05,923] [23/MainThread] [DEBUG] [urllib3.connectionpool] https://dss-headless-node-56800c84.space-1e09aade-dku.svc.cluster.local:10005 "POST /dip/api/tintercom/containers/put-file?executionId=doctor-preprocessing-sa0q9oj&fileKind=FILTERED_PATHS&path=%2Fdata%2Fdataiku%2Fdatadir%2Fanalysis-data%2FPROJET_CHURN_BANQUE%2FSokZTM82%2F2myLNFUR%2Fsessions%2Fs3%2Fpp1%2Fm1%2Fgrid_search_scores.json&expand=false HTTP/1.1" 200 None
[2026-04-21 18:56:05,924] [23/Thread-1] [INFO] [dataiku.base.folder_context] Fetching file from backend: source='/data/dataiku/datadir/analysis-data/PROJET_CHURN_BANQUE/SokZTM82/2myLNFUR/sessions/s3/pp1/m1/stop_search' target='/home/dataiku/cache/analysis-data/PROJET_CHURN_BANQUE/SokZTM82/2myLNFUR/sessions/s3/pp1/m1/stop_search'
[2026-04-21 18:56:05,924] [23/MainThread] [INFO] [dataiku.doctor.crossval.strategies.grid_search_strategy] Running GridSearchStrategy for hyperparameters space: <dataiku.doctor.prediction.common.TreesHyperparametersSpace object at 0x7f9ce3777100>
[2026-04-21 18:56:05,924] [23/MainThread] [INFO] [dataiku.doctor.crossval.search_evaluator] Schedule evaluation on split 0: {'max_depth': 6, 'max_features': 'sqrt', 'min_samples_leaf': 1, 'n_estimators': 100, 'min_samples_split': 3}
[2026-04-21 18:56:05,925] [23/Thread-1] [INFO] [dataiku.container.file_exchange] Fetching file /data/dataiku/datadir/analysis-data/PROJET_CHURN_BANQUE/SokZTM82/2myLNFUR/sessions/s3/pp1/m1/stop_search into /home/dataiku/cache/analysis-data/PROJET_CHURN_BANQUE/SokZTM82/2myLNFUR/sessions/s3/pp1/m1/stop_search
[2026-04-21 18:56:05,926] [23/Thread-2:local-0] [INFO] [dataiku.doctor.distributed.local_worker] Starting worker: local-0
[2026-04-21 18:56:05,926] [23/Thread-2:local-0] [INFO] [dataiku.doctor.distributed.local_worker] Started worker: local-0
[2026-04-21 18:56:05,926] [23/MainThread] [INFO] [dataiku.doctor.distributed.work_scheduler] Enqueued task T1
[2026-04-21 18:56:05,926] [23/MainThread] [INFO] [dataiku.doctor.crossval.search_evaluator] Schedule evaluation on split 1: {'max_depth': 6, 'max_features': 'sqrt', 'min_samples_leaf': 1, 'n_estimators': 100, 'min_samples_split': 3}
[2026-04-21 18:56:05,926] [23/Thread-2:local-0] [INFO] [dataiku.doctor.distributed.work_scheduler] Running task T1 on local-0...
[2026-04-21 18:56:05,926] [23/Thread-2:local-0] [INFO] [dataiku.doctor.crossval.search_context] Fit s=0: max_depth=6, max_features=sqrt, min_samples_leaf=1, n_estimators=100, min_samples_split=3 
[2026-04-21 18:56:05,928] [23/Thread-3:local-1] [INFO] [dataiku.doctor.distributed.local_worker] Starting worker: local-1
[2026-04-21 18:56:05,928] [23/Thread-3:local-1] [INFO] [dataiku.doctor.distributed.local_worker] Started worker: local-1
[2026-04-21 18:56:05,928] [23/MainThread] [INFO] [dataiku.doctor.distributed.work_scheduler] Enqueued task T2
[2026-04-21 18:56:05,929] [23/MainThread] [INFO] [dataiku.doctor.crossval.search_evaluator] Schedule evaluation on split 2: {'max_depth': 6, 'max_features': 'sqrt', 'min_samples_leaf': 1, 'n_estimators': 100, 'min_samples_split': 3}
[2026-04-21 18:56:05,929] [23/Thread-3:local-1] [INFO] [dataiku.doctor.distributed.work_scheduler] Running task T2 on local-1...
[2026-04-21 18:56:05,929] [23/Thread-3:local-1] [INFO] [dataiku.doctor.crossval.search_context] Fit s=1: max_depth=6, max_features=sqrt, min_samples_leaf=1, n_estimators=100, min_samples_split=3 
[2026-04-21 18:56:05,930] [23/Thread-4:local-2] [INFO] [dataiku.doctor.distributed.local_worker] Starting worker: local-2
[2026-04-21 18:56:05,930] [23/Thread-1] [DEBUG] [urllib3.connectionpool] https://dss-headless-node-56800c84.space-1e09aade-dku.svc.cluster.local:10005 "POST /dip/api/tintercom/containers/get-file HTTP/1.1" 404 816
[2026-04-21 18:56:05,931] [23/Thread-4:local-2] [INFO] [dataiku.doctor.distributed.local_worker] Started worker: local-2
[2026-04-21 18:56:05,931] [23/MainThread] [INFO] [dataiku.doctor.distributed.work_scheduler] Enqueued task T3
[2026-04-21 18:56:05,932] [23/MainThread] [INFO] [dataiku.doctor.crossval.search_evaluator] Schedule evaluation on split 3: {'max_depth': 6, 'max_features': 'sqrt', 'min_samples_leaf': 1, 'n_estimators': 100, 'min_samples_split': 3}
[2026-04-21 18:56:05,932] [23/Thread-1] [WARNING] [dataiku.container.file_exchange] Could not fetch file /data/dataiku/datadir/analysis-data/PROJET_CHURN_BANQUE/SokZTM82/2myLNFUR/sessions/s3/pp1/m1/stop_search, not found
[2026-04-21 18:56:05,932] [23/Thread-5:local-3] [INFO] [dataiku.doctor.distributed.local_worker] Starting worker: local-3
[2026-04-21 18:56:05,933] [23/MainThread] [INFO] [dataiku.doctor.distributed.work_scheduler] Enqueued task T4
[2026-04-21 18:56:05,933] [23/Thread-5:local-3] [INFO] [dataiku.doctor.distributed.local_worker] Started worker: local-3
[2026-04-21 18:56:05,933] [23/MainThread] [INFO] [dataiku.doctor.crossval.search_evaluator] Schedule evaluation on split 4: {'max_depth': 6, 'max_features': 'sqrt', 'min_samples_leaf': 1, 'n_estimators': 100, 'min_samples_split': 3}
[2026-04-21 18:56:05,934] [23/Thread-4:local-2] [INFO] [dataiku.doctor.distributed.work_scheduler] Running task T3 on local-2...
[2026-04-21 18:56:05,935] [23/Thread-4:local-2] [INFO] [dataiku.doctor.crossval.search_context] Fit s=2: max_depth=6, max_features=sqrt, min_samples_leaf=1, n_estimators=100, min_samples_split=3 
[2026-04-21 18:56:05,934] [23/Thread-5:local-3] [INFO] [dataiku.doctor.distributed.work_scheduler] Running task T4 on local-3...
[2026-04-21 18:56:05,947] [23/Thread-5:local-3] [INFO] [dataiku.doctor.crossval.search_context] Fit s=3: max_depth=6, max_features=sqrt, min_samples_leaf=1, n_estimators=100, min_samples_split=3 
[2026-04-21 18:56:06,935] [23/Thread-1] [INFO] [dataiku.base.folder_context] Fetching file from backend: source='/data/dataiku/datadir/analysis-data/PROJET_CHURN_BANQUE/SokZTM82/2myLNFUR/sessions/s3/pp1/m1/stop_search' target='/home/dataiku/cache/analysis-data/PROJET_CHURN_BANQUE/SokZTM82/2myLNFUR/sessions/s3/pp1/m1/stop_search'
[2026-04-21 18:56:06,948] [23/Thread-1] [INFO] [dataiku.container.file_exchange] Fetching file /data/dataiku/datadir/analysis-data/PROJET_CHURN_BANQUE/SokZTM82/2myLNFUR/sessions/s3/pp1/m1/stop_search into /home/dataiku/cache/analysis-data/PROJET_CHURN_BANQUE/SokZTM82/2myLNFUR/sessions/s3/pp1/m1/stop_search
[2026-04-21 18:56:06,957] [23/Thread-1] [DEBUG] [urllib3.connectionpool] Starting new HTTPS connection (9): dss-headless-node-56800c84.space-1e09aade-dku.svc.cluster.local:10005
[2026-04-21 18:56:06,992] [23/Thread-1] [DEBUG] [urllib3.connectionpool] https://dss-headless-node-56800c84.space-1e09aade-dku.svc.cluster.local:10005 "POST /dip/api/tintercom/containers/get-file HTTP/1.1" 404 816
[2026-04-21 18:56:06,994] [23/Thread-1] [WARNING] [dataiku.container.file_exchange] Could not fetch file /data/dataiku/datadir/analysis-data/PROJET_CHURN_BANQUE/SokZTM82/2myLNFUR/sessions/s3/pp1/m1/stop_search, not found
[2026-04-21 18:56:07,271] [23/Thread-2:local-0] [ERROR] [dataiku.doctor.distributed.work_scheduler] Task T1 failed
Traceback (most recent call last):
  File "/opt/dataiku/python/dataiku/doctor/distributed/work_scheduler.py", line 245, in run
    result = self.worker.execute_work(*task.work_args)
  File "/opt/dataiku/python/dataiku/doctor/distributed/local_worker.py", line 36, in execute_work
    return self._context.execute_work(*args)
  File "/opt/dataiku/python/dataiku/doctor/crossval/search_context.py", line 76, in execute_work
    return _dku_fit_and_score(
  File "/opt/dataiku/python/dataiku/doctor/crossval/search_context.py", line 700, in _dku_fit_and_score
    train_score = _dku_score(estimator, X_train, y_train, scorer, sample_weight=w_train, indices=train)
  File "/opt/dataiku/python/dataiku/doctor/crossval/search_context.py", line 640, in _dku_score
    score = scorer(estimator, X, y, sample_weight=sample_weight)
  File "/opt/dataiku/python/dataiku/doctor/prediction/common.py", line 1612, in score_with_remap
    return sign * score_func(y, y_pred, **kwargs)
  File "/opt/dataiku/python/dataiku/doctor/utils/metrics.py", line 116, in mroc_auc_score
    raise ValueError("Could not compute AUC: {reason}"
ValueError: Could not compute AUC: Ended up with less than two-classes in the validation set.
[2026-04-21 18:56:07,272] [23/Thread-3:local-1] [ERROR] [dataiku.doctor.distributed.work_scheduler] Task T2 failed
Traceback (most recent call last):
  File "/opt/dataiku/python/dataiku/doctor/distributed/work_scheduler.py", line 245, in run
    result = self.worker.execute_work(*task.work_args)
  File "/opt/dataiku/python/dataiku/doctor/distributed/local_worker.py", line 36, in execute_work
    return self._context.execute_work(*args)
  File "/opt/dataiku/python/dataiku/doctor/crossval/search_context.py", line 76, in execute_work
    return _dku_fit_and_score(
  File "/opt/dataiku/python/dataiku/doctor/crossval/search_context.py", line 700, in _dku_fit_and_score
    train_score = _dku_score(estimator, X_train, y_train, scorer, sample_weight=w_train, indices=train)
  File "/opt/dataiku/python/dataiku/doctor/crossval/search_context.py", line 640, in _dku_score
    score = scorer(estimator, X, y, sample_weight=sample_weight)
  File "/opt/dataiku/python/dataiku/doctor/prediction/common.py", line 1612, in score_with_remap
    return sign * score_func(y, y_pred, **kwargs)
  File "/opt/dataiku/python/dataiku/doctor/utils/metrics.py", line 116, in mroc_auc_score
    raise ValueError("Could not compute AUC: {reason}"
ValueError: Could not compute AUC: Ended up with less than two-classes in the validation set.
[2026-04-21 18:56:07,325] [23/MainThread] [INFO] [dataiku.doctor.distributed.work_scheduler] Enqueued task T5
[2026-04-21 18:56:07,326] [23/Thread-5:local-3] [ERROR] [dataiku.doctor.distributed.work_scheduler] Task T4 failed
Traceback (most recent call last):
  File "/opt/dataiku/python/dataiku/doctor/distributed/work_scheduler.py", line 245, in run
    result = self.worker.execute_work(*task.work_args)
  File "/opt/dataiku/python/dataiku/doctor/distributed/local_worker.py", line 36, in execute_work
    return self._context.execute_work(*args)
  File "/opt/dataiku/python/dataiku/doctor/crossval/search_context.py", line 76, in execute_work
    return _dku_fit_and_score(
  File "/opt/dataiku/python/dataiku/doctor/crossval/search_context.py", line 700, in _dku_fit_and_score
    train_score = _dku_score(estimator, X_train, y_train, scorer, sample_weight=w_train, indices=train)
  File "/opt/dataiku/python/dataiku/doctor/crossval/search_context.py", line 640, in _dku_score
    score = scorer(estimator, X, y, sample_weight=sample_weight)
  File "/opt/dataiku/python/dataiku/doctor/prediction/common.py", line 1612, in score_with_remap
    return sign * score_func(y, y_pred, **kwargs)
  File "/opt/dataiku/python/dataiku/doctor/utils/metrics.py", line 116, in mroc_auc_score
    raise ValueError("Could not compute AUC: {reason}"
ValueError: Could not compute AUC: Ended up with less than two-classes in the validation set.
[2026-04-21 18:56:07,327] [23/Thread-2:local-0] [INFO] [dataiku.doctor.distributed.work_scheduler] Running task T5 on local-0...
[2026-04-21 18:56:07,327] [23/Thread-2:local-0] [INFO] [dataiku.doctor.crossval.search_context] Fit s=4: max_depth=6, max_features=sqrt, min_samples_leaf=1, n_estimators=100, min_samples_split=3 
[2026-04-21 18:56:07,327] [23/MainThread] [INFO] [dataiku.doctor.crossval.search_evaluator] Schedule evaluation on split 0: {'max_depth': 15, 'max_features': 'sqrt', 'min_samples_leaf': 1, 'n_estimators': 100, 'min_samples_split': 3}
[2026-04-21 18:56:07,328] [23/MainThread] [INFO] [dataiku.doctor.distributed.work_scheduler] Enqueued task T6
[2026-04-21 18:56:07,328] [23/MainThread] [INFO] [dataiku.doctor.crossval.search_evaluator] Schedule evaluation on split 1: {'max_depth': 15, 'max_features': 'sqrt', 'min_samples_leaf': 1, 'n_estimators': 100, 'min_samples_split': 3}
[2026-04-21 18:56:07,328] [23/MainThread] [INFO] [dataiku.doctor.distributed.work_scheduler] Enqueued task T7
[2026-04-21 18:56:07,328] [23/MainThread] [INFO] [dataiku.doctor.crossval.search_evaluator] Schedule evaluation on split 2: {'max_depth': 15, 'max_features': 'sqrt', 'min_samples_leaf': 1, 'n_estimators': 100, 'min_samples_split': 3}
[2026-04-21 18:56:07,329] [23/Thread-3:local-1] [INFO] [dataiku.doctor.distributed.work_scheduler] Running task T6 on local-1...
[2026-04-21 18:56:07,329] [23/Thread-5:local-3] [INFO] [dataiku.doctor.distributed.work_scheduler] Running task T7 on local-3...
[2026-04-21 18:56:07,329] [23/Thread-3:local-1] [INFO] [dataiku.doctor.crossval.search_context] Fit s=0: max_depth=15, max_features=sqrt, min_samples_leaf=1, n_estimators=100, min_samples_split=3 
[2026-04-21 18:56:07,329] [23/Thread-5:local-3] [INFO] [dataiku.doctor.crossval.search_context] Fit s=1: max_depth=15, max_features=sqrt, min_samples_leaf=1, n_estimators=100, min_samples_split=3 
[2026-04-21 18:56:07,373] [23/Thread-4:local-2] [ERROR] [dataiku.doctor.distributed.work_scheduler] Task T3 failed
Traceback (most recent call last):
  File "/opt/dataiku/python/dataiku/doctor/distributed/work_scheduler.py", line 245, in run
    result = self.worker.execute_work(*task.work_args)
  File "/opt/dataiku/python/dataiku/doctor/distributed/local_worker.py", line 36, in execute_work
    return self._context.execute_work(*args)
  File "/opt/dataiku/python/dataiku/doctor/crossval/search_context.py", line 76, in execute_work
    return _dku_fit_and_score(
  File "/opt/dataiku/python/dataiku/doctor/crossval/search_context.py", line 700, in _dku_fit_and_score
    train_score = _dku_score(estimator, X_train, y_train, scorer, sample_weight=w_train, indices=train)
  File "/opt/dataiku/python/dataiku/doctor/crossval/search_context.py", line 640, in _dku_score
    score = scorer(estimator, X, y, sample_weight=sample_weight)
  File "/opt/dataiku/python/dataiku/doctor/prediction/common.py", line 1612, in score_with_remap
    return sign * score_func(y, y_pred, **kwargs)
  File "/opt/dataiku/python/dataiku/doctor/utils/metrics.py", line 116, in mroc_auc_score
    raise ValueError("Could not compute AUC: {reason}"
ValueError: Could not compute AUC: Ended up with less than two-classes in the validation set.
[2026-04-21 18:56:07,374] [23/MainThread] [INFO] [dataiku.doctor.distributed.work_scheduler] Enqueued task T8
[2026-04-21 18:56:07,375] [23/MainThread] [INFO] [dataiku.doctor.crossval.search_evaluator] Schedule evaluation on split 3: {'max_depth': 15, 'max_features': 'sqrt', 'min_samples_leaf': 1, 'n_estimators': 100, 'min_samples_split': 3}
[2026-04-21 18:56:07,375] [23/Thread-4:local-2] [INFO] [dataiku.doctor.distributed.work_scheduler] Running task T8 on local-2...
[2026-04-21 18:56:07,375] [23/Thread-4:local-2] [INFO] [dataiku.doctor.crossval.search_context] Fit s=2: max_depth=15, max_features=sqrt, min_samples_leaf=1, n_estimators=100, min_samples_split=3 
[2026-04-21 18:56:08,023] [23/Thread-1] [INFO] [dataiku.base.folder_context] Fetching file from backend: source='/data/dataiku/datadir/analysis-data/PROJET_CHURN_BANQUE/SokZTM82/2myLNFUR/sessions/s3/pp1/m1/stop_search' target='/home/dataiku/cache/analysis-data/PROJET_CHURN_BANQUE/SokZTM82/2myLNFUR/sessions/s3/pp1/m1/stop_search'
[2026-04-21 18:56:08,027] [23/Thread-1] [INFO] [dataiku.container.file_exchange] Fetching file /data/dataiku/datadir/analysis-data/PROJET_CHURN_BANQUE/SokZTM82/2myLNFUR/sessions/s3/pp1/m1/stop_search into /home/dataiku/cache/analysis-data/PROJET_CHURN_BANQUE/SokZTM82/2myLNFUR/sessions/s3/pp1/m1/stop_search
[2026-04-21 18:56:08,033] [23/Thread-1] [DEBUG] [urllib3.connectionpool] Starting new HTTPS connection (10): dss-headless-node-56800c84.space-1e09aade-dku.svc.cluster.local:10005
[2026-04-21 18:56:08,069] [23/Thread-1] [DEBUG] [urllib3.connectionpool] https://dss-headless-node-56800c84.space-1e09aade-dku.svc.cluster.local:10005 "POST /dip/api/tintercom/containers/get-file HTTP/1.1" 404 816
[2026-04-21 18:56:08,070] [23/Thread-1] [WARNING] [dataiku.container.file_exchange] Could not fetch file /data/dataiku/datadir/analysis-data/PROJET_CHURN_BANQUE/SokZTM82/2myLNFUR/sessions/s3/pp1/m1/stop_search, not found
[2026-04-21 18:56:08,560] [23/Thread-2:local-0] [ERROR] [dataiku.doctor.distributed.work_scheduler] Task T5 failed
Traceback (most recent call last):
  File "/opt/dataiku/python/dataiku/doctor/distributed/work_scheduler.py", line 245, in run
    result = self.worker.execute_work(*task.work_args)
  File "/opt/dataiku/python/dataiku/doctor/distributed/local_worker.py", line 36, in execute_work
    return self._context.execute_work(*args)
  File "/opt/dataiku/python/dataiku/doctor/crossval/search_context.py", line 76, in execute_work
    return _dku_fit_and_score(
  File "/opt/dataiku/python/dataiku/doctor/crossval/search_context.py", line 700, in _dku_fit_and_score
    train_score = _dku_score(estimator, X_train, y_train, scorer, sample_weight=w_train, indices=train)
  File "/opt/dataiku/python/dataiku/doctor/crossval/search_context.py", line 640, in _dku_score
    score = scorer(estimator, X, y, sample_weight=sample_weight)
  File "/opt/dataiku/python/dataiku/doctor/prediction/common.py", line 1612, in score_with_remap
    return sign * score_func(y, y_pred, **kwargs)
  File "/opt/dataiku/python/dataiku/doctor/utils/metrics.py", line 116, in mroc_auc_score
    raise ValueError("Could not compute AUC: {reason}"
ValueError: Could not compute AUC: Ended up with less than two-classes in the validation set.
[2026-04-21 18:56:08,562] [23/MainThread] [INFO] [dataiku.doctor.distributed.work_scheduler] Enqueued task T9
[2026-04-21 18:56:08,562] [23/MainThread] [INFO] [dataiku.doctor.crossval.search_evaluator] Schedule evaluation on split 4: {'max_depth': 15, 'max_features': 'sqrt', 'min_samples_leaf': 1, 'n_estimators': 100, 'min_samples_split': 3}
[2026-04-21 18:56:08,562] [23/Thread-2:local-0] [INFO] [dataiku.doctor.distributed.work_scheduler] Running task T9 on local-0...
[2026-04-21 18:56:08,563] [23/Thread-2:local-0] [INFO] [dataiku.doctor.crossval.search_context] Fit s=3: max_depth=15, max_features=sqrt, min_samples_leaf=1, n_estimators=100, min_samples_split=3 
[2026-04-21 18:56:08,569] [23/Thread-4:local-2] [ERROR] [dataiku.doctor.distributed.work_scheduler] Task T8 failed
Traceback (most recent call last):
  File "/opt/dataiku/python/dataiku/doctor/distributed/work_scheduler.py", line 245, in run
    result = self.worker.execute_work(*task.work_args)
  File "/opt/dataiku/python/dataiku/doctor/distributed/local_worker.py", line 36, in execute_work
    return self._context.execute_work(*args)
  File "/opt/dataiku/python/dataiku/doctor/crossval/search_context.py", line 76, in execute_work
    return _dku_fit_and_score(
  File "/opt/dataiku/python/dataiku/doctor/crossval/search_context.py", line 700, in _dku_fit_and_score
    train_score = _dku_score(estimator, X_train, y_train, scorer, sample_weight=w_train, indices=train)
  File "/opt/dataiku/python/dataiku/doctor/crossval/search_context.py", line 640, in _dku_score
    score = scorer(estimator, X, y, sample_weight=sample_weight)
  File "/opt/dataiku/python/dataiku/doctor/prediction/common.py", line 1612, in score_with_remap
    return sign * score_func(y, y_pred, **kwargs)
  File "/opt/dataiku/python/dataiku/doctor/utils/metrics.py", line 116, in mroc_auc_score
    raise ValueError("Could not compute AUC: {reason}"
ValueError: Could not compute AUC: Ended up with less than two-classes in the validation set.
[2026-04-21 18:56:08,570] [23/Thread-5:local-3] [ERROR] [dataiku.doctor.distributed.work_scheduler] Task T7 failed
Traceback (most recent call last):
  File "/opt/dataiku/python/dataiku/doctor/distributed/work_scheduler.py", line 245, in run
    result = self.worker.execute_work(*task.work_args)
  File "/opt/dataiku/python/dataiku/doctor/distributed/local_worker.py", line 36, in execute_work
    return self._context.execute_work(*args)
  File "/opt/dataiku/python/dataiku/doctor/crossval/search_context.py", line 76, in execute_work
    return _dku_fit_and_score(
  File "/opt/dataiku/python/dataiku/doctor/crossval/search_context.py", line 700, in _dku_fit_and_score
    train_score = _dku_score(estimator, X_train, y_train, scorer, sample_weight=w_train, indices=train)
  File "/opt/dataiku/python/dataiku/doctor/crossval/search_context.py", line 640, in _dku_score
    score = scorer(estimator, X, y, sample_weight=sample_weight)
  File "/opt/dataiku/python/dataiku/doctor/prediction/common.py", line 1612, in score_with_remap
    return sign * score_func(y, y_pred, **kwargs)
  File "/opt/dataiku/python/dataiku/doctor/utils/metrics.py", line 116, in mroc_auc_score
    raise ValueError("Could not compute AUC: {reason}"
ValueError: Could not compute AUC: Ended up with less than two-classes in the validation set.
[2026-04-21 18:56:08,570] [23/MainThread] [INFO] [dataiku.doctor.distributed.work_scheduler] Enqueued task T10
[2026-04-21 18:56:08,570] [23/Thread-3:local-1] [ERROR] [dataiku.doctor.distributed.work_scheduler] Task T6 failed
Traceback (most recent call last):
  File "/opt/dataiku/python/dataiku/doctor/distributed/work_scheduler.py", line 245, in run
    result = self.worker.execute_work(*task.work_args)
  File "/opt/dataiku/python/dataiku/doctor/distributed/local_worker.py", line 36, in execute_work
    return self._context.execute_work(*args)
  File "/opt/dataiku/python/dataiku/doctor/crossval/search_context.py", line 76, in execute_work
    return _dku_fit_and_score(
  File "/opt/dataiku/python/dataiku/doctor/crossval/search_context.py", line 700, in _dku_fit_and_score
    train_score = _dku_score(estimator, X_train, y_train, scorer, sample_weight=w_train, indices=train)
  File "/opt/dataiku/python/dataiku/doctor/crossval/search_context.py", line 640, in _dku_score
    score = scorer(estimator, X, y, sample_weight=sample_weight)
  File "/opt/dataiku/python/dataiku/doctor/prediction/common.py", line 1612, in score_with_remap
    return sign * score_func(y, y_pred, **kwargs)
  File "/opt/dataiku/python/dataiku/doctor/utils/metrics.py", line 116, in mroc_auc_score
    raise ValueError("Could not compute AUC: {reason}"
ValueError: Could not compute AUC: Ended up with less than two-classes in the validation set.
[2026-04-21 18:56:08,571] [23/Thread-4:local-2] [INFO] [dataiku.doctor.distributed.work_scheduler] Running task T10 on local-2...
[2026-04-21 18:56:08,571] [23/Thread-4:local-2] [INFO] [dataiku.doctor.crossval.search_context] Fit s=4: max_depth=15, max_features=sqrt, min_samples_leaf=1, n_estimators=100, min_samples_split=3 
[2026-04-21 18:56:09,074] [23/Thread-1] [INFO] [dataiku.doctor.crossval.search_runner] Completed search for hyperparameters
[2026-04-21 18:56:09,078] [23/Thread-1] [INFO] [root] Sending /home/dataiku/cache/analysis-data/PROJET_CHURN_BANQUE/SokZTM82/2myLNFUR/sessions/s3/pp1/m1/grid_search_scores.json to /data/dataiku/datadir/analysis-data/PROJET_CHURN_BANQUE/SokZTM82/2myLNFUR/sessions/s3/pp1/m1/grid_search_scores.json
[2026-04-21 18:56:09,083] [23/Thread-1] [DEBUG] [urllib3.connectionpool] Starting new HTTPS connection (11): dss-headless-node-56800c84.space-1e09aade-dku.svc.cluster.local:10005
[2026-04-21 18:56:09,123] [23/Thread-1] [DEBUG] [urllib3.connectionpool] https://dss-headless-node-56800c84.space-1e09aade-dku.svc.cluster.local:10005 "POST /dip/api/tintercom/containers/put-file?executionId=doctor-preprocessing-sa0q9oj&fileKind=FILTERED_PATHS&path=%2Fdata%2Fdataiku%2Fdatadir%2Fanalysis-data%2FPROJET_CHURN_BANQUE%2FSokZTM82%2F2myLNFUR%2Fsessions%2Fs3%2Fpp1%2Fm1%2Fgrid_search_scores.json&expand=false HTTP/1.1" 200 None
[2026-04-21 18:56:09,125] [23/Thread-1] [INFO] [dataiku.doctor.distributed.work_scheduler] Scheduler has been soft interrupted
[2026-04-21 18:56:09,125] [23/MainThread] [INFO] [dataiku.doctor.distributed.work_scheduler] Scheduler has been hard interrupted (shutdown)
[2026-04-21 18:56:09,126] [23/Thread-3:local-1] [INFO] [dataiku.doctor.distributed.local_worker] Stopping worker: local-1
[2026-04-21 18:56:09,126] [23/Thread-3:local-1] [INFO] [dataiku.doctor.distributed.local_worker] Stopped worker: local-1
[2026-04-21 18:56:09,126] [23/Thread-5:local-3] [INFO] [dataiku.doctor.distributed.local_worker] Stopping worker: local-3
[2026-04-21 18:56:09,126] [23/Thread-5:local-3] [INFO] [dataiku.doctor.distributed.local_worker] Stopped worker: local-3
[2026-04-21 18:56:09,178] [23/Thread-2:local-0] [ERROR] [dataiku.doctor.distributed.work_scheduler] Task T9 failed
Traceback (most recent call last):
  File "/opt/dataiku/python/dataiku/doctor/distributed/work_scheduler.py", line 245, in run
    result = self.worker.execute_work(*task.work_args)
  File "/opt/dataiku/python/dataiku/doctor/distributed/local_worker.py", line 36, in execute_work
    return self._context.execute_work(*args)
  File "/opt/dataiku/python/dataiku/doctor/crossval/search_context.py", line 76, in execute_work
    return _dku_fit_and_score(
  File "/opt/dataiku/python/dataiku/doctor/crossval/search_context.py", line 700, in _dku_fit_and_score
    train_score = _dku_score(estimator, X_train, y_train, scorer, sample_weight=w_train, indices=train)
  File "/opt/dataiku/python/dataiku/doctor/crossval/search_context.py", line 640, in _dku_score
    score = scorer(estimator, X, y, sample_weight=sample_weight)
  File "/opt/dataiku/python/dataiku/doctor/prediction/common.py", line 1612, in score_with_remap
    return sign * score_func(y, y_pred, **kwargs)
  File "/opt/dataiku/python/dataiku/doctor/utils/metrics.py", line 116, in mroc_auc_score
    raise ValueError("Could not compute AUC: {reason}"
ValueError: Could not compute AUC: Ended up with less than two-classes in the validation set.
[2026-04-21 18:56:09,178] [23/Thread-4:local-2] [ERROR] [dataiku.doctor.distributed.work_scheduler] Task T10 failed
Traceback (most recent call last):
  File "/opt/dataiku/python/dataiku/doctor/distributed/work_scheduler.py", line 245, in run
    result = self.worker.execute_work(*task.work_args)
  File "/opt/dataiku/python/dataiku/doctor/distributed/local_worker.py", line 36, in execute_work
    return self._context.execute_work(*args)
  File "/opt/dataiku/python/dataiku/doctor/crossval/search_context.py", line 76, in execute_work
    return _dku_fit_and_score(
  File "/opt/dataiku/python/dataiku/doctor/crossval/search_context.py", line 700, in _dku_fit_and_score
    train_score = _dku_score(estimator, X_train, y_train, scorer, sample_weight=w_train, indices=train)
  File "/opt/dataiku/python/dataiku/doctor/crossval/search_context.py", line 640, in _dku_score
    score = scorer(estimator, X, y, sample_weight=sample_weight)
  File "/opt/dataiku/python/dataiku/doctor/prediction/common.py", line 1612, in score_with_remap
    return sign * score_func(y, y_pred, **kwargs)
  File "/opt/dataiku/python/dataiku/doctor/utils/metrics.py", line 116, in mroc_auc_score
    raise ValueError("Could not compute AUC: {reason}"
ValueError: Could not compute AUC: Ended up with less than two-classes in the validation set.
[2026-04-21 18:56:09,179] [23/Thread-2:local-0] [INFO] [dataiku.doctor.distributed.local_worker] Stopping worker: local-0
[2026/04/21-18:56:09.180] [MRT-1008] [INFO] [dku.block.link.interaction]  - Check result for nullity exceptionIfNull=true result=null
[2026-04-21 18:56:09,179] [23/Thread-4:local-2] [ERROR] [dataiku.doctor.distributed.work_scheduler] All workers are dead, interrupt the scheduler
[2026-04-21 18:56:09,179] [23/Thread-2:local-0] [INFO] [dataiku.doctor.distributed.local_worker] Stopped worker: local-0
[2026-04-21 18:56:09,180] [23/Thread-4:local-2] [INFO] [dataiku.doctor.distributed.local_worker] Stopping worker: local-2
[2026-04-21 18:56:09,180] [23/Thread-4:local-2] [INFO] [dataiku.doctor.distributed.local_worker] Stopped worker: local-2
[2026-04-21 18:56:09,180] [23/MainThread] [INFO] [dataiku.doctor.utils.listener] END -  Hyperparameter searching
Traceback (most recent call last):
  File "/opt/dataiku/python/dataiku/doctor/server.py", line 47, in serve
    ret = api_command(arg)
  File "/opt/dataiku/python/dataiku/doctor/dkuapi.py", line 46, in aux
    return api(**kwargs)
  File "/opt/dataiku/python/dataiku/doctor/commands.py", line 386, in train_prediction_models_nosave
    prediction_train_score_save(transformed_train,
  File "/opt/dataiku/python/dataiku/doctor/prediction_entrypoints.py", line 115, in prediction_train_score_save
    (clf, actual_params, prepared_X, iipd) = classification_fit(modeling_params, core_params, transformed_train,
  File "/opt/dataiku/python/dataiku/doctor/prediction/classification_fit.py", line 807, in classification_fit
    clf = hyperparameter_search_runner.get_best_estimator()
  File "/opt/dataiku/python/dataiku/doctor/crossval/search_runner.py", line 143, in get_best_estimator
    self.aggregated_results = self.search_settings.search_strategy.explore(evaluator)
  File "/opt/dataiku/python/dataiku/doctor/crossval/strategies/grid_search_strategy.py", line 33, in explore
    results, _ = self.explore_batch(evaluator, self.grid_elements)
  File "/opt/dataiku/python/dataiku/doctor/crossval/strategies/abstract_search_strategy.py", line 52, in explore_batch
    reraise_most_important(
  File "/opt/dataiku/python/dataiku/doctor/distributed/cheap_future.py", line 127, in reraise_most_important
    failed_future.result()
  File "/opt/dataiku/python/dataiku/doctor/distributed/cheap_future.py", line 41, in result
    return self._get_or_raise_result()
  File "/opt/dataiku/python/dataiku/doctor/distributed/cheap_future.py", line 54, in _get_or_raise_result
    six.reraise(*self._exc_info)
  File "/opt/dataiku/pyenv/lib/python3.9/site-packages/six.py", line 723, in reraise
    raise value.with_traceback(tb)
  File "/opt/dataiku/python/dataiku/doctor/distributed/cheap_future.py", line 26, in _resolve
    result = task_fn()
  File "/opt/dataiku/python/dataiku/doctor/crossval/search_evaluator.py", line 60, in execute_all_splits_aggregate_store_fn
    reraise_most_important(per_split_futures,
  File "/opt/dataiku/python/dataiku/doctor/distributed/cheap_future.py", line 127, in reraise_most_important
    failed_future.result()
  File "/opt/dataiku/python/dataiku/doctor/distributed/cheap_future.py", line 41, in result
    return self._get_or_raise_result()
  File "/opt/dataiku/python/dataiku/doctor/distributed/cheap_future.py", line 54, in _get_or_raise_result
    six.reraise(*self._exc_info)
  File "/opt/dataiku/pyenv/lib/python3.9/site-packages/six.py", line 723, in reraise
    raise value.with_traceback(tb)
  File "/opt/dataiku/python/dataiku/doctor/distributed/work_scheduler.py", line 245, in run
    result = self.worker.execute_work(*task.work_args)
  File "/opt/dataiku/python/dataiku/doctor/distributed/local_worker.py", line 36, in execute_work
    return self._context.execute_work(*args)
  File "/opt/dataiku/python/dataiku/doctor/crossval/search_context.py", line 76, in execute_work
    return _dku_fit_and_score(
  File "/opt/dataiku/python/dataiku/doctor/crossval/search_context.py", line 700, in _dku_fit_and_score
    train_score = _dku_score(estimator, X_train, y_train, scorer, sample_weight=w_train, indices=train)
  File "/opt/dataiku/python/dataiku/doctor/crossval/search_context.py", line 640, in _dku_score
    score = scorer(estimator, X, y, sample_weight=sample_weight)
  File "/opt/dataiku/python/dataiku/doctor/prediction/common.py", line 1612, in score_with_remap
    return sign * score_func(y, y_pred, **kwargs)
  File "/opt/dataiku/python/dataiku/doctor/utils/metrics.py", line 116, in mroc_auc_score
    raise ValueError("Could not compute AUC: {reason}"
ValueError: Could not compute AUC: Ended up with less than two-classes in the validation set.
[2026-04-21 18:56:09,182] [23/MainThread] [INFO] [dataiku.base.socket_block_link] Client closed
Installing debugging signal handler
[2026-04-21 18:56:09,513] [1/MainThread] [INFO] [root] Stop monitoring process 23
[2026/04/21-18:56:09.682] [MRT-1008] [INFO] [dku.kernels]  - Getting kernel tail
[2026/04/21-18:56:09.684] [MRT-1008] [INFO] [dku.ml.kernel]  - Kubernetes: Trying to enrich exception: com.dataiku.dip.io.SocketBlockLinkKernelException: Could not compute AUC: Ended up with less than two-classes in the validation set. from kernel com.dataiku.dip.analysis.coreservices.AnalysisMLContainerKernel@21ee10fe process=com.dataiku.dip.containers.exec.KubernetesExecUtils$KubernetesPod@229c4d73 pid=17741 retcode=null
[2026/04/21-18:56:09.684] [MRT-1008] [WARN] [dku.analysis.ml.python]  - Training failed
com.dataiku.dip.io.SocketBlockLinkKernelException: Could not compute AUC: Ended up with less than two-classes in the validation set.
	at com.dataiku.dip.io.SocketBlockLinkInteraction.throwExceptionFromPython(SocketBlockLinkInteraction.java:306)
	at com.dataiku.dip.io.SocketBlockLinkInteraction$AsyncResult.checkException(SocketBlockLinkInteraction.java:219)
	at com.dataiku.dip.io.SocketBlockLinkInteraction$AsyncResult.get(SocketBlockLinkInteraction.java:194)
	at com.dataiku.dip.io.SingleCommandKernelLink$1.call(SingleCommandKernelLink.java:215)
	at com.dataiku.dip.analysis.ml.prediction.PredictionTrainAdditionalThread.process(PredictionTrainAdditionalThread.java:76)
	at com.dataiku.dip.analysis.ml.shared.PRNSTrainThread.run(PRNSTrainThread.java:164)
[2026/04/21-18:56:09.685] [MRT-1008] [INFO] [dku.ml.kernel]  - Waiting for error after pod failed
[2026/04/21-18:56:09.685] [MRT-1008] [INFO] [dku.ml.kernel]  - /data/dataiku/datadir/analysis-data/PROJET_CHURN_BANQUE/SokZTM82/2myLNFUR/sessions/s3/pp1/error.json not here, still waiting
[2026/04/21-18:56:10.292] [KNL-python-single-command-kernel-k8smonitor-1051] [INFO] [dku.containers.kubernetes]  - wait for pod to complete, getting pod status
[2026/04/21-18:56:10.292] [KNL-python-single-command-kernel-k8smonitor-1051] [INFO] [dku.containers.kubernetes]  - Querying status on pod dataiku-exec-doctor-preprocessing-sa0q9oj- try number 1
[2026/04/21-18:56:10.521] [Thread-847] [DEBUG] [dku.utils]  - Process kubectl-get-pod done (return code 0)
[2026/04/21-18:56:10.522] [KNL-python-single-command-kernel-k8smonitor-1051] [DEBUG] [dku.containers.kubernetes]  - kubectl get pod OK, out=Running
[2026/04/21-18:56:10.522] [KNL-python-single-command-kernel-k8smonitor-1051] [DEBUG] [dku.containers.kubernetes]  - Kubernetes pod is running
[2026/04/21-18:56:12.186] [MRT-1008] [INFO] [dku.ml.kernel]  - /data/dataiku/datadir/analysis-data/PROJET_CHURN_BANQUE/SokZTM82/2myLNFUR/sessions/s3/pp1/error.json not here, still waiting
[2026-04-21 18:56:13,556] [1/Thread-1] [WARNING] [root] Process not yet started, or shutting down
[2026-04-21 18:56:13,556] [1/Thread-1] [INFO] [root] Done monitoring process 23
[2026-04-21 18:56:13,556] [1/MainThread] [INFO] [root] Containerized process exited with status 0
[2026-04-21 18:56:13,560] [1/MainThread] [DEBUG] [urllib3.connectionpool] https://dss-headless-node-56800c84.space-1e09aade-dku.svc.cluster.local:10005 "POST /dip/api/tintercom/containers/put-file?executionId=doctor-preprocessing-sa0q9oj&fileKind=EXECUTION_DIR&path=container_done.txt HTTP/1.1" 200 None
Installing debugging signal handler
[2026/04/21-18:56:14.686] [MRT-1008] [INFO] [dku.ml.kernel]  - Didn't get error file
[2026/04/21-18:56:14.686] [MRT-1008] [INFO] [dku.ml.kernel]  - Deleting pod
[2026/04/21-18:56:14.687] [MRT-1008] [INFO] [dku.containers.kubernetes]  - Deleting Kubernetes object: ["delete","-f","/data/dataiku/datadir/analysis-data/PROJET_CHURN_BANQUE/SokZTM82/2myLNFUR/sessions/s3/pp1/pod.yaml","-f","/data/dataiku/datadir/analysis-data/PROJET_CHURN_BANQUE/SokZTM82/2myLNFUR/sessions/s3/pp1/secret.yaml"]
[2026/04/21-18:56:15.522] [KNL-python-single-command-kernel-k8smonitor-1051] [INFO] [dku.containers.kubernetes]  - wait for pod to complete, getting pod status
[2026/04/21-18:56:15.523] [KNL-python-single-command-kernel-k8smonitor-1051] [INFO] [dku.containers.kubernetes]  - Querying status on pod dataiku-exec-doctor-preprocessing-sa0q9oj- try number 1
[2026/04/21-18:56:15.700] [Thread-862] [DEBUG] [dku.utils]  - Process kubectl-get-pod done (return code 0)
[2026/04/21-18:56:15.700] [KNL-python-single-command-kernel-k8smonitor-1051] [DEBUG] [dku.containers.kubernetes]  - kubectl get pod OK, out=Succeeded
[2026/04/21-18:56:15.701] [KNL-python-single-command-kernel-k8smonitor-1051] [INFO] [dku.containers.kubernetes]  - Kubernetes pod is succeeded
[2026/04/21-18:56:15.701] [KNL-python-single-command-kernel-k8smonitor-1051] [INFO] [dku.ml.kernel]  - K8S pod terminated, exception:null
[2026/04/21-18:56:15.701] [KNL-python-single-command-kernel-k8smonitor-1051] [INFO] [dku.ml.kernel]  - Log handling process done with code 0
[2026/04/21-18:56:15.702] [KNL-python-single-command-kernel-k8smonitor-1051] [INFO] [dku.engine]  - Schedule closing for WorkerPool
[2026/04/21-18:56:15.702] [KNL-python-single-command-kernel-k8smonitor-1051] [DEBUG] [dku.remoterun.registry]  - Finished with container execution doctor-preprocessing-sa0q9oj
[2026/04/21-18:56:15.702] [KNL-python-single-command-kernel-k8smonitor-1051] [INFO] [dip.tickets]  - Destroying API ticket for analysis-ml-PROJET_CHURN_BANQUE-Sa0Q9oJ on behalf of karunakaranrishikaran@gmail.com
[2026/04/21-18:56:15.703] [KNL-python-single-command-kernel-k8smonitor-1051] [DEBUG] [dku.resourceusage]  - Reporting completion of CRU:{"context":{"type":"ANALYSIS_ML_TRAIN","authIdentifier":"karunakaranrishikaran@gmail.com","projectKey":"PROJET_CHURN_BANQUE","analysisId":"SokZTM82","mlTaskId":"2myLNFUR","sessionId":"s3"},"type":"SINGLE_K8S_JOB","id":"Ao88vrLs7SgxhueY","startTime":1776797756234,"singleK8SJob":{"k8sClusterId":"__builtin__","executionId":"doctor-preprocessing-sa0q9oj","cpuRequest":1.0,"cpuLimit":1.0,"memoryRequestMB":8192,"memoryLimitMB":8192,"containerConfigName":"vCPU-1-RAM-8GiB"}}
[2026/04/21-18:56:16.502] [Thread-859] [DEBUG] [dku.utils]  - Process kubectl done (return code 0)
[2026/04/21-18:56:16.502] [MRT-1008] [INFO] [dku.ml.kernel]  - Pod deleted
[2026/04/21-18:56:16.503] [MRT-1008] [INFO] [dku.block.link]  - Closed socket
[2026/04/21-18:56:16.503] [MRT-1008] [INFO] [dku.block.link]  - Closed socket
[2026/04/21-18:56:16.504] [MRT-1008] [INFO] [dku.block.link]  - Closed serverSocket
[2026/04/21-18:56:16.504] [MRT-1008] [ERROR] [dku.analysis.ml.python]  - Processing failed
com.dataiku.dip.io.SocketBlockLinkKernelException: Could not compute AUC: Ended up with less than two-classes in the validation set.
	at com.dataiku.dip.io.SocketBlockLinkInteraction.throwExceptionFromPython(SocketBlockLinkInteraction.java:306)
	at com.dataiku.dip.io.SocketBlockLinkInteraction$AsyncResult.checkException(SocketBlockLinkInteraction.java:219)
	at com.dataiku.dip.io.SocketBlockLinkInteraction$AsyncResult.get(SocketBlockLinkInteraction.java:194)
	at com.dataiku.dip.io.SingleCommandKernelLink$1.call(SingleCommandKernelLink.java:215)
	at com.dataiku.dip.analysis.ml.prediction.PredictionTrainAdditionalThread.process(PredictionTrainAdditionalThread.java:76)
	at com.dataiku.dip.analysis.ml.shared.PRNSTrainThread.run(PRNSTrainThread.java:164)
[2026/04/21-18:56:16.505] [MRT-1008] [INFO] [dku.analysis.ml]  - Locking model train info file /data/dataiku/datadir/analysis-data/PROJET_CHURN_BANQUE/SokZTM82/2myLNFUR/sessions/s3/pp1/m1/train_info.json
[2026/04/21-18:56:16.506] [MRT-1008] [INFO] [dku.analysis.ml]  - Unlocked model train info file /data/dataiku/datadir/analysis-data/PROJET_CHURN_BANQUE/SokZTM82/2myLNFUR/sessions/s3/pp1/m1/train_info.json
[2026/04/21-18:56:16.507] [FT-TrainWorkThread-rPuoPcs2-1007] [INFO] [dku.analysis.ml.python] T-2myLNFUR - [ct: 24999] Processing thread joined ...
[2026/04/21-18:56:16.507] [FT-TrainWorkThread-rPuoPcs2-1007] [INFO] [dku.analysis.ml.python] T-2myLNFUR - [ct: 24999] Joining processing thread ...
[2026/04/21-18:56:16.508] [FT-TrainWorkThread-rPuoPcs2-1007] [INFO] [dku.analysis.ml.python] T-2myLNFUR - [ct: 25000] Processing thread joined ...
[2026/04/21-18:56:16.508] [FT-TrainWorkThread-rPuoPcs2-1007] [INFO] [dku.analysis] T-2myLNFUR - [ct: 25000] Train done
[2026/04/21-18:56:16.509] [FT-TrainWorkThread-rPuoPcs2-1007] [INFO] [dku.analysis.prediction] T-2myLNFUR - [ct: 25001] Train done
[2026/04/21-18:56:16.516] [FT-TrainWorkThread-rPuoPcs2-1007] [INFO] [dku.analysis.trainingdetails] T-2myLNFUR - Publishing mltask-train-done reflected event
[2026/04/21-18:56:16.517] [FT-TrainWorkThread-rPuoPcs2-1007] [INFO] [dku.futures]  - [ct: 25009] Completed future execution: TrainWorkThread
