"1239657.0"	"Standard Credit Card"	"Unsecured Lending"	"2016-03-28T00:00:00.000000Z"	"7687978970794859406"	"2016-03-28T00:00:00.000000Z"	"1"	""	""	""	""	""	""	""	""	"0.0"	"213.0"	"10120.0"	"1.0"	"3.2"	"50.0"	"10.0"	"Female"	"2014-01-22T00:00:00.000000Z"	"29.0"	"37380.0"	"2.SILVER"	"1985-06-26T00:00:00.000000Z"	"Katya"	"Slipper"	"Loyalist"
"266850.0"	"Savings Account"	"Deposit Account"	"2015-01-28T00:00:00.000000Z"	"7754771669191523238"	""	"0"	"663.14"	"12533.46"	"16.0"	"6946.4400000000005"	"3655.3496711933503"	"16.0"	""	""	"1.0"	"201.0"	"15020.0"	"0.0"	"0.0"	"41.0"	"4.0"	"Female"	"2001-08-03T00:00:00.000000Z"	"28.0"	"50340.0"	"2.SILVER"	"1958-06-25T00:00:00.000000Z"	"Reinald"	"McGill"	"Sophisticates"
"1291786.0"	"Car Loan"	"Secured Lending"	"2016-05-28T00:00:00.000000Z"	"2444357422843938557"	""	"0"	""	""	""	""	""	""	""	""	"0.0"	"179.0"	"10400.0"	"0.0"	"0.0"	"47.0"	"2.0"	"Female"	"2015-01-02T00:00:00.000000Z"	"28.0"	"40720.0"	"2.SILVER"	"1990-06-25T00:00:00.000000Z"	"Iver"	"Durtnel"	"Emergent"
"562508.0"	"Savings Account"	"Deposit Account"	"2015-01-28T00:00:00.000000Z"	"610982458344248494"	""	"0"	"-163.2"	"645.44"	"16.0"	"306.65874999999994"	"199.41709912893626"	"16.0"	""	""	"4.0"	"201.0"	"5970.0"	"0.0"	"0.0"	"34.0"	"11.0"	"Female"	"2005-10-04T00:00:00.000000Z"	"28.0"	"21080.0"	"2.SILVER"	"1972-06-25T00:00:00.000000Z"	"Blancha"	"Heinzler"	"Loyalist"
"572771.0"	"Current Account"	"Deposit Account"	"2015-01-28T00:00:00.000000Z"	"3178295133459840942"	""	"0"	"-245.44"	"566.0"	"16.0"	"273.875625"	"208.69907068851555"	"16.0"	"2.0"	"32.0"	"1.0"	"205.0"	"1800.0"	"0.0"	"0.0"	"39.0"	"4.0"	"Male"	"2005-10-24T00:00:00.000000Z"	"50.0"	"7220.0"	"2.SILVER"	"1978-07-17T00:00:00.000000Z"	"Reinaldo"	"Litster"	"Emergent"
"251483.0"	"Car Loan"	"Secured Lending"	"2015-03-28T00:00:00.000000Z"	"3007527736181862094"	"2015-03-28T00:00:00.000000Z"	"1"	""	""	""	""	""	""	""	""	"1.0"	"206.0"	"9620.0"	"0.0"	"0.0"	"36.0"	"5.0"	"Female"	"2012-11-29T00:00:00.000000Z"	"28.0"	"33510.0"	"2.SILVER"	"1965-06-25T00:00:00.000000Z"	"Jolie"	"Lowthorpe"	"Loyalist"
"80730.0"	"Savings Account"	"Deposit Account"	"2015-01-28T00:00:00.000000Z"	"6210348513967564383"	""	"0"	"360.63"	"16863.34"	"16.0"	"6637.34375"	"4967.493232585727"	"16.0"	""	""	"5.0"	"197.0"	"26710.0"	"2.0"	"134.59"	"33.0"	"15.0"	"Male"	"1997-12-26T00:00:00.000000Z"	"28.0"	"138340.0"	"1.GOLD"	"1926-06-25T00:00:00.000000Z"	"Stephannie"	"Crosscombe"	"Traditionalist"
"571022.0"	"Current Account"	"Deposit Account"	"2015-01-28T00:00:00.000000Z"	"8982094606686742308"	""	"0"	"-578.89"	"6554.08"	"16.0"	"2678.4081250000004"	"2137.7038779158"	"16.0"	"2.0"	"32.0"	"1.0"	"202.0"	"6750.0"	"1.0"	"22.11"	"42.0"	"2.0"	"Female"	"2005-10-21T00:00:00.000000Z"	"28.0"	"23580.0"	"2.SILVER"	"1966-06-25T00:00:00.000000Z"	"Clare"	"Labrenz"	"Emergent"
"303568.0"	"Personal Loan"	"Unsecured Lending"	"2015-01-28T00:00:00.000000Z"	"1222853988624052988"	"2016-02-28T00:00:00.000000Z"	"1"	"694.65"	"2778.33"	"13.0"	"1736.4900000000002"	"676.2306452683135"	"13.0"	"2.2775538905716184"	"29.608200577431038"	"0.0"	"181.0"	"4690.0"	"3.0"	"67.37"	"45.0"	"9.0"	"Male"	"2003-05-02T00:00:00.000000Z"	"50.0"	"16420.0"	"2.SILVER"	"1965-07-17T00:00:00.000000Z"	"Skippie"	"Willcocks"	"Traditionalist"
"878373.0"	"Premium Credit Card"	"Unsecured Lending"	"2015-01-28T00:00:00.000000Z"	"1282567638155739469"	""	"0"	"-46.56"	"9595.49"	"16.0"	"3068.69125"	"2395.6214698678227"	"16.0"	"4.108750000000001"	"65.74000000000001"	"5.0"	"186.0"	"5430.0"	"1.0"	"438.26"	"38.0"	"4.0"	"Female"	"2010-05-14T00:00:00.000000Z"	"28.0"	"17400.0"	"1.GOLD"	"1969-06-25T00:00:00.000000Z"	"Pauline"	"Steely"	"Loyalist"
"861202.0"	"Car Loan"	"Secured Lending"	"2015-01-28T00:00:00.000000Z"	"1617387569507222921"	""	"0"	"-2893.15"	"445.1"	"16.0"	"-1224.025"	"1059.5499311814742"	"16.0"	"9.071274389799854"	"145.14039023679766"	"1.0"	"202.0"	"8020.0"	"1.0"	"6.27"	"44.0"	"5.0"	"Male"	"2010-01-13T00:00:00.000000Z"	"35.0"	"26870.0"	"2.SILVER"	"1960-07-02T00:00:00.000000Z"	"Daile"	"Ecles"	"Loyalist"
"142143.0"	"Savings Account"	"Deposit Account"	"2015-01-28T00:00:00.000000Z"	"3977454814498144595"	""	"0"	"287.81"	"2207.82"	"16.0"	"940.6562500000001"	"516.0325005381605"	"16.0"	""	""	"5.0"	"195.0"	"2850.0"	"0.0"	"0.0"	"38.0"	"10.0"	"Male"	"2005-03-28T00:00:00.000000Z"	"28.0"	"10370.0"	"1.GOLD"	"1945-06-25T00:00:00.000000Z"	"Franz"	"Chatenet"	"Sophisticates"
"997492.0"	"Personal Loan"	"Unsecured Lending"	"2015-02-28T00:00:00.000000Z"	"2712919392496349886"	"2015-10-28T00:00:00.000000Z"	"1"	"-403.88"	"2423.42"	"8.0"	"1009.7700000000001"	"989.3489071101257"	"8.0"	"5.588728337740372"	"44.70982670192298"	"0.0"	"116.0"	"4210.0"	"0.0"	"0.0"	"23.0"	"5.0"	"Male"	"2011-12-20T00:00:00.000000Z"	"28.0"	"29540.0"	"3.BRONZE"	"1983-06-25T00:00:00.000000Z"	"Oona"	"Tribell"	"Loyalist"
"95591.0"	"Direct Securities"	"Securities"	"2015-01-28T00:00:00.000000Z"	"4582607403422026369"	""	"0"	"70.64"	"570.28"	"16.0"	"224.40187500000002"	"131.03669782259473"	"16.0"	"11.855625000000002"	"189.69000000000003"	"5.0"	"168.0"	"9320.0"	"1.0"	"152.3"	"46.0"	"15.0"	"Female"	"1998-05-08T00:00:00.000000Z"	"8.0"	"31550.0"	"1.GOLD"	"1970-06-05T00:00:00.000000Z"	"Alisun"	"Meindl"	"Sophisticates"
"414415.0"	"Savings Account"	"Deposit Account"	"2015-11-28T00:00:00.000000Z"	"9038886848978110617"	"2016-04-28T00:00:00.000000Z"	"1"	"329.84"	"16934.38"	"5.0"	"7745.954000000001"	"5943.0582087575085"	"5.0"	""	""	"2.0"	"197.0"	"25700.0"	"2.0"	"373.4"	"45.0"	"6.0"	"Male"	"2003-04-08T00:00:00.000000Z"	"28.0"	"112980.0"	"2.SILVER"	"1958-06-25T00:00:00.000000Z"	"Pier"	"Althorpe"	"Sophisticates"
"137314.0"	"Home Equity Loan"	"Secured Lending"	"2015-01-28T00:00:00.000000Z"	"7069724617695359187"	""	"0"	"1674.36"	"2372.01"	"16.0"	"2023.1850000000002"	"221.4318908076846"	"16.0"	"0.6251970191273238"	"10.003152306037181"	"6.0"	"175.0"	"2460.0"	"2.0"	"79.94"	"45.0"	"3.0"	"Female"	"1999-06-30T00:00:00.000000Z"	"45.0"	"8510.0"	"2.SILVER"	"1971-07-12T00:00:00.000000Z"	"Barbie"	"Gitting"	"Traditionalist"
"83282.0"	"Personal Loan"	"Unsecured Lending"	"2015-01-28T00:00:00.000000Z"	"5481712589602614797"	""	"0"	"-1960.04"	"2940.16"	"16.0"	"490.06"	"1555.3078926909186"	"16.0"	"14.297563870926574"	"228.76102193482518"	"5.0"	"174.0"	"15260.0"	"1.0"	"83.68"	"37.0"	"11.0"	"Female"	"1998-01-23T00:00:00.000000Z"	"8.0"	"42600.0"	"2.SILVER"	"1967-06-05T00:00:00.000000Z"	"Abraham"	"Gravenor"	"Sophisticates"
"655854.0"	"Current Account"	"Deposit Account"	"2015-01-28T00:00:00.000000Z"	"5575017549707114530"	"2016-02-28T00:00:00.000000Z"	"1"	"-7.12"	"1464.18"	"13.0"	"507.87076923076927"	"495.332894366027"	"13.0"	"0.5"	"6.5"	"0.0"	"208.0"	"9220.0"	"0.0"	"0.0"	"39.0"	"2.0"	"Female"	"2006-11-10T00:00:00.000000Z"	"28.0"	"33930.0"	"2.SILVER"	"1986-06-25T00:00:00.000000Z"	"Sheffield"	"Calwell"	"Loyalist"
"290181.0"	"Premium Credit Card"	"Unsecured Lending"	"2015-01-28T00:00:00.000000Z"	"4428093575404514404"	"2015-10-28T00:00:00.000000Z"	"1"	"2843.29"	"11630.83"	"9.0"	"6668.155555555557"	"2717.72156358553"	"9.0"	"10.07888888888889"	"90.71000000000001"	"2.0"	"195.0"	"13300.0"	"0.0"	"0.0"	"31.0"	"4.0"	"Female"	"2001-11-03T00:00:00.000000Z"	"28.0"	"44280.0"	"2.SILVER"	"1957-06-25T00:00:00.000000Z"	"Elmo"	"Goade"	"Loyalist"
"537395.0"	"Current Account"	"Deposit Account"	"2015-02-28T00:00:00.000000Z"	"1941365726073120735"	"2015-08-28T00:00:00.000000Z"	"1"	"1701.55"	"7076.87"	"6.0"	"4553.046666666666"	"2122.1947200920717"	"6.0"	"0.5"	"3.0"	"1.0"	"158.0"	"11500.0"	"1.0"	"14.24"	"35.0"	"1.0"	"Female"	"2005-06-15T00:00:00.000000Z"	"28.0"	"42040.0"	"3.BRONZE"	"1989-06-25T00:00:00.000000Z"	"Shirley"	"Sinclair"	"Loyalist"
"92819.0"	"Direct Securities"	"Securities"	"2015-01-28T00:00:00.000000Z"	"2084214165325252049"	""	"0"	"-1114.47"	"8478.66"	"16.0"	"2916.1981249999994"	"2757.8853658923017"	"16.0"	"5.516249999999999"	"88.25999999999999"	"3.0"	"178.0"	"5650.0"	"2.0"	"31.830000000000002"	"39.0"	"7.0"	"Male"	"2001-12-14T00:00:00.000000Z"	"22.0"	"20750.0"	"2.SILVER"	"1954-06-19T00:00:00.000000Z"	"Beckie"	"Saffe"	"Sophisticates"
"95393.0"	"Premium Credit Card"	"Unsecured Lending"	"2015-01-28T00:00:00.000000Z"	"2244097792318400438"	""	"0"	"205.5"	"3784.96"	"16.0"	"1565.3693749999998"	"1021.986479274351"	"16.0"	"21.296875000000004"	"340.75000000000006"	"1.0"	"201.0"	"4480.0"	"0.0"	"0.0"	"48.0"	"7.0"	"Male"	"1998-05-07T00:00:00.000000Z"	"28.0"	"19290.0"	"2.SILVER"	"1963-06-25T00:00:00.000000Z"	"Ervin"	"Stow"	"Sophisticates"
"23563.0"	"Premium Credit Card"	"Unsecured Lending"	"2015-01-28T00:00:00.000000Z"	"6387492309936470494"	""	"0"	"-2175.71"	"11439.77"	"16.0"	"4506.815625"	"3703.8965538361876"	"16.0"	"31.49"	"503.84"	"6.0"	"213.0"	"23910.0"	"4.0"	"277.58"	"41.0"	"19.0"	"Female"	"1995-10-18T00:00:00.000000Z"	"28.0"	"88880.0"	"1.GOLD"	"1965-06-25T00:00:00.000000Z"	"Kaia"	"Fratson"	"Sophisticates"
"71677.0"	"Premium Credit Card"	"Unsecured Lending"	"2015-01-28T00:00:00.000000Z"	"9030376634156630880"	""	"0"	"-6327.69"	"15552.93"	"16.0"	"7149.335625"	"5778.889160395181"	"16.0"	"18.92875"	"302.86"	"4.0"	"182.0"	"14100.0"	"1.0"	"49.92"	"38.0"	"11.0"	"Female"	"1997-09-11T00:00:00.000000Z"	"28.0"	"57110.0"	"2.SILVER"	"1972-06-25T00:00:00.000000Z"	"Brnaba"	"Shepherdson"	"Loyalist"
"196120.0"	"Standard Credit Card"	"Unsecured Lending"	"2015-01-28T00:00:00.000000Z"	"6834850115913933925"	""	"0"	"-376.95"	"3673.74"	"16.0"	"1411.615"	"1395.2587149151468"	"16.0"	"4.284375"	"68.55"	"1.0"	"188.0"	"12390.0"	"3.0"	"228.27999999999997"	"42.0"	"13.0"	"Male"	"2000-10-03T00:00:00.000000Z"	"28.0"	"40780.0"	"2.SILVER"	"1954-06-25T00:00:00.000000Z"	"Kleon"	"Tatum"	"Sophisticates"
"801670.0"	"Premium Credit Card"	"Unsecured Lending"	"2015-01-28T00:00:00.000000Z"	"3408547273050682414"	"2015-08-28T00:00:00.000000Z"	"1"	"493.58"	"2449.01"	"7.0"	"1678.8442857142857"	"743.5561544106167"	"7.0"	"16.912857142857142"	"118.39"	"2.0"	"182.0"	"4060.0"	"1.0"	"24.42"	"42.0"	"4.0"	"Female"	"2008-10-06T00:00:00.000000Z"	"41.0"	"14500.0"	"2.SILVER"	"1971-07-08T00:00:00.000000Z"	"Bibby"	"Colcutt"	"Loyalist"
"205701.0"	"Savings Account"	"Deposit Account"	"2015-01-28T00:00:00.000000Z"	"8475236146692467243"	""	"0"	"88.14"	"1445.96"	"16.0"	"668.3631250000001"	"393.4603592861463"	"16.0"	""	""	"4.0"	"216.0"	"3030.0"	"1.0"	"15.56"	"32.0"	"13.0"	"Male"	"2000-11-20T00:00:00.000000Z"	"15.0"	"11120.0"	"2.SILVER"	"1911-06-12T00:00:00.000000Z"	"Alexandros"	"Truluck"	"Sophisticates"
"919425.0"	"Current Account"	"Deposit Account"	"2015-01-28T00:00:00.000000Z"	"940704836922058877"	""	"0"	"-184.56"	"1717.46"	"16.0"	"774.3143749999999"	"519.530220025345"	"16.0"	"1.0"	"16.0"	"0.0"	"201.0"	"12490.0"	"0.0"	"0.0"	"50.0"	"1.0"	"Female"	"2011-07-19T00:00:00.000000Z"	"39.0"	"40610.0"	"3.BRONZE"	"1991-07-06T00:00:00.000000Z"	"Earle"	"Medgewick"	"Emergent"
"948641.0"	"Current Account"	"Deposit Account"	"2015-01-28T00:00:00.000000Z"	"6586207684443947928"	""	"0"	"-251.17"	"2756.74"	"16.0"	"1421.7737499999998"	"819.331628738734"	"16.0"	"0.5"	"8.0"	"0.0"	"204.0"	"3020.0"	"0.0"	"0.0"	"54.0"	"1.0"	"Female"	"2011-09-26T00:00:00.000000Z"	"15.0"	"11020.0"	"3.BRONZE"	"1992-06-12T00:00:00.000000Z"	"Estelle"	"Britch"	"Emergent"
"1229152.0"	"Standard Credit Card"	"Unsecured Lending"	"2015-03-28T00:00:00.000000Z"	"37697255962514216"	""	"0"	"-181.65"	"2448.6"	"14.0"	"1298.817142857143"	"772.9170955684561"	"14.0"	"0.3271428571428571"	"4.58"	"5.0"	"181.0"	"3750.0"	"2.0"	"24.24"	"44.0"	"12.0"	"Female"	"2013-12-04T00:00:00.000000Z"	"38.0"	"13340.0"	"2.SILVER"	"1970-07-05T00:00:00.000000Z"	"Gilbertine"	"Gofton"	"Sophisticates"
"127161.0"	"Premium Credit Card"	"Unsecured Lending"	"2015-01-28T00:00:00.000000Z"	"6646407967071052577"	""	"0"	"-294.97"	"5608.83"	"16.0"	"2393.064375"	"1685.6801569652084"	"16.0"	"11.254375"	"180.07"	"7.0"	"194.0"	"3680.0"	"3.0"	"74.54"	"36.0"	"13.0"	"Female"	"1999-04-05T00:00:00.000000Z"	"28.0"	"14040.0"	"2.SILVER"	"1960-06-25T00:00:00.000000Z"	"Saxon"	"Grishakov"	"Traditionalist"
"668218.0"	"Standard Credit Card"	"Unsecured Lending"	"2015-01-28T00:00:00.000000Z"	"8151170888615027356"	"2016-04-28T00:00:00.000000Z"	"1"	"84.33"	"702.83"	"15.0"	"375.9533333333333"	"182.1089845852386"	"15.0"	"5.750666666666666"	"86.25999999999999"	"0.0"	"222.0"	"4610.0"	"0.0"	"0.0"	"41.0"	"4.0"	"Female"	"2007-01-13T00:00:00.000000Z"	"46.0"	"16910.0"	"2.SILVER"	"1970-07-13T00:00:00.000000Z"	"Talyah"	"Thoumas"	"Sophisticates"
"1408111.0"	"Managed Securities"	"Securities"	"2015-08-28T00:00:00.000000Z"	"8528760437402241819"	""	"0"	"-2629.91"	"4787.44"	"9.0"	"1510.2177777777777"	"2312.2801420987994"	"9.0"	"19.99888888888889"	"179.99"	"0.0"	"117.0"	"3580.0"	"0.0"	"0.0"	"20.0"	"4.0"	"Male"	"2015-07-18T00:00:00.000000Z"	"8.0"	"18480.0"	"1.GOLD"	"1965-06-05T00:00:00.000000Z"	"Rodie"	"Castles"	"Emergent"
"1184250.0"	"Standard Credit Card"	"Unsecured Lending"	"2015-01-28T00:00:00.000000Z"	"2305398691526852519"	""	"0"	"-1336.34"	"5503.09"	"16.0"	"1862.51875"	"1896.0088598487614"	"16.0"	"7.030624999999999"	"112.48999999999998"	"1.0"	"178.0"	"6130.0"	"0.0"	"0.0"	"36.0"	"9.0"	"Female"	"2013-09-26T00:00:00.000000Z"	"28.0"	"21890.0"	"2.SILVER"	"1965-06-25T00:00:00.000000Z"	"Jimmie"	"Crim"	"Sophisticates"
"951072.0"	"Current Account"	"Deposit Account"	"2015-01-28T00:00:00.000000Z"	"2370274606203507030"	""	"0"	"-1390.59"	"3119.87"	"16.0"	"1280.535"	"1340.2676551843415"	"16.0"	"0.5"	"8.0"	"0.0"	"197.0"	"3300.0"	"1.0"	"16.98"	"47.0"	"1.0"	"Female"	"2011-09-29T00:00:00.000000Z"	"29.0"	"13010.0"	"3.BRONZE"	"1992-06-26T00:00:00.000000Z"	"Earle"	"McCullouch"	"Emergent"
"1386386.0"	"Current Account"	"Deposit Account"	"2015-03-28T00:00:00.000000Z"	"4271309397558326268"	""	"0"	"3.2"	"1811.31"	"14.0"	"1142.0507142857143"	"484.11499092458615"	"14.0"	"2.5"	"35.0"	"0.0"	"205.0"	"4760.0"	"0.0"	"0.0"	"33.0"	"1.0"	"Male"	"2015-03-06T00:00:00.000000Z"	"28.0"	"17800.0"	"3.BRONZE"	"1989-06-25T00:00:00.000000Z"	"Saxon"	"Blacklawe"	"Emergent"
"590250.0"	"Standard Credit Card"	"Unsecured Lending"	"2015-01-28T00:00:00.000000Z"	"3928466587578608485"	""	"0"	"-3506.12"	"8306.79"	"16.0"	"3595.0743749999997"	"2825.5863156873447"	"16.0"	"2.6900000000000004"	"43.040000000000006"	"3.0"	"177.0"	"7310.0"	"4.0"	"113.56"	"43.0"	"4.0"	"Male"	"2006-01-09T00:00:00.000000Z"	"28.0"	"23870.0"	"2.SILVER"	"1955-06-25T00:00:00.000000Z"	"Leonid"	"Sandiland"	"Traditionalist"
"1290444.0"	"Personal Loan"	"Unsecured Lending"	"2015-02-28T00:00:00.000000Z"	"3251466350554649194"	""	"0"	"157.91"	"2368.51"	"15.0"	"1263.21"	"706.1502672944334"	"15.0"	"1.5151852112466633"	"22.72777816869995"	"2.0"	"188.0"	"7280.0"	"0.0"	"0.0"	"36.0"	"1.0"	"Male"	"2014-08-04T00:00:00.000000Z"	"36.0"	"27060.0"	"3.BRONZE"	"1993-07-03T00:00:00.000000Z"	"Alex"	"De Malchar"	"Loyalist"
"217295.0"	"Current Account"	"Deposit Account"	"2015-01-28T00:00:00.000000Z"	"6047560935339457144"	""	"0"	"-253.13"	"3495.47"	"16.0"	"1940.33875"	"973.3677094286276"	"16.0"	"2.5"	"40.0"	"1.0"	"199.0"	"3810.0"	"1.0"	"10.99"	"43.0"	"8.0"	"Female"	"2001-01-23T00:00:00.000000Z"	"47.0"	"13030.0"	"2.SILVER"	"1966-07-14T00:00:00.000000Z"	"Jessalyn"	"Rubinsky"	"Sophisticates"
"1255090.0"	"Current Account"	"Deposit Account"	"2015-01-28T00:00:00.000000Z"	"6342214581785448805"	""	"0"	"-1305.68"	"2663.0"	"16.0"	"798.385625"	"898.1753012114339"	"16.0"	"2.0"	"32.0"	"2.0"	"210.0"	"4340.0"	"0.0"	"0.0"	"47.0"	"1.0"	"Female"	"2014-04-25T00:00:00.000000Z"	"6.0"	"15060.0"	"2.SILVER"	"1976-06-03T00:00:00.000000Z"	"Walther"	"Chippindall"	"Emergent"
"159776.0"	"Standard Credit Card"	"Unsecured Lending"	"2015-04-28T00:00:00.000000Z"	"8400548623789651870"	"2015-04-28T00:00:00.000000Z"	"1"	""	""	""	""	""	""	""	""	"0.0"	"212.0"	"12790.0"	"2.0"	"67.75"	"36.0"	"5.0"	"Male"	"2000-02-09T00:00:00.000000Z"	"46.0"	"45370.0"	"1.GOLD"	"1959-07-13T00:00:00.000000Z"	"Olivette"	"Mollene"	"Traditionalist"
"1094930.0"	"Current Account"	"Deposit Account"	"2015-01-28T00:00:00.000000Z"	"5598283157412946090"	""	"0"	"-380.31"	"3045.98"	"16.0"	"896.43625"	"1000.2630054132429"	"16.0"	"1.0"	"16.0"	"2.0"	"205.0"	"14640.0"	"0.0"	"0.0"	"36.0"	"2.0"	"Female"	"2012-11-05T00:00:00.000000Z"	"28.0"	"47380.0"	"3.BRONZE"	"1987-06-25T00:00:00.000000Z"	"Mateo"	"Eger"	"Emergent"
"1121308.0"	"Personal Loan"	"Unsecured Lending"	"2015-01-28T00:00:00.000000Z"	"2555567036874344005"	""	"0"	"-162.87"	"1466.73"	"16.0"	"651.93"	"517.2298563179303"	"16.0"	"8.18908288909685"	"131.0253262255496"	"5.0"	"195.0"	"2990.0"	"0.0"	"0.0"	"57.0"	"5.0"	"Female"	"2013-02-11T00:00:00.000000Z"	"4.0"	"9190.0"	"2.SILVER"	"1988-06-01T00:00:00.000000Z"	"Diandra"	"Herety"	"Emergent"
"91730.0"	"Current Account"	"Deposit Account"	"2015-01-28T00:00:00.000000Z"	"717349190220821395"	""	"0"	"35.68"	"5261.58"	"16.0"	"2288.4687500000005"	"1729.1051927316819"	"16.0"	"2.0"	"32.0"	"0.0"	"204.0"	"9770.0"	"0.0"	"0.0"	"50.0"	"2.0"	"Female"	"1998-04-28T00:00:00.000000Z"	"28.0"	"31360.0"	"2.SILVER"	"1978-06-25T00:00:00.000000Z"	"Germain"	"Birk"	"Emergent"
"286419.0"	"Savings Account"	"Deposit Account"	"2015-01-28T00:00:00.000000Z"	"4237620336862195187"	""	"0"	"-142.22"	"5269.8"	"16.0"	"1515.3149999999998"	"1360.5224090718489"	"16.0"	""	""	"0.0"	"236.0"	"5760.0"	"0.0"	"0.0"	"34.0"	"3.0"	"Male"	"2001-10-26T00:00:00.000000Z"	"28.0"	"18900.0"	"2.SILVER"	"1957-06-25T00:00:00.000000Z"	"Eartha"	"Abdey"	"Sophisticates"
"1113278.0"	"Current Account"	"Deposit Account"	"2015-01-28T00:00:00.000000Z"	"2846717039281119723"	""	"0"	"-340.88"	"10044.7"	"16.0"	"3652.95"	"3048.4640262072962"	"16.0"	"1.0"	"16.0"	"0.0"	"223.0"	"14470.0"	"0.0"	"0.0"	"47.0"	"3.0"	"Male"	"2012-12-17T00:00:00.000000Z"	"30.0"	"45610.0"	"3.BRONZE"	"1992-06-27T00:00:00.000000Z"	"Ernesta"	"Hedderly"	"Emergent"
"477511.0"	"Managed Securities"	"Securities"	"2015-01-28T00:00:00.000000Z"	"3089445674138367680"	""	"0"	"1128.58"	"7917.09"	"16.0"	"4263.976875"	"2136.2000774668986"	"16.0"	"68.50375"	"1096.06"	"0.0"	"201.0"	"15620.0"	"5.0"	"187.63"	"38.0"	"4.0"	"Male"	"2004-06-02T00:00:00.000000Z"	"39.0"	"46860.0"	"2.SILVER"	"1960-07-06T00:00:00.000000Z"	"Eleonora"	"Espinosa"	"Sophisticates"
"211201.0"	"Mortgage"	"Secured Lending"	"2015-01-28T00:00:00.000000Z"	"4638241985073345262"	""	"0"	"113783.04"	"118550.49"	"16.0"	"116166.76500000001"	"1513.1734649625225"	"16.0"	"3.0622645010444245"	"48.99623201671079"	"4.0"	"188.0"	"5860.0"	"6.0"	"151.66"	"43.0"	"12.0"	"Female"	"2000-12-26T00:00:00.000000Z"	"18.0"	"18920.0"	"1.GOLD"	"1960-06-15T00:00:00.000000Z"	"Melisa"	"Yakob"	"Loyalist"
"117569.0"	"Savings Account"	"Deposit Account"	"2015-01-28T00:00:00.000000Z"	"3412705305989665758"	""	"0"	"-591.26"	"1114.99"	"16.0"	"538.256875"	"435.5375990921067"	"16.0"	""	""	"2.0"	"200.0"	"9000.0"	"2.0"	"176.95999999999998"	"37.0"	"3.0"	"Female"	"1999-01-04T00:00:00.000000Z"	"28.0"	"30340.0"	"2.SILVER"	"1957-06-25T00:00:00.000000Z"	"Darnall"	"Large"	"Sophisticates"
"544347.0"	"Standard Credit Card"	"Unsecured Lending"	"2015-10-28T00:00:00.000000Z"	"6426072733434257248"	""	"0"	"7.8"	"1014.03"	"7.0"	"522.17"	"329.0561811707336"	"7.0"	"6.361428571428571"	"44.53"	"2.0"	"244.0"	"10340.0"	"0.0"	"0.0"	"43.0"	"2.0"	"Female"	"2005-07-29T00:00:00.000000Z"	"47.0"	"35460.0"	"2.SILVER"	"1953-07-14T00:00:00.000000Z"	"Dotti"	"Bridgeland"	"Sophisticates"
"47136.0"	"Savings Account"	"Deposit Account"	"2015-01-28T00:00:00.000000Z"	"8254826120460997660"	""	"0"	"-837.93"	"4261.33"	"16.0"	"1051.5237499999998"	"1167.2410416583484"	"16.0"	""	""	"3.0"	"205.0"	"7120.0"	"0.0"	"0.0"	"46.0"	"5.0"	"Male"	"1996-10-16T00:00:00.000000Z"	"29.0"	"25680.0"	"2.SILVER"	"1965-06-26T00:00:00.000000Z"	"Courtnay"	"Lightbown"	"Sophisticates"
"1454201.0"	"Current Account"	"Deposit Account"	"2015-10-28T00:00:00.000000Z"	"8615963488013318607"	""	"0"	"194.24"	"2242.34"	"7.0"	"810.75"	"706.4402253316742"	"7.0"	"1.5"	"10.5"	"0.0"	"86.0"	"1440.0"	"0.0"	"0.0"	"20.0"	"0.0"	"Female"	"2015-09-18T00:00:00.000000Z"	"14.0"	"9610.0"	"3.BRONZE"	"1984-06-11T00:00:00.000000Z"	"Engracia"	"Yakob"	"Emergent"
"464388.0"	"Premium Credit Card"	"Unsecured Lending"	"2015-01-28T00:00:00.000000Z"	"7118289976486564728"	""	"0"	"-10721.23"	"34831.63"	"16.0"	"11489.256250000002"	"12448.446587443685"	"16.0"	"50.931250000000006"	"814.9000000000001"	"4.0"	"190.0"	"29460.0"	"3.0"	"496.51"	"35.0"	"16.0"	"Male"	"2004-04-12T00:00:00.000000Z"	"28.0"	"109600.0"	"1.GOLD"	"1937-06-25T00:00:00.000000Z"	"Kyla"	"Lantiffe"	"Sophisticates"
"765436.0"	"Mortgage"	"Secured Lending"	"2015-01-28T00:00:00.000000Z"	"1012818037294233659"	""	"0"	"51378.53"	"57800.78"	"16.0"	"54589.655000000006"	"2038.4017211204193"	"16.0"	"16.14150627328241"	"258.26410037251856"	"0.0"	"206.0"	"8840.0"	"0.0"	"0.0"	"45.0"	"3.0"	"Male"	"2008-04-30T00:00:00.000000Z"	"28.0"	"37090.0"	"2.SILVER"	"1974-06-25T00:00:00.000000Z"	"Inge"	"Pidwell"	"Loyalist"
"205558.0"	"Savings Account"	"Deposit Account"	"2015-01-28T00:00:00.000000Z"	"1124721816822022480"	""	"0"	"-5070.22"	"13106.65"	"16.0"	"3917.475"	"4167.271677567151"	"16.0"	""	""	"1.0"	"198.0"	"10950.0"	"3.0"	"138.74"	"35.0"	"7.0"	"Female"	"2000-11-23T00:00:00.000000Z"	"28.0"	"38980.0"	"2.SILVER"	"1952-06-25T00:00:00.000000Z"	"Jerald"	"Fechnie"	"Sophisticates"
"593330.0"	"Current Account"	"Deposit Account"	"2015-01-28T00:00:00.000000Z"	"5145785244925997840"	""	"0"	"-215.12"	"1829.19"	"16.0"	"757.42125"	"576.3838736337095"	"16.0"	"0.5"	"8.0"	"3.0"	"186.0"	"5420.0"	"1.0"	"67.92"	"32.0"	"9.0"	"Male"	"2006-01-24T00:00:00.000000Z"	"30.0"	"18910.0"	"2.SILVER"	"1945-06-27T00:00:00.000000Z"	"Tanney"	"Kohnert"	"Sophisticates"
"646933.0"	"Savings Account"	"Deposit Account"	"2015-01-28T00:00:00.000000Z"	"971280762339086644"	""	"0"	"-707.05"	"5117.75"	"16.0"	"2551.9231250000003"	"1507.9725342137094"	"16.0"	""	""	"2.0"	"212.0"	"5610.0"	"3.0"	"248.18"	"49.0"	"1.0"	"Male"	"2006-11-09T00:00:00.000000Z"	"37.0"	"22500.0"	"2.SILVER"	"1972-07-04T00:00:00.000000Z"	"Willetta"	"Acreman"	"Sophisticates"
"124499.0"	"Standard Credit Card"	"Unsecured Lending"	"2016-02-28T00:00:00.000000Z"	"8267235056947861841"	"2016-04-28T00:00:00.000000Z"	"1"	"903.02"	"1434.88"	"2.0"	"1168.95"	"376.08181264187726"	"2.0"	"0.0"	"0.0"	"4.0"	"190.0"	"4720.0"	"1.0"	"12.94"	"44.0"	"16.0"	"Male"	"1999-03-08T00:00:00.000000Z"	"28.0"	"16010.0"	"2.SILVER"	"1968-06-25T00:00:00.000000Z"	"Pearce"	"Rominov"	"Traditionalist"
"626374.0"	"Personal Loan"	"Unsecured Lending"	"2015-12-28T00:00:00.000000Z"	"436186744628340887"	""	"0"	"7455.55"	"10437.79"	"5.0"	"8946.670000000002"	"1178.8338661575685"	"5.0"	"14.41209084934141"	"72.06045424670705"	"2.0"	"203.0"	"12850.0"	"1.0"	"65.21"	"41.0"	"5.0"	"Female"	"2006-07-08T00:00:00.000000Z"	"28.0"	"46730.0"	"2.SILVER"	"1995-06-25T00:00:00.000000Z"	"Darcy"	"Healy"	"Loyalist"
"1288552.0"	"Car Loan"	"Secured Lending"	"2015-12-28T00:00:00.000000Z"	"6508042327509303688"	"2015-12-28T00:00:00.000000Z"	"1"	""	""	""	""	""	""	""	""	"0.0"	"67.0"	"790.0"	"0.0"	"0.0"	"19.0"	"3.0"	"Male"	"2014-08-04T00:00:00.000000Z"	"28.0"	"7810.0"	"3.BRONZE"	"1994-06-25T00:00:00.000000Z"	"Anastasia"	"Joinson"	"Loyalist"
"1150161.0"	"Current Account"	"Deposit Account"	"2015-01-28T00:00:00.000000Z"	"2570192625912961693"	""	"0"	"-748.4"	"3663.74"	"16.0"	"1485.0425"	"1278.7954000725317"	"16.0"	"0.5"	"8.0"	"0.0"	"179.0"	"4790.0"	"0.0"	"0.0"	"40.0"	"2.0"	"Female"	"2013-07-29T00:00:00.000000Z"	"46.0"	"16550.0"	"3.BRONZE"	"1993-07-13T00:00:00.000000Z"	"Sula"	"Clogg"	"Emergent"
"417561.0"	"Current Account"	"Deposit Account"	"2015-01-28T00:00:00.000000Z"	"2028382174789024467"	""	"0"	"-6412.32"	"8625.45"	"16.0"	"4184.606250000001"	"3410.793033406112"	"16.0"	"2.0"	"32.0"	"2.0"	"213.0"	"23100.0"	"0.0"	"0.0"	"31.0"	"3.0"	"Female"	"2003-05-05T00:00:00.000000Z"	"28.0"	"76590.0"	"2.SILVER"	"1942-06-25T00:00:00.000000Z"	"Yevette"	"Curner"	"Sophisticates"
"545216.0"	"Standard Credit Card"	"Unsecured Lending"	"2015-01-28T00:00:00.000000Z"	"474799084366422644"	""	"0"	"-117.07"	"4724.73"	"16.0"	"2033.3362499999996"	"1263.1668330661369"	"16.0"	"0.274375"	"4.39"	"2.0"	"230.0"	"5020.0"	"0.0"	"0.0"	"45.0"	"7.0"	"Male"	"2005-08-03T00:00:00.000000Z"	"28.0"	"15950.0"	"2.SILVER"	"1975-06-25T00:00:00.000000Z"	"Regina"	"Jolliff"	"Sophisticates"
"204271.0"	"Savings Account"	"Deposit Account"	"2015-01-28T00:00:00.000000Z"	"4641683587523056119"	""	"0"	"-971.51"	"8823.7"	"16.0"	"2927.4293749999997"	"2814.8634793004767"	"16.0"	""	""	"3.0"	"200.0"	"9040.0"	"0.0"	"0.0"	"43.0"	"2.0"	"Female"	"2000-12-26T00:00:00.000000Z"	"28.0"	"32970.0"	"2.SILVER"	"1972-06-25T00:00:00.000000Z"	"Winfred"	"Ellerington"	"Loyalist"
"1122947.0"	"Personal Loan"	"Unsecured Lending"	"2015-01-28T00:00:00.000000Z"	"3977551633474612191"	""	"0"	"649.37"	"1496.27"	"16.0"	"1072.8200000000002"	"268.8033660503527"	"16.0"	"1.7039798401296613"	"27.26367744207458"	"2.0"	"199.0"	"2380.0"	"0.0"	"0.0"	"37.0"	"9.0"	"Male"	"2013-02-26T00:00:00.000000Z"	"38.0"	"8700.0"	"2.SILVER"	"1969-07-05T00:00:00.000000Z"	"Valentina"	"Billyeald"	"Loyalist"
"284659.0"	"Savings Account"	"Deposit Account"	"2015-01-28T00:00:00.000000Z"	"6038367983124937119"	""	"0"	"-562.53"	"20942.48"	"16.0"	"8191.8550000000005"	"5759.280821995052"	"16.0"	""	""	"2.0"	"201.0"	"11220.0"	"1.0"	"12.54"	"39.0"	"3.0"	"Female"	"2001-10-22T00:00:00.000000Z"	"28.0"	"38540.0"	"2.SILVER"	"1948-06-25T00:00:00.000000Z"	"Megen"	"Reichhardt"	"Sophisticates"
"580449.0"	"Car Loan"	"Secured Lending"	"2015-01-28T00:00:00.000000Z"	"6774999654447548988"	""	"0"	"961.62"	"3846.57"	"16.0"	"2404.095"	"915.6739531077643"	"16.0"	"7.919178631634195"	"126.70685810614712"	"1.0"	"215.0"	"8940.0"	"0.0"	"0.0"	"44.0"	"8.0"	"Male"	"2005-11-17T00:00:00.000000Z"	"28.0"	"29250.0"	"2.SILVER"	"1980-06-25T00:00:00.000000Z"	"Ezra"	"Blankhorn"	"Sophisticates"
"556106.0"	"Savings Account"	"Deposit Account"	"2015-01-28T00:00:00.000000Z"	"8920292216075568678"	""	"0"	"-1125.15"	"5175.3"	"16.0"	"2005.888125"	"1599.8569588402531"	"16.0"	""	""	"1.0"	"184.0"	"12100.0"	"1.0"	"52.85"	"50.0"	"7.0"	"Male"	"2005-09-14T00:00:00.000000Z"	"28.0"	"44360.0"	"2.SILVER"	"1973-06-25T00:00:00.000000Z"	"Margette"	"Filyashin"	"Sophisticates"
"168444.0"	"Savings Account"	"Deposit Account"	"2015-01-28T00:00:00.000000Z"	"4702469650491073081"	""	"0"	"186.51"	"1781.48"	"16.0"	"1111.7468749999998"	"448.00541750770157"	"16.0"	""	""	"1.0"	"182.0"	"4950.0"	"0.0"	"0.0"	"38.0"	"5.0"	"Male"	"2000-03-21T00:00:00.000000Z"	"41.0"	"16490.0"	"2.SILVER"	"1979-07-08T00:00:00.000000Z"	"Renata"	"Stogill"	"Emergent"
"1389488.0"	"Personal Loan"	"Unsecured Lending"	"2015-04-28T00:00:00.000000Z"	"6498953788070053065"	""	"0"	"-954.18"	"190.86"	"13.0"	"-381.65999999999997"	"371.6075107780609"	"13.0"	"0.19934082371951684"	"2.5914307083537187"	"3.0"	"195.0"	"1730.0"	"0.0"	"0.0"	"45.0"	"4.0"	"Female"	"2015-03-25T00:00:00.000000Z"	"45.0"	"6060.0"	"2.SILVER"	"1973-07-12T00:00:00.000000Z"	"Lavina"	"Britch"	"Loyalist"
"899559.0"	"Current Account"	"Deposit Account"	"2015-01-28T00:00:00.000000Z"	"3687805479594302750"	""	"0"	"-1252.78"	"6901.26"	"16.0"	"1889.6525000000001"	"2041.5895849998844"	"16.0"	"2.0"	"32.0"	"2.0"	"202.0"	"6940.0"	"1.0"	"42.56"	"34.0"	"7.0"	"Male"	"2010-12-27T00:00:00.000000Z"	"28.0"	"22730.0"	"2.SILVER"	"1953-06-25T00:00:00.000000Z"	"Killie"	"Hucker"	"Sophisticates"
"1225401.0"	"Personal Loan"	"Unsecured Lending"	"2015-11-28T00:00:00.000000Z"	"2356824919350994363"	""	"0"	"781.2"	"1562.4"	"6.0"	"1171.8"	"292.29827505478033"	"6.0"	"1.6512007465347105"	"9.907204479208263"	"4.0"	"188.0"	"3870.0"	"0.0"	"0.0"	"46.0"	"1.0"	"Female"	"2013-11-26T00:00:00.000000Z"	"46.0"	"14880.0"	"2.SILVER"	"1985-07-13T00:00:00.000000Z"	"Royal"	"Blader"	"Loyalist"
"239317.0"	"Car Loan"	"Secured Lending"	"2015-02-28T00:00:00.000000Z"	"3558922189716402800"	""	"0"	"-39.95"	"53.29"	"15.0"	"6.67"	"29.784425460297204"	"15.0"	"2.088516062289661"	"31.32774093434491"	"2.0"	"171.0"	"2260.0"	"1.0"	"23.03"	"53.0"	"9.0"	"Female"	"2001-04-10T00:00:00.000000Z"	"50.0"	"7720.0"	"2.SILVER"	"1974-07-17T00:00:00.000000Z"	"Peta"	"Marlor"	"Sophisticates"
"398113.0"	"Managed Securities"	"Securities"	"2015-01-28T00:00:00.000000Z"	"7571240532583517238"	"2016-01-28T00:00:00.000000Z"	"1"	"-23.78"	"1709.92"	"12.0"	"988.9991666666666"	"505.3255483431778"	"12.0"	"19.403333333333332"	"232.83999999999997"	"5.0"	"216.0"	"10290.0"	"1.0"	"114.24"	"45.0"	"5.0"	"Female"	"2002-12-26T00:00:00.000000Z"	"28.0"	"36620.0"	"2.SILVER"	"1977-06-25T00:00:00.000000Z"	"Elwyn"	"Moffatt"	"Sophisticates"
"79509.0"	"Current Account"	"Deposit Account"	"2015-01-28T00:00:00.000000Z"	"692800115671521009"	""	"0"	"64.42"	"3572.16"	"16.0"	"1604.92625"	"970.9869475392893"	"16.0"	"2.0"	"32.0"	"1.0"	"197.0"	"10920.0"	"3.0"	"103.50999999999999"	"39.0"	"4.0"	"Female"	"1997-12-15T00:00:00.000000Z"	"28.0"	"45420.0"	"2.SILVER"	"1972-06-25T00:00:00.000000Z"	"Tremayne"	"Baitson"	"Sophisticates"
"464421.0"	"Savings Account"	"Deposit Account"	"2015-01-28T00:00:00.000000Z"	"5652724416652695462"	""	"0"	"765.82"	"4668.79"	"16.0"	"2701.870625"	"1112.8109455876065"	"16.0"	""	""	"3.0"	"223.0"	"5940.0"	"3.0"	"36.239999999999995"	"44.0"	"9.0"	"Male"	"2004-03-17T00:00:00.000000Z"	"28.0"	"19870.0"	"2.SILVER"	"1970-06-25T00:00:00.000000Z"	"Shepherd"	"Gilffillan"	"Sophisticates"
"366994.0"	"Savings Account"	"Deposit Account"	"2015-01-28T00:00:00.000000Z"	"408423685931396082"	""	"0"	"35.67"	"949.67"	"16.0"	"446.940625"	"305.3330333798108"	"16.0"	""	""	"2.0"	"219.0"	"9400.0"	"1.0"	"13.28"	"37.0"	"6.0"	"Female"	"2002-07-01T00:00:00.000000Z"	"28.0"	"35880.0"	"2.SILVER"	"1965-06-25T00:00:00.000000Z"	"Simmonds"	"Reijmers"	"Sophisticates"
"1286429.0"	"Personal Loan"	"Unsecured Lending"	"2015-06-28T00:00:00.000000Z"	"1756844293850941991"	""	"0"	"-1420.2"	"0.0"	"11.0"	"-710.1"	"471.0270527262739"	"11.0"	"2.265544397655517"	"24.92098837421069"	"1.0"	"184.0"	"12650.0"	"0.0"	"0.0"	"38.0"	"5.0"	"Female"	"2014-07-31T00:00:00.000000Z"	"41.0"	"44570.0"	"3.BRONZE"	"1983-07-08T00:00:00.000000Z"	"Trip"	"Giraudot"	"Loyalist"
"451034.0"	"Premium Credit Card"	"Unsecured Lending"	"2015-01-28T00:00:00.000000Z"	"6519946176123199630"	""	"0"	"-293.78"	"4529.27"	"16.0"	"1809.153125"	"1443.0472215822494"	"16.0"	"15.004375"	"240.07"	"6.0"	"196.0"	"14310.0"	"3.0"	"206.09"	"44.0"	"13.0"	"Female"	"2003-12-30T00:00:00.000000Z"	"35.0"	"56210.0"	"2.SILVER"	"1980-07-02T00:00:00.000000Z"	"Clare"	"Bee"	"Traditionalist"
"130835.0"	"Current Account"	"Deposit Account"	"2015-01-28T00:00:00.000000Z"	"3740571565737106122"	""	"0"	"-5313.9"	"11949.12"	"16.0"	"4758.676875"	"4560.336920122925"	"16.0"	"1.0"	"16.0"	"1.0"	"171.0"	"26530.0"	"1.0"	"64.56"	"36.0"	"5.0"	"Female"	"1999-05-07T00:00:00.000000Z"	"28.0"	"211030.0"	"2.SILVER"	"1971-06-25T00:00:00.000000Z"	"Kellia"	"Botha"	"Sophisticates"
"37247.0"	"Current Account"	"Deposit Account"	"2015-01-28T00:00:00.000000Z"	"3001896856139857095"	""	"0"	"-1527.4"	"7361.36"	"16.0"	"2377.3518749999994"	"2436.4695857359375"	"16.0"	"0.5"	"8.0"	"0.0"	"184.0"	"10270.0"	"2.0"	"55.6"	"40.0"	"6.0"	"Female"	"1996-04-16T00:00:00.000000Z"	"28.0"	"32940.0"	"2.SILVER"	"1960-06-25T00:00:00.000000Z"	"Raffaello"	"Rominov"	"Traditionalist"
"138139.0"	"Current Account"	"Deposit Account"	"2015-01-28T00:00:00.000000Z"	"3141659712569106710"	""	"0"	"-215.48"	"4906.83"	"16.0"	"2158.044375"	"1486.9572762612413"	"16.0"	"1.5"	"24.0"	"2.0"	"201.0"	"17480.0"	"1.0"	"31.02"	"37.0"	"7.0"	"Female"	"1999-07-14T00:00:00.000000Z"	"28.0"	"62620.0"	"2.SILVER"	"1964-06-25T00:00:00.000000Z"	"Cristine"	"Boddie"	"Sophisticates"
"1055726.0"	"Current Account"	"Deposit Account"	"2015-01-28T00:00:00.000000Z"	"4548417548348129141"	""	"0"	"297.48"	"5397.86"	"16.0"	"2113.8275"	"1584.7362208035336"	"16.0"	"1.5"	"24.0"	"1.0"	"207.0"	"5860.0"	"0.0"	"0.0"	"49.0"	"3.0"	"Male"	"2012-09-04T00:00:00.000000Z"	"6.0"	"22210.0"	"2.SILVER"	"1982-06-03T00:00:00.000000Z"	"Elton"	"Trounce"	"Emergent"
"103742.0"	"Standard Credit Card"	"Unsecured Lending"	"2015-01-28T00:00:00.000000Z"	"2203631143945715830"	""	"0"	"-4234.34"	"12558.24"	"16.0"	"5116.3512500000015"	"4040.713570228036"	"16.0"	"13.113125"	"209.81"	"3.0"	"218.0"	"11790.0"	"1.0"	"18.52"	"36.0"	"18.0"	"Male"	"2000-06-06T00:00:00.000000Z"	"28.0"	"43310.0"	"2.SILVER"	"1962-06-25T00:00:00.000000Z"	"Korry"	"Slipper"	"Sophisticates"
"995479.0"	"Mortgage"	"Secured Lending"	"2015-02-28T00:00:00.000000Z"	"4858887605998386382"	""	"0"	"801361.38"	"890401.52"	"15.0"	"845881.4500000001"	"28442.829395156852"	"15.0"	"115.29086436420306"	"1729.3629654630458"	"1.0"	"187.0"	"32200.0"	"1.0"	"87.64"	"46.0"	"2.0"	"Female"	"2011-12-18T00:00:00.000000Z"	"28.0"	"230230.0"	"3.BRONZE"	"1985-06-25T00:00:00.000000Z"	"Clare"	"Devericks"	"Sophisticates"
"216261.0"	"Savings Account"	"Deposit Account"	"2015-01-28T00:00:00.000000Z"	"7769953084778769959"	""	"0"	"29.59"	"3887.21"	"16.0"	"1958.983125"	"1170.4821336339355"	"16.0"	""	""	"3.0"	"214.0"	"3370.0"	"2.0"	"31.61"	"38.0"	"12.0"	"Male"	"2001-01-18T00:00:00.000000Z"	"28.0"	"12510.0"	"2.SILVER"	"1965-06-25T00:00:00.000000Z"	"Selinda"	"Gherardesci"	"Traditionalist"
"1054593.0"	"Current Account"	"Deposit Account"	"2015-01-28T00:00:00.000000Z"	"4399530123677852577"	""	"0"	"-690.5"	"1232.2"	"16.0"	"440.469375"	"584.2692444922832"	"16.0"	"0.5"	"8.0"	"2.0"	"250.0"	"4450.0"	"0.0"	"0.0"	"47.0"	"3.0"	"Male"	"2012-08-29T00:00:00.000000Z"	"25.0"	"14010.0"	"3.BRONZE"	"1993-06-22T00:00:00.000000Z"	"Karena"	"Dunkinson"	"Emergent"
"464223.0"	"Savings Account"	"Deposit Account"	"2015-01-28T00:00:00.000000Z"	"3406464573751221034"	""	"0"	"45.97"	"1841.02"	"16.0"	"912.454375"	"481.26656631529755"	"16.0"	""	""	"4.0"	"192.0"	"5780.0"	"1.0"	"15.1"	"45.0"	"8.0"	"Female"	"2004-03-16T00:00:00.000000Z"	"38.0"	"20920.0"	"2.SILVER"	"1968-07-05T00:00:00.000000Z"	"Elianora"	"Salleir"	"Sophisticates"
"188618.0"	"Standard Credit Card"	"Unsecured Lending"	"2015-01-28T00:00:00.000000Z"	"1468470857324374878"	"2015-12-28T00:00:00.000000Z"	"1"	"-6117.62"	"13661.05"	"11.0"	"4494.697272727272"	"5504.80046873107"	"11.0"	"18.27272727272727"	"200.99999999999997"	"4.0"	"185.0"	"15270.0"	"2.0"	"53.709999999999994"	"38.0"	"7.0"	"Female"	"2000-08-21T00:00:00.000000Z"	"28.0"	"54960.0"	"2.SILVER"	"1979-06-25T00:00:00.000000Z"	"Fanechka"	"Eton"	"Loyalist"
"856725.0"	"Standard Credit Card"	"Unsecured Lending"	"2015-01-28T00:00:00.000000Z"	"7087953756618268359"	""	"0"	"673.58"	"3469.06"	"16.0"	"1577.5925000000002"	"788.8095733403173"	"16.0"	"2.715625"	"43.45"	"0.0"	"197.0"	"3890.0"	"2.0"	"28.259999999999998"	"47.0"	"8.0"	"Female"	"2009-11-13T00:00:00.000000Z"	"46.0"	"12330.0"	"2.SILVER"	"1980-07-13T00:00:00.000000Z"	"Lynn"	"Donnel"	"Loyalist"
"440221.0"	"Savings Account"	"Deposit Account"	"2015-01-28T00:00:00.000000Z"	"8263866586907143376"	""	"0"	"248.81"	"14751.27"	"16.0"	"6040.750625000001"	"3722.8460574287674"	"16.0"	""	""	"5.0"	"211.0"	"12570.0"	"2.0"	"115.13"	"44.0"	"19.0"	"Male"	"2003-10-16T00:00:00.000000Z"	"28.0"	"43500.0"	"2.SILVER"	"1976-06-25T00:00:00.000000Z"	"Clemmie"	"Hinckley"	"Sophisticates"
"934902.0"	"Mortgage"	"Secured Lending"	"2015-07-28T00:00:00.000000Z"	"1129581644640923498"	"2015-08-28T00:00:00.000000Z"	"1"	"78316.28"	"78316.28"	"1.0"	"78316.28"	""	"1.0"	"5.28225467582479"	"5.28225467582479"	"1.0"	"180.0"	"7560.0"	"0.0"	"0.0"	"49.0"	"2.0"	"Female"	"2011-08-17T00:00:00.000000Z"	"2.0"	"25850.0"	"3.BRONZE"	"1992-05-30T00:00:00.000000Z"	"Niccolo"	"Ryles"	"Loyalist"
"1394691.0"	"Current Account"	"Deposit Account"	"2015-04-28T00:00:00.000000Z"	"248432029694046874"	""	"0"	"289.12"	"8780.85"	"13.0"	"3658.3453846153843"	"2830.0827362658956"	"13.0"	"0.5"	"6.5"	"1.0"	"124.0"	"10430.0"	"1.0"	"34.29"	"38.0"	"2.0"	"Male"	"2015-04-29T00:00:00.000000Z"	"28.0"	"41310.0"	"2.SILVER"	"1974-06-25T00:00:00.000000Z"	"Wendel"	"Thornthwaite"	"Emergent"
"204975.0"	"Current Account"	"Deposit Account"	"2015-01-28T00:00:00.000000Z"	"676180716446249281"	""	"0"	"-188.41"	"3579.16"	"16.0"	"1419.760625"	"966.8057067992428"	"16.0"	"1.5"	"24.0"	"1.0"	"204.0"	"8530.0"	"0.0"	"0.0"	"36.0"	"4.0"	"Female"	"2000-11-15T00:00:00.000000Z"	"28.0"	"33260.0"	"2.SILVER"	"1975-06-25T00:00:00.000000Z"	"Bennie"	"Renfrew"	"Emergent"
"1380149.0"	"Current Account"	"Deposit Account"	"2015-02-28T00:00:00.000000Z"	"8574503496942670053"	"2015-06-28T00:00:00.000000Z"	"1"	"187.55"	"385.8"	"4.0"	"280.435"	"81.35925290545221"	"4.0"	"0.5"	"2.0"	"4.0"	"171.0"	"5990.0"	"0.0"	"0.0"	"38.0"	"3.0"	"Female"	"2015-02-04T00:00:00.000000Z"	"28.0"	"26900.0"	"3.BRONZE"	"1988-06-25T00:00:00.000000Z"	"Shepherd"	"Bucklan"	"Loyalist"
"1402402.0"	"Car Loan"	"Secured Lending"	"2015-07-28T00:00:00.000000Z"	"981737579754317771"	""	"0"	"4823.89"	"6711.55"	"10.0"	"5767.72"	"635.0193852684085"	"10.0"	"2.6106134070469333"	"26.106134070469334"	"1.0"	"106.0"	"4770.0"	"0.0"	"0.0"	"29.0"	"2.0"	"Female"	"2015-06-19T00:00:00.000000Z"	"8.0"	"31400.0"	"2.SILVER"	"1987-06-05T00:00:00.000000Z"	"Carmon"	"Stockport"	"Loyalist"
"718510.0"	"Current Account"	"Deposit Account"	"2015-01-28T00:00:00.000000Z"	"1520783380028857180"	""	"0"	"5.27"	"1220.25"	"16.0"	"565.71"	"343.0034156486881"	"16.0"	"2.5"	"40.0"	"1.0"	"203.0"	"9200.0"	"0.0"	"0.0"	"47.0"	"4.0"	"Female"	"2007-09-13T00:00:00.000000Z"	"28.0"	"30350.0"	"2.SILVER"	"1975-06-25T00:00:00.000000Z"	"Alric"	"Stigger"	"Emergent"
"281260.0"	"Current Account"	"Deposit Account"	"2015-01-28T00:00:00.000000Z"	"339524409841327052"	""	"0"	"217.82"	"3577.13"	"16.0"	"1086.989375"	"837.9252070478905"	"16.0"	"2.0"	"32.0"	"0.0"	"170.0"	"7510.0"	"0.0"	"0.0"	"46.0"	"5.0"	"Female"	"2001-10-10T00:00:00.000000Z"	"50.0"	"28360.0"	"2.SILVER"	"1960-07-17T00:00:00.000000Z"	"Joelie"	"O'Loughnan"	"Emergent"
"457788.0"	"Premium Credit Card"	"Unsecured Lending"	"2015-01-28T00:00:00.000000Z"	"2731241405270064371"	""	"0"	"-3498.68"	"7977.08"	"16.0"	"2459.3381249999998"	"3020.362252192538"	"16.0"	"11.659999999999997"	"186.55999999999995"	"1.0"	"191.0"	"10310.0"	"0.0"	"0.0"	"42.0"	"10.0"	"Female"	"2004-02-07T00:00:00.000000Z"	"28.0"	"32230.0"	"1.GOLD"	"1972-06-25T00:00:00.000000Z"	"Maurise"	"Barzen"	"Loyalist"
"838091.0"	"Premium Credit Card"	"Unsecured Lending"	"2015-01-28T00:00:00.000000Z"	"3562613268169184360"	""	"0"	"-211.07"	"1148.28"	"16.0"	"424.0925"	"365.713626790143"	"16.0"	"13.916875"	"222.67"	"4.0"	"189.0"	"12760.0"	"0.0"	"0.0"	"44.0"	"6.0"	"Male"	"2009-03-11T00:00:00.000000Z"	"28.0"	"45790.0"	"2.SILVER"	"1963-06-25T00:00:00.000000Z"	"Glyn"	"Baggott"	"Sophisticates"
"1105864.0"	"Managed Securities"	"Securities"	"2015-01-28T00:00:00.000000Z"	"351221061232012558"	"2016-03-28T00:00:00.000000Z"	"1"	"-484.51"	"1498.34"	"14.0"	"315.9885714285714"	"552.6935611217978"	"14.0"	"19.195000000000004"	"268.7300000000001"	"1.0"	"198.0"	"3170.0"	"1.0"	"19.88"	"46.0"	"4.0"	"Female"	"2012-11-26T00:00:00.000000Z"	"13.0"	"12240.0"	"1.GOLD"	"1979-06-10T00:00:00.000000Z"	"Malory"	"Killingbeck"	"Emergent"
"218923.0"	"Savings Account"	"Deposit Account"	"2015-01-28T00:00:00.000000Z"	"2405646043400596833"	"2015-12-28T00:00:00.000000Z"	"1"	"-455.59"	"1817.56"	"11.0"	"749.4136363636363"	"808.8125265136875"	"11.0"	""	""	"2.0"	"160.0"	"3510.0"	"1.0"	"34.14"	"19.0"	"4.0"	"Male"	"2001-01-29T00:00:00.000000Z"	"28.0"	"17430.0"	"2.SILVER"	"1949-06-25T00:00:00.000000Z"	"Glyn"	"Clemson"	"Loyalist"
"586807.0"	"Managed Securities"	"Securities"	"2015-01-28T00:00:00.000000Z"	"7283430358916039367"	""	"0"	"-10290.94"	"23034.57"	"16.0"	"8280.359375"	"8605.508405146455"	"16.0"	"47.839375000000004"	"765.4300000000001"	"1.0"	"209.0"	"18920.0"	"0.0"	"0.0"	"33.0"	"4.0"	"Female"	"2005-12-22T00:00:00.000000Z"	"28.0"	"63470.0"	"2.SILVER"	"1945-06-25T00:00:00.000000Z"	"Kizzie"	"Benian"	"Sophisticates"
"893729.0"	"Current Account"	"Deposit Account"	"2015-01-28T00:00:00.000000Z"	"1513333400269037971"	""	"0"	"-2760.34"	"4818.67"	"16.0"	"2427.2212499999996"	"1805.3823406022154"	"16.0"	"2.5"	"40.0"	"2.0"	"204.0"	"6710.0"	"0.0"	"0.0"	"45.0"	"0.0"	"Female"	"2010-10-07T00:00:00.000000Z"	"28.0"	"21650.0"	"3.BRONZE"	"1983-06-25T00:00:00.000000Z"	"Mamie"	"Poundford"	"Emergent"
"500446.0"	"Personal Loan"	"Unsecured Lending"	"2015-01-28T00:00:00.000000Z"	"6672772923049583533"	""	"0"	"1045.81"	"6275.41"	"16.0"	"3660.61"	"1659.858404884787"	"16.0"	"3.7318510265560287"	"59.70961642489646"	"0.0"	"197.0"	"6780.0"	"1.0"	"73.23"	"40.0"	"5.0"	"Female"	"2004-11-08T00:00:00.000000Z"	"14.0"	"26260.0"	"2.SILVER"	"1966-06-11T00:00:00.000000Z"	"Celina"	"Spellsworth"	"Loyalist"
"158588.0"	"Personal Loan"	"Unsecured Lending"	"2015-01-28T00:00:00.000000Z"	"3952919353064974270"	""	"0"	"259.3"	"1036.6"	"16.0"	"647.95"	"246.7125474447272"	"16.0"	"1.0539450565151012"	"16.86312090424162"	"5.0"	"198.0"	"3070.0"	"3.0"	"117.44000000000001"	"36.0"	"11.0"	"Female"	"2000-02-01T00:00:00.000000Z"	"50.0"	"10860.0"	"1.GOLD"	"1954-07-17T00:00:00.000000Z"	"Ezechiel"	"Treswell"	"Loyalist"
"182975.0"	"Direct Securities"	"Securities"	"2015-01-28T00:00:00.000000Z"	"4507280570578144418"	""	"0"	"-5684.45"	"22457.87"	"16.0"	"7450.532499999999"	"7372.3443753707"	"16.0"	"21.214375000000004"	"339.43000000000006"	"1.0"	"230.0"	"24000.0"	"2.0"	"222.54"	"28.0"	"13.0"	"Female"	"2000-10-17T00:00:00.000000Z"	"28.0"	"77040.0"	"2.SILVER"	"1939-06-25T00:00:00.000000Z"	"Nicki"	"Melding"	"Sophisticates"
"1135487.0"	"Personal Loan"	"Unsecured Lending"	"2015-01-28T00:00:00.000000Z"	"6544849195493030714"	""	"0"	"759.83"	"3039.83"	"16.0"	"1899.8300000000008"	"723.6647474256755"	"16.0"	"0.719431513238886"	"11.510904211822176"	"1.0"	"167.0"	"12070.0"	"4.0"	"166.85999999999999"	"49.0"	"5.0"	"Female"	"2013-05-28T00:00:00.000000Z"	"8.0"	"46570.0"	"2.SILVER"	"1982-06-05T00:00:00.000000Z"	"Melisa"	"Lonsbrough"	"Sophisticates"
"94238.0"	"Managed Securities"	"Securities"	"2015-01-28T00:00:00.000000Z"	"3783509104405493993"	"2015-11-28T00:00:00.000000Z"	"1"	"-3259.07"	"8356.42"	"10.0"	"3359.168"	"3500.730087979427"	"10.0"	"44.040000000000006"	"440.40000000000003"	"1.0"	"210.0"	"9340.0"	"1.0"	"360.1"	"53.0"	"4.0"	"Female"	"1998-04-28T00:00:00.000000Z"	"28.0"	"28690.0"	"2.SILVER"	"1970-06-25T00:00:00.000000Z"	"Steffie"	"Flewin"	"Loyalist"
"700657.0"	"Current Account"	"Deposit Account"	"2015-01-28T00:00:00.000000Z"	"5852976696995106104"	"2015-10-28T00:00:00.000000Z"	"1"	"254.1"	"3932.32"	"9.0"	"1835.2255555555555"	"1088.6581956370776"	"9.0"	"1.0"	"9.0"	"0.0"	"216.0"	"10620.0"	"0.0"	"0.0"	"45.0"	"4.0"	"Female"	"2007-07-01T00:00:00.000000Z"	"8.0"	"39140.0"	"2.SILVER"	"1985-06-05T00:00:00.000000Z"	"Chris"	"Birbeck"	"Loyalist"
"1255959.0"	"Current Account"	"Deposit Account"	"2015-01-28T00:00:00.000000Z"	"5863942907629395770"	""	"0"	"-174.91"	"4677.74"	"16.0"	"2059.71125"	"1297.3147975613576"	"16.0"	"1.0"	"16.0"	"2.0"	"195.0"	"4280.0"	"0.0"	"0.0"	"43.0"	"1.0"	"Female"	"2014-05-02T00:00:00.000000Z"	"8.0"	"16420.0"	"2.SILVER"	"1980-06-05T00:00:00.000000Z"	"Germain"	"Sheber"	"Emergent"
"1301587.0"	"Current Account"	"Deposit Account"	"2015-01-28T00:00:00.000000Z"	"6780286625958080295"	""	"0"	"-493.33"	"5760.97"	"16.0"	"2609.5243750000004"	"1616.9344449666423"	"16.0"	"1.5"	"24.0"	"1.0"	"234.0"	"7760.0"	"2.0"	"83.55"	"52.0"	"2.0"	"Male"	"2014-09-03T00:00:00.000000Z"	"4.0"	"26000.0"	"2.SILVER"	"1983-06-01T00:00:00.000000Z"	"Arni"	"Venables"	"Loyalist"
"591977.0"	"Standard Credit Card"	"Unsecured Lending"	"2015-01-28T00:00:00.000000Z"	"1949676453760483646"	"2015-05-28T00:00:00.000000Z"	"1"	"349.58"	"944.39"	"4.0"	"790.665"	"294.1004017338297"	"4.0"	"5.79"	"23.16"	"3.0"	"209.0"	"6530.0"	"2.0"	"93.16"	"48.0"	"10.0"	"Male"	"2006-01-17T00:00:00.000000Z"	"28.0"	"23980.0"	"2.SILVER"	"1978-06-25T00:00:00.000000Z"	"Henry"	"Lauxmann"	"Loyalist"
"1196240.0"	"Current Account"	"Deposit Account"	"2015-01-28T00:00:00.000000Z"	"4697010628436214337"	""	"0"	"337.8"	"3284.96"	"16.0"	"1777.8724999999997"	"1054.7292066908294"	"16.0"	"2.0"	"32.0"	"1.0"	"166.0"	"5080.0"	"1.0"	"8.27"	"29.0"	"7.0"	"Male"	"2013-10-11T00:00:00.000000Z"	"10.0"	"16630.0"	"2.SILVER"	"1931-06-07T00:00:00.000000Z"	"Aurora"	"Belliss"	"Sophisticates"
"75626.0"	"Mortgage"	"Secured Lending"	"2015-11-28T00:00:00.000000Z"	"8850430569070039814"	""	"0"	"683224.98"	"690603.23"	"6.0"	"686914.1050000001"	"2760.6883613965297"	"6.0"	"23.923103724972766"	"143.5386223498366"	"1.0"	"212.0"	"18650.0"	"2.0"	"220.03000000000003"	"38.0"	"3.0"	"Female"	"2000-01-17T00:00:00.000000Z"	"28.0"	"67450.0"	"2.SILVER"	"1962-06-25T00:00:00.000000Z"	"Cheri"	"Schaben"	"Traditionalist"
"361648.0"	"Current Account"	"Deposit Account"	"2015-01-28T00:00:00.000000Z"	"1968871020842322407"	""	"0"	"-212.82"	"1004.75"	"16.0"	"340.02624999999995"	"330.21066509881234"	"16.0"	"1.5"	"24.0"	"2.0"	"192.0"	"2600.0"	"4.0"	"45.03"	"35.0"	"2.0"	"Male"	"2002-06-04T00:00:00.000000Z"	"50.0"	"8800.0"	"2.SILVER"	"1962-07-17T00:00:00.000000Z"	"Jonathan"	"Slipper"	"Sophisticates"
"856175.0"	"Mortgage"	"Secured Lending"	"2015-01-28T00:00:00.000000Z"	"8211002655804625873"	""	"0"	"14251.42"	"19001.92"	"16.0"	"16626.670000000002"	"1507.7935888796828"	"16.0"	"6.011065565664693"	"96.17704905063509"	"6.0"	"208.0"	"4460.0"	"1.0"	"115.89"	"35.0"	"14.0"	"Female"	"2009-11-17T00:00:00.000000Z"	"39.0"	"14680.0"	"2.SILVER"	"1944-07-06T00:00:00.000000Z"	"Eliot"	"Scholcroft"	"Loyalist"
"1216216.0"	"Car Loan"	"Secured Lending"	"2015-01-28T00:00:00.000000Z"	"6437494594129194530"	""	"0"	"3653.2"	"6537.4"	"16.0"	"5095.299999999999"	"915.4359054934785"	"16.0"	"23.981148939820475"	"383.6983830371276"	"8.0"	"176.0"	"10130.0"	"2.0"	"170.22"	"47.0"	"8.0"	"Female"	"2013-11-07T00:00:00.000000Z"	"28.0"	"37980.0"	"2.SILVER"	"1974-06-25T00:00:00.000000Z"	"Nickey"	"Crookshanks"	"Sophisticates"
"303018.0"	"Savings Account"	"Deposit Account"	"2015-01-28T00:00:00.000000Z"	"5640817076658628279"	""	"0"	"-208.47"	"1956.66"	"16.0"	"963.98125"	"665.0205199829051"	"16.0"	""	""	"1.0"	"204.0"	"13310.0"	"0.0"	"0.0"	"43.0"	"4.0"	"Female"	"2001-11-29T00:00:00.000000Z"	"28.0"	"40120.0"	"2.SILVER"	"1950-06-25T00:00:00.000000Z"	"Floyd"	"Sidnall"	"Sophisticates"
"1349723.0"	"Current Account"	"Deposit Account"	"2015-01-28T00:00:00.000000Z"	"6388807638245231115"	""	"0"	"569.82"	"5013.44"	"16.0"	"2432.4125"	"1258.2914844317008"	"16.0"	"1.5"	"24.0"	"1.0"	"236.0"	"5720.0"	"0.0"	"0.0"	"52.0"	"2.0"	"Male"	"2014-11-06T00:00:00.000000Z"	"46.0"	"19900.0"	"3.BRONZE"	"1988-07-13T00:00:00.000000Z"	"Twila"	"Philbin"	"Emergent"
"1294569.0"	"Current Account"	"Deposit Account"	"2015-01-28T00:00:00.000000Z"	"5377902709505851848"	""	"0"	"-2173.21"	"7451.31"	"16.0"	"3858.57125"	"2513.6726216458"	"16.0"	"1.5"	"24.0"	"0.0"	"191.0"	"5890.0"	"0.0"	"0.0"	"44.0"	"0.0"	"Male"	"2014-08-06T00:00:00.000000Z"	"36.0"	"20200.0"	"3.BRONZE"	"1992-07-03T00:00:00.000000Z"	"Poppy"	"Beatens"	"Emergent"
"304448.0"	"Premium Credit Card"	"Unsecured Lending"	"2015-01-28T00:00:00.000000Z"	"5031824909431225916"	""	"0"	"-288.79"	"3354.97"	"16.0"	"1408.835625"	"959.907034206742"	"16.0"	"11.264375"	"180.23"	"4.0"	"199.0"	"8620.0"	"0.0"	"0.0"	"49.0"	"6.0"	"Female"	"2001-12-04T00:00:00.000000Z"	"13.0"	"27070.0"	"2.SILVER"	"1979-06-10T00:00:00.000000Z"	"Antonietta"	"Dun"	"Sophisticates"
"527385.0"	"Premium Credit Card"	"Unsecured Lending"	"2015-01-28T00:00:00.000000Z"	"5131345616098423794"	""	"0"	"-229.01"	"1132.24"	"16.0"	"584.8087499999999"	"332.4578657990613"	"16.0"	"9.015625"	"144.25"	"2.0"	"209.0"	"7920.0"	"1.0"	"68.82"	"41.0"	"11.0"	"Female"	"2005-04-08T00:00:00.000000Z"	"28.0"	"26280.0"	"2.SILVER"	"1975-06-25T00:00:00.000000Z"	"Ciel"	"Andryszczak"	"Loyalist"
"596212.0"	"Direct Securities"	"Securities"	"2016-02-28T00:00:00.000000Z"	"4204293768746700726"	""	"0"	"1144.56"	"8467.32"	"3.0"	"4363.946666666666"	"3740.5584909921317"	"3.0"	"44.56333333333333"	"133.69"	"2.0"	"184.0"	"14760.0"	"0.0"	"0.0"	"45.0"	"1.0"	"Female"	"2006-02-08T00:00:00.000000Z"	"28.0"	"45650.0"	"2.SILVER"	"1969-06-25T00:00:00.000000Z"	"Riley"	"Iacopetti"	"Emergent"
"1118976.0"	"Standard Credit Card"	"Unsecured Lending"	"2015-01-28T00:00:00.000000Z"	"3215304730037109048"	"2015-02-28T00:00:00.000000Z"	"1"	"2274.25"	"2274.25"	"1.0"	"2274.25"	""	"1.0"	"0.0"	"0.0"	"0.0"	"7.0"	"790.0"	"0.0"	"0.0"	"4.0"	"0.0"	"Female"	"2013-01-22T00:00:00.000000Z"	"28.0"	"35170.0"	"2.SILVER"	"1970-06-25T00:00:00.000000Z"	"Letti"	"Benian"	"Loyalist"
"348316.0"	"Car Loan"	"Secured Lending"	"2015-04-28T00:00:00.000000Z"	"8491055506765979779"	"2015-05-28T00:00:00.000000Z"	"1"	"78.27"	"78.27"	"1.0"	"78.27"	""	"1.0"	"4.440239466099801"	"4.440239466099801"	"2.0"	"209.0"	"4320.0"	"2.0"	"39.3"	"42.0"	"7.0"	"Male"	"2002-04-08T00:00:00.000000Z"	"28.0"	"14490.0"	"2.SILVER"	"1976-06-25T00:00:00.000000Z"	"Thaxter"	"Crews"	"Loyalist"
"80950.0"	"Current Account"	"Deposit Account"	"2015-01-28T00:00:00.000000Z"	"1440787971869093469"	""	"0"	"-469.28"	"10073.98"	"16.0"	"3707.8218749999996"	"2512.082112835801"	"16.0"	"0.0"	"0.0"	"4.0"	"206.0"	"6370.0"	"3.0"	"126.43"	"36.0"	"7.0"	"Female"	"1998-02-17T00:00:00.000000Z"	"37.0"	"23440.0"	"2.SILVER"	"1958-07-04T00:00:00.000000Z"	"Bridgette"	"Elvey"	"Sophisticates"
"578183.0"	"Standard Credit Card"	"Unsecured Lending"	"2015-02-28T00:00:00.000000Z"	"7088197116485848705"	""	"0"	"-223.67"	"11815.71"	"15.0"	"4574.9366666666665"	"4053.1410947571912"	"15.0"	"12.100666666666665"	"181.51"	"1.0"	"214.0"	"10080.0"	"1.0"	"90.11"	"50.0"	"2.0"	"Male"	"2005-11-08T00:00:00.000000Z"	"28.0"	"29980.0"	"2.SILVER"	"1977-06-25T00:00:00.000000Z"	"Kylynn"	"Haslam"	"Sophisticates"
"837860.0"	"Current Account"	"Deposit Account"	"2015-01-28T00:00:00.000000Z"	"5010822933191617703"	""	"0"	"-618.97"	"7508.8"	"16.0"	"3059.873125"	"2127.2993068198584"	"16.0"	"0.5"	"8.0"	"3.0"	"175.0"	"5490.0"	"1.0"	"44.9"	"48.0"	"4.0"	"Female"	"2009-03-09T00:00:00.000000Z"	"29.0"	"19620.0"	"2.SILVER"	"1969-06-26T00:00:00.000000Z"	"Electra"	"Jaher"	"Loyalist"
"1375661.0"	"Managed Securities"	"Securities"	"2015-07-28T00:00:00.000000Z"	"5698416621419557747"	""	"0"	"-1468.26"	"2744.49"	"10.0"	"569.2650000000001"	"1370.563101326118"	"10.0"	"6.927"	"69.27"	"2.0"	"178.0"	"6460.0"	"2.0"	"29.43"	"35.0"	"7.0"	"Female"	"2015-01-12T00:00:00.000000Z"	"46.0"	"21300.0"	"2.SILVER"	"1952-07-13T00:00:00.000000Z"	"Gisele"	"Fabb"	"Sophisticates"
"873742.0"	"Current Account"	"Deposit Account"	"2015-01-28T00:00:00.000000Z"	"4138678794910095296"	""	"0"	"-684.97"	"1722.25"	"16.0"	"659.6774999999999"	"600.56151341335"	"16.0"	"0.5"	"8.0"	"2.0"	"214.0"	"1910.0"	"2.0"	"2.9200000000000004"	"44.0"	"3.0"	"Male"	"2010-04-15T00:00:00.000000Z"	"46.0"	"7260.0"	"2.SILVER"	"1976-07-13T00:00:00.000000Z"	"Elisha"	"Alesi"	"Traditionalist"
"1024761.0"	"Current Account"	"Deposit Account"	"2015-01-28T00:00:00.000000Z"	"6519974810113946442"	""	"0"	"-2401.34"	"5666.39"	"16.0"	"2396.3174999999997"	"2468.472834742161"	"16.0"	"0.5"	"8.0"	"1.0"	"179.0"	"9150.0"	"0.0"	"0.0"	"41.0"	"4.0"	"Male"	"2012-07-18T00:00:00.000000Z"	"8.0"	"29800.0"	"3.BRONZE"	"1991-06-05T00:00:00.000000Z"	"Karin"	"Venables"	"Emergent"
"445325.0"	"Savings Account"	"Deposit Account"	"2015-01-28T00:00:00.000000Z"	"5829964005686044505"	""	"0"	"-431.07"	"8698.49"	"16.0"	"2608.82875"	"2419.323415507939"	"16.0"	""	""	"0.0"	"202.0"	"14800.0"	"1.0"	"13.09"	"38.0"	"2.0"	"Male"	"2003-11-18T00:00:00.000000Z"	"37.0"	"51700.0"	"2.SILVER"	"1953-07-04T00:00:00.000000Z"	"Wit"	"Vasyutichev"	"Sophisticates"
"434721.0"	"Direct Securities"	"Securities"	"2015-01-28T00:00:00.000000Z"	"8742675266773289228"	""	"0"	"-635.44"	"4507.75"	"16.0"	"1905.1043749999997"	"1232.5408461113639"	"16.0"	"10.544999999999998"	"168.71999999999997"	"0.0"	"189.0"	"5810.0"	"0.0"	"0.0"	"43.0"	"1.0"	"Female"	"2003-09-11T00:00:00.000000Z"	"24.0"	"18730.0"	"1.GOLD"	"1961-06-21T00:00:00.000000Z"	"Courtney"	"Heber"	"Emergent"
"1227282.0"	"Current Account"	"Deposit Account"	"2015-01-28T00:00:00.000000Z"	"4497169423011948951"	""	"0"	"-4199.97"	"8341.15"	"16.0"	"2213.6525"	"3108.1474037406915"	"16.0"	"1.5"	"24.0"	"0.0"	"231.0"	"5830.0"	"0.0"	"0.0"	"45.0"	"2.0"	"Male"	"2013-11-29T00:00:00.000000Z"	"33.0"	"19870.0"	"2.SILVER"	"1980-06-30T00:00:00.000000Z"	"Kimball"	"Kittredge"	"Emergent"
"395044.0"	"Current Account"	"Deposit Account"	"2015-01-28T00:00:00.000000Z"	"8037411462999670164"	""	"0"	"-17039.58"	"29021.28"	"16.0"	"8660.13625"	"10893.602689528001"	"16.0"	"0.5"	"8.0"	"4.0"	"203.0"	"23530.0"	"1.0"	"32.72"	"33.0"	"9.0"	"Female"	"2002-12-10T00:00:00.000000Z"	"28.0"	"88290.0"	"2.SILVER"	"1944-06-25T00:00:00.000000Z"	"Valene"	"Gagan"	"Sophisticates"
"355620.0"	"Current Account"	"Deposit Account"	"2015-01-28T00:00:00.000000Z"	"15437761370604572"	""	"0"	"642.15"	"30500.13"	"16.0"	"12324.184374999999"	"7889.663430043954"	"16.0"	"1.0"	"16.0"	"1.0"	"172.0"	"15750.0"	"0.0"	"0.0"	"58.0"	"3.0"	"Female"	"2002-04-29T00:00:00.000000Z"	"28.0"	"55460.0"	"2.SILVER"	"1985-06-25T00:00:00.000000Z"	"Ike"	"Rippen"	"Sophisticates"
"520686.0"	"Savings Account"	"Deposit Account"	"2015-01-28T00:00:00.000000Z"	"6527216579842077363"	""	"0"	"-1076.9"	"5687.01"	"16.0"	"1682.5075000000002"	"1878.8001246558044"	"16.0"	""	""	"0.0"	"218.0"	"5200.0"	"0.0"	"0.0"	"55.0"	"10.0"	"Female"	"2005-03-01T00:00:00.000000Z"	"33.0"	"17650.0"	"2.SILVER"	"1975-06-30T00:00:00.000000Z"	"Rodie"	"Crace"	"Sophisticates"
"230055.0"	"Current Account"	"Deposit Account"	"2015-01-28T00:00:00.000000Z"	"303193847810949312"	""	"0"	"-34.54"	"482.4"	"16.0"	"172.744375"	"121.15862252814146"	"16.0"	"2.0"	"32.0"	"4.0"	"184.0"	"6640.0"	"6.0"	"180.87"	"33.0"	"12.0"	"Female"	"2001-03-19T00:00:00.000000Z"	"28.0"	"26250.0"	"1.GOLD"	"1951-06-25T00:00:00.000000Z"	"Charity"	"Medgewick"	"Traditionalist"
"303568.0"	"Car Loan"	"Secured Lending"	"2015-01-28T00:00:00.000000Z"	"2253129378599234948"	"2015-10-28T00:00:00.000000Z"	"1"	"3653.38"	"4402.82"	"9.0"	"4028.0999999999995"	"256.55324593541906"	"9.0"	"5.310350610605783"	"47.79315549545205"	"0.0"	"181.0"	"4690.0"	"3.0"	"67.37"	"45.0"	"9.0"	"Male"	"2003-05-02T00:00:00.000000Z"	"50.0"	"16420.0"	"2.SILVER"	"1965-07-17T00:00:00.000000Z"	"Skippie"	"Willcocks"	"Traditionalist"
"141714.0"	"Mortgage"	"Secured Lending"	"2015-01-28T00:00:00.000000Z"	"7166746950039296287"	""	"0"	"59331.29"	"61987.94"	"16.0"	"60659.615"	"843.2122593194821"	"16.0"	"3.6304947931840483"	"58.08791669094477"	"5.0"	"222.0"	"5530.0"	"0.0"	"0.0"	"39.0"	"11.0"	"Female"	"1999-09-03T00:00:00.000000Z"	"36.0"	"19920.0"	"2.SILVER"	"1964-07-03T00:00:00.000000Z"	"Magdalen"	"Ketteman"	"Sophisticates"
"796632.0"	"Current Account"	"Deposit Account"	"2015-01-28T00:00:00.000000Z"	"2446680490708726156"	""	"0"	"-1858.07"	"3523.67"	"16.0"	"1120.3575"	"1438.0797387280024"	"16.0"	"0.5"	"8.0"	"3.0"	"146.0"	"4610.0"	"1.0"	"17.88"	"37.0"	"7.0"	"Female"	"2008-09-24T00:00:00.000000Z"	"10.0"	"14700.0"	"2.SILVER"	"1958-06-07T00:00:00.000000Z"	"Josephina"	"Lisciandro"	"Emergent"
"1342639.0"	"Mortgage"	"Secured Lending"	"2015-01-28T00:00:00.000000Z"	"5847824158373096725"	""	"0"	"100690.85"	"107781.8"	"16.0"	"104236.32500000001"	"2250.64497401669"	"16.0"	"4.349523967057038"	"69.5923834729126"	"1.0"	"172.0"	"7880.0"	"0.0"	"0.0"	"47.0"	"9.0"	"Female"	"2014-10-27T00:00:00.000000Z"	"28.0"	"25180.0"	"3.BRONZE"	"1988-06-25T00:00:00.000000Z"	"Tedd"	"Josefson"	"Sophisticates"
"153913.0"	"Personal Loan"	"Unsecured Lending"	"2015-01-28T00:00:00.000000Z"	"7302328111625858461"	""	"0"	"60.15"	"962.55"	"16.0"	"511.35"	"286.4188895074251"	"16.0"	"7.0192384756582"	"112.3078156105312"	"6.0"	"208.0"	"5700.0"	"3.0"	"155.99"	"33.0"	"14.0"	"Male"	"2000-03-06T00:00:00.000000Z"	"39.0"	"20580.0"	"1.GOLD"	"1962-07-06T00:00:00.000000Z"	"Beck"	"Matveiko"	"Sophisticates"
"93083.0"	"Savings Account"	"Deposit Account"	"2015-01-28T00:00:00.000000Z"	"7790592151156650473"	""	"0"	"-493.9"	"3763.53"	"16.0"	"1198.501875"	"1162.5054013593156"	"16.0"	""	""	"1.0"	"199.0"	"4840.0"	"6.0"	"130.42000000000002"	"31.0"	"12.0"	"Male"	"1998-04-20T00:00:00.000000Z"	"28.0"	"15150.0"	"2.SILVER"	"1939-06-25T00:00:00.000000Z"	"Jervis"	"Mabon"	"Sophisticates"
"1063349.0"	"Car Loan"	"Secured Lending"	"2015-02-28T00:00:00.000000Z"	"8093141058768792986"	""	"0"	"-725.38"	"2659.82"	"15.0"	"967.2199999999999"	"1081.362473918898"	"15.0"	"13.338959990467854"	"200.08439985701781"	"2.0"	"174.0"	"8260.0"	"1.0"	"38.54"	"47.0"	"3.0"	"Female"	"2012-09-19T00:00:00.000000Z"	"28.0"	"29530.0"	"3.BRONZE"	"1985-06-25T00:00:00.000000Z"	"Ardith"	"Sabatini"	"Emergent"
"106844.0"	"Standard Credit Card"	"Unsecured Lending"	"2015-02-28T00:00:00.000000Z"	"4317668378277115324"	""	"0"	"-2234.51"	"6783.94"	"15.0"	"3289.197333333334"	"2504.413340480779"	"15.0"	"10.614"	"159.21"	"2.0"	"185.0"	"12940.0"	"2.0"	"44.09"	"45.0"	"15.0"	"Male"	"1998-10-03T00:00:00.000000Z"	"28.0"	"42660.0"	"2.SILVER"	"1955-06-25T00:00:00.000000Z"	"Rasia"	"Tregoning"	"Sophisticates"
"1338437.0"	"Current Account"	"Deposit Account"	"2015-01-28T00:00:00.000000Z"	"2251294692869916799"	""	"0"	"-3551.74"	"7072.2"	"16.0"	"2993.064375"	"2674.367536982576"	"16.0"	"2.5"	"40.0"	"1.0"	"183.0"	"6360.0"	"0.0"	"0.0"	"51.0"	"1.0"	"Female"	"2014-10-21T00:00:00.000000Z"	"32.0"	"24670.0"	"3.BRONZE"	"1995-06-29T00:00:00.000000Z"	"Dorelia"	"Heare"	"Emergent"
"508498.0"	"Personal Loan"	"Unsecured Lending"	"2015-01-28T00:00:00.000000Z"	"526369412936789354"	""	"0"	"-0.15"	"985.05"	"16.0"	"492.45"	"312.6993461244627"	"16.0"	"11.639832514752529"	"186.23732023604046"	"0.0"	"202.0"	"5430.0"	"1.0"	"24.67"	"38.0"	"4.0"	"Female"	"2004-12-27T00:00:00.000000Z"	"47.0"	"19340.0"	"2.SILVER"	"1974-07-14T00:00:00.000000Z"	"Jobyna"	"Brannan"	"Emergent"
"442575.0"	"Managed Securities"	"Securities"	"2015-01-28T00:00:00.000000Z"	"5635230904577839818"	"2015-05-28T00:00:00.000000Z"	"1"	"-326.68"	"27381.66"	"4.0"	"16109.1475"	"11922.106060137125"	"4.0"	"28.222499999999997"	"112.88999999999999"	"6.0"	"217.0"	"27560.0"	"2.0"	"168.60999999999999"	"33.0"	"9.0"	"Female"	"2003-10-31T00:00:00.000000Z"	"28.0"	"107430.0"	"1.GOLD"	"1934-06-25T00:00:00.000000Z"	"Boyce"	"Tugman"	"Sophisticates"
"846770.0"	"Managed Securities"	"Securities"	"2015-01-28T00:00:00.000000Z"	"3745850730004883962"	"2015-03-28T00:00:00.000000Z"	"1"	"14969.72"	"15899.35"	"2.0"	"15434.535"	"657.3476769944509"	"2.0"	"24.635"	"49.27"	"3.0"	"205.0"	"32700.0"	"1.0"	"58.04"	"42.0"	"4.0"	"Male"	"2009-08-05T00:00:00.000000Z"	"7.0"	"117560.0"	"1.GOLD"	"1963-06-04T00:00:00.000000Z"	"Nananne"	"Spyvye"	"Sophisticates"
"357512.0"	"Direct Securities"	"Securities"	"2016-01-28T00:00:00.000000Z"	"3567305779408989128"	""	"0"	"-399.51"	"1184.45"	"4.0"	"454.6725"	"650.6709749366419"	"4.0"	"6.685"	"26.74"	"4.0"	"253.0"	"11930.0"	"0.0"	"0.0"	"51.0"	"6.0"	"Female"	"2002-05-06T00:00:00.000000Z"	"28.0"	"40170.0"	"3.BRONZE"	"1994-06-25T00:00:00.000000Z"	"Florida"	"O'Crowley"	"Emergent"
"80785.0"	"Managed Securities"	"Securities"	"2015-01-28T00:00:00.000000Z"	"1997587840069176997"	""	"0"	"-662.14"	"2676.01"	"16.0"	"1085.82125"	"991.2431745498511"	"16.0"	"14.154999999999996"	"226.47999999999993"	"2.0"	"184.0"	"5670.0"	"1.0"	"11.02"	"42.0"	"13.0"	"Female"	"1997-12-26T00:00:00.000000Z"	"28.0"	"17760.0"	"2.SILVER"	"1971-06-25T00:00:00.000000Z"	"Rad"	"Asaaf"	"Traditionalist"
"708335.0"	"Personal Loan"	"Unsecured Lending"	"2015-01-28T00:00:00.000000Z"	"3687629881197479081"	""	"0"	"-1028.32"	"158.18"	"16.0"	"-435.07"	"376.59132579849296"	"16.0"	"10.244645444728084"	"163.91432711564934"	"3.0"	"185.0"	"8990.0"	"2.0"	"117.37"	"51.0"	"4.0"	"Male"	"2007-08-02T00:00:00.000000Z"	"28.0"	"35090.0"	"2.SILVER"	"1978-06-25T00:00:00.000000Z"	"Jessica"	"Carlisso"	"Traditionalist"
"1297803.0"	"Current Account"	"Deposit Account"	"2015-01-28T00:00:00.000000Z"	"5994309999188734362"	""	"0"	"464.02"	"4362.14"	"16.0"	"2030.4556249999996"	"1118.6722555837864"	"16.0"	"1.5"	"24.0"	"1.0"	"189.0"	"6120.0"	"0.0"	"0.0"	"41.0"	"6.0"	"Female"	"2014-08-20T00:00:00.000000Z"	"41.0"	"22670.0"	"2.SILVER"	"1959-07-08T00:00:00.000000Z"	"Zelig"	"Shervil"	"Loyalist"
"349581.0"	"Savings Account"	"Deposit Account"	"2015-01-28T00:00:00.000000Z"	"2953672026349116011"	""	"0"	"-1015.08"	"4536.55"	"16.0"	"1655.98625"	"1563.8459317800457"	"16.0"	""	""	"2.0"	"220.0"	"6850.0"	"1.0"	"152.18"	"50.0"	"7.0"	"Female"	"2002-04-12T00:00:00.000000Z"	"28.0"	"21870.0"	"2.SILVER"	"1972-06-25T00:00:00.000000Z"	"Franz"	"Gaffer"	"Sophisticates"
"307825.0"	"Premium Credit Card"	"Unsecured Lending"	"2015-01-28T00:00:00.000000Z"	"6700058688936011201"	""	"0"	"-332.02"	"803.0"	"16.0"	"416.994375"	"333.56236792077834"	"16.0"	"2.6156249999999996"	"41.849999999999994"	"0.0"	"200.0"	"4300.0"	"2.0"	"45.239999999999995"	"44.0"	"6.0"	"Male"	"2001-12-15T00:00:00.000000Z"	"38.0"	"13940.0"	"2.SILVER"	"1968-07-05T00:00:00.000000Z"	"Melisa"	"Baffin"	"Loyalist"
"806059.0"	"Personal Loan"	"Unsecured Lending"	"2015-01-28T00:00:00.000000Z"	"9101123771256336952"	""	"0"	"2584.93"	"8549.83"	"16.0"	"5567.379999999999"	"1893.240285929567"	"16.0"	"2.5209921569024636"	"40.33587451043942"	"2.0"	"201.0"	"10920.0"	"0.0"	"0.0"	"40.0"	"2.0"	"Male"	"2008-10-19T00:00:00.000000Z"	"28.0"	"37570.0"	"2.SILVER"	"1978-06-25T00:00:00.000000Z"	"Neely"	"Lauxmann"	"Loyalist"
"161118.0"	"Standard Credit Card"	"Unsecured Lending"	"2015-01-28T00:00:00.000000Z"	"7990144365307696700"	"2015-09-28T00:00:00.000000Z"	"1"	"-2969.58"	"6488.96"	"8.0"	"2968.88"	"3416.0363680775667"	"8.0"	"30.872500000000002"	"246.98000000000002"	"4.0"	"197.0"	"16000.0"	"3.0"	"374.66999999999996"	"42.0"	"7.0"	"Male"	"2000-02-16T00:00:00.000000Z"	"28.0"	"57740.0"	"1.GOLD"	"1960-06-25T00:00:00.000000Z"	"Jervis"	"Boynton"	"Traditionalist"
"1404591.0"	"Personal Loan"	"Unsecured Lending"	"2015-12-28T00:00:00.000000Z"	"4879138927628312555"	""	"0"	"4018.89"	"4766.57"	"5.0"	"4392.73"	"295.54647011933645"	"5.0"	"10.299455699058003"	"51.49727849529001"	"1.0"	"107.0"	"2120.0"	"0.0"	"0.0"	"24.0"	"3.0"	"Female"	"2015-07-05T00:00:00.000000Z"	"12.0"	"15510.0"	"2.SILVER"	"1980-06-09T00:00:00.000000Z"	"Alena"	"Lints"	"Loyalist"
"389225.0"	"Savings Account"	"Deposit Account"	"2015-01-28T00:00:00.000000Z"	"4762546474071020354"	""	"0"	"21.7"	"2391.33"	"16.0"	"1008.795625"	"628.2941201907352"	"16.0"	""	""	"3.0"	"185.0"	"3630.0"	"1.0"	"9.16"	"42.0"	"9.0"	"Male"	"2002-11-05T00:00:00.000000Z"	"41.0"	"11860.0"	"1.GOLD"	"1969-07-08T00:00:00.000000Z"	"Milzie"	"Goves"	"Sophisticates"
"278004.0"	"Home Equity Loan"	"Secured Lending"	"2015-01-28T00:00:00.000000Z"	"4174069672730876676"	""	"0"	"237.9"	"1427.1"	"16.0"	"832.4999999999999"	"377.448297209918"	"16.0"	"0.2086652794794346"	"3.338644471670954"	"3.0"	"187.0"	"5110.0"	"0.0"	"0.0"	"41.0"	"8.0"	"Female"	"2001-10-04T00:00:00.000000Z"	"28.0"	"16200.0"	"2.SILVER"	"1973-06-25T00:00:00.000000Z"	"Engracia"	"Olding"	"Sophisticates"
"58147.0"	"Managed Securities"	"Securities"	"2015-01-28T00:00:00.000000Z"	"1440120099361756927"	""	"0"	"70.78"	"1838.72"	"16.0"	"707.9737500000001"	"400.02738637706625"	"16.0"	"21.34125"	"341.46"	"1.0"	"208.0"	"4870.0"	"1.0"	"23.25"	"39.0"	"4.0"	"Female"	"1998-06-04T00:00:00.000000Z"	"28.0"	"18280.0"	"2.SILVER"	"1964-06-25T00:00:00.000000Z"	"Griswold"	"Renahan"	"Loyalist"
"1259512.0"	"Current Account"	"Deposit Account"	"2015-01-28T00:00:00.000000Z"	"8282235287650352444"	""	"0"	"-768.26"	"5285.04"	"16.0"	"2297.67625"	"1614.6491988824282"	"16.0"	"1.0"	"16.0"	"0.0"	"180.0"	"9820.0"	"2.0"	"69.22"	"41.0"	"0.0"	"Female"	"2014-05-22T00:00:00.000000Z"	"28.0"	"32030.0"	"2.SILVER"	"1972-06-25T00:00:00.000000Z"	"Faulkner"	"Nand"	"Emergent"
"100475.0"	"Current Account"	"Deposit Account"	"2015-01-28T00:00:00.000000Z"	"7917375384089015707"	""	"0"	"-1086.79"	"3326.89"	"16.0"	"1259.3106249999998"	"1096.9068005409194"	"16.0"	"0.0"	"0.0"	"1.0"	"191.0"	"11340.0"	"1.0"	"29.51"	"34.0"	"8.0"	"Female"	"1998-06-25T00:00:00.000000Z"	"27.0"	"36970.0"	"2.SILVER"	"1968-06-24T00:00:00.000000Z"	"Kelila"	"Cavnor"	"Sophisticates"
"915663.0"	"Mortgage"	"Secured Lending"	"2015-04-28T00:00:00.000000Z"	"7006164808083837732"	"2015-04-28T00:00:00.000000Z"	"1"	""	""	""	""	""	""	""	""	"1.0"	"176.0"	"21330.0"	"1.0"	"196.46"	"42.0"	"3.0"	"Female"	"2011-06-21T00:00:00.000000Z"	"28.0"	"71500.0"	"2.SILVER"	"1978-06-25T00:00:00.000000Z"	"Ardith"	"McReedy"	"Loyalist"
"219803.0"	"Standard Credit Card"	"Unsecured Lending"	"2015-01-28T00:00:00.000000Z"	"4868055130686919829"	""	"0"	"-528.2"	"1688.26"	"16.0"	"419.808125"	"536.3119122577675"	"16.0"	"9.759375"	"156.15"	"5.0"	"183.0"	"7470.0"	"1.0"	"2.12"	"43.0"	"13.0"	"Female"	"2001-02-01T00:00:00.000000Z"	"8.0"	"26110.0"	"2.SILVER"	"1973-06-05T00:00:00.000000Z"	"Geoffrey"	"Dorot"	"Sophisticates"
"288751.0"	"Savings Account"	"Deposit Account"	"2015-01-28T00:00:00.000000Z"	"3472516424378968718"	""	"0"	"-345.51"	"2061.13"	"16.0"	"956.45375"	"627.0181525163367"	"16.0"	""	""	"1.0"	"194.0"	"2960.0"	"1.0"	"5.21"	"38.0"	"8.0"	"Female"	"2001-10-30T00:00:00.000000Z"	"3.0"	"10450.0"	"2.SILVER"	"1956-05-31T00:00:00.000000Z"	"Lay"	"Blader"	"Emergent"
"32715.0"	"Savings Account"	"Deposit Account"	"2015-01-28T00:00:00.000000Z"	"8787873499427444105"	"2015-03-28T00:00:00.000000Z"	"1"	"173.82"	"842.57"	"2.0"	"508.19500000000005"	"472.8776599185037"	"2.0"	""	""	"1.0"	"187.0"	"8250.0"	"0.0"	"0.0"	"41.0"	"11.0"	"Female"	"1998-03-13T00:00:00.000000Z"	"7.0"	"27470.0"	"2.SILVER"	"1945-06-04T00:00:00.000000Z"	"Forest"	"Woodlands"	"Sophisticates"
"288993.0"	"Mortgage"	"Secured Lending"	"2015-01-28T00:00:00.000000Z"	"5157257219760607870"	"2015-07-28T00:00:00.000000Z"	"1"	"40366.71"	"41475.71"	"6.0"	"40921.21"	"414.94980419322485"	"6.0"	"9.68928034166438"	"58.13568204998628"	"1.0"	"202.0"	"4980.0"	"0.0"	"0.0"	"42.0"	"5.0"	"Female"	"2001-10-31T00:00:00.000000Z"	"35.0"	"16530.0"	"2.SILVER"	"1972-07-02T00:00:00.000000Z"	"Deina"	"Ameer-Beg"	"Loyalist"
"797479.0"	"Current Account"	"Deposit Account"	"2015-02-28T00:00:00.000000Z"	"8329696110713926984"	"2015-09-28T00:00:00.000000Z"	"1"	"-453.73"	"2294.63"	"7.0"	"956.842857142857"	"947.5335512742946"	"7.0"	"1.0"	"7.0"	"1.0"	"194.0"	"2470.0"	"0.0"	"0.0"	"39.0"	"2.0"	"Female"	"2008-09-26T00:00:00.000000Z"	"47.0"	"8040.0"	"1.GOLD"	"1970-07-14T00:00:00.000000Z"	"Sherline"	"McOrkill"	"Loyalist"
"171480.0"	"Direct Securities"	"Securities"	"2015-01-28T00:00:00.000000Z"	"2749908082862173177"	"2015-09-28T00:00:00.000000Z"	"1"	"-3935.03"	"4381.89"	"8.0"	"1448.40625"	"2838.628361333981"	"8.0"	"7.95375"	"63.63"	"2.0"	"211.0"	"7480.0"	"1.0"	"241.9"	"44.0"	"6.0"	"Female"	"2000-04-14T00:00:00.000000Z"	"32.0"	"29210.0"	"2.SILVER"	"1957-06-29T00:00:00.000000Z"	"Wally"	"Liversage"	"Loyalist"
"1195811.0"	"Current Account"	"Deposit Account"	"2015-01-28T00:00:00.000000Z"	"6942280927281501920"	""	"0"	"-457.59"	"2889.1"	"16.0"	"1413.258125"	"1026.9075480893675"	"16.0"	"2.0"	"32.0"	"3.0"	"193.0"	"5290.0"	"0.0"	"0.0"	"44.0"	"2.0"	"Male"	"2013-10-11T00:00:00.000000Z"	"46.0"	"14690.0"	"2.SILVER"	"1981-07-13T00:00:00.000000Z"	"Zachery"	"Shimuk"	"Emergent"
"622876.0"	"Premium Credit Card"	"Unsecured Lending"	"2015-01-28T00:00:00.000000Z"	"2118029489280492574"	""	"0"	"-1152.94"	"5855.64"	"16.0"	"2374.689375"	"1710.0874750392888"	"16.0"	"12.87875"	"206.06"	"4.0"	"174.0"	"7340.0"	"0.0"	"0.0"	"43.0"	"3.0"	"Female"	"2006-06-20T00:00:00.000000Z"	"38.0"	"23650.0"	"2.SILVER"	"1984-07-05T00:00:00.000000Z"	"Reine"	"Reichhardt"	"Emergent"
"309134.0"	"Current Account"	"Deposit Account"	"2015-01-28T00:00:00.000000Z"	"883887257249295268"	""	"0"	"1183.79"	"10606.61"	"16.0"	"6208.858124999999"	"2754.0851806851547"	"16.0"	"0.0"	"0.0"	"2.0"	"187.0"	"9020.0"	"1.0"	"62.68"	"35.0"	"8.0"	"Male"	"2001-12-19T00:00:00.000000Z"	"28.0"	"32940.0"	"2.SILVER"	"1978-06-25T00:00:00.000000Z"	"Yorke"	"Dagworthy"	"Sophisticates"
"1185383.0"	"Current Account"	"Deposit Account"	"2015-01-28T00:00:00.000000Z"	"6584488816504593313"	""	"0"	"-2432.89"	"8117.59"	"16.0"	"3388.5106250000003"	"2553.369084968508"	"16.0"	"2.0"	"32.0"	"0.0"	"184.0"	"8900.0"	"0.0"	"0.0"	"51.0"	"0.0"	"Male"	"2013-09-30T00:00:00.000000Z"	"29.0"	"28670.0"	"3.BRONZE"	"1992-06-26T00:00:00.000000Z"	"Indira"	"Loakes"	"Emergent"
"717245.0"	"Personal Loan"	"Unsecured Lending"	"2015-01-28T00:00:00.000000Z"	"9109308283035577331"	""	"0"	"-2505.15"	"762.45"	"16.0"	"-871.3499999999999"	"1037.1258459158496"	"16.0"	"8.85059169259436"	"141.60946708150976"	"5.0"	"197.0"	"6370.0"	"1.0"	"4.16"	"35.0"	"10.0"	"Female"	"2007-09-07T00:00:00.000000Z"	"9.0"	"23720.0"	"2.SILVER"	"1982-06-06T00:00:00.000000Z"	"Cassius"	"Patesel"	"Loyalist"
"660969.0"	"Premium Credit Card"	"Unsecured Lending"	"2015-01-28T00:00:00.000000Z"	"4268506003354669632"	"2016-04-28T00:00:00.000000Z"	"1"	"-156.88"	"819.73"	"15.0"	"321.90133333333335"	"235.5178859409519"	"15.0"	"5.602666666666667"	"84.04"	"7.0"	"219.0"	"3130.0"	"1.0"	"19.47"	"42.0"	"7.0"	"Male"	"2009-07-13T00:00:00.000000Z"	"28.0"	"12150.0"	"2.SILVER"	"1977-06-25T00:00:00.000000Z"	"Shandeigh"	"Daymont"	"Loyalist"
"654545.0"	"Current Account"	"Deposit Account"	"2015-01-28T00:00:00.000000Z"	"2844388430997297074"	""	"0"	"23.14"	"113.61"	"16.0"	"76.70937500000001"	"26.340520234991565"	"16.0"	"2.5"	"40.0"	"2.0"	"182.0"	"2690.0"	"1.0"	"3.04"	"31.0"	"16.0"	"Male"	"2006-11-07T00:00:00.000000Z"	"33.0"	"9680.0"	"1.GOLD"	"1928-06-30T00:00:00.000000Z"	"Tiphany"	"Shuter"	"Sophisticates"
"571616.0"	"Home Equity Loan"	"Secured Lending"	"2015-01-28T00:00:00.000000Z"	"459223605118114970"	""	"0"	"6751.45"	"12708.7"	"16.0"	"9730.075"	"1890.8122002638606"	"16.0"	"18.11679891505188"	"289.8687826408301"	"1.0"	"194.0"	"13950.0"	"0.0"	"0.0"	"47.0"	"4.0"	"Female"	"2005-10-22T00:00:00.000000Z"	"28.0"	"50340.0"	"2.SILVER"	"1974-06-25T00:00:00.000000Z"	"Darby"	"Hinkensen"	"Sophisticates"
"376806.0"	"Current Account"	"Deposit Account"	"2015-01-28T00:00:00.000000Z"	"893019814616200776"	""	"0"	"-62.79"	"2456.8"	"16.0"	"1060.8200000000002"	"753.9979393959466"	"16.0"	"0.5"	"8.0"	"0.0"	"225.0"	"9230.0"	"0.0"	"0.0"	"44.0"	"2.0"	"Male"	"2002-08-01T00:00:00.000000Z"	"28.0"	"31400.0"	"3.BRONZE"	"1983-06-25T00:00:00.000000Z"	"Amery"	"MacGorman"	"Emergent"
"940820.0"	"Current Account"	"Deposit Account"	"2015-01-28T00:00:00.000000Z"	"6771985289370530070"	""	"0"	"-314.47"	"1165.25"	"16.0"	"521.8106250000001"	"380.69756567768684"	"16.0"	"2.5"	"40.0"	"1.0"	"232.0"	"3380.0"	"1.0"	"2.31"	"36.0"	"5.0"	"Male"	"2011-09-12T00:00:00.000000Z"	"29.0"	"10940.0"	"2.SILVER"	"1948-06-26T00:00:00.000000Z"	"Josephina"	"Pickrill"	"Sophisticates"
"297342.0"	"Premium Credit Card"	"Unsecured Lending"	"2015-01-28T00:00:00.000000Z"	"3224146758738321736"	""	"0"	"116.89"	"1895.26"	"16.0"	"1014.0975"	"639.8334308917179"	"16.0"	"9.08375"	"145.34"	"2.0"	"208.0"	"6170.0"	"1.0"	"17.45"	"41.0"	"3.0"	"Female"	"2001-11-16T00:00:00.000000Z"	"16.0"	"20190.0"	"2.SILVER"	"1970-06-13T00:00:00.000000Z"	"Inge"	"Brothwell"	"Loyalist"
"178993.0"	"Standard Credit Card"	"Unsecured Lending"	"2015-01-28T00:00:00.000000Z"	"4537072643918578496"	""	"0"	"250.39"	"3978.39"	"16.0"	"1513.2174999999997"	"993.1942356826954"	"16.0"	"7.545"	"120.72"	"5.0"	"195.0"	"7620.0"	"2.0"	"49.04"	"43.0"	"10.0"	"Female"	"2000-06-15T00:00:00.000000Z"	"50.0"	"27390.0"	"2.SILVER"	"1969-07-17T00:00:00.000000Z"	"Libbie"	"Wybron"	"Traditionalist"
"637814.0"	"Current Account"	"Deposit Account"	"2015-01-28T00:00:00.000000Z"	"6334399569916958965"	""	"0"	"-990.12"	"2906.19"	"16.0"	"1302.190625"	"1137.9141978225994"	"16.0"	"1.5"	"24.0"	"1.0"	"202.0"	"6680.0"	"2.0"	"86.0"	"49.0"	"0.0"	"Male"	"2006-08-29T00:00:00.000000Z"	"8.0"	"22990.0"	"2.SILVER"	"1982-06-05T00:00:00.000000Z"	"Klaus"	"Grelka"	"Emergent"
"1311828.0"	"Car Loan"	"Secured Lending"	"2015-01-28T00:00:00.000000Z"	"471638135023161566"	"2015-11-28T00:00:00.000000Z"	"1"	"3357.75"	"4796.76"	"10.0"	"4077.255"	"484.0910151166486"	"10.0"	"13.146903940849555"	"131.46903940849555"	"4.0"	"199.0"	"6750.0"	"1.0"	"29.38"	"47.0"	"5.0"	"Female"	"2014-09-19T00:00:00.000000Z"	"37.0"	"23190.0"	"3.BRONZE"	"1982-07-04T00:00:00.000000Z"	"Valene"	"Braunston"	"Loyalist"
"694123.0"	"Mortgage"	"Secured Lending"	"2015-01-28T00:00:00.000000Z"	"5413362761698718810"	"2015-01-28T00:00:00.000000Z"	"1"	""	""	""	""	""	""	""	""	"0.0"	"40.0"	"1780.0"	"0.0"	"0.0"	"14.0"	"0.0"	"Male"	"2007-05-30T00:00:00.000000Z"	"28.0"	"19080.0"	"2.SILVER"	"1977-06-25T00:00:00.000000Z"	"Courtney"	"Boarder"	"Loyalist"
"1150227.0"	"Current Account"	"Deposit Account"	"2015-01-28T00:00:00.000000Z"	"8659805786462310726"	""	"0"	"-692.63"	"2537.21"	"16.0"	"884.918125"	"865.2579584780386"	"16.0"	"0.5"	"8.0"	"5.0"	"185.0"	"4090.0"	"0.0"	"0.0"	"52.0"	"3.0"	"Female"	"2013-07-29T00:00:00.000000Z"	"22.0"	"16260.0"	"3.BRONZE"	"1994-06-19T00:00:00.000000Z"	"Karyl"	"Mulford"	"Emergent"
"272614.0"	"Current Account"	"Deposit Account"	"2015-01-28T00:00:00.000000Z"	"119752131708685629"	""	"0"	"542.23"	"5913.28"	"16.0"	"3076.505625"	"1409.102294450708"	"16.0"	"0.5"	"8.0"	"0.0"	"211.0"	"11310.0"	"1.0"	"93.64"	"47.0"	"4.0"	"Female"	"2001-09-18T00:00:00.000000Z"	"8.0"	"43840.0"	"2.SILVER"	"1969-06-05T00:00:00.000000Z"	"Rochella"	"Jasik"	"Emergent"
"73624.0"	"Savings Account"	"Deposit Account"	"2015-01-28T00:00:00.000000Z"	"5770373214741882190"	"2015-10-28T00:00:00.000000Z"	"1"	"402.97"	"3027.1"	"9.0"	"1633.23"	"933.9251507080212"	"9.0"	""	""	"1.0"	"179.0"	"5640.0"	"1.0"	"88.07"	"47.0"	"8.0"	"Female"	"2000-06-22T00:00:00.000000Z"	"28.0"	"19750.0"	"2.SILVER"	"1963-06-25T00:00:00.000000Z"	"Filberte"	"Aston"	"Loyalist"
"1073106.0"	"Managed Securities"	"Securities"	"2015-01-28T00:00:00.000000Z"	"7153368159997977456"	"2015-12-28T00:00:00.000000Z"	"1"	"1255.14"	"5185.24"	"11.0"	"2840.303636363636"	"1358.3002378949413"	"11.0"	"18.02090909090909"	"198.23"	"0.0"	"186.0"	"4940.0"	"0.0"	"0.0"	"43.0"	"1.0"	"Female"	"2012-10-02T00:00:00.000000Z"	"46.0"	"17340.0"	"1.GOLD"	"1963-07-13T00:00:00.000000Z"	"Pepito"	"Grishakov"	"Loyalist"
"874655.0"	"Current Account"	"Deposit Account"	"2015-01-28T00:00:00.000000Z"	"3318657980687615307"	""	"0"	"-847.17"	"2483.09"	"16.0"	"1099.571875"	"961.5309649319239"	"16.0"	"1.5"	"24.0"	"2.0"	"214.0"	"7070.0"	"0.0"	"0.0"	"42.0"	"4.0"	"Male"	"2010-04-20T00:00:00.000000Z"	"28.0"	"25090.0"	"2.SILVER"	"1954-06-25T00:00:00.000000Z"	"Tobe"	"Keyzor"	"Sophisticates"
"43308.0"	"Premium Credit Card"	"Unsecured Lending"	"2015-01-28T00:00:00.000000Z"	"3364997758352197638"	""	"0"	"-2329.94"	"20268.94"	"16.0"	"8424.76875"	"6559.921539794893"	"16.0"	"37.021875"	"592.35"	"3.0"	"207.0"	"13580.0"	"0.0"	"0.0"	"33.0"	"7.0"	"Male"	"1996-07-15T00:00:00.000000Z"	"28.0"	"51320.0"	"2.SILVER"	"1971-06-25T00:00:00.000000Z"	"Casey"	"Jaher"	"Loyalist"
"315305.0"	"Current Account"	"Deposit Account"	"2015-06-28T00:00:00.000000Z"	"6029414611219325475"	"2015-12-28T00:00:00.000000Z"	"1"	"-4055.02"	"7683.47"	"6.0"	"2082.1133333333332"	"4207.812981712314"	"6.0"	"0.5"	"3.0"	"0.0"	"186.0"	"15030.0"	"1.0"	"18.18"	"46.0"	"5.0"	"Male"	"2002-01-14T00:00:00.000000Z"	"8.0"	"49650.0"	"2.SILVER"	"1970-06-05T00:00:00.000000Z"	"Malvin"	"Sharrock"	"Loyalist"
"468117.0"	"Current Account"	"Deposit Account"	"2015-01-28T00:00:00.000000Z"	"3534095793150500906"	""	"0"	"-596.13"	"2285.92"	"16.0"	"960.36375"	"906.056955096275"	"16.0"	"0.5"	"8.0"	"1.0"	"196.0"	"9490.0"	"0.0"	"0.0"	"56.0"	"0.0"	"Female"	"2004-04-12T00:00:00.000000Z"	"28.0"	"33010.0"	"2.SILVER"	"1982-06-25T00:00:00.000000Z"	"Josselyn"	"Hillett"	"Emergent"
"450132.0"	"Current Account"	"Deposit Account"	"2015-01-28T00:00:00.000000Z"	"4116624035835605261"	""	"0"	"-1495.33"	"9078.68"	"16.0"	"3240.823125"	"2928.3710374352468"	"16.0"	"2.0"	"32.0"	"1.0"	"224.0"	"8160.0"	"0.0"	"0.0"	"38.0"	"4.0"	"Female"	"2003-12-23T00:00:00.000000Z"	"28.0"	"30130.0"	"2.SILVER"	"1970-06-25T00:00:00.000000Z"	"Ahmad"	"Figurski"	"Sophisticates"
"854151.0"	"Current Account"	"Deposit Account"	"2015-01-28T00:00:00.000000Z"	"7345943220036549805"	""	"0"	"139.61"	"2141.4"	"16.0"	"973.1550000000001"	"649.8443130473637"	"16.0"	"1.0"	"16.0"	"0.0"	"217.0"	"3880.0"	"0.0"	"0.0"	"41.0"	"7.0"	"Male"	"2009-10-14T00:00:00.000000Z"	"28.0"	"14150.0"	"2.SILVER"	"1976-06-25T00:00:00.000000Z"	"Gery"	"Antonetti"	"Sophisticates"
"966516.0"	"Current Account"	"Deposit Account"	"2015-03-28T00:00:00.000000Z"	"2102759933983313967"	"2015-04-28T00:00:00.000000Z"	"1"	"740.23"	"740.23"	"1.0"	"740.23"	""	"1.0"	"1.0"	"1.0"	"0.0"	"75.0"	"2940.0"	"0.0"	"0.0"	"18.0"	"0.0"	"Male"	"2011-10-20T00:00:00.000000Z"	"29.0"	"29840.0"	"3.BRONZE"	"1993-06-26T00:00:00.000000Z"	"Chandra"	"O'Lenane"	"Loyalist"
"271052.0"	"Standard Credit Card"	"Unsecured Lending"	"2015-01-28T00:00:00.000000Z"	"4442417582211491039"	""	"0"	"-736.45"	"3190.78"	"16.0"	"1384.8012499999998"	"1040.6183180710398"	"16.0"	"2.969375"	"47.51"	"3.0"	"183.0"	"6610.0"	"1.0"	"7.99"	"52.0"	"6.0"	"Female"	"2001-09-07T00:00:00.000000Z"	"28.0"	"23720.0"	"2.SILVER"	"1970-06-25T00:00:00.000000Z"	"Curcio"	"Poschel"	"Loyalist"
"771882.0"	"Current Account"	"Deposit Account"	"2015-01-28T00:00:00.000000Z"	"8431139644269587023"	""	"0"	"-2084.58"	"6403.97"	"16.0"	"2057.280625"	"2570.8556079781915"	"16.0"	"0.0"	"0.0"	"2.0"	"187.0"	"8340.0"	"0.0"	"0.0"	"44.0"	"4.0"	"Female"	"2008-06-04T00:00:00.000000Z"	"15.0"	"28510.0"	"2.SILVER"	"1972-06-12T00:00:00.000000Z"	"Jarret"	"Hunter"	"Emergent"
"310773.0"	"Current Account"	"Deposit Account"	"2015-01-28T00:00:00.000000Z"	"8170568797408927066"	""	"0"	"-154.57"	"7400.85"	"16.0"	"2426.9631249999998"	"1941.665961679021"	"16.0"	"2.0"	"32.0"	"1.0"	"189.0"	"11440.0"	"3.0"	"444.45000000000005"	"38.0"	"6.0"	"Female"	"2001-12-26T00:00:00.000000Z"	"28.0"	"43470.0"	"2.SILVER"	"1949-06-25T00:00:00.000000Z"	"Tisha"	"Yerill"	"Loyalist"
"1421124.0"	"Current Account"	"Deposit Account"	"2015-08-28T00:00:00.000000Z"	"8001597614626884111"	"2016-04-28T00:00:00.000000Z"	"1"	"204.48"	"1793.64"	"8.0"	"1204.93125"	"646.0533947733843"	"8.0"	"1.0"	"8.0"	"0.0"	"100.0"	"1950.0"	"0.0"	"0.0"	"16.0"	"1.0"	"Male"	"2015-07-29T00:00:00.000000Z"	"46.0"	"12460.0"	"2.SILVER"	"1959-07-13T00:00:00.000000Z"	"Lotti"	"Clogg"	"Emergent"
"961456.0"	"Current Account"	"Deposit Account"	"2015-01-28T00:00:00.000000Z"	"5954785600041850750"	""	"0"	"-730.06"	"28570.21"	"16.0"	"13426.144375"	"9345.609115364618"	"16.0"	"0.0"	"0.0"	"0.0"	"199.0"	"29150.0"	"0.0"	"0.0"	"50.0"	"0.0"	"Female"	"2011-10-14T00:00:00.000000Z"	"8.0"	"111060.0"	"3.BRONZE"	"1993-06-05T00:00:00.000000Z"	"Mohandis"	"Pinchon"	"Emergent"
"522754.0"	"Car Loan"	"Secured Lending"	"2015-03-28T00:00:00.000000Z"	"8175241334869146521"	"2015-12-28T00:00:00.000000Z"	"1"	"10417.2"	"12449.84"	"9.0"	"11433.519999999999"	"695.826737054563"	"9.0"	"28.447304954876863"	"256.0257445938918"	"1.0"	"112.0"	"7660.0"	"1.0"	"15.29"	"28.0"	"1.0"	"Male"	"2005-03-14T00:00:00.000000Z"	"45.0"	"41820.0"	"2.SILVER"	"1974-07-12T00:00:00.000000Z"	"Levon"	"Gaskamp"	"Loyalist"
"323269.0"	"Personal Loan"	"Unsecured Lending"	"2015-01-28T00:00:00.000000Z"	"8295255572813598567"	""	"0"	"2603.77"	"7198.87"	"16.0"	"4901.32"	"1458.470123199877"	"16.0"	"3.8210568648453442"	"61.13690983752551"	"2.0"	"214.0"	"6150.0"	"0.0"	"0.0"	"39.0"	"2.0"	"Male"	"2003-04-07T00:00:00.000000Z"	"28.0"	"24180.0"	"1.GOLD"	"1971-06-25T00:00:00.000000Z"	"Dennet"	"Huntingdon"	"Loyalist"
"1010131.0"	"Mortgage"	"Secured Lending"	"2015-02-28T00:00:00.000000Z"	"7822835367859155140"	""	"0"	"39673.89"	"49772.65"	"15.0"	"44723.27"	"3225.9305497794057"	"15.0"	"1.2420015808544949"	"18.630023712817422"	"1.0"	"207.0"	"11940.0"	"1.0"	"24.9"	"38.0"	"6.0"	"Male"	"2012-03-28T00:00:00.000000Z"	"28.0"	"41580.0"	"2.SILVER"	"1977-06-25T00:00:00.000000Z"	"Wally"	"Ludwig"	"Traditionalist"
"1222277.0"	"Current Account"	"Deposit Account"	"2015-01-28T00:00:00.000000Z"	"2612587839674324810"	""	"0"	"-1498.26"	"6176.47"	"16.0"	"2135.07625"	"2178.2379586196885"	"16.0"	"2.0"	"32.0"	"0.0"	"215.0"	"18750.0"	"0.0"	"0.0"	"46.0"	"2.0"	"Male"	"2013-11-19T00:00:00.000000Z"	"8.0"	"69750.0"	"3.BRONZE"	"1995-06-05T00:00:00.000000Z"	"Mikol"	"Liversage"	"Emergent"
"273681.0"	"Savings Account"	"Deposit Account"	"2015-01-28T00:00:00.000000Z"	"6540162911361751185"	""	"0"	"241.28"	"9261.88"	"16.0"	"3793.125624999999"	"2809.6075626605902"	"16.0"	""	""	"1.0"	"178.0"	"8080.0"	"0.0"	"0.0"	"39.0"	"2.0"	"Female"	"2001-09-24T00:00:00.000000Z"	"45.0"	"32060.0"	"2.SILVER"	"1963-07-12T00:00:00.000000Z"	"Hersch"	"Whittington"	"Emergent"
"1139370.0"	"Personal Loan"	"Unsecured Lending"	"2015-01-28T00:00:00.000000Z"	"7541066124174333821"	"2015-11-28T00:00:00.000000Z"	"1"	"6020.5"	"8872.24"	"10.0"	"7446.370000000001"	"959.3412911993304"	"10.0"	"0.30450146630897856"	"3.0450146630897854"	"1.0"	"149.0"	"11200.0"	"0.0"	"0.0"	"43.0"	"1.0"	"Female"	"2013-07-03T00:00:00.000000Z"	"13.0"	"36800.0"	"2.SILVER"	"1986-06-10T00:00:00.000000Z"	"Isidro"	"Shepherdson"	"Loyalist"
"387729.0"	"Current Account"	"Deposit Account"	"2015-01-28T00:00:00.000000Z"	"7443051715307800501"	""	"0"	"-1178.56"	"4065.53"	"16.0"	"1826.1968749999999"	"1557.9695300303267"	"16.0"	"0.0"	"0.0"	"5.0"	"234.0"	"23100.0"	"0.0"	"0.0"	"33.0"	"22.0"	"Female"	"2010-06-21T00:00:00.000000Z"	"28.0"	"79320.0"	"1.GOLD"	"1944-06-25T00:00:00.000000Z"	"Brad"	"Sabatini"	"Sophisticates"
"254134.0"	"Mortgage"	"Secured Lending"	"2015-10-28T00:00:00.000000Z"	"7553461230118399855"	"2015-12-28T00:00:00.000000Z"	"1"	"30315.34"	"30478.33"	"2.0"	"30396.835"	"115.25133426559523"	"2.0"	"6.294220602045197"	"12.588441204090394"	"0.0"	"223.0"	"5120.0"	"0.0"	"0.0"	"38.0"	"7.0"	"Female"	"2001-06-18T00:00:00.000000Z"	"13.0"	"18100.0"	"2.SILVER"	"1975-06-10T00:00:00.000000Z"	"Ranee"	"Dolle"	"Loyalist"
"416098.0"	"Personal Loan"	"Unsecured Lending"	"2015-01-28T00:00:00.000000Z"	"171177706037660663"	"2015-05-28T00:00:00.000000Z"	"1"	"-1827.79"	"3655.55"	"4.0"	"913.8799999999999"	"2359.653833510331"	"4.0"	"69.90077670486599"	"279.60310681946396"	"3.0"	"189.0"	"32720.0"	"1.0"	"1078.91"	"39.0"	"5.0"	"Female"	"2003-04-22T00:00:00.000000Z"	"28.0"	"112980.0"	"2.SILVER"	"1970-06-25T00:00:00.000000Z"	"Adolpho"	"Reijmers"	"Sophisticates"
"1253066.0"	"Car Loan"	"Secured Lending"	"2015-01-28T00:00:00.000000Z"	"4223410523860594910"	""	"0"	"-753.94"	"861.71"	"16.0"	"53.88499999999999"	"512.8021706922334"	"16.0"	"1.3552754553433783"	"21.684407285494053"	"2.0"	"198.0"	"4900.0"	"2.0"	"113.68"	"44.0"	"9.0"	"Female"	"2014-04-10T00:00:00.000000Z"	"6.0"	"15400.0"	"2.SILVER"	"1974-06-03T00:00:00.000000Z"	"Poul"	"Depper"	"Sophisticates"
"1397265.0"	"Current Account"	"Deposit Account"	"2015-05-28T00:00:00.000000Z"	"5153905320089422228"	"2015-07-28T00:00:00.000000Z"	"1"	"677.76"	"1383.47"	"2.0"	"1030.615"	"499.0123265511585"	"2.0"	"1.5"	"3.0"	"0.0"	"147.0"	"2420.0"	"1.0"	"29.97"	"33.0"	"2.0"	"Male"	"2015-05-15T00:00:00.000000Z"	"35.0"	"10910.0"	"2.SILVER"	"1964-07-02T00:00:00.000000Z"	"Janos"	"Gludor"	"Loyalist"
"1346632.0"	"Current Account"	"Deposit Account"	"2015-01-28T00:00:00.000000Z"	"5519849857184142190"	""	"0"	"-304.82"	"1012.42"	"16.0"	"367.18"	"371.8804189879681"	"16.0"	"2.5"	"40.0"	"2.0"	"196.0"	"6560.0"	"2.0"	"17.22"	"43.0"	"6.0"	"Female"	"2014-11-03T00:00:00.000000Z"	"45.0"	"20150.0"	"2.SILVER"	"1951-07-12T00:00:00.000000Z"	"Trip"	"Lauxmann"	"Emergent"
"1432102.0"	"Current Account"	"Deposit Account"	"2015-09-28T00:00:00.000000Z"	"1954327060257767902"	""	"0"	"100.07"	"2529.39"	"8.0"	"969.85375"	"854.5798288873142"	"8.0"	"2.0"	"16.0"	"0.0"	"113.0"	"3350.0"	"0.0"	"0.0"	"24.0"	"1.0"	"Male"	"2015-08-07T00:00:00.000000Z"	"45.0"	"18200.0"	"3.BRONZE"	"1995-07-12T00:00:00.000000Z"	"Jemmy"	"Perassi"	"Emergent"
"99199.0"	"Savings Account"	"Deposit Account"	"2015-01-28T00:00:00.000000Z"	"6718512173066951075"	""	"0"	"-357.59"	"3048.45"	"16.0"	"1550.924375"	"1072.2460986357485"	"16.0"	""	""	"0.0"	"224.0"	"4410.0"	"1.0"	"13.71"	"38.0"	"4.0"	"Female"	"1998-06-12T00:00:00.000000Z"	"6.0"	"16320.0"	"2.SILVER"	"1960-06-03T00:00:00.000000Z"	"Dwight"	"Lisciandro"	"Sophisticates"
"1370546.0"	"Personal Loan"	"Unsecured Lending"	"2015-01-28T00:00:00.000000Z"	"6889394151153612903"	""	"0"	"-4156.02"	"4749.78"	"16.0"	"296.8800000000001"	"2826.672591062974"	"16.0"	"35.55715332069219"	"568.914453131075"	"3.0"	"213.0"	"14590.0"	"1.0"	"7.27"	"46.0"	"2.0"	"Female"	"2014-12-17T00:00:00.000000Z"	"28.0"	"49030.0"	"2.SILVER"	"1981-06-25T00:00:00.000000Z"	"Gennie"	"Rosenauer"	"Emergent"
"468260.0"	"Current Account"	"Deposit Account"	"2015-01-28T00:00:00.000000Z"	"8679176326419999194"	""	"0"	"-2490.41"	"6853.5"	"16.0"	"3272.7425"	"2556.7394751558086"	"16.0"	"2.0"	"32.0"	"0.0"	"186.0"	"9130.0"	"2.0"	"160.54999999999998"	"45.0"	"11.0"	"Female"	"2004-04-13T00:00:00.000000Z"	"28.0"	"28720.0"	"2.SILVER"	"1956-06-25T00:00:00.000000Z"	"Darrel"	"Gitting"	"Traditionalist"
"213621.0"	"Standard Credit Card"	"Unsecured Lending"	"2015-01-28T00:00:00.000000Z"	"5056508185851939229"	""	"0"	"-2819.58"	"20422.39"	"16.0"	"8813.041874999999"	"8156.236884387488"	"16.0"	"23.724999999999994"	"379.5999999999999"	"13.0"	"178.0"	"15900.0"	"4.0"	"159.61"	"36.0"	"23.0"	"Male"	"2001-01-08T00:00:00.000000Z"	"28.0"	"59480.0"	"1.GOLD"	"1931-06-25T00:00:00.000000Z"	"Nicki"	"Leavold"	"Sophisticates"
"993763.0"	"Current Account"	"Deposit Account"	"2015-01-28T00:00:00.000000Z"	"4639800259300114280"	"2015-12-28T00:00:00.000000Z"	"1"	"503.83"	"2396.82"	"11.0"	"1633.26"	"635.4117263790464"	"11.0"	"1.5"	"16.5"	"1.0"	"188.0"	"5990.0"	"0.0"	"0.0"	"45.0"	"1.0"	"Female"	"2011-12-14T00:00:00.000000Z"	"28.0"	"23770.0"	"3.BRONZE"	"1984-06-25T00:00:00.000000Z"	"Aldrich"	"Joust"	"Loyalist"
"1382602.0"	"Personal Loan"	"Unsecured Lending"	"2015-04-28T00:00:00.000000Z"	"1311271254533515279"	""	"0"	"852.74"	"2056.58"	"13.0"	"1454.6600000000003"	"390.69026913912234"	"13.0"	"0.46210851016317095"	"6.007410632121222"	"3.0"	"177.0"	"1890.0"	"4.0"	"36.07"	"26.0"	"8.0"	"Male"	"2015-02-16T00:00:00.000000Z"	"28.0"	"7440.0"	"2.SILVER"	"1942-06-25T00:00:00.000000Z"	"Arlen"	"Leneve"	"Loyalist"
"349625.0"	"Managed Securities"	"Securities"	"2015-01-28T00:00:00.000000Z"	"8890837316466141186"	""	"0"	"-538.27"	"3044.1"	"16.0"	"1358.09375"	"999.664445614127"	"16.0"	"20.717499999999998"	"331.47999999999996"	"1.0"	"212.0"	"6090.0"	"3.0"	"90.16999999999999"	"40.0"	"12.0"	"Male"	"2004-06-15T00:00:00.000000Z"	"28.0"	"21450.0"	"1.GOLD"	"1944-06-25T00:00:00.000000Z"	"Britta"	"Gricks"	"Sophisticates"
"832712.0"	"Current Account"	"Deposit Account"	"2015-01-28T00:00:00.000000Z"	"6285913515324104743"	""	"0"	"-22.65"	"158.31"	"16.0"	"55.83187499999999"	"49.89468217739575"	"16.0"	"1.0"	"16.0"	"2.0"	"223.0"	"3650.0"	"1.0"	"18.75"	"43.0"	"6.0"	"Male"	"2009-02-06T00:00:00.000000Z"	"23.0"	"13210.0"	"2.SILVER"	"1974-06-20T00:00:00.000000Z"	"Gannon"	"Henzley"	"Emergent"
"17381.0"	"Car Loan"	"Secured Lending"	"2015-02-28T00:00:00.000000Z"	"791528621304577045"	""	"0"	"2625.44"	"3424.42"	"15.0"	"3024.9300000000007"	"255.22479895182656"	"15.0"	"21.347913035950302"	"320.21869553925455"	"9.0"	"218.0"	"13590.0"	"4.0"	"606.98"	"43.0"	"10.0"	"Female"	"1997-07-23T00:00:00.000000Z"	"8.0"	"41820.0"	"2.SILVER"	"1971-06-05T00:00:00.000000Z"	"Newton"	"Petr"	"Sophisticates"
"421862.0"	"Premium Credit Card"	"Unsecured Lending"	"2015-01-28T00:00:00.000000Z"	"1449316765298177233"	""	"0"	"-6610.73"	"21604.17"	"16.0"	"5062.28625"	"6422.277004668334"	"16.0"	"8.238750000000001"	"131.82000000000002"	"4.0"	"191.0"	"13740.0"	"1.0"	"30.05"	"57.0"	"7.0"	"Male"	"2003-06-04T00:00:00.000000Z"	"28.0"	"43790.0"	"1.GOLD"	"1983-06-25T00:00:00.000000Z"	"Sondra"	"Caughan"	"Loyalist"
"240098.0"	"Mortgage"	"Secured Lending"	"2015-01-28T00:00:00.000000Z"	"5084599112158520881"	""	"0"	"99758.19"	"104082.99"	"16.0"	"101920.58999999998"	"1372.6777630116248"	"16.0"	"1.3804047089078717"	"22.086475342525947"	"2.0"	"183.0"	"7010.0"	"1.0"	"24.83"	"36.0"	"5.0"	"Male"	"2002-06-19T00:00:00.000000Z"	"41.0"	"30090.0"	"2.SILVER"	"1972-07-08T00:00:00.000000Z"	"Raffaello"	"Eger"	"Sophisticates"
"99771.0"	"Standard Credit Card"	"Unsecured Lending"	"2015-01-28T00:00:00.000000Z"	"812633099399307512"	"2016-04-28T00:00:00.000000Z"	"1"	"-1728.12"	"11832.45"	"15.0"	"4278.115333333333"	"3877.7758727354944"	"15.0"	"2.6806666666666668"	"40.21"	"4.0"	"219.0"	"10640.0"	"2.0"	"74.17"	"40.0"	"9.0"	"Female"	"1998-06-18T00:00:00.000000Z"	"28.0"	"36230.0"	"2.SILVER"	"1967-06-25T00:00:00.000000Z"	"Garrek"	"Vinall"	"Traditionalist"
"300675.0"	"Managed Securities"	"Securities"	"2015-01-28T00:00:00.000000Z"	"3568465397595282598"	"2015-01-28T00:00:00.000000Z"	"1"	""	""	""	""	""	""	""	""	"0.0"	"17.0"	"1070.0"	"0.0"	"0.0"	"4.0"	"0.0"	"Female"	"2001-11-24T00:00:00.000000Z"	"8.0"	"66610.0"	"2.SILVER"	"1970-06-05T00:00:00.000000Z"	"Gearalt"	"Cheeney"	"Loyalist"
"380392.0"	"Car Loan"	"Secured Lending"	"2015-01-28T00:00:00.000000Z"	"3587254910070818488"	""	"0"	"1587.37"	"3571.42"	"16.0"	"2579.395"	"629.7311588289084"	"16.0"	"1.5374334988573561"	"24.5989359817177"	"3.0"	"223.0"	"4920.0"	"1.0"	"29.14"	"40.0"	"9.0"	"Male"	"2002-11-11T00:00:00.000000Z"	"3.0"	"16510.0"	"1.GOLD"	"1968-05-31T00:00:00.000000Z"	"Fee"	"Piele"	"Loyalist"
"819204.0"	"Personal Loan"	"Unsecured Lending"	"2016-04-28T00:00:00.000000Z"	"1058024918111977785"	"2016-04-28T00:00:00.000000Z"	"1"	""	""	""	""	""	""	""	""	"1.0"	"199.0"	"8930.0"	"1.0"	"76.24"	"41.0"	"7.0"	"Female"	"2008-11-25T00:00:00.000000Z"	"3.0"	"29210.0"	"2.SILVER"	"1959-05-31T00:00:00.000000Z"	"Meade"	"Gaye"	"Loyalist"
"856978.0"	"Mortgage"	"Secured Lending"	"2015-01-28T00:00:00.000000Z"	"3657529507698558274"	""	"0"	"143152.57"	"147790.27"	"16.0"	"145471.42"	"1471.9912276912746"	"16.0"	"5.688393789708873"	"91.01430063534197"	"6.0"	"203.0"	"4790.0"	"3.0"	"85.52"	"44.0"	"11.0"	"Female"	"2009-11-16T00:00:00.000000Z"	"3.0"	"17420.0"	"1.GOLD"	"1967-05-31T00:00:00.000000Z"	"Barbie"	"Truluck"	"Traditionalist"
"428693.0"	"Personal Loan"	"Unsecured Lending"	"2015-01-28T00:00:00.000000Z"	"1882276176699337228"	""	"0"	"-1866.5"	"1866.4"	"16.0"	"-0.049999999999940314"	"1184.8105858181157"	"16.0"	"5.560354585466793"	"88.96567336746868"	"7.0"	"204.0"	"5580.0"	"4.0"	"24.19"	"45.0"	"8.0"	"Female"	"2003-09-18T00:00:00.000000Z"	"28.0"	"18810.0"	"1.GOLD"	"1959-06-25T00:00:00.000000Z"	"Leigh"	"Medgewick"	"Traditionalist"
"909712.0"	"Car Loan"	"Secured Lending"	"2015-01-28T00:00:00.000000Z"	"8714883419105088063"	""	"0"	"7908.02"	"10949.57"	"16.0"	"9428.795"	"965.3782949704204"	"16.0"	"13.88807714606696"	"222.20923433707136"	"3.0"	"229.0"	"13960.0"	"3.0"	"174.91000000000003"	"36.0"	"8.0"	"Female"	"2011-04-15T00:00:00.000000Z"	"28.0"	"41280.0"	"2.SILVER"	"1964-06-25T00:00:00.000000Z"	"Bridgette"	"Antoniutti"	"Sophisticates"
"279049.0"	"Current Account"	"Deposit Account"	"2015-01-28T00:00:00.000000Z"	"1411835019544916304"	""	"0"	"-839.58"	"8008.14"	"16.0"	"3587.8006249999994"	"2419.0190731519497"	"16.0"	"2.0"	"32.0"	"2.0"	"224.0"	"7410.0"	"0.0"	"0.0"	"50.0"	"8.0"	"Female"	"2001-10-05T00:00:00.000000Z"	"28.0"	"22010.0"	"2.SILVER"	"1952-06-25T00:00:00.000000Z"	"Freddie"	"Barme"	"Sophisticates"
"938939.0"	"Car Loan"	"Secured Lending"	"2015-01-28T00:00:00.000000Z"	"1756787349486557318"	"2016-04-28T00:00:00.000000Z"	"1"	"-2475.37"	"1375.19"	"15.0"	"-550.09"	"1230.0162730630843"	"15.0"	"7.034031057313144"	"105.51046585969716"	"5.0"	"176.0"	"19210.0"	"3.0"	"215.99"	"43.0"	"10.0"	"Male"	"2011-09-06T00:00:00.000000Z"	"46.0"	"63780.0"	"2.SILVER"	"1971-07-13T00:00:00.000000Z"	"Donal"	"Venables"	"Loyalist"
"136863.0"	"Standard Credit Card"	"Unsecured Lending"	"2015-01-28T00:00:00.000000Z"	"1269697036770104713"	"2015-04-28T00:00:00.000000Z"	"1"	"2554.74"	"7902.68"	"3.0"	"6019.143333333333"	"3004.075585639172"	"3.0"	"24.44666666666667"	"73.34"	"1.0"	"208.0"	"13700.0"	"4.0"	"501.80999999999995"	"41.0"	"11.0"	"Male"	"1999-06-29T00:00:00.000000Z"	"28.0"	"42560.0"	"2.SILVER"	"1964-06-25T00:00:00.000000Z"	"Daniela"	"Stegers"	"Loyalist"
"1305800.0"	"Current Account"	"Deposit Account"	"2015-01-28T00:00:00.000000Z"	"9201994453720365575"	"2015-06-28T00:00:00.000000Z"	"1"	"-1753.26"	"6108.25"	"5.0"	"2570.158"	"3162.5156209211045"	"5.0"	"0.0"	"0.0"	"2.0"	"191.0"	"10490.0"	"0.0"	"0.0"	"48.0"	"5.0"	"Female"	"2014-09-11T00:00:00.000000Z"	"8.0"	"37920.0"	"3.BRONZE"	"1995-06-05T00:00:00.000000Z"	"Vanda"	"Asman"	"Loyalist"
"1425172.0"	"Mortgage"	"Secured Lending"	"2016-04-28T00:00:00.000000Z"	"3148093440941685015"	""	"0"	"109276.27"	"109276.27"	"1.0"	"109276.27"	""	"1.0"	"2.420818397529895"	"2.420818397529895"	"0.0"	"72.0"	"1120.0"	"0.0"	"0.0"	"11.0"	"0.0"	"Female"	"2015-08-01T00:00:00.000000Z"	"37.0"	"9850.0"	"3.BRONZE"	"1986-07-04T00:00:00.000000Z"	"Stevana"	"Palister"	"Emergent"
"883400.0"	"Personal Loan"	"Unsecured Lending"	"2015-01-28T00:00:00.000000Z"	"5713600843693100163"	"2015-05-28T00:00:00.000000Z"	"1"	"4288.17"	"4824.21"	"4.0"	"4556.1900000000005"	"230.6748881001134"	"4.0"	"2.3774996773637467"	"9.509998709454987"	"4.0"	"198.0"	"3820.0"	"1.0"	"4.31"	"52.0"	"3.0"	"Male"	"2010-06-18T00:00:00.000000Z"	"29.0"	"12830.0"	"1.GOLD"	"1977-06-26T00:00:00.000000Z"	"Arlen"	"Haward"	"Loyalist"
"576863.0"	"Mortgage"	"Secured Lending"	"2016-02-28T00:00:00.000000Z"	"153493150831424322"	"2016-03-28T00:00:00.000000Z"	"1"	"121107.07"	"121107.07"	"1.0"	"121107.07"	""	"1.0"	"4.7171469593823465"	"4.7171469593823465"	"0.0"	"102.0"	"2540.0"	"0.0"	"0.0"	"17.0"	"1.0"	"Female"	"2005-11-01T00:00:00.000000Z"	"30.0"	"19330.0"	"3.BRONZE"	"1983-06-27T00:00:00.000000Z"	"Ralina"	"Cejka"	"Loyalist"
"420322.0"	"Direct Securities"	"Securities"	"2015-01-28T00:00:00.000000Z"	"6477778217331931535"	""	"0"	"-1527.38"	"11314.83"	"16.0"	"4718.6325"	"3917.671580517353"	"16.0"	"78.20562499999998"	"1251.2899999999997"	"4.0"	"207.0"	"15540.0"	"3.0"	"589.6999999999999"	"41.0"	"10.0"	"Female"	"2003-05-23T00:00:00.000000Z"	"28.0"	"65930.0"	"1.GOLD"	"1965-06-25T00:00:00.000000Z"	"Garnet"	"McElvine"	"Sophisticates"
"157631.0"	"Premium Credit Card"	"Unsecured Lending"	"2015-01-28T00:00:00.000000Z"	"8211559383328587544"	""	"0"	"-1600.15"	"29583.35"	"16.0"	"11007.019999999999"	"9552.963727181213"	"16.0"	"28.55625"	"456.9"	"1.0"	"194.0"	"25010.0"	"0.0"	"0.0"	"40.0"	"5.0"	"Male"	"2000-11-27T00:00:00.000000Z"	"28.0"	"85230.0"	"2.SILVER"	"1975-06-25T00:00:00.000000Z"	"Zorine"	"Girardini"	"Sophisticates"
"492669.0"	"Managed Securities"	"Securities"	"2015-01-28T00:00:00.000000Z"	"1723535058358088282"	"2015-08-28T00:00:00.000000Z"	"1"	"670.4"	"4103.87"	"7.0"	"2995.605714285714"	"1261.9776608146587"	"7.0"	"6.697142857142857"	"46.879999999999995"	"2.0"	"184.0"	"7160.0"	"0.0"	"0.0"	"45.0"	"8.0"	"Female"	"2004-09-23T00:00:00.000000Z"	"8.0"	"23660.0"	"1.GOLD"	"1967-06-05T00:00:00.000000Z"	"Micah"	"Drinkwater"	"Loyalist"
"440452.0"	"Current Account"	"Deposit Account"	"2015-01-28T00:00:00.000000Z"	"6001430963305184214"	""	"0"	"-245.49"	"1853.57"	"16.0"	"1170.7000000000003"	"589.0829831186774"	"16.0"	"0.5"	"8.0"	"4.0"	"211.0"	"10810.0"	"2.0"	"376.01"	"43.0"	"5.0"	"Female"	"2003-10-17T00:00:00.000000Z"	"28.0"	"33880.0"	"2.SILVER"	"1975-06-25T00:00:00.000000Z"	"Bink"	"Jaher"	"Sophisticates"
"443983.0"	"Current Account"	"Deposit Account"	"2015-12-28T00:00:00.000000Z"	"4660984069181946738"	"2016-03-28T00:00:00.000000Z"	"1"	"1391.4"	"2714.5"	"3.0"	"2226.4066666666668"	"726.5741862558381"	"3.0"	"0.0"	"0.0"	"2.0"	"193.0"	"6200.0"	"1.0"	"13.92"	"44.0"	"7.0"	"Male"	"2003-11-10T00:00:00.000000Z"	"33.0"	"25600.0"	"2.SILVER"	"1951-06-30T00:00:00.000000Z"	"Alard"	"Gregoretti"	"Traditionalist"
"1385561.0"	"Personal Loan"	"Unsecured Lending"	"2015-06-28T00:00:00.000000Z"	"4326088236563072107"	""	"0"	"12790.86"	"20314.86"	"11.0"	"16552.86"	"2495.428492263399"	"11.0"	"8.647033407101732"	"95.11736747811905"	"1.0"	"174.0"	"14080.0"	"0.0"	"0.0"	"43.0"	"0.0"	"Male"	"2015-03-02T00:00:00.000000Z"	"33.0"	"49580.0"	"3.BRONZE"	"1995-06-30T00:00:00.000000Z"	"Oralee"	"Timbridge"	"Loyalist"
"78101.0"	"Standard Credit Card"	"Unsecured Lending"	"2015-03-28T00:00:00.000000Z"	"3809339563054852222"	"2016-04-28T00:00:00.000000Z"	"1"	"-275.56"	"2321.36"	"13.0"	"1221.670769230769"	"742.3787867216836"	"13.0"	"29.38230769230769"	"381.96999999999997"	"4.0"	"191.0"	"14080.0"	"1.0"	"12.33"	"38.0"	"7.0"	"Female"	"1997-12-01T00:00:00.000000Z"	"28.0"	"43670.0"	"2.SILVER"	"1965-06-25T00:00:00.000000Z"	"Goldia"	"Pyford"	"Sophisticates"
"161624.0"	"Savings Account"	"Deposit Account"	"2015-01-28T00:00:00.000000Z"	"480495592358526576"	""	"0"	"-8355.74"	"16475.63"	"16.0"	"6675.7625"	"7038.891899296365"	"16.0"	""	""	"2.0"	"214.0"	"17800.0"	"3.0"	"266.38"	"38.0"	"7.0"	"Female"	"2000-02-18T00:00:00.000000Z"	"28.0"	"56540.0"	"1.GOLD"	"1953-06-25T00:00:00.000000Z"	"Thomasin"	"Odda"	"Sophisticates"
"1382349.0"	"Mortgage"	"Secured Lending"	"2016-04-28T00:00:00.000000Z"	"2414881989446016753"	""	"0"	"315846.53"	"315846.53"	"1.0"	"315846.53"	""	"1.0"	"23.105972964756788"	"23.105972964756788"	"0.0"	"171.0"	"6480.0"	"1.0"	"16.7"	"44.0"	"2.0"	"Female"	"2015-02-12T00:00:00.000000Z"	"14.0"	"28370.0"	"3.BRONZE"	"1985-06-11T00:00:00.000000Z"	"Hermy"	"Rees"	"Emergent"
"1098681.0"	"Car Loan"	"Secured Lending"	"2015-04-28T00:00:00.000000Z"	"5137734695201162640"	""	"0"	"5947.54"	"8110.3"	"13.0"	"7028.919999999999"	"701.8950080437016"	"13.0"	"12.753305057254247"	"165.7929657443052"	"2.0"	"173.0"	"6400.0"	"1.0"	"82.3"	"37.0"	"5.0"	"Female"	"2012-11-12T00:00:00.000000Z"	"34.0"	"25270.0"	"2.SILVER"	"1980-07-01T00:00:00.000000Z"	"Kania"	"Thornthwaite"	"Loyalist"
"1084370.0"	"Current Account"	"Deposit Account"	"2015-01-28T00:00:00.000000Z"	"2128468342645806248"	""	"0"	"-1884.92"	"4940.07"	"16.0"	"1481.33375"	"1857.9929089777677"	"16.0"	"2.0"	"32.0"	"1.0"	"207.0"	"7300.0"	"0.0"	"0.0"	"47.0"	"2.0"	"Male"	"2012-10-19T00:00:00.000000Z"	"37.0"	"27240.0"	"3.BRONZE"	"1986-07-04T00:00:00.000000Z"	"Alisha"	"Rees"	"Emergent"
"1178937.0"	"Personal Loan"	"Unsecured Lending"	"2015-08-28T00:00:00.000000Z"	"3662073745552337545"	""	"0"	"-662.63"	"301.21"	"9.0"	"-180.71"	"329.94806864111206"	"9.0"	"10.81550625060282"	"97.33955625542538"	"2.0"	"201.0"	"5770.0"	"0.0"	"0.0"	"48.0"	"0.0"	"Female"	"2013-09-19T00:00:00.000000Z"	"11.0"	"22900.0"	"3.BRONZE"	"1994-06-08T00:00:00.000000Z"	"Marcelo"	"Gilford"	"Loyalist"
"1363187.0"	"Mortgage"	"Secured Lending"	"2015-06-28T00:00:00.000000Z"	"8758617925345177006"	""	"0"	"572873.01"	"585192.91"	"11.0"	"579032.9600000001"	"4086.0485754700167"	"11.0"	"7.857187823363603"	"86.42906605699963"	"3.0"	"175.0"	"11510.0"	"1.0"	"52.73"	"41.0"	"5.0"	"Female"	"2014-12-01T00:00:00.000000Z"	"29.0"	"50850.0"	"2.SILVER"	"1964-06-26T00:00:00.000000Z"	"Deena"	"Gricks"	"Loyalist"
"318297.0"	"Managed Securities"	"Securities"	"2015-01-28T00:00:00.000000Z"	"7391146669987891691"	""	"0"	"-55.48"	"4467.25"	"16.0"	"1724.12"	"1262.3339699355847"	"16.0"	"7.47875"	"119.66"	"14.0"	"203.0"	"3510.0"	"8.0"	"166.31"	"33.0"	"23.0"	"Female"	"2002-01-18T00:00:00.000000Z"	"28.0"	"14380.0"	"1.GOLD"	"1939-06-25T00:00:00.000000Z"	"Eugenius"	"Dumbarton"	"Traditionalist"
"401083.0"	"Current Account"	"Deposit Account"	"2015-01-28T00:00:00.000000Z"	"2013137923814001986"	""	"0"	"-558.12"	"2042.17"	"16.0"	"886.295625"	"702.9156121846469"	"16.0"	"1.5"	"24.0"	"1.0"	"234.0"	"5650.0"	"1.0"	"18.32"	"48.0"	"8.0"	"Female"	"2003-01-13T00:00:00.000000Z"	"45.0"	"20170.0"	"2.SILVER"	"1970-07-12T00:00:00.000000Z"	"Nevsa"	"Letham"	"Sophisticates"
"970861.0"	"Car Loan"	"Secured Lending"	"2016-04-28T00:00:00.000000Z"	"8282067812717341245"	"2016-04-28T00:00:00.000000Z"	"1"	""	""	""	""	""	""	""	""	"2.0"	"203.0"	"5630.0"	"0.0"	"0.0"	"43.0"	"0.0"	"Male"	"2011-10-31T00:00:00.000000Z"	"41.0"	"19710.0"	"3.BRONZE"	"1984-07-08T00:00:00.000000Z"	"Bastien"	"Kidder"	"Loyalist"
"815178.0"	"Current Account"	"Deposit Account"	"2015-01-28T00:00:00.000000Z"	"5254927204951817212"	""	"0"	"229.01"	"3573.83"	"16.0"	"1677.41"	"1022.021843745687"	"16.0"	"1.0"	"16.0"	"0.0"	"224.0"	"3310.0"	"1.0"	"28.91"	"44.0"	"4.0"	"Female"	"2008-11-08T00:00:00.000000Z"	"28.0"	"10580.0"	"2.SILVER"	"1975-06-25T00:00:00.000000Z"	"Deny"	"Iorns"	"Emergent"
"875623.0"	"Current Account"	"Deposit Account"	"2015-01-28T00:00:00.000000Z"	"5197466048607400292"	""	"0"	"-66.56"	"101.19"	"16.0"	"36.309375"	"44.20726056034235"	"16.0"	"0.5"	"8.0"	"0.0"	"212.0"	"12000.0"	"0.0"	"0.0"	"39.0"	"1.0"	"Male"	"2010-04-26T00:00:00.000000Z"	"28.0"	"37910.0"	"2.SILVER"	"1983-06-25T00:00:00.000000Z"	"Scottie"	"Castellanos"	"Emergent"
"176111.0"	"Standard Credit Card"	"Unsecured Lending"	"2015-01-28T00:00:00.000000Z"	"1467284222104084352"	""	"0"	"-2069.23"	"6437.82"	"16.0"	"2306.390625"	"2346.9205076652215"	"16.0"	"16.156875"	"258.51"	"1.0"	"188.0"	"10860.0"	"1.0"	"198.45"	"46.0"	"3.0"	"Female"	"2000-05-16T00:00:00.000000Z"	"28.0"	"34320.0"	"2.SILVER"	"1973-06-25T00:00:00.000000Z"	"Rosa"	"Mathwin"	"Sophisticates"
"136533.0"	"Current Account"	"Deposit Account"	"2015-01-28T00:00:00.000000Z"	"2734890705035943507"	""	"0"	"-180.46"	"4330.22"	"16.0"	"1889.4068750000004"	"1570.2574682461845"	"16.0"	"1.0"	"16.0"	"0.0"	"200.0"	"7090.0"	"0.0"	"0.0"	"54.0"	"3.0"	"Female"	"1999-06-28T00:00:00.000000Z"	"33.0"	"22580.0"	"2.SILVER"	"1972-06-30T00:00:00.000000Z"	"Humberto"	"Barme"	"Sophisticates"
"1344388.0"	"Mortgage"	"Secured Lending"	"2015-11-28T00:00:00.000000Z"	"1167533193374007102"	"2016-04-28T00:00:00.000000Z"	"1"	"108943.55"	"115081.23"	"5.0"	"112012.39000000001"	"2426.131043657781"	"5.0"	"15.579379966962605"	"77.89689983481303"	"0.0"	"199.0"	"17580.0"	"0.0"	"0.0"	"43.0"	"4.0"	"Female"	"2014-10-29T00:00:00.000000Z"	"28.0"	"61320.0"	"3.BRONZE"	"1992-06-25T00:00:00.000000Z"	"Kelley"	"Asman"	"Loyalist"
"1054164.0"	"Managed Securities"	"Securities"	"2015-01-28T00:00:00.000000Z"	"1050463207926881148"	"2016-03-28T00:00:00.000000Z"	"1"	"368.64"	"11483.43"	"14.0"	"6859.186428571427"	"3346.202548280219"	"14.0"	"20.542857142857144"	"287.6"	"0.0"	"187.0"	"10110.0"	"0.0"	"0.0"	"35.0"	"5.0"	"Male"	"2012-08-27T00:00:00.000000Z"	"5.0"	"38570.0"	"1.GOLD"	"1948-06-02T00:00:00.000000Z"	"Carlyn"	"Byneth"	"Sophisticates"
"1333124.0"	"Current Account"	"Deposit Account"	"2015-01-28T00:00:00.000000Z"	"3688961101477448648"	""	"0"	"-2145.58"	"4768.83"	"16.0"	"1728.021875"	"1615.6443590684132"	"16.0"	"1.5"	"24.0"	"2.0"	"265.0"	"4200.0"	"0.0"	"0.0"	"46.0"	"4.0"	"Male"	"2014-10-15T00:00:00.000000Z"	"41.0"	"15730.0"	"3.BRONZE"	"1991-07-08T00:00:00.000000Z"	"Bridgette"	"Huntingdon"	"Emergent"
"1178926.0"	"Current Account"	"Deposit Account"	"2015-01-28T00:00:00.000000Z"	"6850275064003778873"	""	"0"	"179.86"	"2374.09"	"16.0"	"1213.369375"	"720.9648402843583"	"16.0"	"0.0"	"0.0"	"0.0"	"198.0"	"5060.0"	"0.0"	"0.0"	"52.0"	"1.0"	"Male"	"2013-09-19T00:00:00.000000Z"	"11.0"	"17470.0"	"3.BRONZE"	"1988-06-08T00:00:00.000000Z"	"Bennie"	"Sendley"	"Emergent"
"838476.0"	"Current Account"	"Deposit Account"	"2015-01-28T00:00:00.000000Z"	"5199077122062139498"	""	"0"	"-417.49"	"3245.43"	"16.0"	"918.4612500000001"	"857.6499262820855"	"16.0"	"2.0"	"32.0"	"3.0"	"203.0"	"6570.0"	"2.0"	"68.24"	"36.0"	"9.0"	"Female"	"2009-03-17T00:00:00.000000Z"	"8.0"	"24100.0"	"2.SILVER"	"1959-06-05T00:00:00.000000Z"	"Yoko"	"Iacobassi"	"Sophisticates"
"377785.0"	"Current Account"	"Deposit Account"	"2015-01-28T00:00:00.000000Z"	"1104829172148155860"	""	"0"	"148.29"	"1561.25"	"16.0"	"872.8762499999999"	"466.77655153724254"	"16.0"	"1.5"	"24.0"	"1.0"	"206.0"	"3030.0"	"0.0"	"0.0"	"38.0"	"3.0"	"Female"	"2002-09-09T00:00:00.000000Z"	"10.0"	"10420.0"	"2.SILVER"	"1956-06-07T00:00:00.000000Z"	"Sansone"	"Rees"	"Sophisticates"
"163417.0"	"Direct Securities"	"Securities"	"2015-01-28T00:00:00.000000Z"	"5731372867902212326"	""	"0"	"285.0"	"7523.72"	"16.0"	"2640.739375"	"2031.437084035072"	"16.0"	"23.088124999999998"	"369.40999999999997"	"4.0"	"183.0"	"13450.0"	"0.0"	"0.0"	"39.0"	"14.0"	"Male"	"2000-02-28T00:00:00.000000Z"	"28.0"	"47830.0"	"1.GOLD"	"1958-06-25T00:00:00.000000Z"	"Elly"	"MacCoughan"	"Sophisticates"
"1212498.0"	"Mortgage"	"Secured Lending"	"2015-06-28T00:00:00.000000Z"	"8505484705810216242"	"2015-06-28T00:00:00.000000Z"	"1"	""	""	""	""	""	""	""	""	"1.0"	"184.0"	"5520.0"	"0.0"	"0.0"	"49.0"	"1.0"	"Male"	"2013-10-31T00:00:00.000000Z"	"41.0"	"20220.0"	"3.BRONZE"	"1988-07-08T00:00:00.000000Z"	"Jarret"	"McGill"	"Loyalist"
"936607.0"	"Current Account"	"Deposit Account"	"2015-01-28T00:00:00.000000Z"	"1011939576895566751"	""	"0"	"703.27"	"3905.84"	"16.0"	"2136.70875"	"1009.0261002166066"	"16.0"	"2.0"	"32.0"	"1.0"	"210.0"	"5280.0"	"0.0"	"0.0"	"45.0"	"1.0"	"Male"	"2011-08-26T00:00:00.000000Z"	"37.0"	"16230.0"	"3.BRONZE"	"1986-07-04T00:00:00.000000Z"	"Curcio"	"Tommis"	"Emergent"
"91180.0"	"Standard Credit Card"	"Unsecured Lending"	"2015-01-28T00:00:00.000000Z"	"2295615495389170663"	""	"0"	"577.77"	"9572.75"	"16.0"	"4451.734375"	"2905.8099028738243"	"16.0"	"31.380625000000002"	"502.09000000000003"	"2.0"	"206.0"	"14700.0"	"3.0"	"51.01"	"32.0"	"9.0"	"Female"	"1998-04-17T00:00:00.000000Z"	"28.0"	"46160.0"	"2.SILVER"	"1965-06-25T00:00:00.000000Z"	"Alexandro"	"Goade"	"Sophisticates"
"1056144.0"	"Current Account"	"Deposit Account"	"2015-01-28T00:00:00.000000Z"	"1487136729582730572"	""	"0"	"-978.7"	"12355.31"	"16.0"	"5479.210625"	"3917.244803820612"	"16.0"	"2.0"	"32.0"	"1.0"	"185.0"	"16880.0"	"1.0"	"51.96"	"38.0"	"2.0"	"Female"	"2012-09-05T00:00:00.000000Z"	"28.0"	"58040.0"	"1.GOLD"	"1965-06-25T00:00:00.000000Z"	"Al"	"Tatersale"	"Sophisticates"
"478061.0"	"Mortgage"	"Secured Lending"	"2015-05-28T00:00:00.000000Z"	"8443839252650690129"	"2015-05-28T00:00:00.000000Z"	"1"	""	""	""	""	""	""	""	""	"2.0"	"237.0"	"11090.0"	"2.0"	"329.32"	"33.0"	"5.0"	"Male"	"2004-06-07T00:00:00.000000Z"	"28.0"	"40860.0"	"2.SILVER"	"1935-06-25T00:00:00.000000Z"	"Kellia"	"Fader"	"Loyalist"
"460978.0"	"Premium Credit Card"	"Unsecured Lending"	"2015-03-28T00:00:00.000000Z"	"5803268715817402241"	""	"0"	"-2307.37"	"9555.81"	"14.0"	"5600.552857142858"	"3255.0596865552807"	"14.0"	"27.000714285714285"	"378.01"	"8.0"	"190.0"	"29460.0"	"1.0"	"235.87"	"40.0"	"11.0"	"Male"	"2004-02-25T00:00:00.000000Z"	"28.0"	"107830.0"	"1.GOLD"	"1975-06-25T00:00:00.000000Z"	"Lorain"	"Dax"	"Loyalist"
"667228.0"	"Standard Credit Card"	"Unsecured Lending"	"2015-09-28T00:00:00.000000Z"	"1274642433494167317"	"2016-01-28T00:00:00.000000Z"	"1"	"131.33"	"3543.95"	"4.0"	"1744.4674999999997"	"1472.8143458104284"	"4.0"	"1.2925"	"5.17"	"1.0"	"243.0"	"3300.0"	"1.0"	"36.16"	"39.0"	"1.0"	"Female"	"2007-01-09T00:00:00.000000Z"	"41.0"	"11180.0"	"2.SILVER"	"1965-07-08T00:00:00.000000Z"	"Dennison"	"Garfath"	"Loyalist"
"902331.0"	"Managed Securities"	"Securities"	"2015-01-28T00:00:00.000000Z"	"8688303650004962966"	"2015-08-28T00:00:00.000000Z"	"1"	"1830.05"	"3624.57"	"7.0"	"2704.79"	"588.4167278666823"	"7.0"	"5.127142857142857"	"35.89"	"2.0"	"115.0"	"7430.0"	"0.0"	"0.0"	"24.0"	"3.0"	"Female"	"2011-01-27T00:00:00.000000Z"	"47.0"	"42770.0"	"2.SILVER"	"1968-07-14T00:00:00.000000Z"	"Jeffry"	"De Hooch"	"Loyalist"
"545821.0"	"Savings Account"	"Deposit Account"	"2015-01-28T00:00:00.000000Z"	"7817775923409595287"	""	"0"	"-164.25"	"3054.43"	"16.0"	"947.6106249999999"	"786.6954340147039"	"16.0"	""	""	"0.0"	"230.0"	"7210.0"	"1.0"	"33.09"	"45.0"	"5.0"	"Female"	"2005-08-04T00:00:00.000000Z"	"28.0"	"24180.0"	"2.SILVER"	"1984-06-25T00:00:00.000000Z"	"Chas"	"McGifford"	"Sophisticates"
"530949.0"	"Savings Account"	"Deposit Account"	"2015-01-28T00:00:00.000000Z"	"2738089452013326496"	""	"0"	"-399.88"	"4725.23"	"16.0"	"2295.339375"	"1517.137057458197"	"16.0"	""	""	"3.0"	"204.0"	"34140.0"	"4.0"	"1049.51"	"32.0"	"31.0"	"Female"	"2005-04-28T00:00:00.000000Z"	"28.0"	"98200.0"	"2.SILVER"	"1915-06-25T00:00:00.000000Z"	"Olivette"	"Pessel"	"Sophisticates"
"854030.0"	"Current Account"	"Deposit Account"	"2015-01-28T00:00:00.000000Z"	"8524633015981602835"	""	"0"	"-268.13"	"5983.25"	"16.0"	"2658.2599999999993"	"1838.6627623719728"	"16.0"	"1.5"	"24.0"	"0.0"	"188.0"	"6270.0"	"0.0"	"0.0"	"50.0"	"4.0"	"Female"	"2009-10-14T00:00:00.000000Z"	"35.0"	"22560.0"	"2.SILVER"	"1990-07-02T00:00:00.000000Z"	"Michaella"	"Bigham"	"Emergent"
"1133023.0"	"Current Account"	"Deposit Account"	"2015-02-28T00:00:00.000000Z"	"5342085899572888968"	""	"0"	"-64.18"	"980.08"	"15.0"	"353.1700000000001"	"267.2019583172463"	"15.0"	"1.5"	"22.5"	"1.0"	"203.0"	"4900.0"	"2.0"	"14.27"	"38.0"	"6.0"	"Female"	"2013-05-06T00:00:00.000000Z"	"3.0"	"21940.0"	"1.GOLD"	"1957-05-31T00:00:00.000000Z"	"Rosalynd"	"Brogi"	"Sophisticates"
"315734.0"	"Savings Account"	"Deposit Account"	"2015-01-28T00:00:00.000000Z"	"644339616353493014"	""	"0"	"-105.15"	"3192.13"	"16.0"	"1577.693125"	"1065.478380032298"	"16.0"	""	""	"8.0"	"210.0"	"4350.0"	"4.0"	"61.46000000000001"	"30.0"	"35.0"	"Male"	"2002-01-15T00:00:00.000000Z"	"28.0"	"14100.0"	"2.SILVER"	"1922-06-25T00:00:00.000000Z"	"Wash"	"Sighard"	"Traditionalist"
"1157289.0"	"Current Account"	"Deposit Account"	"2015-01-28T00:00:00.000000Z"	"3187236501366474188"	""	"0"	"-304.9"	"5083.63"	"16.0"	"2865.8112499999997"	"1825.0056755194855"	"16.0"	"0.5"	"8.0"	"1.0"	"191.0"	"5860.0"	"0.0"	"0.0"	"55.0"	"5.0"	"Male"	"2013-08-05T00:00:00.000000Z"	"32.0"	"22890.0"	"3.BRONZE"	"1994-06-29T00:00:00.000000Z"	"Eada"	"Carnson"	"Emergent"
"100673.0"	"Savings Account"	"Deposit Account"	"2015-01-28T00:00:00.000000Z"	"5595215068419250781"	""	"0"	"-1192.73"	"4751.62"	"16.0"	"2252.4168750000003"	"1855.9382900003932"	"16.0"	""	""	"0.0"	"181.0"	"4400.0"	"1.0"	"19.34"	"38.0"	"2.0"	"Female"	"1998-06-29T00:00:00.000000Z"	"50.0"	"15440.0"	"2.SILVER"	"1950-07-17T00:00:00.000000Z"	"Ike"	"Mossdale"	"Sophisticates"
"1102377.0"	"Mortgage"	"Secured Lending"	"2015-04-28T00:00:00.000000Z"	"4028471328113278896"	"2015-06-28T00:00:00.000000Z"	"1"	"88191.16"	"88891.09"	"2.0"	"88541.125"	"494.9252493558953"	"2.0"	"4.785370769741853"	"9.570741539483706"	"0.0"	"203.0"	"10190.0"	"0.0"	"0.0"	"39.0"	"2.0"	"Male"	"2012-11-19T00:00:00.000000Z"	"29.0"	"34570.0"	"3.BRONZE"	"1993-06-26T00:00:00.000000Z"	"Dalston"	"Brookson"	"Loyalist"
"888922.0"	"Standard Credit Card"	"Unsecured Lending"	"2015-10-28T00:00:00.000000Z"	"5277128305027337306"	"2015-10-28T00:00:00.000000Z"	"1"	""	""	""	""	""	""	""	""	"1.0"	"215.0"	"11600.0"	"0.0"	"0.0"	"37.0"	"4.0"	"Male"	"2010-08-17T00:00:00.000000Z"	"28.0"	"48800.0"	"2.SILVER"	"1959-06-25T00:00:00.000000Z"	"Chen"	"Albutt"	"Loyalist"
"430398.0"	"Current Account"	"Deposit Account"	"2015-01-28T00:00:00.000000Z"	"5769207770738185513"	"2016-04-28T00:00:00.000000Z"	"1"	"-1514.84"	"11387.96"	"15.0"	"3441.071333333333"	"3798.154408528788"	"15.0"	"1.5"	"22.5"	"2.0"	"189.0"	"16800.0"	"0.0"	"0.0"	"36.0"	"8.0"	"Female"	"2003-08-04T00:00:00.000000Z"	"28.0"	"57170.0"	"2.SILVER"	"1960-06-25T00:00:00.000000Z"	"Barbie"	"Harriagn"	"Sophisticates"
"1403293.0"	"Car Loan"	"Secured Lending"	"2015-12-28T00:00:00.000000Z"	"6365917806063074469"	""	"0"	"3401.45"	"3870.61"	"5.0"	"3636.03"	"185.45177338057485"	"5.0"	"9.23974744980453"	"46.198737249022656"	"0.0"	"138.0"	"9030.0"	"1.0"	"65.51"	"36.0"	"5.0"	"Male"	"2015-06-25T00:00:00.000000Z"	"28.0"	"51250.0"	"3.BRONZE"	"1988-06-25T00:00:00.000000Z"	"Munmro"	"Sanday"	"Loyalist"
"1398552.0"	"Personal Loan"	"Unsecured Lending"	"2015-11-28T00:00:00.000000Z"	"6437053795836055058"	"2016-04-28T00:00:00.000000Z"	"1"	"3196.51"	"4048.91"	"5.0"	"3622.7100000000005"	"336.9406846909407"	"5.0"	"7.406639712371204"	"37.03319856185602"	"0.0"	"94.0"	"2100.0"	"1.0"	"20.88"	"16.0"	"4.0"	"Male"	"2015-06-26T00:00:00.000000Z"	"4.0"	"17790.0"	"2.SILVER"	"1957-06-01T00:00:00.000000Z"	"Belvia"	"Earle"	"Loyalist"
"794344.0"	"Standard Credit Card"	"Unsecured Lending"	"2015-01-28T00:00:00.000000Z"	"7831047018167596911"	""	"0"	"-144.85"	"1013.77"	"16.0"	"504.67562499999997"	"315.18961772175066"	"16.0"	"2.29125"	"36.66"	"2.0"	"210.0"	"5480.0"	"1.0"	"18.24"	"46.0"	"2.0"	"Female"	"2008-09-15T00:00:00.000000Z"	"34.0"	"17770.0"	"2.SILVER"	"1979-07-01T00:00:00.000000Z"	"Leland"	"Rushforth"	"Loyalist"
"328879.0"	"Managed Securities"	"Securities"	"2015-01-28T00:00:00.000000Z"	"1001520859435032815"	""	"0"	"-325.9"	"2693.26"	"16.0"	"876.6800000000001"	"776.8517912446364"	"16.0"	"63.576250000000016"	"1017.2200000000003"	"4.0"	"184.0"	"10110.0"	"1.0"	"9.43"	"43.0"	"3.0"	"Female"	"2002-03-02T00:00:00.000000Z"	"28.0"	"35360.0"	"2.SILVER"	"1972-06-25T00:00:00.000000Z"	"Dirk"	"Cutchee"	"Loyalist"
"1178200.0"	"Personal Loan"	"Unsecured Lending"	"2016-05-28T00:00:00.000000Z"	"2603601071348474183"	""	"0"	""	""	""	""	""	""	""	""	"0.0"	"185.0"	"3780.0"	"1.0"	"7.26"	"40.0"	"4.0"	"Male"	"2013-09-18T00:00:00.000000Z"	"30.0"	"17420.0"	"3.BRONZE"	"1990-06-27T00:00:00.000000Z"	"Fiorenze"	"Baggott"	"Emergent"
"160557.0"	"Personal Loan"	"Unsecured Lending"	"2015-01-28T00:00:00.000000Z"	"3715525756456125240"	""	"0"	"-538.01"	"614.89"	"16.0"	"38.44000000000001"	"365.92679267853555"	"16.0"	"28.80364604940893"	"460.85833679054286"	"1.0"	"193.0"	"14690.0"	"4.0"	"250.34"	"39.0"	"9.0"	"Male"	"2000-02-14T00:00:00.000000Z"	"28.0"	"43250.0"	"1.GOLD"	"1973-06-25T00:00:00.000000Z"	"Moyra"	"Grenville"	"Sophisticates"
"1015598.0"	"Personal Loan"	"Unsecured Lending"	"2015-01-28T00:00:00.000000Z"	"3581060585242665736"	""	"0"	"-1426.17"	"5705.13"	"16.0"	"2139.4799999999996"	"2263.4519356652277"	"16.0"	"43.23824356634988"	"691.8118970615981"	"2.0"	"223.0"	"19110.0"	"0.0"	"0.0"	"41.0"	"4.0"	"Female"	"2012-05-11T00:00:00.000000Z"	"30.0"	"67850.0"	"3.BRONZE"	"1985-06-27T00:00:00.000000Z"	"Stefan"	"Gwyneth"	"Loyalist"
"856175.0"	"Direct Securities"	"Securities"	"2015-10-28T00:00:00.000000Z"	"1984363869278058781"	""	"0"	"1511.45"	"3587.95"	"7.0"	"2778.144285714286"	"755.7021938757168"	"7.0"	"35.86"	"251.02"	"6.0"	"208.0"	"4460.0"	"1.0"	"115.89"	"35.0"	"14.0"	"Female"	"2009-11-17T00:00:00.000000Z"	"39.0"	"14680.0"	"2.SILVER"	"1944-07-06T00:00:00.000000Z"	"Eliot"	"Scholcroft"	"Loyalist"
"93655.0"	"Direct Securities"	"Securities"	"2015-01-28T00:00:00.000000Z"	"4617949775054878299"	""	"0"	"-1168.53"	"16816.8"	"16.0"	"4917.784375"	"5231.145347809239"	"16.0"	"20.076249999999998"	"321.21999999999997"	"5.0"	"203.0"	"9570.0"	"3.0"	"157.9"	"48.0"	"12.0"	"Female"	"1998-04-22T00:00:00.000000Z"	"8.0"	"30660.0"	"2.SILVER"	"1970-06-05T00:00:00.000000Z"	"Tony"	"Routh"	"Sophisticates"
"107372.0"	"Mortgage"	"Secured Lending"	"2015-01-28T00:00:00.000000Z"	"7643111235744259496"	"2015-11-28T00:00:00.000000Z"	"1"	"19836.07"	"23204.41"	"10.0"	"21520.24"	"1133.1284215245225"	"10.0"	"11.398163813254556"	"113.98163813254556"	"1.0"	"183.0"	"9060.0"	"0.0"	"0.0"	"52.0"	"8.0"	"Female"	"1998-10-08T00:00:00.000000Z"	"28.0"	"28710.0"	"2.SILVER"	"1971-06-25T00:00:00.000000Z"	"Lowell"	"Gilffillan"	"Loyalist"
"1232397.0"	"Mortgage"	"Secured Lending"	"2015-01-28T00:00:00.000000Z"	"451119258376930346"	""	"0"	"89940.57"	"94707.72"	"16.0"	"92324.145"	"1513.0782459168126"	"16.0"	"18.88522365698496"	"302.16357851175934"	"4.0"	"201.0"	"10870.0"	"2.0"	"81.34"	"38.0"	"10.0"	"Female"	"2013-12-18T00:00:00.000000Z"	"28.0"	"36730.0"	"2.SILVER"	"1960-06-25T00:00:00.000000Z"	"Calv"	"Bigham"	"Sophisticates"
"111464.0"	"Current Account"	"Deposit Account"	"2015-01-28T00:00:00.000000Z"	"2141577803260810183"	""	"0"	"-1546.14"	"3072.85"	"16.0"	"1241.245625"	"1374.4613723344805"	"16.0"	"0.5"	"8.0"	"1.0"	"189.0"	"4880.0"	"0.0"	"0.0"	"44.0"	"7.0"	"Female"	"1998-11-13T00:00:00.000000Z"	"28.0"	"17750.0"	"2.SILVER"	"1970-06-25T00:00:00.000000Z"	"Arther"	"Hembrow"	"Sophisticates"
"731193.0"	"Personal Loan"	"Unsecured Lending"	"2015-01-28T00:00:00.000000Z"	"4728177211989877983"	"2015-11-28T00:00:00.000000Z"	"1"	"-1723.98"	"1379.22"	"10.0"	"-172.37999999999994"	"1043.9338420928152"	"10.0"	"30.181997563022623"	"301.8199756302262"	"0.0"	"215.0"	"11540.0"	"0.0"	"0.0"	"45.0"	"6.0"	"Female"	"2007-11-07T00:00:00.000000Z"	"28.0"	"44830.0"	"2.SILVER"	"1981-06-25T00:00:00.000000Z"	"Rochella"	"Rosenauer"	"Loyalist"
"1082324.0"	"Current Account"	"Deposit Account"	"2015-01-28T00:00:00.000000Z"	"1306668313222635951"	""	"0"	"-1572.16"	"4598.8"	"16.0"	"1274.2425"	"1835.5498399861915"	"16.0"	"2.0"	"32.0"	"0.0"	"216.0"	"9370.0"	"0.0"	"0.0"	"53.0"	"1.0"	"Female"	"2012-10-17T00:00:00.000000Z"	"33.0"	"29700.0"	"3.BRONZE"	"1990-06-30T00:00:00.000000Z"	"Geoffrey"	"Dunan"	"Emergent"
"215359.0"	"Mortgage"	"Secured Lending"	"2015-01-28T00:00:00.000000Z"	"1511358790055564474"	""	"0"	"-1666.15"	"10830.05"	"16.0"	"4581.949999999999"	"3966.2541301669844"	"16.0"	"5.415059244143392"	"86.64094790629427"	"9.0"	"202.0"	"9110.0"	"1.0"	"9.95"	"40.0"	"13.0"	"Female"	"2001-06-26T00:00:00.000000Z"	"18.0"	"32710.0"	"2.SILVER"	"1973-06-15T00:00:00.000000Z"	"Gannon"	"Di Bernardo"	"Sophisticates"
"1158675.0"	"Current Account"	"Deposit Account"	"2015-01-28T00:00:00.000000Z"	"225972582294199350"	"2015-04-28T00:00:00.000000Z"	"1"	"272.83"	"1300.34"	"3.0"	"934.3966666666665"	"574.0113817977248"	"3.0"	"0.5"	"1.5"	"5.0"	"203.0"	"3450.0"	"0.0"	"0.0"	"47.0"	"3.0"	"Female"	"2013-08-07T00:00:00.000000Z"	"37.0"	"13900.0"	"3.BRONZE"	"1995-07-04T00:00:00.000000Z"	"Stefan"	"O'Loughnan"	"Loyalist"
"575257.0"	"Savings Account"	"Deposit Account"	"2015-01-28T00:00:00.000000Z"	"8453410099837354655"	""	"0"	"-3146.22"	"21485.57"	"16.0"	"6694.376250000001"	"7909.605738803821"	"16.0"	""	""	"2.0"	"201.0"	"12890.0"	"2.0"	"96.95"	"52.0"	"6.0"	"Female"	"2005-10-27T00:00:00.000000Z"	"28.0"	"44420.0"	"2.SILVER"	"1978-06-25T00:00:00.000000Z"	"Sutherlan"	"Eskrigge"	"Loyalist"
"1407858.0"	"Mortgage"	"Secured Lending"	"2015-08-28T00:00:00.000000Z"	"4827438579565682493"	"2015-08-28T00:00:00.000000Z"	"1"	""	""	""	""	""	""	""	""	"0.0"	"110.0"	"5310.0"	"0.0"	"0.0"	"18.0"	"0.0"	"Male"	"2015-07-17T00:00:00.000000Z"	"15.0"	"30920.0"	"2.SILVER"	"1989-06-12T00:00:00.000000Z"	"Borg"	"Oldacres"	"Loyalist"
"1136873.0"	"Personal Loan"	"Unsecured Lending"	"2015-01-28T00:00:00.000000Z"	"6288607645791796530"	"2015-11-28T00:00:00.000000Z"	"1"	"2860.43"	"4215.47"	"10.0"	"3537.95"	"455.8430373129184"	"10.0"	"1.2476691614296682"	"12.476691614296682"	"2.0"	"175.0"	"2900.0"	"1.0"	"4.33"	"36.0"	"0.0"	"Male"	"2013-06-10T00:00:00.000000Z"	"28.0"	"9210.0"	"2.SILVER"	"1975-06-25T00:00:00.000000Z"	"Alisun"	"Dahlen"	"Emergent"
"422742.0"	"Savings Account"	"Deposit Account"	"2015-01-28T00:00:00.000000Z"	"5526459540960284530"	""	"0"	"-125.23"	"270.68"	"16.0"	"80.758125"	"101.4368435509669"	"16.0"	""	""	"4.0"	"206.0"	"3620.0"	"2.0"	"30.19"	"34.0"	"5.0"	"Female"	"2003-06-11T00:00:00.000000Z"	"28.0"	"13090.0"	"2.SILVER"	"1939-06-25T00:00:00.000000Z"	"Keane"	"McClintock"	"Sophisticates"
"470372.0"	"Car Loan"	"Secured Lending"	"2015-01-28T00:00:00.000000Z"	"7154606453541308488"	"2016-02-28T00:00:00.000000Z"	"1"	"1358.64"	"2010.72"	"13.0"	"1684.68"	"211.6238957836911"	"13.0"	"19.42615460051189"	"252.54000980665458"	"3.0"	"181.0"	"6330.0"	"1.0"	"18.33"	"53.0"	"14.0"	"Female"	"2004-04-26T00:00:00.000000Z"	"30.0"	"21940.0"	"2.SILVER"	"1964-06-27T00:00:00.000000Z"	"Andrew"	"Pitts"	"Loyalist"
"126974.0"	"Car Loan"	"Secured Lending"	"2015-01-28T00:00:00.000000Z"	"4607172243835622267"	""	"0"	"7773.73"	"13603.93"	"16.0"	"10688.830000000002"	"1850.4869344040221"	"16.0"	"18.876588257992008"	"302.02541212787213"	"7.0"	"182.0"	"16430.0"	"1.0"	"36.61"	"41.0"	"5.0"	"Male"	"1999-03-31T00:00:00.000000Z"	"28.0"	"63440.0"	"2.SILVER"	"1964-06-25T00:00:00.000000Z"	"Kippie"	"Slipper"	"Sophisticates"
"262516.0"	"Managed Securities"	"Securities"	"2015-01-28T00:00:00.000000Z"	"5290926243684341609"	"2015-09-28T00:00:00.000000Z"	"1"	"112.52"	"3314.27"	"8.0"	"1346.67625"	"1059.2243425118415"	"8.0"	"8.975"	"71.8"	"3.0"	"200.0"	"8130.0"	"0.0"	"0.0"	"49.0"	"10.0"	"Male"	"2001-07-17T00:00:00.000000Z"	"28.0"	"24480.0"	"1.GOLD"	"1972-06-25T00:00:00.000000Z"	"Arlen"	"Droogan"	"Loyalist"
"173196.0"	"Personal Loan"	"Unsecured Lending"	"2015-01-28T00:00:00.000000Z"	"1594528398204045318"	""	"0"	"-454.94"	"1819.96"	"16.0"	"682.5100000000001"	"722.0460236485393"	"16.0"	"6.065851025849145"	"97.05361641358633"	"3.0"	"211.0"	"4230.0"	"1.0"	"19.91"	"35.0"	"4.0"	"Male"	"2000-04-18T00:00:00.000000Z"	"46.0"	"13510.0"	"1.GOLD"	"1965-07-13T00:00:00.000000Z"	"Harlen"	"Dysert"	"Loyalist"
"524976.0"	"Standard Credit Card"	"Unsecured Lending"	"2015-01-28T00:00:00.000000Z"	"8898554979942543406"	""	"0"	"-1941.16"	"15254.31"	"16.0"	"6098.124374999999"	"4851.560048201635"	"16.0"	"0.991875"	"15.87"	"3.0"	"175.0"	"31120.0"	"0.0"	"0.0"	"39.0"	"4.0"	"Female"	"2005-03-28T00:00:00.000000Z"	"28.0"	"98450.0"	"2.SILVER"	"1980-06-25T00:00:00.000000Z"	"Kermie"	"Hugnet"	"Sophisticates"
"1044462.0"	"Current Account"	"Deposit Account"	"2015-01-28T00:00:00.000000Z"	"7988037349316494065"	""	"0"	"581.37"	"3731.3"	"16.0"	"2131.0512499999995"	"1013.5973883146766"	"16.0"	"1.0"	"16.0"	"3.0"	"206.0"	"6540.0"	"0.0"	"0.0"	"49.0"	"4.0"	"Male"	"2012-08-06T00:00:00.000000Z"	"33.0"	"23750.0"	"2.SILVER"	"1980-06-30T00:00:00.000000Z"	"Georg"	"Battleson"	"Emergent"
"1152812.0"	"Current Account"	"Deposit Account"	"2015-01-28T00:00:00.000000Z"	"7305021757276688801"	""	"0"	"31.2"	"239.28"	"16.0"	"131.52750000000003"	"72.30020345752838"	"16.0"	"0.5"	"8.0"	"0.0"	"205.0"	"5680.0"	"0.0"	"0.0"	"49.0"	"4.0"	"Male"	"2013-08-01T00:00:00.000000Z"	"16.0"	"20910.0"	"3.BRONZE"	"1993-06-13T00:00:00.000000Z"	"Tobe"	"Chatenet"	"Emergent"
"1157179.0"	"Car Loan"	"Secured Lending"	"2015-03-28T00:00:00.000000Z"	"2012924616047639782"	""	"0"	"2506.53"	"5764.98"	"14.0"	"4135.755"	"1048.5441782538312"	"14.0"	"10.65966257768069"	"149.23527608752966"	"2.0"	"215.0"	"8680.0"	"1.0"	"41.84"	"53.0"	"5.0"	"Female"	"2013-08-05T00:00:00.000000Z"	"45.0"	"30330.0"	"2.SILVER"	"1979-07-12T00:00:00.000000Z"	"Kellia"	"Kidder"	"Emergent"
"519795.0"	"Savings Account"	"Deposit Account"	"2015-01-28T00:00:00.000000Z"	"3724903526972147176"	""	"0"	"-233.05"	"1593.53"	"16.0"	"408.23687499999994"	"433.7160895442816"	"16.0"	""	""	"0.0"	"165.0"	"7340.0"	"0.0"	"0.0"	"35.0"	"6.0"	"Female"	"2005-02-25T00:00:00.000000Z"	"28.0"	"28630.0"	"2.SILVER"	"1971-06-25T00:00:00.000000Z"	"Manolo"	"Herche"	"Sophisticates"
"813660.0"	"Managed Securities"	"Securities"	"2015-01-28T00:00:00.000000Z"	"2729577830099253166"	"2016-01-28T00:00:00.000000Z"	"1"	"-216.49"	"1250.08"	"12.0"	"546.6116666666667"	"472.8477515463347"	"12.0"	"12.173333333333332"	"146.07999999999998"	"1.0"	"201.0"	"8560.0"	"2.0"	"22.78"	"30.0"	"8.0"	"Male"	"2008-11-04T00:00:00.000000Z"	"28.0"	"29660.0"	"2.SILVER"	"1937-06-25T00:00:00.000000Z"	"Calley"	"Cruickshanks"	"Loyalist"
"337844.0"	"Direct Securities"	"Securities"	"2015-01-28T00:00:00.000000Z"	"6576602209080917785"	""	"0"	"-553.38"	"2631.39"	"16.0"	"701.75125"	"793.1221174058464"	"16.0"	"6.143125000000001"	"98.29000000000002"	"3.0"	"224.0"	"4970.0"	"5.0"	"62.31"	"40.0"	"18.0"	"Female"	"2002-03-05T00:00:00.000000Z"	"33.0"	"16770.0"	"1.GOLD"	"1956-06-30T00:00:00.000000Z"	"Sonia"	"Poundford"	"Sophisticates"
"427241.0"	"Current Account"	"Deposit Account"	"2015-03-28T00:00:00.000000Z"	"8988297164042665420"	"2015-07-28T00:00:00.000000Z"	"1"	"529.81"	"1802.88"	"4.0"	"1272.4074999999998"	"539.7727959907453"	"4.0"	"2.0"	"8.0"	"1.0"	"112.0"	"2400.0"	"1.0"	"10.19"	"25.0"	"0.0"	"Female"	"2003-07-14T00:00:00.000000Z"	"11.0"	"16640.0"	"2.SILVER"	"1975-06-08T00:00:00.000000Z"	"Clark"	"Jirzik"	"Loyalist"
"75934.0"	"Premium Credit Card"	"Unsecured Lending"	"2015-01-28T00:00:00.000000Z"	"995154670339232332"	""	"0"	"-6797.48"	"19816.69"	"16.0"	"8559.088125"	"7837.218200394165"	"16.0"	"27.548125"	"440.77"	"2.0"	"196.0"	"18520.0"	"0.0"	"0.0"	"32.0"	"1.0"	"Female"	"1997-12-22T00:00:00.000000Z"	"28.0"	"55360.0"	"2.SILVER"	"1949-06-25T00:00:00.000000Z"	"Gabe"	"Packham"	"Sophisticates"
"635977.0"	"Mortgage"	"Secured Lending"	"2015-01-28T00:00:00.000000Z"	"8532229356003010091"	"2015-03-28T00:00:00.000000Z"	"1"	"113503.01"	"114170.67"	"2.0"	"113836.84"	"472.1069135270128"	"2.0"	"10.303182188072844"	"20.606364376145688"	"2.0"	"215.0"	"8170.0"	"0.0"	"0.0"	"49.0"	"4.0"	"Male"	"2006-08-22T00:00:00.000000Z"	"28.0"	"31830.0"	"2.SILVER"	"1978-06-25T00:00:00.000000Z"	"Sigfried"	"Fere"	"Loyalist"
"1196152.0"	"Personal Loan"	"Unsecured Lending"	"2015-03-28T00:00:00.000000Z"	"3604454673331435344"	""	"0"	"0.11"	"399.73"	"14.0"	"199.92000000000004"	"128.59464607828738"	"14.0"	"11.7722361465068"	"164.81130605109522"	"3.0"	"212.0"	"3570.0"	"0.0"	"0.0"	"37.0"	"10.0"	"Male"	"2013-10-11T00:00:00.000000Z"	"38.0"	"12520.0"	"2.SILVER"	"1932-07-05T00:00:00.000000Z"	"Maryanna"	"Jessope"	"Sophisticates"
"647978.0"	"Savings Account"	"Deposit Account"	"2015-01-28T00:00:00.000000Z"	"8481481579385141110"	""	"0"	"420.33"	"3476.84"	"16.0"	"1936.873125"	"855.9654240970153"	"16.0"	""	""	"3.0"	"197.0"	"20270.0"	"0.0"	"0.0"	"46.0"	"11.0"	"Male"	"2006-10-13T00:00:00.000000Z"	"28.0"	"71940.0"	"2.SILVER"	"1988-06-25T00:00:00.000000Z"	"Leland"	"Bouskill"	"Sophisticates"
"759529.0"	"Car Loan"	"Secured Lending"	"2015-02-28T00:00:00.000000Z"	"6801187323844780031"	""	"0"	"3105.68"	"4844.76"	"15.0"	"3975.22"	"555.5287283300487"	"15.0"	"3.316343643434566"	"49.74515465151849"	"3.0"	"188.0"	"6410.0"	"2.0"	"68.11"	"51.0"	"7.0"	"Male"	"2008-04-09T00:00:00.000000Z"	"28.0"	"22130.0"	"3.BRONZE"	"1986-06-25T00:00:00.000000Z"	"Brad"	"Bail"	"Sophisticates"
"19130.0"	"Personal Loan"	"Unsecured Lending"	"2015-01-28T00:00:00.000000Z"	"699987348839634880"	""	"0"	"-2472.19"	"2163.11"	"16.0"	"-154.54000000000008"	"1471.229475325541"	"16.0"	"15.35173157564148"	"245.62770521026368"	"2.0"	"215.0"	"12550.0"	"2.0"	"49.57"	"40.0"	"8.0"	"Female"	"1997-06-26T00:00:00.000000Z"	"28.0"	"38770.0"	"2.SILVER"	"1962-06-25T00:00:00.000000Z"	"Daisey"	"Kenworth"	"Sophisticates"
"640179.0"	"Premium Credit Card"	"Unsecured Lending"	"2015-01-28T00:00:00.000000Z"	"4423036997082828358"	""	"0"	"-478.11"	"4118.01"	"16.0"	"1891.2818750000001"	"1166.5019477921658"	"16.0"	"9.033124999999998"	"144.52999999999997"	"1.0"	"186.0"	"6190.0"	"0.0"	"0.0"	"45.0"	"3.0"	"Male"	"2006-09-07T00:00:00.000000Z"	"28.0"	"21070.0"	"2.SILVER"	"1980-06-25T00:00:00.000000Z"	"Joel"	"Pyford"	"Emergent"
"235500.0"	"Premium Credit Card"	"Unsecured Lending"	"2015-01-28T00:00:00.000000Z"	"7626854225319787730"	""	"0"	"429.9"	"3990.86"	"16.0"	"1691.7331250000002"	"1017.0442339558869"	"16.0"	"15.706249999999999"	"251.29999999999998"	"1.0"	"194.0"	"10190.0"	"1.0"	"67.65"	"37.0"	"11.0"	"Female"	"2001-03-31T00:00:00.000000Z"	"18.0"	"34280.0"	"1.GOLD"	"1943-06-15T00:00:00.000000Z"	"Chrissy"	"Amphlett"	"Sophisticates"
"1265430.0"	"Current Account"	"Deposit Account"	"2015-06-28T00:00:00.000000Z"	"799695144666131916"	"2015-10-28T00:00:00.000000Z"	"1"	"-2017.37"	"3888.63"	"4.0"	"1310.5224999999998"	"3018.7329393127284"	"4.0"	"1.0"	"4.0"	"1.0"	"196.0"	"9690.0"	"0.0"	"0.0"	"47.0"	"2.0"	"Male"	"2014-06-25T00:00:00.000000Z"	"15.0"	"29540.0"	"2.SILVER"	"1992-06-12T00:00:00.000000Z"	"Gal"	"Carnall"	"Loyalist"
"866955.0"	"Current Account"	"Deposit Account"	"2015-01-28T00:00:00.000000Z"	"7118985322312760431"	""	"0"	"345.64"	"4788.93"	"16.0"	"1717.183125"	"1024.8681986591823"	"16.0"	"0.5"	"8.0"	"1.0"	"165.0"	"8330.0"	"1.0"	"191.54"	"36.0"	"3.0"	"Female"	"2010-03-05T00:00:00.000000Z"	"28.0"	"31550.0"	"2.SILVER"	"1943-06-25T00:00:00.000000Z"	"Sioux"	"Vakhonin"	"Sophisticates"
"502932.0"	"Current Account"	"Deposit Account"	"2015-01-28T00:00:00.000000Z"	"4017418089031463533"	""	"0"	"-394.01"	"5855.97"	"16.0"	"1801.2893750000003"	"1688.9969670881344"	"16.0"	"0.5"	"8.0"	"2.0"	"187.0"	"15520.0"	"6.0"	"239.34"	"33.0"	"6.0"	"Male"	"2004-11-19T00:00:00.000000Z"	"11.0"	"49770.0"	"2.SILVER"	"1951-06-08T00:00:00.000000Z"	"Nathalie"	"Litster"	"Sophisticates"
"814650.0"	"Standard Credit Card"	"Unsecured Lending"	"2015-01-28T00:00:00.000000Z"	"2556192275761500738"	""	"0"	"-2296.8"	"5620.25"	"16.0"	"1875.2624999999998"	"2058.243717776558"	"16.0"	"26.022500000000004"	"416.36000000000007"	"4.0"	"202.0"	"8270.0"	"1.0"	"64.16"	"40.0"	"12.0"	"Female"	"2008-11-06T00:00:00.000000Z"	"28.0"	"27670.0"	"1.GOLD"	"1969-06-25T00:00:00.000000Z"	"Lethia"	"Hunter"	"Loyalist"
"940721.0"	"Mortgage"	"Secured Lending"	"2015-05-28T00:00:00.000000Z"	"8468578180810519369"	"2016-04-28T00:00:00.000000Z"	"1"	"75137.03"	"78506.43"	"11.0"	"76821.73"	"1117.5035568623352"	"11.0"	"8.117019256757944"	"89.28721182433738"	"2.0"	"163.0"	"8320.0"	"0.0"	"0.0"	"42.0"	"3.0"	"Male"	"2011-09-12T00:00:00.000000Z"	"14.0"	"28920.0"	"3.BRONZE"	"1992-06-11T00:00:00.000000Z"	"Blake"	"Pinchon"	"Loyalist"
"347854.0"	"Current Account"	"Deposit Account"	"2015-01-28T00:00:00.000000Z"	"557213638471569659"	""	"0"	"0.18"	"838.32"	"16.0"	"396.281875"	"296.4992427920348"	"16.0"	"0.5"	"8.0"	"2.0"	"199.0"	"4560.0"	"3.0"	"124.72999999999999"	"41.0"	"7.0"	"Female"	"2002-04-08T00:00:00.000000Z"	"34.0"	"16420.0"	"2.SILVER"	"1963-07-01T00:00:00.000000Z"	"Pearce"	"Healy"	"Sophisticates"
"623140.0"	"Current Account"	"Deposit Account"	"2015-11-28T00:00:00.000000Z"	"2950298154738476589"	"2015-11-28T00:00:00.000000Z"	"1"	""	""	""	""	""	""	""	""	"0.0"	"196.0"	"13490.0"	"0.0"	"0.0"	"40.0"	"3.0"	"Female"	"2006-06-21T00:00:00.000000Z"	"28.0"	"43220.0"	"1.GOLD"	"1956-06-25T00:00:00.000000Z"	"Klara"	"Kivelle"	"Loyalist"
"1243562.0"	"Mortgage"	"Secured Lending"	"2015-07-28T00:00:00.000000Z"	"8519238419483208527"	"2016-04-28T00:00:00.000000Z"	"1"	"110114.17"	"112226.65"	"9.0"	"111170.41"	"723.1580926740719"	"9.0"	"0.5367339743944285"	"4.830605769549856"	"2.0"	"201.0"	"8820.0"	"0.0"	"0.0"	"41.0"	"2.0"	"Male"	"2014-02-13T00:00:00.000000Z"	"8.0"	"29930.0"	"3.BRONZE"	"1987-06-05T00:00:00.000000Z"	"Isidro"	"Carnson"	"Loyalist"
"422885.0"	"Car Loan"	"Secured Lending"	"2015-02-28T00:00:00.000000Z"	"4039689640712502894"	""	"0"	"3152.11"	"6094.07"	"15.0"	"4623.089999999999"	"939.7746495836127"	"15.0"	"0.9815310886566023"	"14.722966329849035"	"4.0"	"209.0"	"15410.0"	"0.0"	"0.0"	"48.0"	"4.0"	"Male"	"2003-06-12T00:00:00.000000Z"	"28.0"	"54960.0"	"3.BRONZE"	"1984-06-25T00:00:00.000000Z"	"Wolfy"	"Pedersen"	"Sophisticates"
"875568.0"	"Current Account"	"Deposit Account"	"2015-01-28T00:00:00.000000Z"	"6771856925797927045"	""	"0"	"-153.17"	"747.64"	"16.0"	"206.770625"	"213.05310316033888"	"16.0"	"2.0"	"32.0"	"0.0"	"179.0"	"11760.0"	"1.0"	"45.73"	"42.0"	"3.0"	"Male"	"2010-04-26T00:00:00.000000Z"	"28.0"	"36750.0"	"2.SILVER"	"1976-06-25T00:00:00.000000Z"	"Jenni"	"Kelcey"	"Emergent"
"664456.0"	"Direct Securities"	"Securities"	"2015-01-28T00:00:00.000000Z"	"6537193108403710433"	"2015-04-28T00:00:00.000000Z"	"1"	"4122.52"	"14083.23"	"3.0"	"8477.086666666668"	"5096.937221551128"	"3.0"	"36.583333333333336"	"109.75"	"0.0"	"197.0"	"12770.0"	"0.0"	"0.0"	"33.0"	"4.0"	"Female"	"2006-12-22T00:00:00.000000Z"	"28.0"	"48820.0"	"2.SILVER"	"1947-06-25T00:00:00.000000Z"	"Regina"	"Picken"	"Loyalist"
"891573.0"	"Current Account"	"Deposit Account"	"2015-01-28T00:00:00.000000Z"	"4976151692647357371"	"2016-03-28T00:00:00.000000Z"	"1"	"-813.5"	"6684.39"	"14.0"	"3103.1528571428576"	"2042.2155404078965"	"14.0"	"0.5"	"7.0"	"0.0"	"186.0"	"8460.0"	"0.0"	"0.0"	"34.0"	"2.0"	"Female"	"2010-09-14T00:00:00.000000Z"	"29.0"	"32210.0"	"2.SILVER"	"1960-06-26T00:00:00.000000Z"	"Cloris"	"De Filippis"	"Sophisticates"
"91103.0"	"Personal Loan"	"Unsecured Lending"	"2015-01-28T00:00:00.000000Z"	"1368578614084659604"	""	"0"	"7067.74"	"15549.34"	"16.0"	"11308.539999999999"	"2692.0328604235146"	"16.0"	"15.135601673323158"	"242.16962677317053"	"5.0"	"227.0"	"31100.0"	"2.0"	"262.25"	"46.0"	"14.0"	"Female"	"1998-03-31T00:00:00.000000Z"	"28.0"	"110690.0"	"2.SILVER"	"1964-06-25T00:00:00.000000Z"	"Patten"	"Taynton"	"Sophisticates"
"199519.0"	"Savings Account"	"Deposit Account"	"2015-01-28T00:00:00.000000Z"	"3560786153517643200"	""	"0"	"-414.3"	"947.3"	"16.0"	"343.06062499999996"	"405.44628478535844"	"16.0"	""	""	"2.0"	"195.0"	"10290.0"	"0.0"	"0.0"	"50.0"	"9.0"	"Female"	"2000-10-18T00:00:00.000000Z"	"28.0"	"30380.0"	"2.SILVER"	"1976-06-25T00:00:00.000000Z"	"Diandra"	"McGahy"	"Loyalist"
"482197.0"	"Current Account"	"Deposit Account"	"2015-03-28T00:00:00.000000Z"	"7533811544909219481"	"2015-06-28T00:00:00.000000Z"	"1"	"853.88"	"2402.91"	"3.0"	"1740.11"	"798.319615755494"	"3.0"	"1.5"	"4.5"	"0.0"	"231.0"	"5420.0"	"0.0"	"0.0"	"42.0"	"0.0"	"Female"	"2004-07-06T00:00:00.000000Z"	"33.0"	"17190.0"	"2.SILVER"	"1978-06-30T00:00:00.000000Z"	"Franz"	"Muddimer"	"Loyalist"
"828675.0"	"Premium Credit Card"	"Unsecured Lending"	"2015-01-28T00:00:00.000000Z"	"7921933846853994258"	""	"0"	"-2301.84"	"5399.83"	"16.0"	"2158.004375"	"2524.3195346970074"	"16.0"	"12.720624999999998"	"203.52999999999997"	"3.0"	"219.0"	"8060.0"	"0.0"	"0.0"	"39.0"	"5.0"	"Female"	"2009-01-26T00:00:00.000000Z"	"28.0"	"27840.0"	"2.SILVER"	"1977-06-25T00:00:00.000000Z"	"Aileen"	"Vakhonin"	"Emergent"
"1122386.0"	"Current Account"	"Deposit Account"	"2015-01-28T00:00:00.000000Z"	"3205001600158171191"	""	"0"	"-996.36"	"3206.06"	"16.0"	"1410.52625"	"1063.979463842387"	"16.0"	"2.0"	"32.0"	"1.0"	"182.0"	"11110.0"	"0.0"	"0.0"	"53.0"	"1.0"	"Female"	"2013-02-21T00:00:00.000000Z"	"28.0"	"38060.0"	"2.SILVER"	"1975-06-25T00:00:00.000000Z"	"Reta"	"Jolliff"	"Emergent"
"802924.0"	"Current Account"	"Deposit Account"	"2015-06-28T00:00:00.000000Z"	"8563719165344852032"	""	"0"	"1754.35"	"17559.13"	"11.0"	"9073.528181818181"	"5971.866325871367"	"11.0"	"1.5"	"16.5"	"3.0"	"190.0"	"19510.0"	"0.0"	"0.0"	"42.0"	"1.0"	"Female"	"2008-10-08T00:00:00.000000Z"	"28.0"	"68930.0"	"1.GOLD"	"1964-06-25T00:00:00.000000Z"	"Julian"	"Hoppner"	"Loyalist"
"1228679.0"	"Current Account"	"Deposit Account"	"2015-01-28T00:00:00.000000Z"	"2164276723061399070"	""	"0"	"-46.4"	"292.48"	"16.0"	"91.25812499999999"	"96.45577482063996"	"16.0"	"2.5"	"40.0"	"1.0"	"202.0"	"2590.0"	"0.0"	"0.0"	"41.0"	"2.0"	"Female"	"2013-12-03T00:00:00.000000Z"	"27.0"	"8660.0"	"3.BRONZE"	"1990-06-24T00:00:00.000000Z"	"Tate"	"Elmar"	"Emergent"
"639871.0"	"Standard Credit Card"	"Unsecured Lending"	"2016-03-28T00:00:00.000000Z"	"6589936017039893243"	"2016-03-28T00:00:00.000000Z"	"1"	""	""	""	""	""	""	""	""	"2.0"	"184.0"	"11320.0"	"0.0"	"0.0"	"43.0"	"8.0"	"Female"	"2006-09-06T00:00:00.000000Z"	"8.0"	"41100.0"	"2.SILVER"	"1952-06-05T00:00:00.000000Z"	"Jodi"	"Straw"	"Loyalist"
"309959.0"	"Mortgage"	"Secured Lending"	"2015-01-28T00:00:00.000000Z"	"2486806521010591885"	""	"0"	"75655.92"	"82451.37"	"16.0"	"79053.64499999999"	"2156.854213988513"	"16.0"	"10.678876118665604"	"170.86201789864967"	"3.0"	"220.0"	"7600.0"	"4.0"	"147.61"	"48.0"	"13.0"	"Female"	"2001-12-21T00:00:00.000000Z"	"28.0"	"25870.0"	"2.SILVER"	"1963-06-25T00:00:00.000000Z"	"Nicki"	"Walewski"	"Sophisticates"
"798887.0"	"Current Account"	"Deposit Account"	"2015-01-28T00:00:00.000000Z"	"8392227463811255964"	""	"0"	"-1681.25"	"3749.55"	"16.0"	"1930.3431249999996"	"1448.343158811561"	"16.0"	"1.0"	"16.0"	"1.0"	"210.0"	"6810.0"	"1.0"	"26.89"	"43.0"	"8.0"	"Male"	"2008-10-01T00:00:00.000000Z"	"28.0"	"22160.0"	"1.GOLD"	"1970-06-25T00:00:00.000000Z"	"Mohandis"	"Carnall"	"Sophisticates"
"1190817.0"	"Mortgage"	"Secured Lending"	"2015-06-28T00:00:00.000000Z"	"5713283738577304892"	"2015-10-28T00:00:00.000000Z"	"1"	"32073.03"	"32537.85"	"4.0"	"32305.44"	"200.02667988712474"	"4.0"	"2.571109613472398"	"10.284438453889592"	"1.0"	"189.0"	"3860.0"	"0.0"	"0.0"	"47.0"	"4.0"	"Male"	"2013-10-07T00:00:00.000000Z"	"30.0"	"13430.0"	"3.BRONZE"	"1994-06-27T00:00:00.000000Z"	"Friedrich"	"Blankhorn"	"Loyalist"
"607949.0"	"Savings Account"	"Deposit Account"	"2015-01-28T00:00:00.000000Z"	"4915203119298115970"	"2015-03-28T00:00:00.000000Z"	"1"	"1098.13"	"2521.17"	"2.0"	"1809.65"	"1006.2412338997045"	"2.0"	""	""	"1.0"	"177.0"	"6370.0"	"0.0"	"0.0"	"40.0"	"0.0"	"Female"	"2006-04-19T00:00:00.000000Z"	"28.0"	"21360.0"	"2.SILVER"	"1964-06-25T00:00:00.000000Z"	"Salvador"	"Hedon"	"Loyalist"
"982543.0"	"Current Account"	"Deposit Account"	"2015-06-28T00:00:00.000000Z"	"1266394060567899867"	"2015-10-28T00:00:00.000000Z"	"1"	"-128.42"	"6492.1"	"4.0"	"2767.5375000000004"	"3410.539643637793"	"4.0"	"0.0"	"0.0"	"1.0"	"186.0"	"8280.0"	"0.0"	"0.0"	"49.0"	"2.0"	"Male"	"2011-11-21T00:00:00.000000Z"	"19.0"	"32870.0"	"3.BRONZE"	"1989-06-16T00:00:00.000000Z"	"Byrom"	"Eger"	"Loyalist"
"1127270.0"	"Managed Securities"	"Securities"	"2015-01-28T00:00:00.000000Z"	"8052345042240320081"	"2015-11-28T00:00:00.000000Z"	"1"	"45.52"	"1499.01"	"10.0"	"1007.8490000000002"	"397.7728941787428"	"10.0"	"26.781"	"267.81"	"1.0"	"192.0"	"5930.0"	"0.0"	"0.0"	"43.0"	"4.0"	"Female"	"2013-04-09T00:00:00.000000Z"	"8.0"	"20930.0"	"1.GOLD"	"1970-06-05T00:00:00.000000Z"	"Julianna"	"Woodlands"	"Loyalist"
"548648.0"	"Current Account"	"Deposit Account"	"2015-01-28T00:00:00.000000Z"	"6039555622044610719"	""	"0"	"566.01"	"4411.93"	"16.0"	"2473.04"	"1118.7868622396315"	"16.0"	"2.0"	"32.0"	"0.0"	"186.0"	"7130.0"	"0.0"	"0.0"	"40.0"	"8.0"	"Female"	"2005-08-15T00:00:00.000000Z"	"28.0"	"26490.0"	"2.SILVER"	"1962-06-25T00:00:00.000000Z"	"Heinrick"	"Litster"	"Sophisticates"
"881948.0"	"Managed Securities"	"Securities"	"2015-10-28T00:00:00.000000Z"	"8454330899188220881"	""	"0"	"-533.71"	"3678.0"	"7.0"	"1686.6871428571428"	"1386.7297298766655"	"7.0"	"10.945714285714287"	"76.62"	"3.0"	"192.0"	"8070.0"	"2.0"	"70.85"	"42.0"	"17.0"	"Female"	"2010-06-09T00:00:00.000000Z"	"36.0"	"27420.0"	"1.GOLD"	"1975-07-03T00:00:00.000000Z"	"Adrian"	"Selwyne"	"Loyalist"
"1260678.0"	"Car Loan"	"Secured Lending"	"2015-01-28T00:00:00.000000Z"	"5961353344928161098"	""	"0"	"2048.0"	"2835.65"	"16.0"	"2441.8250000000003"	"249.99760452185578"	"16.0"	"7.543440675011734"	"120.69505080018774"	"2.0"	"203.0"	"6130.0"	"0.0"	"0.0"	"51.0"	"5.0"	"Female"	"2014-05-30T00:00:00.000000Z"	"28.0"	"19550.0"	"2.SILVER"	"1987-06-25T00:00:00.000000Z"	"Sarette"	"Picken"	"Emergent"
"1383867.0"	"Personal Loan"	"Unsecured Lending"	"2015-04-28T00:00:00.000000Z"	"6243869543828898574"	"2015-11-28T00:00:00.000000Z"	"1"	"1224.67"	"2143.15"	"7.0"	"1683.91"	"330.6905953707586"	"7.0"	"8.556707793074834"	"59.896954551523834"	"0.0"	"128.0"	"2920.0"	"0.0"	"0.0"	"37.0"	"3.0"	"Female"	"2015-02-20T00:00:00.000000Z"	"6.0"	"14290.0"	"2.SILVER"	"1968-06-03T00:00:00.000000Z"	"Tony"	"Frowen"	"Loyalist"
"445358.0"	"Savings Account"	"Deposit Account"	"2015-01-28T00:00:00.000000Z"	"8401320873429448573"	""	"0"	"-451.4"	"6418.67"	"16.0"	"3212.6475"	"1895.406253070829"	"16.0"	""	""	"5.0"	"206.0"	"6970.0"	"2.0"	"37.55"	"46.0"	"12.0"	"Female"	"2003-11-18T00:00:00.000000Z"	"37.0"	"22980.0"	"2.SILVER"	"1977-07-04T00:00:00.000000Z"	"Winona"	"Daymont"	"Traditionalist"
"450231.0"	"Savings Account"	"Deposit Account"	"2015-02-28T00:00:00.000000Z"	"7525247521205650494"	"2016-02-28T00:00:00.000000Z"	"1"	"-795.7"	"11667.3"	"12.0"	"5552.821666666667"	"4306.502361526502"	"12.0"	""	""	"2.0"	"184.0"	"16220.0"	"0.0"	"0.0"	"36.0"	"6.0"	"Female"	"2003-12-24T00:00:00.000000Z"	"28.0"	"56610.0"	"2.SILVER"	"1965-06-25T00:00:00.000000Z"	"Isidro"	"MacGovern"	"Loyalist"
"105711.0"	"Car Loan"	"Secured Lending"	"2015-01-28T00:00:00.000000Z"	"825208542725856616"	""	"0"	"-0.06"	"4120.14"	"16.0"	"2060.0400000000004"	"1307.738373834766"	"16.0"	"31.465233064898197"	"503.44372903837115"	"5.0"	"189.0"	"12510.0"	"1.0"	"15.4"	"36.0"	"9.0"	"Female"	"1998-09-21T00:00:00.000000Z"	"28.0"	"47500.0"	"2.SILVER"	"1969-06-25T00:00:00.000000Z"	"Sonnie"	"De Domenicis"	"Sophisticates"
"152010.0"	"Personal Loan"	"Unsecured Lending"	"2015-01-28T00:00:00.000000Z"	"438087881210209409"	""	"0"	"1119.81"	"5918.31"	"16.0"	"3519.0600000000004"	"1523.0286361939068"	"16.0"	"2.3950173941194883"	"38.32027830591181"	"2.0"	"213.0"	"6230.0"	"2.0"	"31.68"	"36.0"	"10.0"	"Female"	"1999-12-27T00:00:00.000000Z"	"28.0"	"21530.0"	"2.SILVER"	"1967-06-25T00:00:00.000000Z"	"Blondelle"	"Fenne"	"Loyalist"
"155552.0"	"Personal Loan"	"Unsecured Lending"	"2015-01-28T00:00:00.000000Z"	"3162024173226098450"	""	"0"	"-3552.24"	"1776.06"	"16.0"	"-888.09"	"1691.1854709246609"	"16.0"	"49.59243618472047"	"793.4789789555275"	"1.0"	"184.0"	"14580.0"	"1.0"	"9.57"	"46.0"	"6.0"	"Male"	"2001-10-16T00:00:00.000000Z"	"28.0"	"50400.0"	"2.SILVER"	"1973-06-25T00:00:00.000000Z"	"Ronni"	"Billyeald"	"Sophisticates"
"219935.0"	"Savings Account"	"Deposit Account"	"2015-01-28T00:00:00.000000Z"	"1803227498314427837"	""	"0"	"-1409.69"	"4950.54"	"16.0"	"2440.7499999999995"	"1718.0546798399637"	"16.0"	""	""	"2.0"	"183.0"	"30770.0"	"3.0"	"544.03"	"36.0"	"6.0"	"Female"	"2001-02-02T00:00:00.000000Z"	"28.0"	"129080.0"	"2.SILVER"	"1947-06-25T00:00:00.000000Z"	"Cross"	"Boddie"	"Sophisticates"
"1002013.0"	"Standard Credit Card"	"Unsecured Lending"	"2015-01-28T00:00:00.000000Z"	"5929391262301155740"	""	"0"	"-1097.39"	"3448.07"	"16.0"	"1374.215"	"1291.6679297198127"	"16.0"	"5.495625"	"87.93"	"4.0"	"184.0"	"6030.0"	"3.0"	"92.89"	"49.0"	"12.0"	"Male"	"2012-01-18T00:00:00.000000Z"	"36.0"	"23490.0"	"2.SILVER"	"1982-07-03T00:00:00.000000Z"	"Nichols"	"Leist"	"Loyalist"
"133266.0"	"Direct Securities"	"Securities"	"2015-01-28T00:00:00.000000Z"	"8472440474290883575"	""	"0"	"30.56"	"20419.18"	"16.0"	"10681.31"	"5230.367498633343"	"16.0"	"118.48312499999999"	"1895.7299999999998"	"1.0"	"180.0"	"29430.0"	"1.0"	"113.55"	"41.0"	"5.0"	"Female"	"1999-06-02T00:00:00.000000Z"	"28.0"	"105840.0"	"2.SILVER"	"1949-06-25T00:00:00.000000Z"	"Nananne"	"Baitson"	"Traditionalist"
"1124674.0"	"Current Account"	"Deposit Account"	"2015-01-28T00:00:00.000000Z"	"594793251337032320"	""	"0"	"1983.22"	"34472.08"	"16.0"	"14019.149375"	"8336.737042552855"	"16.0"	"1.5"	"24.0"	"2.0"	"197.0"	"27660.0"	"1.0"	"30.8"	"38.0"	"3.0"	"Male"	"2013-03-14T00:00:00.000000Z"	"28.0"	"96710.0"	"1.GOLD"	"1967-06-25T00:00:00.000000Z"	"Dunn"	"Ollerearnshaw"	"Sophisticates"
"1201278.0"	"Current Account"	"Deposit Account"	"2015-01-28T00:00:00.000000Z"	"6524567153347836363"	""	"0"	"-433.09"	"2781.87"	"16.0"	"886.8043750000002"	"881.7877716772803"	"16.0"	"0.5"	"8.0"	"1.0"	"200.0"	"1810.0"	"0.0"	"0.0"	"51.0"	"2.0"	"Male"	"2013-10-17T00:00:00.000000Z"	"3.0"	"7010.0"	"3.BRONZE"	"1991-05-31T00:00:00.000000Z"	"Edmon"	"Iacobassi"	"Emergent"
"152879.0"	"Current Account"	"Deposit Account"	"2015-01-28T00:00:00.000000Z"	"7974798946311168746"	""	"0"	"-2845.21"	"24490.93"	"16.0"	"8222.209375"	"8056.132515353728"	"16.0"	"0.5"	"8.0"	"4.0"	"188.0"	"20350.0"	"1.0"	"253.62"	"51.0"	"11.0"	"Male"	"1999-12-14T00:00:00.000000Z"	"28.0"	"74870.0"	"1.GOLD"	"1968-06-25T00:00:00.000000Z"	"Korey"	"Mion"	"Sophisticates"
"213841.0"	"Mortgage"	"Secured Lending"	"2015-01-28T00:00:00.000000Z"	"2360698706580129812"	""	"0"	"310509.62"	"323932.22"	"16.0"	"317220.92"	"4260.2905433316055"	"16.0"	"16.297024730923457"	"260.7523956947753"	"5.0"	"163.0"	"11880.0"	"1.0"	"127.02"	"39.0"	"12.0"	"Male"	"2001-01-09T00:00:00.000000Z"	"28.0"	"43990.0"	"1.GOLD"	"1976-06-25T00:00:00.000000Z"	"Wolfgang"	"Wodham"	"Sophisticates"
"143419.0"	"Direct Securities"	"Securities"	"2015-01-28T00:00:00.000000Z"	"2837588045586483950"	"2015-01-28T00:00:00.000000Z"	"1"	""	""	""	""	""	""	""	""	"1.0"	"171.0"	"6840.0"	"2.0"	"15.2"	"32.0"	"9.0"	"Female"	"1999-09-23T00:00:00.000000Z"	"28.0"	"24490.0"	"1.GOLD"	"1958-06-25T00:00:00.000000Z"	"Walther"	"Keoghan"	"Sophisticates"
"1141097.0"	"Mortgage"	"Secured Lending"	"2015-02-28T00:00:00.000000Z"	"9171164351783362420"	""	"0"	"155170.29"	"166253.95"	"15.0"	"160712.12000000002"	"3540.545314213618"	"15.0"	"5.567345089349426"	"83.51017634024139"	"3.0"	"193.0"	"8380.0"	"1.0"	"54.58"	"48.0"	"5.0"	"Female"	"2013-07-19T00:00:00.000000Z"	"28.0"	"28660.0"	"2.SILVER"	"1980-06-25T00:00:00.000000Z"	"Neel"	"Calan"	"Sophisticates"
"300081.0"	"Personal Loan"	"Unsecured Lending"	"2015-01-28T00:00:00.000000Z"	"6393348013481164294"	""	"0"	"4907.87"	"10570.97"	"16.0"	"7739.42"	"1797.4499259413763"	"16.0"	"1.9152804952643614"	"30.644487924229782"	"4.0"	"205.0"	"9640.0"	"1.0"	"52.58"	"38.0"	"9.0"	"Female"	"2001-11-22T00:00:00.000000Z"	"28.0"	"31180.0"	"2.SILVER"	"1958-06-25T00:00:00.000000Z"	"Retha"	"Gristock"	"Traditionalist"
"71028.0"	"Standard Credit Card"	"Unsecured Lending"	"2015-03-28T00:00:00.000000Z"	"1116026514502822900"	"2015-11-28T00:00:00.000000Z"	"1"	"-1589.22"	"5535.56"	"8.0"	"2805.5225"	"2562.297947154635"	"8.0"	"36.67375"	"293.39"	"1.0"	"218.0"	"20760.0"	"1.0"	"141.72"	"48.0"	"7.0"	"Male"	"1997-08-29T00:00:00.000000Z"	"28.0"	"82050.0"	"1.GOLD"	"1973-06-25T00:00:00.000000Z"	"Patty"	"Brocking"	"Loyalist"
"905653.0"	"Car Loan"	"Secured Lending"	"2015-09-28T00:00:00.000000Z"	"6199652343038274026"	""	"0"	"1347.75"	"2205.39"	"8.0"	"1776.5700000000002"	"300.111483285795"	"8.0"	"5.645917707373695"	"45.16734165898956"	"1.0"	"185.0"	"6200.0"	"0.0"	"0.0"	"42.0"	"3.0"	"Male"	"2011-03-04T00:00:00.000000Z"	"41.0"	"20520.0"	"2.SILVER"	"1972-07-08T00:00:00.000000Z"	"Skipp"	"Mairs"	"Sophisticates"
"140537.0"	"Standard Credit Card"	"Unsecured Lending"	"2015-01-28T00:00:00.000000Z"	"1060501375623516297"	""	"0"	"-129.03"	"1602.77"	"16.0"	"504.46"	"477.85069258085207"	"16.0"	"2.154375"	"34.47"	"5.0"	"211.0"	"4850.0"	"2.0"	"11.95"	"43.0"	"9.0"	"Female"	"1999-08-24T00:00:00.000000Z"	"28.0"	"18210.0"	"2.SILVER"	"1968-06-25T00:00:00.000000Z"	"Tanney"	"McDonough"	"Sophisticates"
"1117810.0"	"Personal Loan"	"Unsecured Lending"	"2015-01-28T00:00:00.000000Z"	"1821025941325133735"	""	"0"	"-1146.18"	"2674.32"	"16.0"	"764.07"	"1212.6145471665761"	"16.0"	"24.121341311604844"	"385.9414609856775"	"1.0"	"211.0"	"9720.0"	"2.0"	"73.91"	"41.0"	"9.0"	"Female"	"2013-01-11T00:00:00.000000Z"	"28.0"	"32870.0"	"2.SILVER"	"1980-06-25T00:00:00.000000Z"	"Nessi"	"Eagar"	"Loyalist"
"555490.0"	"Savings Account"	"Deposit Account"	"2015-01-28T00:00:00.000000Z"	"1892432864956690940"	""	"0"	"-519.45"	"8541.89"	"16.0"	"3835.5362499999997"	"2753.6604176038722"	"16.0"	""	""	"3.0"	"201.0"	"19570.0"	"0.0"	"0.0"	"51.0"	"10.0"	"Female"	"2005-09-12T00:00:00.000000Z"	"28.0"	"65730.0"	"3.BRONZE"	"1987-06-25T00:00:00.000000Z"	"Bertina"	"Jirzik"	"Sophisticates"
"410807.0"	"Car Loan"	"Secured Lending"	"2015-01-28T00:00:00.000000Z"	"6309648532392175200"	""	"0"	"-242.08"	"276.62"	"16.0"	"17.270000000000003"	"164.63373003934117"	"16.0"	"21.15521093791005"	"338.4833750065608"	"2.0"	"209.0"	"9770.0"	"3.0"	"153.06"	"47.0"	"18.0"	"Male"	"2003-03-12T00:00:00.000000Z"	"28.0"	"34550.0"	"2.SILVER"	"1961-06-25T00:00:00.000000Z"	"Shepherd"	"Bee"	"Traditionalist"
"383241.0"	"Premium Credit Card"	"Unsecured Lending"	"2015-01-28T00:00:00.000000Z"	"458528336596937728"	""	"0"	"164.61"	"1576.13"	"16.0"	"740.0918749999998"	"445.40617364706196"	"16.0"	"7.7612499999999995"	"124.17999999999999"	"7.0"	"206.0"	"6090.0"	"0.0"	"0.0"	"36.0"	"11.0"	"Female"	"2002-09-27T00:00:00.000000Z"	"28.0"	"22370.0"	"2.SILVER"	"1957-06-25T00:00:00.000000Z"	"Bink"	"Gores"	"Sophisticates"
"399433.0"	"Current Account"	"Deposit Account"	"2015-01-28T00:00:00.000000Z"	"1106244585557935365"	""	"0"	"-185.17"	"3226.93"	"16.0"	"1426.298125"	"1026.5126917235768"	"16.0"	"0.5"	"8.0"	"3.0"	"178.0"	"5420.0"	"0.0"	"0.0"	"33.0"	"8.0"	"Female"	"2003-01-03T00:00:00.000000Z"	"28.0"	"17760.0"	"1.GOLD"	"1953-06-25T00:00:00.000000Z"	"Yves"	"Menico"	"Loyalist"
"658340.0"	"Savings Account"	"Deposit Account"	"2015-01-28T00:00:00.000000Z"	"7650179913442137706"	""	"0"	"21.44"	"3732.11"	"16.0"	"1780.899375"	"1056.1572870330046"	"16.0"	""	""	"1.0"	"185.0"	"3260.0"	"0.0"	"0.0"	"39.0"	"7.0"	"Female"	"2006-11-21T00:00:00.000000Z"	"18.0"	"10970.0"	"2.SILVER"	"1965-06-15T00:00:00.000000Z"	"Karin"	"Caldow"	"Emergent"
"194085.0"	"Savings Account"	"Deposit Account"	"2015-01-28T00:00:00.000000Z"	"7702700503689994181"	""	"0"	"-1192.63"	"2677.73"	"16.0"	"986.2325"	"1055.723344135827"	"16.0"	""	""	"0.0"	"217.0"	"5520.0"	"1.0"	"16.08"	"40.0"	"10.0"	"Male"	"2004-02-21T00:00:00.000000Z"	"28.0"	"19910.0"	"2.SILVER"	"1970-06-25T00:00:00.000000Z"	"Dian"	"Sinclair"	"Sophisticates"
"498202.0"	"Personal Loan"	"Unsecured Lending"	"2016-01-28T00:00:00.000000Z"	"1536080412220310946"	""	"0"	"235.37"	"1647.41"	"4.0"	"941.3900000000001"	"607.645267130969"	"4.0"	"51.18117766097691"	"204.72471064390763"	"1.0"	"203.0"	"14200.0"	"1.0"	"108.83"	"53.0"	"5.0"	"Male"	"2004-10-26T00:00:00.000000Z"	"28.0"	"51720.0"	"2.SILVER"	"1980-06-25T00:00:00.000000Z"	"Mort"	"Rudd"	"Sophisticates"
"95558.0"	"Personal Loan"	"Unsecured Lending"	"2015-01-28T00:00:00.000000Z"	"2191216015140758645"	""	"0"	"4754.04"	"17720.04"	"16.0"	"11237.04"	"4115.367155754959"	"16.0"	"39.79632681340847"	"636.7412290145355"	"5.0"	"174.0"	"16720.0"	"3.0"	"102.07"	"54.0"	"11.0"	"Female"	"1998-05-08T00:00:00.000000Z"	"28.0"	"56120.0"	"2.SILVER"	"1969-06-25T00:00:00.000000Z"	"Foss"	"Whye"	"Sophisticates"
"485354.0"	"Standard Credit Card"	"Unsecured Lending"	"2015-01-28T00:00:00.000000Z"	"5262164838722233387"	""	"0"	"-10642.79"	"30744.61"	"16.0"	"9618.783124999998"	"10323.085312255389"	"16.0"	"49.598125"	"793.57"	"3.0"	"174.0"	"26960.0"	"2.0"	"38.83"	"46.0"	"10.0"	"Female"	"2004-07-29T00:00:00.000000Z"	"28.0"	"158580.0"	"2.SILVER"	"1970-06-25T00:00:00.000000Z"	"Alaine"	"Maypole"	"Loyalist"
"25169.0"	"Managed Securities"	"Securities"	"2015-07-28T00:00:00.000000Z"	"1934439704837154246"	""	"0"	"-145.29"	"1106.09"	"10.0"	"351.36699999999996"	"439.89902134340883"	"10.0"	"28.905"	"289.05"	"4.0"	"227.0"	"5880.0"	"1.0"	"5.64"	"49.0"	"6.0"	"Male"	"1995-10-25T00:00:00.000000Z"	"4.0"	"19850.0"	"2.SILVER"	"1974-06-01T00:00:00.000000Z"	"Reuben"	"Elms"	"Sophisticates"
"1232155.0"	"Current Account"	"Deposit Account"	"2015-06-28T00:00:00.000000Z"	"9220855525254539699"	""	"0"	"-3474.71"	"10501.38"	"11.0"	"3884.5963636363635"	"3733.9811396504742"	"11.0"	"1.5"	"16.5"	"1.0"	"185.0"	"7030.0"	"2.0"	"31.04"	"41.0"	"1.0"	"Female"	"2013-12-17T00:00:00.000000Z"	"26.0"	"26720.0"	"2.SILVER"	"1983-06-23T00:00:00.000000Z"	"Romola"	"Averill"	"Loyalist"
"565181.0"	"Mortgage"	"Secured Lending"	"2015-01-28T00:00:00.000000Z"	"7511968362125960784"	""	"0"	"57806.27"	"63029.72"	"16.0"	"60417.994999999995"	"1657.9064144476636"	"16.0"	"1.3026439690483957"	"20.842303504774332"	"4.0"	"234.0"	"4340.0"	"4.0"	"161.34"	"40.0"	"17.0"	"Female"	"2005-10-14T00:00:00.000000Z"	"28.0"	"16050.0"	"2.SILVER"	"1979-06-25T00:00:00.000000Z"	"Antonio"	"Crichmer"	"Loyalist"
"917412.0"	"Mortgage"	"Secured Lending"	"2015-02-28T00:00:00.000000Z"	"5378867537628907829"	""	"0"	"112896.34"	"116847.7"	"15.0"	"114872.02000000002"	"1262.215651939103"	"15.0"	"3.7701204365956884"	"56.551806548935325"	"2.0"	"198.0"	"4830.0"	"1.0"	"12.02"	"40.0"	"6.0"	"Female"	"2011-07-06T00:00:00.000000Z"	"28.0"	"17810.0"	"2.SILVER"	"1976-06-25T00:00:00.000000Z"	"Ree"	"O'Lenane"	"Traditionalist"
"730170.0"	"Savings Account"	"Deposit Account"	"2015-01-28T00:00:00.000000Z"	"6696400703058023344"	""	"0"	"-103.94"	"4893.92"	"16.0"	"2486.1112500000004"	"1378.1565174530554"	"16.0"	""	""	"3.0"	"228.0"	"6970.0"	"0.0"	"0.0"	"34.0"	"12.0"	"Male"	"2007-11-02T00:00:00.000000Z"	"46.0"	"27050.0"	"2.SILVER"	"1946-07-13T00:00:00.000000Z"	"Brandy"	"Wallbank"	"Sophisticates"
"723790.0"	"Car Loan"	"Secured Lending"	"2015-01-28T00:00:00.000000Z"	"6374627198275713109"	""	"0"	"-127.42"	"191.03"	"16.0"	"31.804999999999996"	"101.0750170253098"	"16.0"	"0.7325280134681956"	"11.72044821549113"	"2.0"	"181.0"	"4270.0"	"2.0"	"8.65"	"51.0"	"5.0"	"Male"	"2007-10-06T00:00:00.000000Z"	"41.0"	"13190.0"	"2.SILVER"	"1971-07-08T00:00:00.000000Z"	"Warden"	"Pedersen"	"Sophisticates"
"357413.0"	"Savings Account"	"Deposit Account"	"2015-01-28T00:00:00.000000Z"	"4398627590090018838"	""	"0"	"-142.83"	"1991.55"	"16.0"	"1050.93"	"609.9627786021044"	"16.0"	""	""	"1.0"	"208.0"	"6360.0"	"1.0"	"9.25"	"39.0"	"8.0"	"Male"	"2002-05-06T00:00:00.000000Z"	"26.0"	"21550.0"	"2.SILVER"	"1964-06-23T00:00:00.000000Z"	"Cam"	"Odda"	"Traditionalist"
"887393.0"	"Mortgage"	"Secured Lending"	"2015-05-28T00:00:00.000000Z"	"2213516152250976005"	""	"0"	"139531.67"	"149763.98"	"12.0"	"144647.82499999998"	"3353.9198519493366"	"12.0"	"14.886784818107314"	"178.64141781728776"	"0.0"	"174.0"	"11250.0"	"1.0"	"68.28"	"47.0"	"4.0"	"Female"	"2010-08-02T00:00:00.000000Z"	"28.0"	"38300.0"	"2.SILVER"	"1989-06-25T00:00:00.000000Z"	"Elwyn"	"Rubinsky"	"Loyalist"
"1337656.0"	"Mortgage"	"Secured Lending"	"2016-05-28T00:00:00.000000Z"	"6681326068547873406"	""	"0"	""	""	""	""	""	""	""	""	"1.0"	"195.0"	"4600.0"	"0.0"	"0.0"	"47.0"	"2.0"	"Female"	"2014-10-21T00:00:00.000000Z"	"30.0"	"16990.0"	"3.BRONZE"	"1989-06-27T00:00:00.000000Z"	"Carol-jean"	"Eshelby"	"Emergent"
"436283.0"	"Savings Account"	"Deposit Account"	"2015-01-28T00:00:00.000000Z"	"730024854075993343"	""	"0"	"-340.86"	"1099.91"	"16.0"	"418.80062499999997"	"359.0117537810102"	"16.0"	""	""	"6.0"	"219.0"	"14010.0"	"0.0"	"0.0"	"32.0"	"10.0"	"Female"	"2003-09-23T00:00:00.000000Z"	"8.0"	"51060.0"	"1.GOLD"	"1949-06-05T00:00:00.000000Z"	"Felice"	"Bernhardi"	"Sophisticates"
"47686.0"	"Premium Credit Card"	"Unsecured Lending"	"2015-01-28T00:00:00.000000Z"	"6655862103768723888"	""	"0"	"-2683.01"	"16476.38"	"16.0"	"7323.7837500000005"	"4753.560346360575"	"16.0"	"48.80625"	"780.9"	"6.0"	"198.0"	"18970.0"	"4.0"	"520.46"	"32.0"	"18.0"	"Female"	"1996-12-05T00:00:00.000000Z"	"28.0"	"56590.0"	"2.SILVER"	"1941-06-25T00:00:00.000000Z"	"Collin"	"Jerromes"	"Loyalist"
"1227953.0"	"Car Loan"	"Secured Lending"	"2016-05-28T00:00:00.000000Z"	"5061452412195598545"	""	"0"	""	""	""	""	""	""	""	""	"0.0"	"196.0"	"3930.0"	"0.0"	"0.0"	"38.0"	"2.0"	"Male"	"2013-12-02T00:00:00.000000Z"	"8.0"	"14910.0"	"2.SILVER"	"1971-06-05T00:00:00.000000Z"	"Kizzee"	"Crews"	"Emergent"
"87308.0"	"Mortgage"	"Secured Lending"	"2015-01-28T00:00:00.000000Z"	"8134985197794291920"	""	"0"	"19713.36"	"28674.06"	"16.0"	"24193.71"	"2844.097676428622"	"16.0"	"8.922945473443153"	"142.76712757509046"	"2.0"	"203.0"	"12830.0"	"2.0"	"49.32"	"36.0"	"13.0"	"Male"	"1998-02-26T00:00:00.000000Z"	"28.0"	"44710.0"	"2.SILVER"	"1958-06-25T00:00:00.000000Z"	"Alisun"	"Beadnell"	"Traditionalist"
"1124674.0"	"Managed Securities"	"Securities"	"2015-04-28T00:00:00.000000Z"	"4967045174248723338"	""	"0"	"4051.81"	"41861.68"	"13.0"	"18132.650769230768"	"10167.969764276497"	"13.0"	"77.17923076923077"	"1003.33"	"2.0"	"197.0"	"27660.0"	"1.0"	"30.8"	"38.0"	"3.0"	"Male"	"2013-03-14T00:00:00.000000Z"	"28.0"	"96710.0"	"1.GOLD"	"1967-06-25T00:00:00.000000Z"	"Dunn"	"Ollerearnshaw"	"Sophisticates"
"1374935.0"	"Current Account"	"Deposit Account"	"2015-01-28T00:00:00.000000Z"	"6811460638323153201"	"2015-10-28T00:00:00.000000Z"	"1"	"234.76"	"863.94"	"9.0"	"506.5466666666667"	"250.3058041676221"	"9.0"	"0.5"	"4.5"	"1.0"	"199.0"	"21230.0"	"0.0"	"0.0"	"49.0"	"4.0"	"Male"	"2015-01-08T00:00:00.000000Z"	"28.0"	"78550.0"	"2.SILVER"	"1984-06-25T00:00:00.000000Z"	"Tremayne"	"Prichet"	"Loyalist"
"1183546.0"	"Current Account"	"Deposit Account"	"2015-01-28T00:00:00.000000Z"	"4337671593173885746"	"2016-01-28T00:00:00.000000Z"	"1"	"-1525.11"	"24578.95"	"12.0"	"8549.925"	"7546.447637289651"	"12.0"	"2.0"	"24.0"	"1.0"	"187.0"	"26050.0"	"0.0"	"0.0"	"52.0"	"5.0"	"Male"	"2013-09-25T00:00:00.000000Z"	"28.0"	"81850.0"	"3.BRONZE"	"1995-06-25T00:00:00.000000Z"	"Tawsha"	"Filkin"	"Loyalist"
"59830.0"	"Direct Securities"	"Securities"	"2015-01-28T00:00:00.000000Z"	"5607067258914529536"	""	"0"	"-184.39"	"6210.23"	"16.0"	"2141.3012500000004"	"1741.4279504853669"	"16.0"	"39.96375"	"639.42"	"3.0"	"211.0"	"13900.0"	"3.0"	"281.39"	"42.0"	"16.0"	"Female"	"1997-03-14T00:00:00.000000Z"	"41.0"	"47910.0"	"1.GOLD"	"1965-07-08T00:00:00.000000Z"	"Pauline"	"Straw"	"Traditionalist"
"366609.0"	"Managed Securities"	"Securities"	"2015-01-28T00:00:00.000000Z"	"4578358664362770690"	""	"0"	"-148.6"	"2183.54"	"16.0"	"948.2218750000001"	"590.686481660322"	"16.0"	"9.425625"	"150.81"	"2.0"	"214.0"	"3970.0"	"2.0"	"89.59"	"42.0"	"2.0"	"Female"	"2002-07-01T00:00:00.000000Z"	"3.0"	"14670.0"	"1.GOLD"	"1963-05-31T00:00:00.000000Z"	"Morissa"	"Lerer"	"Sophisticates"
"1140910.0"	"Car Loan"	"Secured Lending"	"2016-05-28T00:00:00.000000Z"	"2651232134047467689"	""	"0"	""	""	""	""	""	""	""	""	"0.0"	"216.0"	"7100.0"	"0.0"	"0.0"	"40.0"	"5.0"	"Female"	"2013-07-12T00:00:00.000000Z"	"28.0"	"27060.0"	"2.SILVER"	"1975-06-25T00:00:00.000000Z"	"Dian"	"Mollene"	"Emergent"
"113136.0"	"Personal Loan"	"Unsecured Lending"	"2015-01-28T00:00:00.000000Z"	"2200004189828643073"	""	"0"	"-6361.69"	"4864.91"	"16.0"	"-748.3899999999999"	"3563.2871287057405"	"16.0"	"12.3172118501933"	"197.0753896030928"	"6.0"	"192.0"	"15380.0"	"3.0"	"202.13"	"43.0"	"10.0"	"Female"	"1998-12-11T00:00:00.000000Z"	"28.0"	"49120.0"	"1.GOLD"	"1966-06-25T00:00:00.000000Z"	"Rosamund"	"Cranney"	"Sophisticates"
"934451.0"	"Mortgage"	"Secured Lending"	"2015-01-28T00:00:00.000000Z"	"4100308005034147671"	"2015-01-28T00:00:00.000000Z"	"1"	""	""	""	""	""	""	""	""	"0.0"	"208.0"	"6370.0"	"0.0"	"0.0"	"38.0"	"8.0"	"Male"	"2011-08-16T00:00:00.000000Z"	"28.0"	"22160.0"	"2.SILVER"	"1967-06-25T00:00:00.000000Z"	"Brittni"	"Trighton"	"Loyalist"
"540354.0"	"Premium Credit Card"	"Unsecured Lending"	"2015-01-28T00:00:00.000000Z"	"442721939235774607"	""	"0"	"-1440.32"	"5118.67"	"16.0"	"2211.6912500000003"	"2096.3817938848033"	"16.0"	"15.295625000000001"	"244.73000000000002"	"7.0"	"210.0"	"12820.0"	"1.0"	"66.3"	"48.0"	"2.0"	"Male"	"2005-07-12T00:00:00.000000Z"	"28.0"	"46630.0"	"2.SILVER"	"1970-06-25T00:00:00.000000Z"	"Salvador"	"Gingle"	"Sophisticates"
"223598.0"	"Savings Account"	"Deposit Account"	"2015-01-28T00:00:00.000000Z"	"7709909235478356470"	""	"0"	"293.58"	"10020.36"	"16.0"	"4152.906875"	"2289.985511979552"	"16.0"	""	""	"1.0"	"248.0"	"6610.0"	"1.0"	"44.03"	"38.0"	"4.0"	"Female"	"2001-02-19T00:00:00.000000Z"	"13.0"	"20390.0"	"2.SILVER"	"1971-06-10T00:00:00.000000Z"	"Manuel"	"Fiveash"	"Sophisticates"
"841369.0"	"Standard Credit Card"	"Unsecured Lending"	"2015-01-28T00:00:00.000000Z"	"1728314083915727611"	""	"0"	"-19.16"	"5728.62"	"16.0"	"2173.48625"	"1526.9853980741489"	"16.0"	"6.349374999999999"	"101.58999999999999"	"2.0"	"191.0"	"10690.0"	"2.0"	"190.89"	"45.0"	"2.0"	"Female"	"2009-04-23T00:00:00.000000Z"	"15.0"	"36830.0"	"1.GOLD"	"1969-06-12T00:00:00.000000Z"	"Nickolaus"	"Dibnah"	"Loyalist"
"225281.0"	"Managed Securities"	"Securities"	"2015-01-28T00:00:00.000000Z"	"1420921982702766853"	""	"0"	"-1923.95"	"5185.61"	"16.0"	"2508.413125"	"2104.861070777891"	"16.0"	"35.4425"	"567.08"	"2.0"	"192.0"	"7000.0"	"4.0"	"497.85999999999996"	"33.0"	"16.0"	"Male"	"2001-02-27T00:00:00.000000Z"	"28.0"	"24360.0"	"2.SILVER"	"1957-06-25T00:00:00.000000Z"	"Tiffani"	"Salvidge"	"Sophisticates"
"123223.0"	"Car Loan"	"Secured Lending"	"2015-01-28T00:00:00.000000Z"	"7220866233733744543"	""	"0"	"3639.9"	"5401.05"	"16.0"	"4520.474999999999"	"558.9834078634782"	"16.0"	"4.9000308327611615"	"78.40049332417858"	"5.0"	"191.0"	"3930.0"	"0.0"	"0.0"	"44.0"	"12.0"	"Female"	"1999-02-25T00:00:00.000000Z"	"33.0"	"14420.0"	"1.GOLD"	"1963-06-30T00:00:00.000000Z"	"Klara"	"Straw"	"Sophisticates"
"499896.0"	"Savings Account"	"Deposit Account"	"2015-01-28T00:00:00.000000Z"	"2795902293058488056"	""	"0"	"1219.05"	"27160.61"	"16.0"	"9220.643750000001"	"7495.771332605138"	"16.0"	""	""	"2.0"	"199.0"	"17800.0"	"1.0"	"49.73"	"37.0"	"5.0"	"Male"	"2004-11-04T00:00:00.000000Z"	"28.0"	"58720.0"	"2.SILVER"	"1963-06-25T00:00:00.000000Z"	"Julio"	"de Verson"	"Traditionalist"
"771651.0"	"Personal Loan"	"Unsecured Lending"	"2015-01-28T00:00:00.000000Z"	"3103553130237013933"	""	"0"	"-2859.16"	"2501.84"	"16.0"	"-178.65999999999988"	"1701.5643469074762"	"16.0"	"4.919362505578136"	"78.70980008925018"	"2.0"	"200.0"	"5780.0"	"1.0"	"46.15"	"40.0"	"7.0"	"Female"	"2008-06-03T00:00:00.000000Z"	"41.0"	"23730.0"	"2.SILVER"	"1977-07-08T00:00:00.000000Z"	"Dotti"	"Haslam"	"Loyalist"
"629696.0"	"Premium Credit Card"	"Unsecured Lending"	"2015-01-28T00:00:00.000000Z"	"6896503224582089282"	""	"0"	"-3025.91"	"7728.14"	"16.0"	"2822.158125"	"2583.047637679746"	"16.0"	"31.960624999999997"	"511.36999999999995"	"1.0"	"214.0"	"29350.0"	"1.0"	"307.68"	"46.0"	"8.0"	"Male"	"2006-07-26T00:00:00.000000Z"	"28.0"	"114840.0"	"2.SILVER"	"1973-06-25T00:00:00.000000Z"	"Bridgette"	"Willcocks"	"Sophisticates"
"208066.0"	"Standard Credit Card"	"Unsecured Lending"	"2015-01-28T00:00:00.000000Z"	"842804080108080786"	"2015-01-28T00:00:00.000000Z"	"1"	""	""	""	""	""	""	""	""	"3.0"	"198.0"	"25840.0"	"1.0"	"544.78"	"34.0"	"8.0"	"Male"	"2000-12-04T00:00:00.000000Z"	"28.0"	"91810.0"	"1.GOLD"	"1939-06-25T00:00:00.000000Z"	"Bern"	"Rustan"	"Sophisticates"
"1445445.0"	"Current Account"	"Deposit Account"	"2015-10-28T00:00:00.000000Z"	"6805609425910950278"	""	"0"	"-48.71"	"612.38"	"7.0"	"303.4114285714286"	"238.92427959701456"	"7.0"	"0.5"	"3.5"	"0.0"	"85.0"	"8310.0"	"0.0"	"0.0"	"20.0"	"0.0"	"Female"	"2015-09-10T00:00:00.000000Z"	"36.0"	"60110.0"	"3.BRONZE"	"1995-07-03T00:00:00.000000Z"	"Margo"	"Vitet"	"Emergent"
"1389609.0"	"Current Account"	"Deposit Account"	"2015-03-28T00:00:00.000000Z"	"5874397242955069803"	"2015-09-28T00:00:00.000000Z"	"1"	"9961.23"	"18914.64"	"6.0"	"13297.058333333332"	"3056.982219578102"	"6.0"	"1.5"	"9.0"	"0.0"	"79.0"	"9020.0"	"0.0"	"0.0"	"10.0"	"2.0"	"Female"	"2015-03-26T00:00:00.000000Z"	"28.0"	"139180.0"	"2.SILVER"	"1957-06-25T00:00:00.000000Z"	"Beck"	"Coning"	"Emergent"
"661255.0"	"Car Loan"	"Secured Lending"	"2015-02-28T00:00:00.000000Z"	"7514042026068098158"	""	"0"	"740.15"	"1480.19"	"15.0"	"1110.1700000000003"	"236.39710658127746"	"15.0"	"4.015001910404286"	"60.225028656064296"	"3.0"	"173.0"	"4310.0"	"1.0"	"19.78"	"41.0"	"6.0"	"Female"	"2006-12-04T00:00:00.000000Z"	"50.0"	"15240.0"	"2.SILVER"	"1975-07-17T00:00:00.000000Z"	"Rosemarie"	"Endean"	"Sophisticates"
"51360.0"	"Savings Account"	"Deposit Account"	"2015-01-28T00:00:00.000000Z"	"2090859031410682962"	""	"0"	"347.6"	"7671.07"	"16.0"	"3275.8418750000005"	"1850.1271653491594"	"16.0"	""	""	"3.0"	"212.0"	"7480.0"	"0.0"	"0.0"	"31.0"	"11.0"	"Female"	"2001-12-19T00:00:00.000000Z"	"28.0"	"24780.0"	"1.GOLD"	"1944-06-25T00:00:00.000000Z"	"Madeleine"	"Okill"	"Sophisticates"
"1357379.0"	"Current Account"	"Deposit Account"	"2015-01-28T00:00:00.000000Z"	"6703302810323306239"	""	"0"	"-417.87"	"2444.45"	"16.0"	"971.064375"	"840.3187117672971"	"16.0"	"0.5"	"8.0"	"0.0"	"221.0"	"2420.0"	"0.0"	"0.0"	"55.0"	"1.0"	"Male"	"2014-11-19T00:00:00.000000Z"	"46.0"	"8740.0"	"3.BRONZE"	"1992-07-13T00:00:00.000000Z"	"Inigo"	"Blaydes"	"Emergent"
"871289.0"	"Current Account"	"Deposit Account"	"2015-01-28T00:00:00.000000Z"	"171489764241273520"	"2015-09-28T00:00:00.000000Z"	"1"	"-3152.26"	"20788.63"	"8.0"	"8204.08"	"8643.559375161534"	"8.0"	"1.5"	"12.0"	"1.0"	"146.0"	"26190.0"	"0.0"	"0.0"	"50.0"	"4.0"	"Female"	"2010-04-05T00:00:00.000000Z"	"28.0"	"87240.0"	"1.GOLD"	"1963-06-25T00:00:00.000000Z"	"Tamarra"	"Prozescky"	"Loyalist"
"182513.0"	"Standard Credit Card"	"Unsecured Lending"	"2015-01-28T00:00:00.000000Z"	"2108415339949934883"	""	"0"	"324.71"	"6938.86"	"16.0"	"3290.2387499999995"	"1909.110531435604"	"16.0"	"9.924375000000001"	"158.79000000000002"	"3.0"	"196.0"	"8350.0"	"2.0"	"281.15"	"46.0"	"8.0"	"Female"	"2000-07-14T00:00:00.000000Z"	"8.0"	"35740.0"	"1.GOLD"	"1959-06-05T00:00:00.000000Z"	"Albie"	"Broose"	"Loyalist"
"78167.0"	"Personal Loan"	"Unsecured Lending"	"2015-01-28T00:00:00.000000Z"	"5901299196620530134"	""	"0"	"900.58"	"1901.38"	"16.0"	"1400.98"	"317.6507365015861"	"16.0"	"15.786969939828568"	"252.5915190372571"	"4.0"	"184.0"	"10460.0"	"1.0"	"41.48"	"43.0"	"19.0"	"Female"	"1997-12-02T00:00:00.000000Z"	"41.0"	"34760.0"	"1.GOLD"	"1963-07-08T00:00:00.000000Z"	"Pryce"	"Davidwitz"	"Sophisticates"
"1200893.0"	"Standard Credit Card"	"Unsecured Lending"	"2015-10-28T00:00:00.000000Z"	"6416082513218541304"	""	"0"	"-2447.79"	"7000.62"	"7.0"	"2456.8728571428574"	"2964.3131131945465"	"7.0"	"10.657142857142857"	"74.6"	"3.0"	"209.0"	"9730.0"	"0.0"	"0.0"	"46.0"	"6.0"	"Male"	"2014-01-09T00:00:00.000000Z"	"28.0"	"36940.0"	"2.SILVER"	"1982-06-25T00:00:00.000000Z"	"Sonnie"	"Possek"	"Sophisticates"
"1078408.0"	"Personal Loan"	"Unsecured Lending"	"2015-01-28T00:00:00.000000Z"	"4210172436314524589"	"2015-11-28T00:00:00.000000Z"	"1"	"742.47"	"2413.05"	"10.0"	"1577.76"	"561.9924587275765"	"10.0"	"1.8070976265648526"	"18.070976265648525"	"2.0"	"145.0"	"3750.0"	"0.0"	"0.0"	"47.0"	"1.0"	"Male"	"2012-10-10T00:00:00.000000Z"	"30.0"	"12450.0"	"3.BRONZE"	"1986-06-27T00:00:00.000000Z"	"Lotti"	"Brookson"	"Loyalist"
"91840.0"	"Standard Credit Card"	"Unsecured Lending"	"2015-01-28T00:00:00.000000Z"	"2724807153602049133"	""	"0"	"-180.69"	"723.32"	"16.0"	"319.3925"	"273.51351685063025"	"16.0"	"24.335625"	"389.37"	"7.0"	"193.0"	"22200.0"	"1.0"	"122.73"	"47.0"	"10.0"	"Female"	"1998-04-06T00:00:00.000000Z"	"28.0"	"69320.0"	"2.SILVER"	"1968-06-25T00:00:00.000000Z"	"Yvette"	"Gendricke"	"Sophisticates"
"154991.0"	"Savings Account"	"Deposit Account"	"2015-01-28T00:00:00.000000Z"	"6618772205318212090"	""	"0"	"-485.97"	"2928.83"	"16.0"	"1118.0625"	"1008.9518440408012"	"16.0"	""	""	"2.0"	"213.0"	"4160.0"	"1.0"	"25.13"	"35.0"	"11.0"	"Male"	"2000-01-03T00:00:00.000000Z"	"18.0"	"12120.0"	"2.SILVER"	"1939-06-15T00:00:00.000000Z"	"Hamnet"	"Pardie"	"Traditionalist"
"110067.0"	"Managed Securities"	"Securities"	"2015-01-28T00:00:00.000000Z"	"3315347527200919038"	""	"0"	"-273.06"	"4922.04"	"16.0"	"1482.3574999999998"	"1196.9854842923812"	"16.0"	"29.002500000000005"	"464.0400000000001"	"3.0"	"208.0"	"7950.0"	"0.0"	"0.0"	"47.0"	"16.0"	"Female"	"1998-11-03T00:00:00.000000Z"	"39.0"	"25850.0"	"2.SILVER"	"1962-07-06T00:00:00.000000Z"	"Josefa"	"Nisen"	"Sophisticates"
"778493.0"	"Managed Securities"	"Securities"	"2015-01-28T00:00:00.000000Z"	"1774853941752976737"	""	"0"	"-172.03"	"1105.62"	"16.0"	"520.43875"	"377.68516414027533"	"16.0"	"12.076875"	"193.23"	"1.0"	"172.0"	"3110.0"	"0.0"	"0.0"	"36.0"	"3.0"	"Female"	"2008-07-10T00:00:00.000000Z"	"28.0"	"11710.0"	"1.GOLD"	"1962-06-25T00:00:00.000000Z"	"Darcy"	"Elgee"	"Sophisticates"
"137534.0"	"Managed Securities"	"Securities"	"2015-01-28T00:00:00.000000Z"	"3430010416172913022"	""	"0"	"219.49"	"8853.66"	"16.0"	"2953.8881250000004"	"2384.8561301155223"	"16.0"	"17.288124999999997"	"276.60999999999996"	"3.0"	"211.0"	"5580.0"	"1.0"	"36.08"	"38.0"	"11.0"	"Male"	"2000-11-27T00:00:00.000000Z"	"28.0"	"20120.0"	"1.GOLD"	"1968-06-25T00:00:00.000000Z"	"Cullan"	"Lanceter"	"Loyalist"
"412149.0"	"Managed Securities"	"Securities"	"2015-01-28T00:00:00.000000Z"	"2944658806721755849"	"2015-04-28T00:00:00.000000Z"	"1"	"5254.76"	"5787.62"	"3.0"	"5513.506666666667"	"266.7621519881204"	"3.0"	"36.85333333333333"	"110.56"	"3.0"	"41.0"	"2090.0"	"1.0"	"176.63"	"6.0"	"1.0"	"Female"	"2003-03-24T00:00:00.000000Z"	"28.0"	"30780.0"	"2.SILVER"	"1970-06-25T00:00:00.000000Z"	"Grazia"	"Alexsandrov"	"Loyalist"
"401963.0"	"Savings Account"	"Deposit Account"	"2015-01-28T00:00:00.000000Z"	"1784919421556950887"	"2015-06-28T00:00:00.000000Z"	"1"	"1394.22"	"6584.03"	"5.0"	"3317.4019999999996"	"2153.2582515968675"	"5.0"	""	""	"0.0"	"55.0"	"1740.0"	"0.0"	"0.0"	"12.0"	"0.0"	"Female"	"2003-01-18T00:00:00.000000Z"	"28.0"	"25260.0"	"2.SILVER"	"1951-06-25T00:00:00.000000Z"	"Margy"	"Curner"	"Loyalist"
"244190.0"	"Current Account"	"Deposit Account"	"2015-01-28T00:00:00.000000Z"	"7325084669573007956"	""	"0"	"-816.89"	"5982.07"	"16.0"	"2314.918125"	"1853.443113711051"	"16.0"	"2.0"	"32.0"	"4.0"	"185.0"	"7240.0"	"2.0"	"240.19"	"33.0"	"6.0"	"Female"	"2001-11-10T00:00:00.000000Z"	"11.0"	"27030.0"	"2.SILVER"	"1951-06-08T00:00:00.000000Z"	"Gilberto"	"Ambler"	"Sophisticates"
"409718.0"	"Savings Account"	"Deposit Account"	"2015-01-28T00:00:00.000000Z"	"1978637857105669049"	""	"0"	"-2317.18"	"9538.06"	"16.0"	"4115.629375"	"3164.7673732634626"	"16.0"	""	""	"2.0"	"165.0"	"9140.0"	"0.0"	"0.0"	"41.0"	"3.0"	"Female"	"2003-03-04T00:00:00.000000Z"	"26.0"	"32610.0"	"2.SILVER"	"1981-06-23T00:00:00.000000Z"	"Lucila"	"Botha"	"Sophisticates"
"599765.0"	"Premium Credit Card"	"Unsecured Lending"	"2015-01-28T00:00:00.000000Z"	"7027516531147275106"	""	"0"	"147.16"	"5693.4"	"16.0"	"2006.6525000000004"	"1722.5746543338355"	"16.0"	"14.286874999999998"	"228.58999999999997"	"4.0"	"185.0"	"8000.0"	"1.0"	"16.94"	"38.0"	"4.0"	"Female"	"2006-02-28T00:00:00.000000Z"	"41.0"	"27670.0"	"2.SILVER"	"1973-07-08T00:00:00.000000Z"	"Katine"	"Trighton"	"Loyalist"
"94216.0"	"Savings Account"	"Deposit Account"	"2015-01-28T00:00:00.000000Z"	"6759905439532893363"	""	"0"	"418.54"	"2808.65"	"16.0"	"1315.739375"	"741.0948956822265"	"16.0"	""	""	"4.0"	"204.0"	"9250.0"	"1.0"	"25.14"	"43.0"	"7.0"	"Female"	"1998-04-27T00:00:00.000000Z"	"28.0"	"28700.0"	"2.SILVER"	"1962-06-25T00:00:00.000000Z"	"Foss"	"Jochanany"	"Sophisticates"
"16633.0"	"Premium Credit Card"	"Unsecured Lending"	"2015-01-28T00:00:00.000000Z"	"1353340201681280517"	"2015-08-28T00:00:00.000000Z"	"1"	"-7616.3"	"9575.94"	"7.0"	"2634.047142857143"	"6209.608889035643"	"7.0"	"11.905714285714286"	"83.34"	"3.0"	"190.0"	"15880.0"	"1.0"	"28.34"	"45.0"	"12.0"	"Female"	"1995-04-22T00:00:00.000000Z"	"28.0"	"55560.0"	"1.GOLD"	"1959-06-25T00:00:00.000000Z"	"Wenda"	"Warrilow"	"Loyalist"
"355906.0"	"Savings Account"	"Deposit Account"	"2015-01-28T00:00:00.000000Z"	"22641285544215911"	""	"0"	"165.29"	"11258.35"	"16.0"	"4966.215625"	"3638.555884757887"	"16.0"	""	""	"2.0"	"211.0"	"11940.0"	"0.0"	"0.0"	"33.0"	"3.0"	"Female"	"2002-04-29T00:00:00.000000Z"	"28.0"	"39990.0"	"2.SILVER"	"1953-06-25T00:00:00.000000Z"	"Bengt"	"Flaverty"	"Loyalist"
"609335.0"	"Savings Account"	"Deposit Account"	"2015-01-28T00:00:00.000000Z"	"8296301902540617334"	""	"0"	"-1184.37"	"7244.25"	"16.0"	"3449.9331250000005"	"2309.890830490246"	"16.0"	""	""	"0.0"	"194.0"	"29520.0"	"1.0"	"394.06"	"34.0"	"3.0"	"Female"	"2006-04-25T00:00:00.000000Z"	"28.0"	"107170.0"	"2.SILVER"	"1955-06-25T00:00:00.000000Z"	"Vasili"	"Marlor"	"Sophisticates"
"959806.0"	"Current Account"	"Deposit Account"	"2015-01-28T00:00:00.000000Z"	"2055401806698852781"	"2015-09-28T00:00:00.000000Z"	"1"	"1573.64"	"5907.64"	"8.0"	"3685.9487499999996"	"1492.0005614364848"	"8.0"	"2.0"	"16.0"	"0.0"	"68.0"	"3540.0"	"0.0"	"0.0"	"24.0"	"4.0"	"Male"	"2011-10-12T00:00:00.000000Z"	"28.0"	"22370.0"	"3.BRONZE"	"1987-06-25T00:00:00.000000Z"	"Pearce"	"Maypole"	"Loyalist"
"279225.0"	"Current Account"	"Deposit Account"	"2015-01-28T00:00:00.000000Z"	"2184047585450909076"	""	"0"	"-3707.59"	"21703.47"	"16.0"	"6055.251875"	"6504.257658726033"	"16.0"	"2.0"	"32.0"	"1.0"	"187.0"	"17600.0"	"1.0"	"127.35"	"35.0"	"2.0"	"Female"	"2001-10-05T00:00:00.000000Z"	"4.0"	"55660.0"	"2.SILVER"	"1954-06-01T00:00:00.000000Z"	"Elisabeth"	"Reilingen"	"Sophisticates"
"202236.0"	"Direct Securities"	"Securities"	"2015-01-28T00:00:00.000000Z"	"3273550132002477560"	""	"0"	"-2531.16"	"20617.96"	"16.0"	"6506.37625"	"6108.696923797387"	"16.0"	"94.96125000000002"	"1519.3800000000003"	"5.0"	"209.0"	"18950.0"	"3.0"	"150.39000000000001"	"34.0"	"12.0"	"Female"	"2000-11-02T00:00:00.000000Z"	"28.0"	"71430.0"	"2.SILVER"	"1946-06-25T00:00:00.000000Z"	"Ursula"	"Smy"	"Sophisticates"
"381613.0"	"Personal Loan"	"Unsecured Lending"	"2015-01-28T00:00:00.000000Z"	"6384419325534942150"	""	"0"	"-3144.54"	"1347.66"	"16.0"	"-898.44"	"1425.8099905200086"	"16.0"	"2.178118637279148"	"34.84989819646637"	"4.0"	"193.0"	"8620.0"	"6.0"	"404.09999999999997"	"39.0"	"10.0"	"Female"	"2002-09-16T00:00:00.000000Z"	"47.0"	"31640.0"	"1.GOLD"	"1967-07-14T00:00:00.000000Z"	"Thadeus"	"Lowmass"	"Sophisticates"
"813473.0"	"Premium Credit Card"	"Unsecured Lending"	"2015-01-28T00:00:00.000000Z"	"2583425478902748979"	""	"0"	"-689.68"	"757.91"	"16.0"	"283.81250000000006"	"341.1318551625847"	"16.0"	"19.345625000000002"	"309.53000000000003"	"3.0"	"218.0"	"6560.0"	"1.0"	"20.65"	"44.0"	"7.0"	"Female"	"2008-11-04T00:00:00.000000Z"	"41.0"	"22820.0"	"2.SILVER"	"1958-07-08T00:00:00.000000Z"	"Alane"	"Kaysor"	"Sophisticates"
"1177749.0"	"Personal Loan"	"Unsecured Lending"	"2015-01-28T00:00:00.000000Z"	"718508556305190865"	""	"0"	"579.1"	"2751.4"	"16.0"	"1665.25"	"689.4811100143842"	"16.0"	"4.190069444755308"	"67.04111111608493"	"1.0"	"210.0"	"5610.0"	"2.0"	"55.84"	"43.0"	"5.0"	"Female"	"2013-09-17T00:00:00.000000Z"	"46.0"	"18830.0"	"2.SILVER"	"1968-07-13T00:00:00.000000Z"	"Elmo"	"Creeghan"	"Loyalist"
"1140382.0"	"Personal Loan"	"Unsecured Lending"	"2015-04-28T00:00:00.000000Z"	"5687533639690955653"	"2016-04-28T00:00:00.000000Z"	"1"	"745.39"	"1458.41"	"12.0"	"1101.8999999999999"	"233.71183367557558"	"12.0"	"5.041595603945319"	"60.49914724734382"	"2.0"	"221.0"	"3000.0"	"1.0"	"60.27"	"45.0"	"6.0"	"Female"	"2013-07-09T00:00:00.000000Z"	"46.0"	"8950.0"	"2.SILVER"	"1977-07-13T00:00:00.000000Z"	"Gaby"	"Meindl"	"Loyalist"
"77947.0"	"Personal Loan"	"Unsecured Lending"	"2015-01-28T00:00:00.000000Z"	"1756086998080169293"	""	"0"	"-1375.18"	"47.42"	"16.0"	"-663.88"	"451.52871477533597"	"16.0"	"4.044968369790082"	"64.71949391664131"	"1.0"	"153.0"	"9410.0"	"1.0"	"77.18"	"42.0"	"7.0"	"Female"	"1997-12-01T00:00:00.000000Z"	"28.0"	"37990.0"	"1.GOLD"	"1970-06-25T00:00:00.000000Z"	"Lee"	"Medlicott"	"Sophisticates"
"462683.0"	"Car Loan"	"Secured Lending"	"2015-01-28T00:00:00.000000Z"	"1010418135288345813"	"2015-08-28T00:00:00.000000Z"	"1"	"6573.59"	"7700.51"	"7.0"	"7137.049999999998"	"405.7375726583222"	"7.0"	"6.59137149087948"	"46.13960043615636"	"1.0"	"212.0"	"11440.0"	"0.0"	"0.0"	"46.0"	"7.0"	"Female"	"2004-03-04T00:00:00.000000Z"	"46.0"	"36770.0"	"2.SILVER"	"1969-07-13T00:00:00.000000Z"	"Fiann"	"Scurry"	"Loyalist"
"851104.0"	"Current Account"	"Deposit Account"	"2015-01-28T00:00:00.000000Z"	"2891275031227199395"	"2015-10-28T00:00:00.000000Z"	"1"	"-303.15"	"5366.44"	"9.0"	"2327.1011111111115"	"1901.9930714545494"	"9.0"	"2.0"	"18.0"	"0.0"	"185.0"	"8840.0"	"0.0"	"0.0"	"51.0"	"2.0"	"Male"	"2009-09-04T00:00:00.000000Z"	"28.0"	"31210.0"	"3.BRONZE"	"1989-06-25T00:00:00.000000Z"	"Nancee"	"Berrey"	"Loyalist"
"418375.0"	"Current Account"	"Deposit Account"	"2015-01-28T00:00:00.000000Z"	"1809162581197863031"	""	"0"	"317.07"	"4258.0"	"16.0"	"2368.74"	"1097.6817626434356"	"16.0"	"0.5"	"8.0"	"2.0"	"180.0"	"4810.0"	"1.0"	"14.67"	"40.0"	"3.0"	"Male"	"2003-05-08T00:00:00.000000Z"	"28.0"	"17840.0"	"2.SILVER"	"1974-06-25T00:00:00.000000Z"	"Rasia"	"Gadeaux"	"Loyalist"
"421147.0"	"Premium Credit Card"	"Unsecured Lending"	"2015-01-28T00:00:00.000000Z"	"5721830370261510780"	""	"0"	"-1578.91"	"9043.96"	"16.0"	"3501.20875"	"2890.924402057526"	"16.0"	"18.456874999999997"	"295.30999999999995"	"5.0"	"194.0"	"13820.0"	"1.0"	"57.87"	"40.0"	"7.0"	"Male"	"2003-05-30T00:00:00.000000Z"	"8.0"	"43740.0"	"2.SILVER"	"1962-06-05T00:00:00.000000Z"	"Jo ann"	"Hellwig"	"Sophisticates"
"533864.0"	"Direct Securities"	"Securities"	"2015-01-28T00:00:00.000000Z"	"2974538402629076738"	""	"0"	"-1261.54"	"6082.36"	"16.0"	"2005.91125"	"1833.9357415746604"	"16.0"	"18.980624999999996"	"303.68999999999994"	"4.0"	"186.0"	"4900.0"	"1.0"	"4.61"	"46.0"	"13.0"	"Male"	"2005-05-23T00:00:00.000000Z"	"46.0"	"15450.0"	"2.SILVER"	"1975-07-13T00:00:00.000000Z"	"Waneta"	"Tomasello"	"Sophisticates"
"1054406.0"	"Personal Loan"	"Unsecured Lending"	"2015-03-28T00:00:00.000000Z"	"3347869810443478967"	""	"0"	"-6555.49"	"262.23"	"14.0"	"-3146.63"	"2193.889921577653"	"14.0"	"15.61838526526972"	"218.6573937137761"	"1.0"	"195.0"	"15910.0"	"0.0"	"0.0"	"47.0"	"8.0"	"Female"	"2012-08-28T00:00:00.000000Z"	"28.0"	"58570.0"	"3.BRONZE"	"1985-06-25T00:00:00.000000Z"	"Fleming"	"Dalla"	"Loyalist"
"1191059.0"	"Car Loan"	"Secured Lending"	"2016-04-28T00:00:00.000000Z"	"2043844968244687049"	""	"0"	"1382.14"	"1382.14"	"1.0"	"1382.14"	""	"1.0"	"12.354910155686497"	"12.354910155686497"	"0.0"	"186.0"	"3970.0"	"0.0"	"0.0"	"46.0"	"5.0"	"Female"	"2013-10-07T00:00:00.000000Z"	"12.0"	"13280.0"	"3.BRONZE"	"1994-06-09T00:00:00.000000Z"	"Danette"	"Matveiko"	"Emergent"
"372670.0"	"Savings Account"	"Deposit Account"	"2015-01-28T00:00:00.000000Z"	"1380909694926645193"	""	"0"	"-1053.07"	"4964.06"	"16.0"	"1106.9125000000001"	"1769.6261022091644"	"16.0"	""	""	"5.0"	"223.0"	"4350.0"	"3.0"	"70.43"	"53.0"	"14.0"	"Female"	"2002-07-16T00:00:00.000000Z"	"28.0"	"14700.0"	"1.GOLD"	"1978-06-25T00:00:00.000000Z"	"Major"	"Lanceter"	"Sophisticates"
"227679.0"	"Savings Account"	"Deposit Account"	"2015-01-28T00:00:00.000000Z"	"1136507344905555690"	""	"0"	"-413.95"	"16172.73"	"16.0"	"7020.55125"	"5273.178299793367"	"16.0"	""	""	"0.0"	"180.0"	"24750.0"	"0.0"	"0.0"	"35.0"	"2.0"	"Female"	"2001-03-09T00:00:00.000000Z"	"12.0"	"91760.0"	"2.SILVER"	"1973-06-09T00:00:00.000000Z"	"Alexandros"	"Bertwistle"	"Sophisticates"
"1222420.0"	"Standard Credit Card"	"Unsecured Lending"	"2015-06-28T00:00:00.000000Z"	"6967671878963010394"	""	"0"	"3.36"	"63.9"	"11.0"	"25.794545454545457"	"17.428705840444014"	"11.0"	"1.0"	"11.0"	"1.0"	"216.0"	"3840.0"	"1.0"	"4.71"	"46.0"	"3.0"	"Male"	"2013-11-19T00:00:00.000000Z"	"30.0"	"12480.0"	"3.BRONZE"	"1990-06-27T00:00:00.000000Z"	"Royal"	"Cuer"	"Loyalist"
"1404129.0"	"Current Account"	"Deposit Account"	"2015-08-28T00:00:00.000000Z"	"1644340788991243941"	""	"0"	"-340.16"	"2118.28"	"9.0"	"922.9544444444444"	"799.7502189607565"	"9.0"	"0.5"	"4.5"	"1.0"	"113.0"	"2900.0"	"0.0"	"0.0"	"26.0"	"1.0"	"Female"	"2015-07-01T00:00:00.000000Z"	"25.0"	"18370.0"	"3.BRONZE"	"1986-06-22T00:00:00.000000Z"	"Trenna"	"Cavnor"	"Emergent"
"521225.0"	"Car Loan"	"Secured Lending"	"2015-01-28T00:00:00.000000Z"	"5574687003518557588"	""	"0"	"4418.33"	"5959.58"	"16.0"	"5188.955000000001"	"489.1878473551852"	"16.0"	"5.2882918726713495"	"84.61266996274159"	"3.0"	"226.0"	"7190.0"	"1.0"	"87.74"	"41.0"	"10.0"	"Male"	"2005-03-04T00:00:00.000000Z"	"8.0"	"26840.0"	"2.SILVER"	"1974-06-05T00:00:00.000000Z"	"Emiline"	"Selwyne"	"Sophisticates"
"278015.0"	"Current Account"	"Deposit Account"	"2015-01-28T00:00:00.000000Z"	"3406028108891729265"	""	"0"	"-1489.44"	"3434.78"	"16.0"	"1580.1775000000002"	"1091.3483260352764"	"16.0"	"0.5"	"8.0"	"5.0"	"179.0"	"4700.0"	"0.0"	"0.0"	"44.0"	"5.0"	"Female"	"2001-10-03T00:00:00.000000Z"	"46.0"	"15890.0"	"2.SILVER"	"1968-07-13T00:00:00.000000Z"	"Wakefield"	"Imison"	"Emergent"
"1325831.0"	"Car Loan"	"Secured Lending"	"2015-01-28T00:00:00.000000Z"	"8708251670498063036"	""	"0"	"1589.98"	"3293.53"	"16.0"	"2441.7550000000006"	"540.7013510864083"	"16.0"	"6.00765416033036"	"96.12246656528576"	"3.0"	"215.0"	"11220.0"	"2.0"	"324.4"	"51.0"	"6.0"	"Male"	"2014-10-06T00:00:00.000000Z"	"28.0"	"35510.0"	"3.BRONZE"	"1988-06-25T00:00:00.000000Z"	"Kelsi"	"Benedidick"	"Loyalist"
"1088572.0"	"Car Loan"	"Secured Lending"	"2015-01-28T00:00:00.000000Z"	"8205341451605115363"	""	"0"	"-392.62"	"785.33"	"16.0"	"196.35500000000002"	"373.8775829956468"	"16.0"	"2.6276256191264147"	"42.042009906022635"	"2.0"	"189.0"	"3740.0"	"1.0"	"6.04"	"43.0"	"7.0"	"Male"	"2012-10-25T00:00:00.000000Z"	"35.0"	"12120.0"	"3.BRONZE"	"1984-07-02T00:00:00.000000Z"	"Aldrich"	"Barbera"	"Emergent"
"1422301.0"	"Current Account"	"Deposit Account"	"2015-08-28T00:00:00.000000Z"	"289356430377935661"	"2015-08-28T00:00:00.000000Z"	"1"	""	""	""	""	""	""	""	""	""	""	""	""	""	""	""	"Male"	"2015-07-30T00:00:00.000000Z"	"28.0"	"31260.0"	"2.SILVER"	"1956-06-25T00:00:00.000000Z"	"Sherline"	"McReedy"	"Emergent"
"1153714.0"	"Current Account"	"Deposit Account"	"2015-07-28T00:00:00.000000Z"	"7689597160868925886"	"2015-07-28T00:00:00.000000Z"	"1"	""	""	""	""	""	""	""	""	"0.0"	"133.0"	"1630.0"	"0.0"	"0.0"	"31.0"	"4.0"	"Female"	"2013-08-02T00:00:00.000000Z"	"14.0"	"9420.0"	"3.BRONZE"	"1992-06-11T00:00:00.000000Z"	"Whitney"	"Learie"	"Loyalist"
"469107.0"	"Car Loan"	"Secured Lending"	"2015-01-28T00:00:00.000000Z"	"2111575219995422524"	"2015-03-28T00:00:00.000000Z"	"1"	"8904.76"	"9247.25"	"2.0"	"9076.005000000001"	"242.17700148858117"	"2.0"	"12.498449976832388"	"24.996899953664776"	"2.0"	"202.0"	"14950.0"	"2.0"	"72.82"	"39.0"	"15.0"	"Female"	"2004-04-19T00:00:00.000000Z"	"28.0"	"48310.0"	"1.GOLD"	"1970-06-25T00:00:00.000000Z"	"Sher"	"Gaye"	"Loyalist"
"287640.0"	"Savings Account"	"Deposit Account"	"2015-01-28T00:00:00.000000Z"	"4353193776565067755"	""	"0"	"-133.08"	"3519.16"	"16.0"	"1857.1512499999994"	"1124.9097025502388"	"16.0"	""	""	"0.0"	"186.0"	"9180.0"	"0.0"	"0.0"	"42.0"	"4.0"	"Male"	"2001-10-29T00:00:00.000000Z"	"47.0"	"32430.0"	"2.SILVER"	"1957-07-14T00:00:00.000000Z"	"Walther"	"Gilmour"	"Sophisticates"
"147918.0"	"Current Account"	"Deposit Account"	"2015-01-28T00:00:00.000000Z"	"933921078944423993"	"2015-04-28T00:00:00.000000Z"	"1"	"1887.48"	"5810.84"	"3.0"	"4061.94"	"1995.9996011021647"	"3.0"	"0.0"	"0.0"	"3.0"	"214.0"	"13870.0"	"1.0"	"64.79"	"35.0"	"6.0"	"Male"	"1999-10-30T00:00:00.000000Z"	"28.0"	"45650.0"	"1.GOLD"	"1966-06-25T00:00:00.000000Z"	"Lucias"	"Simmen"	"Loyalist"
"387740.0"	"Savings Account"	"Deposit Account"	"2015-01-28T00:00:00.000000Z"	"7689441723144886546"	""	"0"	"-561.63"	"5188.99"	"16.0"	"2310.2956249999997"	"1579.4700415348973"	"16.0"	""	""	"3.0"	"186.0"	"4210.0"	"1.0"	"56.62"	"32.0"	"11.0"	"Female"	"2002-10-26T00:00:00.000000Z"	"46.0"	"14220.0"	"2.SILVER"	"1925-07-13T00:00:00.000000Z"	"Crosby"	"Lisciandro"	"Sophisticates"
"826728.0"	"Car Loan"	"Secured Lending"	"2015-01-28T00:00:00.000000Z"	"8601312330657614680"	""	"0"	"2011.17"	"3785.67"	"16.0"	"2898.42"	"563.2206553977454"	"16.0"	"1.504513141713429"	"24.072210267414864"	"5.0"	"194.0"	"6610.0"	"0.0"	"0.0"	"47.0"	"6.0"	"Female"	"2009-01-17T00:00:00.000000Z"	"36.0"	"24130.0"	"2.SILVER"	"1978-07-03T00:00:00.000000Z"	"Aryn"	"Blacklawe"	"Sophisticates"
"120638.0"	"Current Account"	"Deposit Account"	"2015-06-28T00:00:00.000000Z"	"3552303593038463267"	""	"0"	"-1004.98"	"13117.34"	"11.0"	"6258.831818181818"	"3998.5303563704956"	"11.0"	"2.0"	"22.0"	"0.0"	"184.0"	"21520.0"	"0.0"	"0.0"	"48.0"	"1.0"	"Male"	"1999-02-01T00:00:00.000000Z"	"28.0"	"77340.0"	"2.SILVER"	"1976-06-25T00:00:00.000000Z"	"Beckie"	"Mariner"	"Loyalist"
"1202587.0"	"Current Account"	"Deposit Account"	"2015-01-28T00:00:00.000000Z"	"3013166885256564425"	""	"0"	"-2524.41"	"10164.75"	"16.0"	"5687.150625"	"3826.1285190724557"	"16.0"	"2.0"	"32.0"	"1.0"	"212.0"	"12160.0"	"0.0"	"0.0"	"48.0"	"2.0"	"Male"	"2013-10-18T00:00:00.000000Z"	"47.0"	"35800.0"	"3.BRONZE"	"1994-07-14T00:00:00.000000Z"	"Cherlyn"	"Birdall"	"Emergent"
"1006512.0"	"Mortgage"	"Secured Lending"	"2015-01-28T00:00:00.000000Z"	"5116455885366419147"	""	"0"	"91629.95"	"94657.4"	"16.0"	"93143.67499999999"	"960.9029998218771"	"16.0"	"0.7274648639916562"	"11.6394378238665"	"1.0"	"196.0"	"4430.0"	"0.0"	"0.0"	"47.0"	"3.0"	"Female"	"2012-02-27T00:00:00.000000Z"	"46.0"	"14790.0"	"1.GOLD"	"1976-07-13T00:00:00.000000Z"	"Jeremie"	"Doppler"	"Emergent"
"1001188.0"	"Personal Loan"	"Unsecured Lending"	"2015-01-28T00:00:00.000000Z"	"6779462418861238314"	""	"0"	"-4247.64"	"653.46"	"16.0"	"-1797.09"	"1555.5935498280605"	"16.0"	"45.11896323583334"	"721.9034117733335"	"3.0"	"209.0"	"15850.0"	"0.0"	"0.0"	"49.0"	"7.0"	"Female"	"2012-01-10T00:00:00.000000Z"	"7.0"	"58930.0"	"3.BRONZE"	"1986-06-04T00:00:00.000000Z"	"Georgena"	"Eger"	"Loyalist"
"360053.0"	"Direct Securities"	"Securities"	"2015-01-28T00:00:00.000000Z"	"7595283846821296599"	""	"0"	"-422.03"	"4624.54"	"16.0"	"2253.7237499999997"	"1557.8089505450703"	"16.0"	"54.131875"	"866.11"	"1.0"	"176.0"	"19670.0"	"0.0"	"0.0"	"49.0"	"10.0"	"Female"	"2002-05-20T00:00:00.000000Z"	"28.0"	"68370.0"	"3.BRONZE"	"1991-06-25T00:00:00.000000Z"	"Harlie"	"O'Loughnan"	"Sophisticates"
"1431783.0"	"Current Account"	"Deposit Account"	"2015-09-28T00:00:00.000000Z"	"809209858595877265"	""	"0"	"-176.18"	"293.09"	"8.0"	"64.6275"	"155.56550303879806"	"8.0"	"1.0"	"8.0"	"3.0"	"101.0"	"1650.0"	"0.0"	"0.0"	"23.0"	"3.0"	"Female"	"2015-08-07T00:00:00.000000Z"	"3.0"	"11960.0"	"3.BRONZE"	"1996-05-31T00:00:00.000000Z"	"Florrie"	"Batson"	"Emergent"
"436393.0"	"Managed Securities"	"Securities"	"2015-01-28T00:00:00.000000Z"	"2108340943112173546"	"2015-07-28T00:00:00.000000Z"	"1"	"-1679.92"	"7987.62"	"6.0"	"3555.4883333333332"	"3559.562853544894"	"6.0"	"3.7166666666666663"	"22.299999999999997"	"1.0"	"215.0"	"11880.0"	"0.0"	"0.0"	"39.0"	"2.0"	"Male"	"2003-09-23T00:00:00.000000Z"	"28.0"	"42710.0"	"1.GOLD"	"1973-06-25T00:00:00.000000Z"	"Tadeas"	"Bulstrode"	"Loyalist"
"336073.0"	"Car Loan"	"Secured Lending"	"2015-10-28T00:00:00.000000Z"	"6488040337777036157"	""	"0"	"259.68"	"519.36"	"7.0"	"389.52"	"93.4954858090308"	"7.0"	"1.080680458037218"	"7.564763206260526"	"3.0"	"187.0"	"2680.0"	"0.0"	"0.0"	"41.0"	"4.0"	"Male"	"2005-01-26T00:00:00.000000Z"	"46.0"	"9030.0"	"2.SILVER"	"1975-07-13T00:00:00.000000Z"	"Chaddy"	"Hardstaff"	"Loyalist"
"732282.0"	"Current Account"	"Deposit Account"	"2015-01-28T00:00:00.000000Z"	"4059511703461060669"	""	"0"	"-879.01"	"10842.39"	"16.0"	"4373.4818749999995"	"3042.957958158955"	"16.0"	"0.5"	"8.0"	"2.0"	"194.0"	"11680.0"	"0.0"	"0.0"	"32.0"	"2.0"	"Female"	"2007-11-13T00:00:00.000000Z"	"36.0"	"42200.0"	"2.SILVER"	"1945-07-03T00:00:00.000000Z"	"Thadeus"	"Eger"	"Emergent"
"109429.0"	"Current Account"	"Deposit Account"	"2015-01-28T00:00:00.000000Z"	"3403266162173298629"	""	"0"	"-4490.65"	"26276.96"	"16.0"	"9524.126875"	"6989.658072522783"	"16.0"	"2.0"	"32.0"	"0.0"	"217.0"	"18180.0"	"2.0"	"347.55"	"42.0"	"7.0"	"Female"	"1998-10-27T00:00:00.000000Z"	"39.0"	"59450.0"	"2.SILVER"	"1964-07-06T00:00:00.000000Z"	"Jeremie"	"Branche"	"Sophisticates"
"465675.0"	"Current Account"	"Deposit Account"	"2015-01-28T00:00:00.000000Z"	"8772540268432137279"	""	"0"	"-442.7"	"5136.82"	"16.0"	"2989.5787500000006"	"1652.477112873781"	"16.0"	"0.5"	"8.0"	"1.0"	"196.0"	"6570.0"	"0.0"	"0.0"	"34.0"	"3.0"	"Female"	"2004-03-26T00:00:00.000000Z"	"36.0"	"27190.0"	"2.SILVER"	"1949-07-03T00:00:00.000000Z"	"Zorine"	"Selwyne"	"Sophisticates"
"829940.0"	"Mortgage"	"Secured Lending"	"2015-01-28T00:00:00.000000Z"	"7929153750405563882"	""	"0"	"167915.61"	"187748.16"	"16.0"	"177831.88499999998"	"6294.78828357772"	"16.0"	"25.6461921836041"	"410.3390749376656"	"7.0"	"202.0"	"13200.0"	"1.0"	"7.26"	"33.0"	"17.0"	"Female"	"2009-01-29T00:00:00.000000Z"	"28.0"	"48230.0"	"2.SILVER"	"1943-06-25T00:00:00.000000Z"	"Marilee"	"Marrill"	"Sophisticates"
"886524.0"	"Current Account"	"Deposit Account"	"2015-01-28T00:00:00.000000Z"	"7832171080443702918"	""	"0"	"31.02"	"2129.1"	"16.0"	"1026.9675"	"555.2278743663121"	"16.0"	"2.5"	"40.0"	"2.0"	"225.0"	"11180.0"	"0.0"	"0.0"	"41.0"	"4.0"	"Female"	"2010-07-22T00:00:00.000000Z"	"28.0"	"41260.0"	"2.SILVER"	"1974-06-25T00:00:00.000000Z"	"Deina"	"Nerger"	"Emergent"
"122288.0"	"Standard Credit Card"	"Unsecured Lending"	"2015-01-28T00:00:00.000000Z"	"7708078746114232367"	""	"0"	"-3343.17"	"10903.59"	"16.0"	"3557.263125"	"3656.9838167023545"	"16.0"	"5.89"	"94.24"	"2.0"	"210.0"	"6110.0"	"3.0"	"70.45"	"48.0"	"9.0"	"Male"	"1999-02-15T00:00:00.000000Z"	"28.0"	"23330.0"	"2.SILVER"	"1970-06-25T00:00:00.000000Z"	"Lemmy"	"Elvidge"	"Loyalist"
"588633.0"	"Car Loan"	"Secured Lending"	"2015-01-28T00:00:00.000000Z"	"8621658109660559675"	""	"0"	"-22.07"	"309.58"	"16.0"	"143.755"	"105.26465503672154"	"16.0"	"4.512533240141075"	"72.2005318422572"	"3.0"	"194.0"	"4010.0"	"3.0"	"59.54"	"42.0"	"14.0"	"Male"	"2005-12-30T00:00:00.000000Z"	"28.0"	"13640.0"	"2.SILVER"	"1964-06-25T00:00:00.000000Z"	"Manolo"	"Mollene"	"Sophisticates"
"190543.0"	"Current Account"	"Deposit Account"	"2015-01-28T00:00:00.000000Z"	"7291499369016242493"	""	"0"	"-122.04"	"7410.55"	"16.0"	"2974.6412499999997"	"1912.051411083133"	"16.0"	"2.0"	"32.0"	"1.0"	"205.0"	"7290.0"	"1.0"	"19.64"	"43.0"	"3.0"	"Male"	"2000-09-05T00:00:00.000000Z"	"28.0"	"23460.0"	"2.SILVER"	"1970-06-25T00:00:00.000000Z"	"Dania"	"Matveiko"	"Emergent"
"211707.0"	"Car Loan"	"Secured Lending"	"2015-01-28T00:00:00.000000Z"	"4323192158848361071"	""	"0"	"4977.19"	"8088.04"	"16.0"	"6532.615"	"987.3738945303359"	"16.0"	"3.833299836502997"	"61.33279738404795"	"2.0"	"176.0"	"7120.0"	"0.0"	"0.0"	"48.0"	"7.0"	"Female"	"2000-12-28T00:00:00.000000Z"	"28.0"	"25490.0"	"1.GOLD"	"1970-06-25T00:00:00.000000Z"	"Tandi"	"Perrelli"	"Sophisticates"
"24553.0"	"Mortgage"	"Secured Lending"	"2015-01-28T00:00:00.000000Z"	"3236774859177083589"	""	"0"	"169707.42"	"179313.57"	"16.0"	"174510.495"	"3048.961453282098"	"16.0"	"15.370251415188763"	"245.9240226430202"	"4.0"	"165.0"	"13980.0"	"1.0"	"6.43"	"33.0"	"15.0"	"Female"	"1995-10-21T00:00:00.000000Z"	"28.0"	"59830.0"	"2.SILVER"	"1941-06-25T00:00:00.000000Z"	"Caren"	"Aves"	"Sophisticates"
"460703.0"	"Savings Account"	"Deposit Account"	"2015-01-28T00:00:00.000000Z"	"3399386756797475076"	""	"0"	"938.92"	"4411.48"	"16.0"	"2386.825"	"1128.8402161569782"	"16.0"	""	""	"5.0"	"148.0"	"3570.0"	"3.0"	"79.19"	"40.0"	"12.0"	"Female"	"2004-02-23T00:00:00.000000Z"	"33.0"	"13750.0"	"2.SILVER"	"1976-06-30T00:00:00.000000Z"	"Manolo"	"Gimson"	"Sophisticates"
"57366.0"	"Personal Loan"	"Unsecured Lending"	"2015-01-28T00:00:00.000000Z"	"5514367317318418152"	"2015-09-28T00:00:00.000000Z"	"1"	"4172.04"	"6826.86"	"8.0"	"5499.45"	"928.9934798479474"	"8.0"	"4.314776656600125"	"34.518213252801"	"1.0"	"96.0"	"3630.0"	"0.0"	"0.0"	"19.0"	"11.0"	"Female"	"1997-02-19T00:00:00.000000Z"	"8.0"	"26210.0"	"2.SILVER"	"1956-06-05T00:00:00.000000Z"	"Cullan"	"Mathwin"	"Loyalist"
"1387090.0"	"Car Loan"	"Secured Lending"	"2016-01-28T00:00:00.000000Z"	"2415244156690165564"	""	"0"	"6029.62"	"6352.63"	"4.0"	"6191.125"	"139.00137229538427"	"4.0"	"9.198140113146298"	"36.79256045258519"	"2.0"	"175.0"	"3950.0"	"0.0"	"0.0"	"42.0"	"3.0"	"Female"	"2015-03-11T00:00:00.000000Z"	"21.0"	"16860.0"	"2.SILVER"	"1978-06-18T00:00:00.000000Z"	"Barde"	"Fenne"	"Loyalist"
"661442.0"	"Current Account"	"Deposit Account"	"2015-01-28T00:00:00.000000Z"	"554755999533925607"	""	"0"	"213.55"	"9332.86"	"16.0"	"4702.801875"	"2227.0713064956517"	"16.0"	"2.0"	"32.0"	"4.0"	"205.0"	"7730.0"	"0.0"	"0.0"	"36.0"	"8.0"	"Male"	"2006-12-05T00:00:00.000000Z"	"8.0"	"20950.0"	"2.SILVER"	"1975-06-05T00:00:00.000000Z"	"Maudie"	"Grenville"	"Loyalist"
"354575.0"	"Savings Account"	"Deposit Account"	"2015-01-28T00:00:00.000000Z"	"5359150280431818795"	""	"0"	"-64.15"	"2636.52"	"16.0"	"926.6387499999998"	"852.3774173989282"	"16.0"	""	""	"3.0"	"211.0"	"3180.0"	"0.0"	"0.0"	"39.0"	"2.0"	"Female"	"2002-04-24T00:00:00.000000Z"	"36.0"	"13370.0"	"2.SILVER"	"1962-07-03T00:00:00.000000Z"	"Sharai"	"Baldcock"	"Sophisticates"
"972489.0"	"Current Account"	"Deposit Account"	"2015-01-28T00:00:00.000000Z"	"5525672339260327793"	""	"0"	"-55.3"	"372.4"	"16.0"	"199.59562499999998"	"141.20444591531103"	"16.0"	"1.5"	"24.0"	"1.0"	"205.0"	"6510.0"	"0.0"	"0.0"	"46.0"	"0.0"	"Female"	"2011-11-02T00:00:00.000000Z"	"2.0"	"21380.0"	"3.BRONZE"	"1992-05-30T00:00:00.000000Z"	"Korry"	"Hatrey"	"Emergent"
"1450527.0"	"Car Loan"	"Secured Lending"	"2015-12-28T00:00:00.000000Z"	"1033465936327440934"	""	"0"	"880.48"	"1584.88"	"5.0"	"1232.6799999999998"	"278.4385479778258"	"5.0"	"1.9639009549461288"	"9.819504774730644"	"1.0"	"71.0"	"3090.0"	"2.0"	"13.74"	"16.0"	"0.0"	"Female"	"2015-09-15T00:00:00.000000Z"	"30.0"	"23940.0"	"2.SILVER"	"1973-06-27T00:00:00.000000Z"	"Florida"	"Large"	"Sophisticates"
"916323.0"	"Car Loan"	"Secured Lending"	"2015-10-28T00:00:00.000000Z"	"1654318830865890303"	"2016-04-28T00:00:00.000000Z"	"1"	"-581.6"	"145.4"	"6.0"	"-218.1"	"272.01849201846557"	"6.0"	"4.284785935695369"	"25.708715614172213"	"4.0"	"177.0"	"9470.0"	"0.0"	"0.0"	"35.0"	"4.0"	"Female"	"2011-06-27T00:00:00.000000Z"	"30.0"	"34060.0"	"2.SILVER"	"1969-06-27T00:00:00.000000Z"	"Jenn"	"Brabbs"	"Loyalist"
"189773.0"	"Standard Credit Card"	"Unsecured Lending"	"2015-01-28T00:00:00.000000Z"	"8845129560331449667"	"2015-08-28T00:00:00.000000Z"	"1"	"32.6"	"95.27"	"7.0"	"61.15857142857143"	"24.198939665869265"	"7.0"	"3.551428571428571"	"24.86"	"6.0"	"191.0"	"7130.0"	"4.0"	"45.79"	"44.0"	"7.0"	"Female"	"2003-01-28T00:00:00.000000Z"	"52.0"	"29010.0"	"2.SILVER"	"1966-07-19T00:00:00.000000Z"	"Sherri"	"Blaydes"	"Loyalist"
"535756.0"	"Savings Account"	"Deposit Account"	"2015-01-28T00:00:00.000000Z"	"1425366913382069017"	""	"0"	"-2381.28"	"6659.42"	"16.0"	"2543.0125000000003"	"2796.7216293999186"	"16.0"	""	""	"1.0"	"189.0"	"10610.0"	"0.0"	"0.0"	"49.0"	"1.0"	"Male"	"2005-06-03T00:00:00.000000Z"	"28.0"	"40060.0"	"2.SILVER"	"1988-06-25T00:00:00.000000Z"	"Eada"	"Pickrill"	"Emergent"
"226524.0"	"Car Loan"	"Secured Lending"	"2015-02-28T00:00:00.000000Z"	"9100848309803208559"	""	"0"	"2207.66"	"3924.62"	"15.0"	"3066.1400000000003"	"548.462753521148"	"15.0"	"4.039086527164672"	"60.586297907470076"	"5.0"	"165.0"	"7870.0"	"2.0"	"29.58"	"31.0"	"13.0"	"Female"	"2001-03-05T00:00:00.000000Z"	"4.0"	"27300.0"	"2.SILVER"	"1951-06-01T00:00:00.000000Z"	"Florida"	"Rowlson"	"Sophisticates"
"217559.0"	"Personal Loan"	"Unsecured Lending"	"2015-01-28T00:00:00.000000Z"	"5677649797840064111"	""	"0"	"-4263.95"	"4263.85"	"16.0"	"-0.05000000000035243"	"2706.6965934634536"	"16.0"	"11.284695092509706"	"180.5551214801553"	"2.0"	"206.0"	"13220.0"	"3.0"	"387.81"	"32.0"	"13.0"	"Female"	"2001-01-23T00:00:00.000000Z"	"28.0"	"43660.0"	"1.GOLD"	"1933-06-25T00:00:00.000000Z"	"Avrom"	"Lyttle"	"Traditionalist"
"455093.0"	"Current Account"	"Deposit Account"	"2015-01-28T00:00:00.000000Z"	"1717529798432175584"	""	"0"	"4429.17"	"20672.72"	"16.0"	"13355.931874999998"	"5261.156489064887"	"16.0"	"1.0"	"16.0"	"1.0"	"193.0"	"16360.0"	"0.0"	"0.0"	"58.0"	"5.0"	"Female"	"2004-01-23T00:00:00.000000Z"	"33.0"	"54500.0"	"3.BRONZE"	"1993-06-30T00:00:00.000000Z"	"Leigh"	"Howerd"	"Emergent"
"391018.0"	"Savings Account"	"Deposit Account"	"2015-01-28T00:00:00.000000Z"	"5464522592933054712"	""	"0"	"623.76"	"4779.93"	"16.0"	"2702.7650000000003"	"1256.846339963641"	"16.0"	""	""	"1.0"	"221.0"	"12080.0"	"0.0"	"0.0"	"43.0"	"5.0"	"Male"	"2002-11-18T00:00:00.000000Z"	"28.0"	"46870.0"	"2.SILVER"	"1966-06-25T00:00:00.000000Z"	"Killie"	"Chopping"	"Sophisticates"
"1183799.0"	"Current Account"	"Deposit Account"	"2015-01-28T00:00:00.000000Z"	"8100970573309435729"	""	"0"	"-171.1"	"10059.73"	"16.0"	"3579.5250000000005"	"3187.9335558592397"	"16.0"	"1.5"	"24.0"	"0.0"	"215.0"	"9800.0"	"0.0"	"0.0"	"48.0"	"3.0"	"Male"	"2013-09-26T00:00:00.000000Z"	"35.0"	"36110.0"	"3.BRONZE"	"1994-07-02T00:00:00.000000Z"	"Hermy"	"Bann"	"Emergent"
"200091.0"	"Car Loan"	"Secured Lending"	"2015-01-28T00:00:00.000000Z"	"1273458623226797432"	""	"0"	"431.34"	"1019.64"	"16.0"	"725.49"	"186.72454864496692"	"16.0"	"0.14544509683233584"	"2.3271215493173734"	"5.0"	"189.0"	"5870.0"	"0.0"	"0.0"	"42.0"	"10.0"	"Male"	"2000-10-20T00:00:00.000000Z"	"28.0"	"20030.0"	"2.SILVER"	"1974-06-25T00:00:00.000000Z"	"Chas"	"Welch"	"Sophisticates"
"57201.0"	"Standard Credit Card"	"Unsecured Lending"	"2015-01-28T00:00:00.000000Z"	"6366642730619665796"	""	"0"	"-8737.65"	"29667.89"	"16.0"	"9599.558125"	"10170.834882793853"	"16.0"	"22.576249999999995"	"361.2199999999999"	"2.0"	"211.0"	"28560.0"	"7.0"	"1017.48"	"35.0"	"11.0"	"Male"	"1997-02-18T00:00:00.000000Z"	"28.0"	"89530.0"	"2.SILVER"	"1952-06-25T00:00:00.000000Z"	"Karena"	"Elmar"	"Traditionalist"
"1349866.0"	"Car Loan"	"Secured Lending"	"2016-02-28T00:00:00.000000Z"	"8665355777661354315"	"2016-03-28T00:00:00.000000Z"	"1"	"15.54"	"15.54"	"1.0"	"15.54"	""	"1.0"	"1.5450104875467598"	"1.5450104875467598"	"1.0"	"208.0"	"2640.0"	"0.0"	"0.0"	"47.0"	"1.0"	"Female"	"2014-11-06T00:00:00.000000Z"	"46.0"	"9670.0"	"2.SILVER"	"1986-07-13T00:00:00.000000Z"	"Marcelo"	"Kittredge"	"Loyalist"
"177387.0"	"Premium Credit Card"	"Unsecured Lending"	"2015-01-28T00:00:00.000000Z"	"6227026174934531377"	""	"0"	"-1198.28"	"17574.79"	"16.0"	"7118.611875"	"4526.349063101841"	"16.0"	"29.255625000000002"	"468.09000000000003"	"3.0"	"198.0"	"18990.0"	"2.0"	"145.7"	"38.0"	"13.0"	"Female"	"2000-05-29T00:00:00.000000Z"	"8.0"	"58590.0"	"1.GOLD"	"1968-06-05T00:00:00.000000Z"	"Nobe"	"Goves"	"Sophisticates"
"421862.0"	"Personal Loan"	"Unsecured Lending"	"2015-01-28T00:00:00.000000Z"	"685260097307232742"	""	"0"	"2001.71"	"9508.01"	"16.0"	"5754.86"	"2382.4757428076077"	"16.0"	"4.6767075475675215"	"74.82732076108034"	"4.0"	"191.0"	"13740.0"	"1.0"	"30.05"	"57.0"	"7.0"	"Male"	"2003-06-04T00:00:00.000000Z"	"28.0"	"43790.0"	"1.GOLD"	"1983-06-25T00:00:00.000000Z"	"Sondra"	"Caughan"	"Loyalist"
"424590.0"	"Current Account"	"Deposit Account"	"2015-01-28T00:00:00.000000Z"	"4617110277360216294"	""	"0"	"-84.38"	"1440.93"	"16.0"	"595.8674999999998"	"466.42215125356125"	"16.0"	"1.0"	"16.0"	"1.0"	"186.0"	"6340.0"	"0.0"	"0.0"	"40.0"	"4.0"	"Female"	"2003-06-24T00:00:00.000000Z"	"28.0"	"24430.0"	"2.SILVER"	"1979-06-25T00:00:00.000000Z"	"Aidan"	"Baitson"	"Emergent"
"79597.0"	"Current Account"	"Deposit Account"	"2015-01-28T00:00:00.000000Z"	"5439724879264099651"	""	"0"	"-24.21"	"2609.87"	"16.0"	"1028.584375"	"822.6362729093885"	"16.0"	"2.5"	"40.0"	"0.0"	"193.0"	"5800.0"	"1.0"	"21.13"	"35.0"	"5.0"	"Female"	"1997-12-15T00:00:00.000000Z"	"29.0"	"20240.0"	"2.SILVER"	"1963-06-26T00:00:00.000000Z"	"Florida"	"Hartley"	"Sophisticates"
"1315799.0"	"Current Account"	"Deposit Account"	"2015-01-28T00:00:00.000000Z"	"1367628316914160794"	""	"0"	"940.59"	"8990.62"	"16.0"	"4451.250625"	"2209.483765710802"	"16.0"	"0.0"	"0.0"	"0.0"	"196.0"	"12090.0"	"0.0"	"0.0"	"48.0"	"3.0"	"Male"	"2014-09-24T00:00:00.000000Z"	"9.0"	"41000.0"	"3.BRONZE"	"1993-06-06T00:00:00.000000Z"	"Denys"	"Mahony"	"Emergent"
"1209099.0"	"Current Account"	"Deposit Account"	"2015-01-28T00:00:00.000000Z"	"7360090008052052546"	""	"0"	"38.5"	"933.7"	"16.0"	"385.34124999999995"	"287.5060586694942"	"16.0"	"0.5"	"8.0"	"0.0"	"186.0"	"4560.0"	"0.0"	"0.0"	"44.0"	"2.0"	"Female"	"2013-10-28T00:00:00.000000Z"	"2.0"	"13410.0"	"3.BRONZE"	"1991-05-30T00:00:00.000000Z"	"Cecilius"	"Bracknell"	"Emergent"
"464135.0"	"Savings Account"	"Deposit Account"	"2015-01-28T00:00:00.000000Z"	"4051926460887217372"	""	"0"	"-506.35"	"3489.72"	"16.0"	"1455.1756249999999"	"1262.253294997845"	"16.0"	""	""	"0.0"	"233.0"	"5540.0"	"1.0"	"19.01"	"44.0"	"1.0"	"Male"	"2004-03-16T00:00:00.000000Z"	"2.0"	"18290.0"	"2.SILVER"	"1971-05-30T00:00:00.000000Z"	"Florida"	"Muddimer"	"Sophisticates"
"686621.0"	"Current Account"	"Deposit Account"	"2015-01-28T00:00:00.000000Z"	"2909520011893732247"	""	"0"	"-4846.2"	"9473.66"	"16.0"	"2939.526875"	"3760.820338918481"	"16.0"	"1.5"	"24.0"	"3.0"	"193.0"	"11430.0"	"1.0"	"47.04"	"48.0"	"11.0"	"Male"	"2007-04-17T00:00:00.000000Z"	"37.0"	"33430.0"	"1.GOLD"	"1963-07-04T00:00:00.000000Z"	"Iago"	"Petr"	"Sophisticates"
"553411.0"	"Savings Account"	"Deposit Account"	"2015-01-28T00:00:00.000000Z"	"7760790021770564261"	""	"0"	"-565.68"	"4754.88"	"16.0"	"1617.7275000000002"	"1138.5485504243256"	"16.0"	""	""	"0.0"	"211.0"	"6360.0"	"0.0"	"0.0"	"44.0"	"3.0"	"Female"	"2005-09-01T00:00:00.000000Z"	"26.0"	"20730.0"	"2.SILVER"	"1979-06-23T00:00:00.000000Z"	"Dacie"	"Albutt"	"Emergent"
"88991.0"	"Standard Credit Card"	"Unsecured Lending"	"2015-01-28T00:00:00.000000Z"	"4506805522284176345"	"2016-04-28T00:00:00.000000Z"	"1"	"-95.67"	"376.43"	"15.0"	"175.022"	"129.55262831319612"	"15.0"	"2.559333333333334"	"38.39000000000001"	"10.0"	"187.0"	"2300.0"	"5.0"	"94.03999999999999"	"38.0"	"13.0"	"Female"	"1998-03-10T00:00:00.000000Z"	"46.0"	"8440.0"	"1.GOLD"	"1940-07-13T00:00:00.000000Z"	"Hamnet"	"Akid"	"Sophisticates"
"770903.0"	"Car Loan"	"Secured Lending"	"2015-01-28T00:00:00.000000Z"	"7069882316200830368"	"2015-01-28T00:00:00.000000Z"	"1"	""	""	""	""	""	""	""	""	"0.0"	"201.0"	"10100.0"	"0.0"	"0.0"	"44.0"	"0.0"	"Male"	"2008-05-30T00:00:00.000000Z"	"41.0"	"35360.0"	"2.SILVER"	"1973-07-08T00:00:00.000000Z"	"Barton"	"Brookson"	"Loyalist"
"399433.0"	"Managed Securities"	"Securities"	"2015-01-28T00:00:00.000000Z"	"9032428104188082253"	""	"0"	"-74.08"	"172.41"	"16.0"	"79.429375"	"64.64887753279247"	"16.0"	"11.640625000000002"	"186.25000000000003"	"3.0"	"178.0"	"5420.0"	"0.0"	"0.0"	"33.0"	"8.0"	"Female"	"2003-01-03T00:00:00.000000Z"	"28.0"	"17760.0"	"1.GOLD"	"1953-06-25T00:00:00.000000Z"	"Yves"	"Menico"	"Loyalist"
"1061897.0"	"Personal Loan"	"Unsecured Lending"	"2015-01-28T00:00:00.000000Z"	"6119005337343132673"	""	"0"	"-867.67"	"1498.73"	"16.0"	"315.53"	"751.0878325912798"	"16.0"	"31.2940221293286"	"500.7043540692576"	"0.0"	"175.0"	"14110.0"	"0.0"	"0.0"	"54.0"	"4.0"	"Male"	"2012-09-18T00:00:00.000000Z"	"40.0"	"52640.0"	"3.BRONZE"	"1993-07-07T00:00:00.000000Z"	"Klara"	"Baldcock"	"Loyalist"
"314997.0"	"Car Loan"	"Secured Lending"	"2015-01-28T00:00:00.000000Z"	"2576058252566519678"	""	"0"	"11213.14"	"15035.74"	"16.0"	"13124.440000000002"	"1213.2810804865726"	"16.0"	"5.173143027301241"	"82.77028843681985"	"4.0"	"202.0"	"9230.0"	"0.0"	"0.0"	"42.0"	"16.0"	"Male"	"2002-01-14T00:00:00.000000Z"	"28.0"	"32080.0"	"2.SILVER"	"1976-06-25T00:00:00.000000Z"	"Clark"	"Ameer-Beg"	"Sophisticates"
"247512.0"	"Personal Loan"	"Unsecured Lending"	"2015-01-28T00:00:00.000000Z"	"3684373552596505044"	""	"0"	"729.94"	"4380.34"	"16.0"	"2555.14"	"1158.6253482467923"	"16.0"	"1.7310504734416612"	"27.69680757506658"	"3.0"	"167.0"	"11700.0"	"1.0"	"23.83"	"40.0"	"14.0"	"Male"	"2001-05-21T00:00:00.000000Z"	"28.0"	"39350.0"	"2.SILVER"	"1972-06-25T00:00:00.000000Z"	"Cristobal"	"De Ferraris"	"Traditionalist"
"867395.0"	"Personal Loan"	"Unsecured Lending"	"2015-01-28T00:00:00.000000Z"	"1497491759507768061"	"2015-11-28T00:00:00.000000Z"	"1"	"3673.04"	"5368.28"	"10.0"	"4520.660000000001"	"570.2882206978027"	"10.0"	"0.732208860939714"	"7.322088609397141"	"1.0"	"195.0"	"5820.0"	"0.0"	"0.0"	"44.0"	"6.0"	"Male"	"2010-03-10T00:00:00.000000Z"	"24.0"	"20250.0"	"2.SILVER"	"1981-06-21T00:00:00.000000Z"	"Bord"	"Poundford"	"Loyalist"
"118812.0"	"Current Account"	"Deposit Account"	"2015-01-28T00:00:00.000000Z"	"4819635434871563039"	""	"0"	"-165.97"	"1606.3"	"16.0"	"775.1268749999999"	"520.8370007429547"	"16.0"	"2.5"	"40.0"	"1.0"	"191.0"	"10370.0"	"1.0"	"148.82"	"38.0"	"1.0"	"Female"	"1999-01-14T00:00:00.000000Z"	"28.0"	"35230.0"	"2.SILVER"	"1961-06-25T00:00:00.000000Z"	"Melantha"	"Steely"	"Emergent"
"60325.0"	"Direct Securities"	"Securities"	"2015-01-28T00:00:00.000000Z"	"5084276460124083366"	""	"0"	"-569.81"	"956.56"	"16.0"	"410.615625"	"449.7950378556697"	"16.0"	"34.930625"	"558.89"	"4.0"	"189.0"	"12360.0"	"2.0"	"108.00999999999999"	"44.0"	"9.0"	"Female"	"1997-03-21T00:00:00.000000Z"	"8.0"	"39330.0"	"2.SILVER"	"1966-06-05T00:00:00.000000Z"	"Nicki"	"Tregoning"	"Sophisticates"
"415317.0"	"Current Account"	"Deposit Account"	"2015-01-28T00:00:00.000000Z"	"3935586901409363110"	""	"0"	"-169.28"	"437.95"	"16.0"	"134.158125"	"156.69522295287115"	"16.0"	"0.5"	"8.0"	"5.0"	"204.0"	"14090.0"	"4.0"	"359.36"	"48.0"	"5.0"	"Female"	"2003-04-14T00:00:00.000000Z"	"28.0"	"47480.0"	"2.SILVER"	"1975-06-25T00:00:00.000000Z"	"Gabi"	"Torregiani"	"Sophisticates"
"663829.0"	"Premium Credit Card"	"Unsecured Lending"	"2015-01-28T00:00:00.000000Z"	"7762087373235530381"	""	"0"	"565.22"	"18437.2"	"16.0"	"9120.52"	"4651.901627889394"	"16.0"	"20.98375"	"335.74"	"2.0"	"189.0"	"15320.0"	"1.0"	"13.47"	"42.0"	"9.0"	"Female"	"2006-12-19T00:00:00.000000Z"	"28.0"	"51430.0"	"2.SILVER"	"1972-06-25T00:00:00.000000Z"	"Darnall"	"Whye"	"Sophisticates"
"205272.0"	"Managed Securities"	"Securities"	"2015-09-28T00:00:00.000000Z"	"3801422662880804039"	""	"0"	"238.5"	"1992.91"	"8.0"	"892.12875"	"589.0241935714525"	"8.0"	"32.77625"	"262.21"	"3.0"	"188.0"	"6660.0"	"0.0"	"0.0"	"39.0"	"12.0"	"Male"	"2000-11-17T00:00:00.000000Z"	"35.0"	"23850.0"	"1.GOLD"	"1961-07-02T00:00:00.000000Z"	"Phillip"	"Kenworth"	"Sophisticates"
"857737.0"	"Managed Securities"	"Securities"	"2015-10-28T00:00:00.000000Z"	"394670012926576978"	""	"0"	"-1668.76"	"25003.35"	"7.0"	"12814.842857142856"	"8944.103195502077"	"7.0"	"62.33142857142857"	"436.32"	"3.0"	"195.0"	"23710.0"	"1.0"	"164.0"	"44.0"	"6.0"	"Male"	"2009-11-22T00:00:00.000000Z"	"28.0"	"71420.0"	"1.GOLD"	"1977-06-25T00:00:00.000000Z"	"Grazia"	"Rushforth"	"Traditionalist"
"1218768.0"	"Mortgage"	"Secured Lending"	"2015-08-28T00:00:00.000000Z"	"2531843436921083148"	"2016-04-28T00:00:00.000000Z"	"1"	"97307.67"	"99483.9"	"8.0"	"98395.78499999999"	"761.5218661338608"	"8.0"	"1.3753673928659198"	"11.002939142927358"	"4.0"	"180.0"	"8440.0"	"0.0"	"0.0"	"47.0"	"6.0"	"Male"	"2013-11-12T00:00:00.000000Z"	"8.0"	"27960.0"	"3.BRONZE"	"1995-06-05T00:00:00.000000Z"	"Monroe"	"Perrelli"	"Loyalist"
"1147686.0"	"Personal Loan"	"Unsecured Lending"	"2015-01-28T00:00:00.000000Z"	"4057202292569260247"	"2015-11-28T00:00:00.000000Z"	"1"	"892.07"	"1895.75"	"10.0"	"1393.9100000000003"	"337.64356748895227"	"10.0"	"15.63830627836887"	"156.3830627836887"	"2.0"	"216.0"	"11470.0"	"0.0"	"0.0"	"36.0"	"3.0"	"Female"	"2013-07-25T00:00:00.000000Z"	"28.0"	"39170.0"	"2.SILVER"	"1964-06-25T00:00:00.000000Z"	"Sherri"	"McGarvey"	"Loyalist"
"682540.0"	"Savings Account"	"Deposit Account"	"2015-01-28T00:00:00.000000Z"	"1564831108008400844"	""	"0"	"-2798.86"	"2797.34"	"16.0"	"935.9581249999999"	"1346.9413828385098"	"16.0"	""	""	"4.0"	"198.0"	"4070.0"	"2.0"	"54.540000000000006"	"47.0"	"9.0"	"Female"	"2007-03-18T00:00:00.000000Z"	"28.0"	"14990.0"	"2.SILVER"	"1973-06-25T00:00:00.000000Z"	"Loren"	"Mourton"	"Loyalist"
"23310.0"	"Current Account"	"Deposit Account"	"2015-01-28T00:00:00.000000Z"	"8775805104459373093"	"2015-10-28T00:00:00.000000Z"	"1"	"125.49"	"2906.26"	"9.0"	"1825.4422222222222"	"952.5576094228865"	"9.0"	"1.0"	"9.0"	"2.0"	"204.0"	"4340.0"	"4.0"	"114.06"	"34.0"	"9.0"	"Female"	"1995-09-28T00:00:00.000000Z"	"50.0"	"13790.0"	"2.SILVER"	"1968-07-17T00:00:00.000000Z"	"Lincoln"	"Wakes"	"Loyalist"
"1263087.0"	"Managed Securities"	"Securities"	"2015-05-28T00:00:00.000000Z"	"7657587226792467856"	""	"0"	"268.21"	"10140.21"	"12.0"	"5515.250833333333"	"3024.471849741878"	"12.0"	"40.915"	"490.98"	"2.0"	"178.0"	"9410.0"	"1.0"	"16.9"	"41.0"	"4.0"	"Female"	"2015-01-16T00:00:00.000000Z"	"15.0"	"31430.0"	"1.GOLD"	"1967-06-12T00:00:00.000000Z"	"Cindelyn"	"Heber"	"Emergent"
"982136.0"	"Current Account"	"Deposit Account"	"2015-01-28T00:00:00.000000Z"	"6494510189543857809"	""	"0"	"-126.98"	"3215.37"	"16.0"	"1420.8975"	"1040.5664754706129"	"16.0"	"1.0"	"16.0"	"1.0"	"194.0"	"16050.0"	"0.0"	"0.0"	"50.0"	"3.0"	"Male"	"2011-11-21T00:00:00.000000Z"	"28.0"	"56070.0"	"3.BRONZE"	"1992-06-25T00:00:00.000000Z"	"Isadore"	"Wybron"	"Emergent"
"543236.0"	"Current Account"	"Deposit Account"	"2015-01-28T00:00:00.000000Z"	"1586273745660396864"	""	"0"	"988.54"	"14869.05"	"16.0"	"8298.53125"	"4918.577402170774"	"16.0"	"1.0"	"16.0"	"2.0"	"206.0"	"8870.0"	"1.0"	"15.45"	"33.0"	"9.0"	"Male"	"2005-07-22T00:00:00.000000Z"	"28.0"	"33920.0"	"2.SILVER"	"1941-06-25T00:00:00.000000Z"	"Hillary"	"Wallbank"	"Sophisticates"
"147566.0"	"Standard Credit Card"	"Unsecured Lending"	"2015-01-28T00:00:00.000000Z"	"3535487324741535694"	""	"0"	"-558.23"	"3332.84"	"16.0"	"1334.27375"	"1093.6785920849873"	"16.0"	"7.731250000000001"	"123.70000000000002"	"2.0"	"197.0"	"6150.0"	"1.0"	"14.52"	"48.0"	"11.0"	"Female"	"1999-11-03T00:00:00.000000Z"	"8.0"	"22180.0"	"2.SILVER"	"1963-06-05T00:00:00.000000Z"	"Augy"	"Schottli"	"Sophisticates"
"44078.0"	"Standard Credit Card"	"Unsecured Lending"	"2015-02-28T00:00:00.000000Z"	"4804463329607821672"	""	"0"	"-1564.13"	"10533.45"	"15.0"	"3752.082666666667"	"3171.491872227748"	"15.0"	"10.118"	"151.77"	"2.0"	"189.0"	"8720.0"	"1.0"	"179.17"	"40.0"	"5.0"	"Female"	"1997-07-11T00:00:00.000000Z"	"28.0"	"31830.0"	"2.SILVER"	"1973-06-25T00:00:00.000000Z"	"Stefano"	"Philbin"	"Sophisticates"
"738101.0"	"Personal Loan"	"Unsecured Lending"	"2015-01-28T00:00:00.000000Z"	"4341087555765430103"	""	"0"	"-3304.27"	"660.83"	"16.0"	"-1321.72"	"1258.510127200678"	"16.0"	"39.38316514182703"	"630.1306422692325"	"2.0"	"221.0"	"12400.0"	"0.0"	"0.0"	"37.0"	"7.0"	"Male"	"2007-12-20T00:00:00.000000Z"	"28.0"	"39680.0"	"2.SILVER"	"1968-06-25T00:00:00.000000Z"	"Killie"	"Mitchelson"	"Loyalist"
"19889.0"	"Current Account"	"Deposit Account"	"2015-01-28T00:00:00.000000Z"	"3278754156357249763"	""	"0"	"1385.39"	"5438.66"	"16.0"	"3161.82375"	"1267.8517032569964"	"16.0"	"0.5"	"8.0"	"1.0"	"185.0"	"20700.0"	"2.0"	"112.73"	"40.0"	"2.0"	"Female"	"1995-06-29T00:00:00.000000Z"	"28.0"	"69540.0"	"2.SILVER"	"1956-06-25T00:00:00.000000Z"	"Skippie"	"Feenan"	"Sophisticates"
"275485.0"	"Savings Account"	"Deposit Account"	"2015-01-28T00:00:00.000000Z"	"6100056246123339604"	""	"0"	"-416.57"	"4489.09"	"16.0"	"2331.349375"	"1529.5781987352755"	"16.0"	""	""	"1.0"	"188.0"	"4200.0"	"3.0"	"19.49"	"47.0"	"9.0"	"Male"	"2001-09-27T00:00:00.000000Z"	"8.0"	"12150.0"	"2.SILVER"	"1966-06-05T00:00:00.000000Z"	"Sher"	"Heffernon"	"Sophisticates"
"1268642.0"	"Car Loan"	"Secured Lending"	"2015-01-28T00:00:00.000000Z"	"2914095998146073833"	""	"0"	"263.84"	"829.19"	"16.0"	"546.5150000000001"	"179.44029164785314"	"16.0"	"0.6549613047646645"	"10.479380876234632"	"2.0"	"208.0"	"2220.0"	"0.0"	"0.0"	"54.0"	"10.0"	"Female"	"2014-07-14T00:00:00.000000Z"	"11.0"	"7630.0"	"2.SILVER"	"1985-06-08T00:00:00.000000Z"	"Sarene"	"Wyllie"	"Emergent"
"518541.0"	"Current Account"	"Deposit Account"	"2015-01-28T00:00:00.000000Z"	"5269143203570771655"	""	"0"	"-42.97"	"2809.05"	"16.0"	"1283.0718749999999"	"826.2837929284648"	"16.0"	"2.0"	"32.0"	"3.0"	"173.0"	"3210.0"	"1.0"	"0.69"	"34.0"	"6.0"	"Male"	"2005-04-05T00:00:00.000000Z"	"50.0"	"9840.0"	"2.SILVER"	"1952-07-17T00:00:00.000000Z"	"Darby"	"Brignall"	"Sophisticates"
"1260777.0"	"Current Account"	"Deposit Account"	"2015-01-28T00:00:00.000000Z"	"3663391181619462450"	""	"0"	"-33.34"	"403.91"	"16.0"	"170.170625"	"124.48753418013388"	"16.0"	"0.5"	"8.0"	"0.0"	"209.0"	"14320.0"	"0.0"	"0.0"	"50.0"	"1.0"	"Female"	"2014-05-30T00:00:00.000000Z"	"8.0"	"50940.0"	"2.SILVER"	"1984-06-05T00:00:00.000000Z"	"Pepito"	"Pettegree"	"Emergent"
"882399.0"	"Current Account"	"Deposit Account"	"2015-03-28T00:00:00.000000Z"	"516631590523158134"	""	"0"	"651.53"	"3780.41"	"14.0"	"2386.0128571428577"	"1106.0523576383546"	"14.0"	"1.0"	"14.0"	"0.0"	"140.0"	"5560.0"	"0.0"	"0.0"	"43.0"	"0.0"	"Female"	"2010-06-11T00:00:00.000000Z"	"35.0"	"20090.0"	"2.SILVER"	"1982-07-02T00:00:00.000000Z"	"Melisa"	"Hunter"	"Emergent"
"100926.0"	"Personal Loan"	"Unsecured Lending"	"2015-08-28T00:00:00.000000Z"	"894100006259069950"	""	"0"	"205.47"	"3492.19"	"9.0"	"1848.8300000000002"	"1125.131677627112"	"9.0"	"4.1954119814670685"	"37.758707833203616"	"4.0"	"226.0"	"10290.0"	"0.0"	"0.0"	"47.0"	"7.0"	"Male"	"1998-12-14T00:00:00.000000Z"	"28.0"	"33140.0"	"2.SILVER"	"1975-06-25T00:00:00.000000Z"	"Byrom"	"Sodory"	"Loyalist"
"346204.0"	"Standard Credit Card"	"Unsecured Lending"	"2015-08-28T00:00:00.000000Z"	"3489554084500832938"	"2015-12-28T00:00:00.000000Z"	"1"	"-50.41"	"139.51"	"4.0"	"32.815"	"78.83399626218797"	"4.0"	"0.5175"	"2.07"	"1.0"	"197.0"	"930.0"	"2.0"	"12.4"	"35.0"	"1.0"	"Female"	"2002-04-01T00:00:00.000000Z"	"44.0"	"3200.0"	"2.SILVER"	"1960-07-11T00:00:00.000000Z"	"Phillip"	"Fellow"	"Loyalist"
"1337524.0"	"Personal Loan"	"Unsecured Lending"	"2015-01-28T00:00:00.000000Z"	"495806726025260376"	""	"0"	"1064.46"	"3725.76"	"16.0"	"2395.11"	"844.6881545280481"	"16.0"	"0.5558353992832437"	"8.893366388531899"	"3.0"	"180.0"	"4980.0"	"0.0"	"0.0"	"47.0"	"12.0"	"Male"	"2014-10-21T00:00:00.000000Z"	"28.0"	"18730.0"	"2.SILVER"	"1988-06-25T00:00:00.000000Z"	"Claretta"	"Meindl"	"Emergent"
"213324.0"	"Savings Account"	"Deposit Account"	"2015-01-28T00:00:00.000000Z"	"6879902364194256816"	""	"0"	"-684.76"	"1776.26"	"16.0"	"576.3206250000001"	"709.6210780923271"	"16.0"	""	""	"1.0"	"179.0"	"14760.0"	"1.0"	"42.28"	"43.0"	"2.0"	"Female"	"2001-01-08T00:00:00.000000Z"	"28.0"	"55110.0"	"2.SILVER"	"1969-06-25T00:00:00.000000Z"	"Sharron"	"Sorsby"	"Sophisticates"
"1301928.0"	"Mortgage"	"Secured Lending"	"2015-01-28T00:00:00.000000Z"	"6514914940133768152"	""	"0"	"45938.14"	"48111.94"	"16.0"	"47025.04"	"689.9572052429563"	"16.0"	"2.320539297571698"	"37.12862876114717"	"6.0"	"198.0"	"2720.0"	"4.0"	"19.409999999999997"	"46.0"	"5.0"	"Female"	"2014-09-04T00:00:00.000000Z"	"28.0"	"9190.0"	"2.SILVER"	"1989-06-25T00:00:00.000000Z"	"Lucien"	"Crate"	"Emergent"
"233102.0"	"Current Account"	"Deposit Account"	"2015-01-28T00:00:00.000000Z"	"7733173467528831347"	""	"0"	"-1311.73"	"4226.27"	"16.0"	"1609.7200000000003"	"1503.9075388112574"	"16.0"	"0.0"	"0.0"	"3.0"	"234.0"	"9030.0"	"0.0"	"0.0"	"35.0"	"6.0"	"Female"	"2001-03-26T00:00:00.000000Z"	"28.0"	"31270.0"	"2.SILVER"	"1946-06-25T00:00:00.000000Z"	"Jens"	"Welch"	"Sophisticates"
"245697.0"	"Mortgage"	"Secured Lending"	"2015-01-28T00:00:00.000000Z"	"8427586813822645194"	""	"0"	"186990.95"	"196434.95"	"16.0"	"191712.95"	"2997.49555907374"	"16.0"	"8.746761535508785"	"139.94818456814056"	"3.0"	"195.0"	"9900.0"	"0.0"	"0.0"	"44.0"	"3.0"	"Male"	"2002-01-02T00:00:00.000000Z"	"33.0"	"33730.0"	"2.SILVER"	"1975-06-30T00:00:00.000000Z"	"Cecilla"	"Dulinty"	"Sophisticates"
"493747.0"	"Current Account"	"Deposit Account"	"2015-06-28T00:00:00.000000Z"	"1803169282873109246"	"2015-08-28T00:00:00.000000Z"	"1"	"-3469.66"	"26719.37"	"2.0"	"11624.855"	"21346.867830444116"	"2.0"	"2.0"	"4.0"	"2.0"	"180.0"	"28540.0"	"0.0"	"0.0"	"52.0"	"8.0"	"Female"	"2004-09-30T00:00:00.000000Z"	"28.0"	"122250.0"	"2.SILVER"	"1974-06-25T00:00:00.000000Z"	"Cristobal"	"Brickdale"	"Loyalist"
"47796.0"	"Mortgage"	"Secured Lending"	"2015-01-28T00:00:00.000000Z"	"70002414189964174"	""	"0"	"108846.92"	"114961.97"	"16.0"	"111904.445"	"1940.89741830937"	"16.0"	"5.49989681529666"	"87.99834904474656"	"6.0"	"220.0"	"7530.0"	"2.0"	"819.87"	"43.0"	"9.0"	"Male"	"2010-02-16T00:00:00.000000Z"	"41.0"	"23800.0"	"2.SILVER"	"1963-07-08T00:00:00.000000Z"	"Leeanne"	"Ravenscraft"	"Loyalist"
"1422081.0"	"Current Account"	"Deposit Account"	"2015-08-28T00:00:00.000000Z"	"8507586821715198040"	""	"0"	"194.27"	"1625.49"	"9.0"	"911.6711111111113"	"446.403359626819"	"9.0"	"1.0"	"9.0"	"0.0"	"111.0"	"2340.0"	"0.0"	"0.0"	"19.0"	"0.0"	"Female"	"2015-07-30T00:00:00.000000Z"	"41.0"	"15010.0"	"3.BRONZE"	"1995-07-08T00:00:00.000000Z"	"Finley"	"Wyllie"	"Emergent"
"437757.0"	"Current Account"	"Deposit Account"	"2015-01-28T00:00:00.000000Z"	"2249235118195268866"	""	"0"	"-10.47"	"86.99"	"16.0"	"35.6325"	"28.580045602949383"	"16.0"	"1.5"	"24.0"	"1.0"	"231.0"	"9490.0"	"0.0"	"0.0"	"40.0"	"2.0"	"Female"	"2003-10-01T00:00:00.000000Z"	"35.0"	"40250.0"	"2.SILVER"	"1968-07-02T00:00:00.000000Z"	"Reamonn"	"Spyvye"	"Sophisticates"
"1157575.0"	"Current Account"	"Deposit Account"	"2015-01-28T00:00:00.000000Z"	"5379645217491631985"	""	"0"	"-690.2"	"2873.24"	"16.0"	"1420.5499999999997"	"1118.533533241926"	"16.0"	"2.0"	"32.0"	"2.0"	"199.0"	"2240.0"	"0.0"	"0.0"	"55.0"	"1.0"	"Male"	"2013-08-06T00:00:00.000000Z"	"14.0"	"8540.0"	"3.BRONZE"	"1990-06-11T00:00:00.000000Z"	"Merrel"	"Possek"	"Emergent"
"525449.0"	"Current Account"	"Deposit Account"	"2015-09-28T00:00:00.000000Z"	"1475913570242323498"	""	"0"	"-1874.77"	"7063.34"	"8.0"	"2234.51"	"3043.6337286868143"	"8.0"	"1.0"	"8.0"	"5.0"	"206.0"	"14190.0"	"0.0"	"0.0"	"51.0"	"9.0"	"Female"	"2005-03-29T00:00:00.000000Z"	"28.0"	"44080.0"	"2.SILVER"	"1978-06-25T00:00:00.000000Z"	"Adrian"	"Strachan"	"Sophisticates"
"1193842.0"	"Current Account"	"Deposit Account"	"2015-01-28T00:00:00.000000Z"	"6548069421124996432"	""	"0"	"-947.71"	"3852.56"	"16.0"	"1612.7368749999998"	"1305.7011460601987"	"16.0"	"2.0"	"32.0"	"0.0"	"215.0"	"6950.0"	"0.0"	"0.0"	"52.0"	"3.0"	"Male"	"2013-10-09T00:00:00.000000Z"	"36.0"	"25450.0"	"3.BRONZE"	"1994-07-03T00:00:00.000000Z"	"Vikki"	"Dallewater"	"Emergent"
"240197.0"	"Standard Credit Card"	"Unsecured Lending"	"2015-01-28T00:00:00.000000Z"	"2883513558431036848"	""	"0"	"-4102.91"	"7544.8"	"16.0"	"2650.4325"	"3216.46472755726"	"16.0"	"9.585625"	"153.37"	"9.0"	"218.0"	"13220.0"	"0.0"	"0.0"	"37.0"	"14.0"	"Female"	"2001-04-16T00:00:00.000000Z"	"28.0"	"44760.0"	"2.SILVER"	"1963-06-25T00:00:00.000000Z"	"Cheri"	"Cape"	"Sophisticates"
"519784.0"	"Managed Securities"	"Securities"	"2015-08-28T00:00:00.000000Z"	"6311021336722312813"	""	"0"	"201.09"	"3136.71"	"9.0"	"1642.4311111111112"	"1071.0721645207252"	"9.0"	"22.324444444444445"	"200.92000000000002"	"3.0"	"185.0"	"5170.0"	"1.0"	"10.48"	"41.0"	"7.0"	"Female"	"2005-02-25T00:00:00.000000Z"	"28.0"	"19420.0"	"2.SILVER"	"1971-06-25T00:00:00.000000Z"	"Electra"	"Antoniutti"	"Traditionalist"
"360592.0"	"Savings Account"	"Deposit Account"	"2015-01-28T00:00:00.000000Z"	"6053060327731545396"	""	"0"	"-186.63"	"743.08"	"16.0"	"396.01250000000005"	"274.55627244701583"	"16.0"	""	""	"2.0"	"204.0"	"3070.0"	"1.0"	"3.36"	"47.0"	"9.0"	"Male"	"2002-06-12T00:00:00.000000Z"	"28.0"	"10570.0"	"2.SILVER"	"1975-06-25T00:00:00.000000Z"	"Channa"	"Woodcroft"	"Sophisticates"
"1295141.0"	"Current Account"	"Deposit Account"	"2015-01-28T00:00:00.000000Z"	"9059613674636015677"	""	"0"	"-491.86"	"12493.75"	"16.0"	"5277.861875"	"4088.4051006429045"	"16.0"	"0.5"	"8.0"	"0.0"	"223.0"	"11770.0"	"0.0"	"0.0"	"54.0"	"0.0"	"Female"	"2014-08-07T00:00:00.000000Z"	"47.0"	"39990.0"	"3.BRONZE"	"1995-07-14T00:00:00.000000Z"	"Cherey"	"McGill"	"Emergent"
"431025.0"	"Current Account"	"Deposit Account"	"2015-01-28T00:00:00.000000Z"	"5584218731790399129"	""	"0"	"-361.35"	"1019.56"	"16.0"	"585.6049999999999"	"397.8026272747161"	"16.0"	"0.0"	"0.0"	"3.0"	"234.0"	"6070.0"	"0.0"	"0.0"	"44.0"	"3.0"	"Female"	"2003-08-11T00:00:00.000000Z"	"28.0"	"23250.0"	"2.SILVER"	"1976-06-25T00:00:00.000000Z"	"Malvin"	"Rickerby"	"Emergent"
"381998.0"	"Standard Credit Card"	"Unsecured Lending"	"2015-01-28T00:00:00.000000Z"	"6872344267610785463"	""	"0"	"-668.44"	"1916.8"	"16.0"	"726.49"	"654.4733906686606"	"16.0"	"4.007499999999999"	"64.11999999999999"	"4.0"	"208.0"	"4210.0"	"0.0"	"0.0"	"52.0"	"6.0"	"Female"	"2002-09-18T00:00:00.000000Z"	"3.0"	"14650.0"	"2.SILVER"	"1985-05-31T00:00:00.000000Z"	"Lefty"	"Dalla"	"Loyalist"
"519938.0"	"Home Equity Loan"	"Secured Lending"	"2015-01-28T00:00:00.000000Z"	"8015769012449234721"	""	"0"	"-261.72"	"719.58"	"16.0"	"228.93"	"311.4614985301822"	"16.0"	"29.56248297228137"	"472.9997275565019"	"6.0"	"188.0"	"15570.0"	"1.0"	"92.08"	"46.0"	"8.0"	"Male"	"2005-02-25T00:00:00.000000Z"	"28.0"	"48520.0"	"2.SILVER"	"1971-06-25T00:00:00.000000Z"	"Dallas"	"Tremblay"	"Sophisticates"
"71248.0"	"Managed Securities"	"Securities"	"2015-01-28T00:00:00.000000Z"	"8620769939820889925"	""	"0"	"-4717.5"	"18631.41"	"16.0"	"8396.781875"	"6391.350108370134"	"16.0"	"46.17750000000001"	"738.8400000000001"	"6.0"	"215.0"	"14080.0"	"0.0"	"0.0"	"38.0"	"13.0"	"Female"	"1997-09-17T00:00:00.000000Z"	"28.0"	"47940.0"	"1.GOLD"	"1951-06-25T00:00:00.000000Z"	"Gerda"	"Fuggles"	"Sophisticates"
"137369.0"	"Savings Account"	"Deposit Account"	"2015-01-28T00:00:00.000000Z"	"215754742954585906"	""	"0"	"561.26"	"17842.27"	"16.0"	"8561.7875"	"4737.935530753874"	"16.0"	""	""	"3.0"	"201.0"	"19530.0"	"1.0"	"118.06"	"44.0"	"6.0"	"Female"	"1999-07-01T00:00:00.000000Z"	"28.0"	"63320.0"	"2.SILVER"	"1963-06-25T00:00:00.000000Z"	"Daphene"	"Copelli"	"Sophisticates"
"1376255.0"	"Current Account"	"Deposit Account"	"2015-01-28T00:00:00.000000Z"	"1504979925648964455"	""	"0"	"-17.46"	"481.86"	"16.0"	"189.971875"	"145.49355496464443"	"16.0"	"1.5"	"24.0"	"1.0"	"177.0"	"4570.0"	"2.0"	"18.91"	"33.0"	"4.0"	"Female"	"2015-01-15T00:00:00.000000Z"	"41.0"	"13730.0"	"1.GOLD"	"1948-07-08T00:00:00.000000Z"	"Selinda"	"Malyj"	"Loyalist"
"86340.0"	"Standard Credit Card"	"Unsecured Lending"	"2015-01-28T00:00:00.000000Z"	"415379755141544038"	""	"0"	"-254.9"	"2016.22"	"16.0"	"1063.1025"	"624.2781306917615"	"16.0"	"4.27125"	"68.34"	"6.0"	"215.0"	"6120.0"	"1.0"	"17.0"	"30.0"	"10.0"	"Male"	"1998-03-17T00:00:00.000000Z"	"46.0"	"22920.0"	"1.GOLD"	"1951-07-13T00:00:00.000000Z"	"Katine"	"Bee"	"Traditionalist"
"395143.0"	"Managed Securities"	"Securities"	"2015-01-28T00:00:00.000000Z"	"6200064213738545909"	"2015-09-28T00:00:00.000000Z"	"1"	"-684.92"	"4236.16"	"8.0"	"2538.46"	"1641.3977465127525"	"8.0"	"9.566250000000002"	"76.53000000000002"	"1.0"	"201.0"	"4870.0"	"1.0"	"43.52"	"44.0"	"4.0"	"Male"	"2002-12-10T00:00:00.000000Z"	"28.0"	"16410.0"	"2.SILVER"	"1969-06-25T00:00:00.000000Z"	"Thaxter"	"Thor"	"Loyalist"
"256818.0"	"Current Account"	"Deposit Account"	"2015-01-28T00:00:00.000000Z"	"4751729691218918628"	"2015-12-28T00:00:00.000000Z"	"1"	"563.43"	"4270.89"	"11.0"	"2759.52"	"1177.5777456626804"	"11.0"	"1.5"	"16.5"	"7.0"	"188.0"	"21120.0"	"3.0"	"388.08000000000004"	"31.0"	"16.0"	"Male"	"2001-06-27T00:00:00.000000Z"	"8.0"	"76540.0"	"1.GOLD"	"1929-06-05T00:00:00.000000Z"	"Holli"	"Belton"	"Sophisticates"
"1173602.0"	"Current Account"	"Deposit Account"	"2015-01-28T00:00:00.000000Z"	"2985796705538763073"	""	"0"	"-115.04"	"2911.36"	"16.0"	"1366.1137499999995"	"984.4389460254337"	"16.0"	"2.0"	"32.0"	"1.0"	"202.0"	"2400.0"	"0.0"	"0.0"	"46.0"	"1.0"	"Male"	"2013-09-09T00:00:00.000000Z"	"46.0"	"8530.0"	"3.BRONZE"	"1991-07-13T00:00:00.000000Z"	"Cecilla"	"Niave"	"Emergent"
"647978.0"	"Car Loan"	"Secured Lending"	"2015-01-28T00:00:00.000000Z"	"4500580202151938107"	""	"0"	"7537.74"	"12677.19"	"16.0"	"10107.464999999998"	"1631.2450816477542"	"16.0"	"7.588309441696734"	"121.41295106714774"	"3.0"	"197.0"	"20270.0"	"0.0"	"0.0"	"46.0"	"11.0"	"Male"	"2006-10-13T00:00:00.000000Z"	"28.0"	"71940.0"	"2.SILVER"	"1988-06-25T00:00:00.000000Z"	"Leland"	"Bouskill"	"Sophisticates"
"777250.0"	"Standard Credit Card"	"Unsecured Lending"	"2015-01-28T00:00:00.000000Z"	"3776759840472825066"	""	"0"	"-534.62"	"3142.23"	"16.0"	"1219.651875"	"963.1420379031589"	"16.0"	"0.85625"	"13.7"	"2.0"	"232.0"	"5380.0"	"1.0"	"6.11"	"49.0"	"3.0"	"Female"	"2008-07-04T00:00:00.000000Z"	"28.0"	"16090.0"	"1.GOLD"	"1967-06-25T00:00:00.000000Z"	"Alverta"	"Coning"	"Sophisticates"
"1075427.0"	"Current Account"	"Deposit Account"	"2015-01-28T00:00:00.000000Z"	"7354611922018222798"	"2016-03-28T00:00:00.000000Z"	"1"	"-148.59"	"734.69"	"14.0"	"309.5528571428572"	"250.59670390209328"	"14.0"	"1.5"	"21.0"	"0.0"	"172.0"	"2370.0"	"2.0"	"14.58"	"45.0"	"3.0"	"Male"	"2012-10-04T00:00:00.000000Z"	"47.0"	"9740.0"	"2.SILVER"	"1969-07-14T00:00:00.000000Z"	"Boyce"	"Gaye"	"Loyalist"
"239273.0"	"Current Account"	"Deposit Account"	"2015-01-28T00:00:00.000000Z"	"6309525830829685545"	""	"0"	"-99.38"	"4412.51"	"16.0"	"2008.8331249999999"	"1267.7316512244417"	"16.0"	"1.5"	"24.0"	"2.0"	"198.0"	"4500.0"	"0.0"	"0.0"	"46.0"	"6.0"	"Female"	"2001-06-07T00:00:00.000000Z"	"28.0"	"16480.0"	"2.SILVER"	"1978-06-25T00:00:00.000000Z"	"Emiline"	"Cheeseman"	"Sophisticates"
"1122628.0"	"Current Account"	"Deposit Account"	"2015-01-28T00:00:00.000000Z"	"4097279263163188279"	"2015-09-28T00:00:00.000000Z"	"1"	"-844.85"	"1604.66"	"8.0"	"478.65124999999995"	"779.1705378420512"	"8.0"	"1.0"	"8.0"	"0.0"	"213.0"	"15840.0"	"1.0"	"9.87"	"48.0"	"4.0"	"Female"	"2013-02-25T00:00:00.000000Z"	"8.0"	"59960.0"	"1.GOLD"	"1964-06-05T00:00:00.000000Z"	"Cassius"	"Ferguson"	"Loyalist"
"1343475.0"	"Current Account"	"Deposit Account"	"2015-01-28T00:00:00.000000Z"	"8760745933568601334"	"2015-02-28T00:00:00.000000Z"	"1"	"910.88"	"910.88"	"1.0"	"910.88"	""	"1.0"	"1.5"	"1.5"	"0.0"	"8.0"	"580.0"	"0.0"	"0.0"	"4.0"	"0.0"	"Female"	"2014-10-28T00:00:00.000000Z"	"50.0"	"25280.0"	"3.BRONZE"	"1989-07-17T00:00:00.000000Z"	"Lebbie"	"Venables"	"Emergent"
"855097.0"	"Current Account"	"Deposit Account"	"2015-01-28T00:00:00.000000Z"	"8809237233556801023"	""	"0"	"-3378.08"	"11903.51"	"16.0"	"3159.0862500000003"	"3500.8248022865982"	"16.0"	"1.0"	"16.0"	"1.0"	"194.0"	"6620.0"	"0.0"	"0.0"	"41.0"	"6.0"	"Female"	"2009-10-28T00:00:00.000000Z"	"28.0"	"23070.0"	"3.BRONZE"	"1990-06-25T00:00:00.000000Z"	"Antonio"	"Farncomb"	"Emergent"
"443103.0"	"Current Account"	"Deposit Account"	"2015-01-28T00:00:00.000000Z"	"7863759533508602888"	""	"0"	"123.26"	"9775.1"	"16.0"	"3176.6556249999994"	"2447.3835118835755"	"16.0"	"0.5"	"8.0"	"1.0"	"211.0"	"4770.0"	"0.0"	"0.0"	"40.0"	"13.0"	"Female"	"2003-11-04T00:00:00.000000Z"	"28.0"	"16320.0"	"1.GOLD"	"1953-06-25T00:00:00.000000Z"	"Denys"	"Khosa"	"Sophisticates"
"601382.0"	"Car Loan"	"Secured Lending"	"2015-01-28T00:00:00.000000Z"	"9137398345259727059"	"2016-01-28T00:00:00.000000Z"	"1"	"717.03"	"1280.34"	"12.0"	"998.6850000000001"	"184.6402808165109"	"12.0"	"5.417952450298103"	"65.01542940357724"	"3.0"	"207.0"	"3580.0"	"0.0"	"0.0"	"48.0"	"8.0"	"Male"	"2006-03-08T00:00:00.000000Z"	"28.0"	"12390.0"	"2.SILVER"	"1980-06-25T00:00:00.000000Z"	"Odette"	"Smedley"	"Loyalist"
"1034991.0"	"Mortgage"	"Secured Lending"	"2015-06-28T00:00:00.000000Z"	"5855909259713540175"	"2015-09-28T00:00:00.000000Z"	"1"	"284802.17"	"287897.85"	"3.0"	"286350.01"	"1547.8400000000038"	"3.0"	"11.181706459220393"	"33.54511937766118"	"1.0"	"194.0"	"18660.0"	"0.0"	"0.0"	"51.0"	"3.0"	"Female"	"2012-07-30T00:00:00.000000Z"	"47.0"	"58290.0"	"3.BRONZE"	"1993-07-14T00:00:00.000000Z"	"Marice"	"Minshall"	"Loyalist"
"1059521.0"	"Current Account"	"Deposit Account"	"2015-01-28T00:00:00.000000Z"	"3854353515022668853"	""	"0"	"-466.75"	"2023.03"	"16.0"	"730.5500000000001"	"731.3780897821134"	"16.0"	"2.5"	"40.0"	"0.0"	"192.0"	"5940.0"	"0.0"	"0.0"	"49.0"	"1.0"	"Male"	"2012-09-13T00:00:00.000000Z"	"14.0"	"21070.0"	"3.BRONZE"	"1993-06-11T00:00:00.000000Z"	"Tedd"	"McGarvey"	"Emergent"
"413722.0"	"Managed Securities"	"Securities"	"2015-01-28T00:00:00.000000Z"	"8511281292787678730"	""	"0"	"566.25"	"12787.82"	"16.0"	"6196.361874999999"	"4191.41740961411"	"16.0"	"19.794375"	"316.71"	"3.0"	"203.0"	"19860.0"	"1.0"	"38.93"	"37.0"	"2.0"	"Female"	"2012-05-17T00:00:00.000000Z"	"28.0"	"68210.0"	"2.SILVER"	"1958-06-25T00:00:00.000000Z"	"Brandy"	"Nerger"	"Sophisticates"
"496090.0"	"Current Account"	"Deposit Account"	"2015-01-28T00:00:00.000000Z"	"6083962491569772674"	""	"0"	"-1217.71"	"4695.61"	"16.0"	"1825.816875"	"1441.7631168756247"	"16.0"	"1.5"	"24.0"	"2.0"	"202.0"	"5640.0"	"1.0"	"15.8"	"41.0"	"5.0"	"Female"	"2004-10-14T00:00:00.000000Z"	"28.0"	"17260.0"	"2.SILVER"	"1963-06-25T00:00:00.000000Z"	"Sharl"	"Lyttle"	"Emergent"
"576698.0"	"Savings Account"	"Deposit Account"	"2015-01-28T00:00:00.000000Z"	"7771412282336602863"	""	"0"	"406.57"	"5846.88"	"16.0"	"2573.1712500000003"	"1514.3224141107908"	"16.0"	""	""	"0.0"	"200.0"	"9460.0"	"0.0"	"0.0"	"50.0"	"6.0"	"Female"	"2005-10-31T00:00:00.000000Z"	"28.0"	"30490.0"	"2.SILVER"	"1977-06-25T00:00:00.000000Z"	"Rodie"	"Duckett"	"Sophisticates"
"1124201.0"	"Mortgage"	"Secured Lending"	"2015-01-28T00:00:00.000000Z"	"3936802580268328478"	""	"0"	"87011.83"	"91757.98"	"16.0"	"89384.905"	"1506.41291271681"	"16.0"	"5.339372937780301"	"85.42996700448482"	"0.0"	"201.0"	"4870.0"	"2.0"	"26.73"	"43.0"	"7.0"	"Female"	"2013-03-11T00:00:00.000000Z"	"28.0"	"18160.0"	"2.SILVER"	"1967-06-25T00:00:00.000000Z"	"Klemens"	"Treswell"	"Traditionalist"
"196197.0"	"Managed Securities"	"Securities"	"2015-06-28T00:00:00.000000Z"	"3533744507205781556"	""	"0"	"2729.22"	"11309.23"	"11.0"	"5824.35"	"2974.683859377329"	"11.0"	"58.74090909090909"	"646.15"	"4.0"	"229.0"	"10660.0"	"2.0"	"152.0"	"33.0"	"11.0"	"Female"	"2007-08-13T00:00:00.000000Z"	"28.0"	"34430.0"	"1.GOLD"	"1945-06-25T00:00:00.000000Z"	"Cacilia"	"Acreman"	"Sophisticates"
"34860.0"	"Mortgage"	"Secured Lending"	"2016-04-28T00:00:00.000000Z"	"2444577360948880065"	"2016-04-28T00:00:00.000000Z"	"1"	""	""	""	""	""	""	""	""	"0.0"	"206.0"	"7850.0"	"0.0"	"0.0"	"48.0"	"1.0"	"Female"	"1996-03-16T00:00:00.000000Z"	"35.0"	"25200.0"	"2.SILVER"	"1964-07-02T00:00:00.000000Z"	"Jenelle"	"Chucks"	"Loyalist"
"1287903.0"	"Current Account"	"Deposit Account"	"2015-01-28T00:00:00.000000Z"	"4103426582537355718"	""	"0"	"-118.86"	"7432.74"	"16.0"	"3379.94625"	"2269.5116734542257"	"16.0"	"1.0"	"16.0"	"0.0"	"199.0"	"7840.0"	"0.0"	"0.0"	"40.0"	"0.0"	"Female"	"2014-08-01T00:00:00.000000Z"	"15.0"	"24010.0"	"2.SILVER"	"1969-06-12T00:00:00.000000Z"	"Odetta"	"Antoniutti"	"Emergent"
"156619.0"	"Direct Securities"	"Securities"	"2015-01-28T00:00:00.000000Z"	"8764924717132653613"	""	"0"	"-195.36"	"549.65"	"16.0"	"230.75124999999997"	"185.35839334920877"	"16.0"	"6.87125"	"109.94"	"3.0"	"196.0"	"6720.0"	"0.0"	"0.0"	"45.0"	"6.0"	"Male"	"2000-01-17T00:00:00.000000Z"	"41.0"	"25970.0"	"2.SILVER"	"1965-07-08T00:00:00.000000Z"	"Vikki"	"Okill"	"Sophisticates"
"725275.0"	"Current Account"	"Deposit Account"	"2015-01-28T00:00:00.000000Z"	"6977184189208808452"	""	"0"	"-1209.75"	"2629.82"	"16.0"	"1038.273125"	"961.8960407079255"	"16.0"	"2.0"	"32.0"	"3.0"	"207.0"	"7620.0"	"0.0"	"0.0"	"38.0"	"3.0"	"Female"	"2007-10-12T00:00:00.000000Z"	"28.0"	"26440.0"	"2.SILVER"	"1968-06-25T00:00:00.000000Z"	"Zebadiah"	"Sanham"	"Sophisticates"
"526901.0"	"Premium Credit Card"	"Unsecured Lending"	"2015-01-28T00:00:00.000000Z"	"2016438186679680452"	"2015-11-28T00:00:00.000000Z"	"1"	"-687.54"	"1273.08"	"10.0"	"643.204"	"542.551037132299"	"10.0"	"7.372"	"73.72"	"1.0"	"207.0"	"7760.0"	"3.0"	"208.6"	"49.0"	"7.0"	"Female"	"2005-04-06T00:00:00.000000Z"	"28.0"	"29590.0"	"2.SILVER"	"1969-06-25T00:00:00.000000Z"	"Johnnie"	"Kelcey"	"Loyalist"
"1065659.0"	"Mortgage"	"Secured Lending"	"2016-02-28T00:00:00.000000Z"	"1353335613578619808"	""	"0"	"126192.59"	"126893.65"	"3.0"	"126543.12"	"350.52999999999884"	"3.0"	"5.38169947902928"	"16.14509843708784"	"1.0"	"184.0"	"5970.0"	"0.0"	"0.0"	"47.0"	"6.0"	"Male"	"2012-09-24T00:00:00.000000Z"	"6.0"	"18370.0"	"3.BRONZE"	"1986-06-03T00:00:00.000000Z"	"Jeremias"	"Mourton"	"Loyalist"
"162449.0"	"Home Equity Loan"	"Secured Lending"	"2015-01-28T00:00:00.000000Z"	"3069622545438125012"	"2016-02-28T00:00:00.000000Z"	"1"	"-22.01"	"242.35"	"13.0"	"110.16999999999999"	"85.79452381514024"	"13.0"	"6.128166660635577"	"79.6661665882625"	"3.0"	"229.0"	"4120.0"	"3.0"	"15.86"	"48.0"	"9.0"	"Male"	"2000-02-23T00:00:00.000000Z"	"8.0"	"13520.0"	"2.SILVER"	"1961-06-05T00:00:00.000000Z"	"Celina"	"Possek"	"Loyalist"
"394659.0"	"Savings Account"	"Deposit Account"	"2015-01-28T00:00:00.000000Z"	"6197668778221560947"	""	"0"	"-740.22"	"5277.65"	"16.0"	"2381.6825"	"1827.7603307235515"	"16.0"	""	""	"2.0"	"165.0"	"6610.0"	"1.0"	"7.28"	"40.0"	"2.0"	"Male"	"2002-12-05T00:00:00.000000Z"	"8.0"	"21350.0"	"2.SILVER"	"1969-06-05T00:00:00.000000Z"	"Jervis"	"Eskrigge"	"Sophisticates"
"361483.0"	"Home Equity Loan"	"Secured Lending"	"2015-01-28T00:00:00.000000Z"	"1324688148702217310"	""	"0"	"1398.63"	"1981.38"	"16.0"	"1690.005"	"184.96299629926008"	"16.0"	"2.6081378101206036"	"41.73020496192966"	"7.0"	"209.0"	"2400.0"	"0.0"	"0.0"	"48.0"	"6.0"	"Female"	"2002-05-29T00:00:00.000000Z"	"3.0"	"8620.0"	"2.SILVER"	"1981-05-31T00:00:00.000000Z"	"Zebadiah"	"Laven"	"Sophisticates"
"1036410.0"	"Mortgage"	"Secured Lending"	"2015-03-28T00:00:00.000000Z"	"3679209834764052426"	"2015-10-28T00:00:00.000000Z"	"1"	"187467.45"	"190018.05"	"7.0"	"188742.75"	"918.3209569643963"	"7.0"	"7.26919403555042"	"50.88435824885294"	"2.0"	"172.0"	"4180.0"	"0.0"	"0.0"	"41.0"	"3.0"	"Female"	"2012-07-30T00:00:00.000000Z"	"47.0"	"17540.0"	"3.BRONZE"	"1990-07-14T00:00:00.000000Z"	"Margi"	"Blackboro"	"Loyalist"
"834010.0"	"Current Account"	"Deposit Account"	"2015-01-28T00:00:00.000000Z"	"2683824669061577800"	""	"0"	"-1746.86"	"3321.29"	"16.0"	"1448.284375"	"1373.1896378624901"	"16.0"	"0.5"	"8.0"	"1.0"	"241.0"	"7150.0"	"1.0"	"9.68"	"33.0"	"8.0"	"Male"	"2009-02-12T00:00:00.000000Z"	"28.0"	"27080.0"	"2.SILVER"	"1955-06-25T00:00:00.000000Z"	"Eudora"	"Evenett"	"Sophisticates"
"1386771.0"	"Personal Loan"	"Unsecured Lending"	"2015-08-28T00:00:00.000000Z"	"5773601487164018126"	""	"0"	"1620.86"	"2855.9"	"9.0"	"2238.38"	"422.78704213823755"	"9.0"	"9.425346127804263"	"84.82811515023836"	"2.0"	"192.0"	"3970.0"	"0.0"	"0.0"	"36.0"	"4.0"	"Female"	"2015-03-09T00:00:00.000000Z"	"8.0"	"16570.0"	"2.SILVER"	"1979-06-05T00:00:00.000000Z"	"Sharai"	"Gilford"	"Loyalist"
"1062491.0"	"Standard Credit Card"	"Unsecured Lending"	"2015-01-28T00:00:00.000000Z"	"1379422182058839711"	""	"0"	"165.71"	"1663.98"	"16.0"	"998.854375"	"428.75786195269933"	"16.0"	"0.6293749999999999"	"10.069999999999999"	"6.0"	"195.0"	"5790.0"	"0.0"	"0.0"	"48.0"	"9.0"	"Male"	"2012-09-19T00:00:00.000000Z"	"33.0"	"17990.0"	"3.BRONZE"	"1986-06-30T00:00:00.000000Z"	"Denys"	"Krysztofiak"	"Loyalist"
"212774.0"	"Managed Securities"	"Securities"	"2015-01-28T00:00:00.000000Z"	"7889995560126868066"	""	"0"	"-182.75"	"1437.04"	"16.0"	"643.19"	"445.3783689553561"	"16.0"	"10.63625"	"170.18"	"3.0"	"201.0"	"3840.0"	"0.0"	"0.0"	"49.0"	"7.0"	"Female"	"2001-01-03T00:00:00.000000Z"	"28.0"	"13670.0"	"1.GOLD"	"1971-06-25T00:00:00.000000Z"	"Bertina"	"Izhakov"	"Loyalist"
"280754.0"	"Personal Loan"	"Unsecured Lending"	"2015-01-28T00:00:00.000000Z"	"8782756153293782518"	""	"0"	"2530.89"	"5694.39"	"16.0"	"4112.64"	"1004.0848370531266"	"16.0"	"13.900394703226247"	"222.40631525161996"	"12.0"	"235.0"	"5500.0"	"1.0"	"82.63"	"36.0"	"14.0"	"Female"	"2001-10-09T00:00:00.000000Z"	"28.0"	"20750.0"	"2.SILVER"	"1969-06-25T00:00:00.000000Z"	"Manolo"	"Portchmouth"	"Sophisticates"
"873632.0"	"Car Loan"	"Secured Lending"	"2015-01-28T00:00:00.000000Z"	"8709890190037663389"	"2016-02-28T00:00:00.000000Z"	"1"	"2678.8"	"4687.84"	"13.0"	"3683.32"	"652.007225471211"	"13.0"	"9.863765239291839"	"128.2289481107939"	"3.0"	"197.0"	"11110.0"	"2.0"	"137.44"	"42.0"	"12.0"	"Female"	"2010-04-15T00:00:00.000000Z"	"28.0"	"38200.0"	"1.GOLD"	"1961-06-25T00:00:00.000000Z"	"Thorpe"	"Macon"	"Loyalist"
"349449.0"	"Managed Securities"	"Securities"	"2015-01-28T00:00:00.000000Z"	"1505415645495663913"	""	"0"	"72.79"	"12948.17"	"16.0"	"5896.319374999999"	"3505.9407944239806"	"16.0"	"41.39375"	"662.3"	"4.0"	"196.0"	"18170.0"	"5.0"	"325.81"	"37.0"	"20.0"	"Female"	"2002-04-11T00:00:00.000000Z"	"28.0"	"63910.0"	"1.GOLD"	"1947-06-25T00:00:00.000000Z"	"Grantham"	"Cordery"	"Loyalist"
"1073832.0"	"Current Account"	"Deposit Account"	"2015-01-28T00:00:00.000000Z"	"6361597044831151317"	"2015-07-28T00:00:00.000000Z"	"1"	"-49.93"	"334.53"	"6.0"	"255.90666666666664"	"150.63233791808008"	"6.0"	"1.0"	"6.0"	"0.0"	"198.0"	"1400.0"	"0.0"	"0.0"	"41.0"	"2.0"	"Male"	"2012-10-03T00:00:00.000000Z"	"27.0"	"5110.0"	"3.BRONZE"	"1992-06-24T00:00:00.000000Z"	"Bibby"	"Caughan"	"Loyalist"
"1397265.0"	"Mortgage"	"Secured Lending"	"2015-08-28T00:00:00.000000Z"	"7795966523100083012"	""	"0"	"25605.8"	"26350.68"	"9.0"	"25978.239999999998"	"254.99223664652897"	"9.0"	"2.8891716448977722"	"26.00254480407995"	"0.0"	"147.0"	"2420.0"	"1.0"	"29.97"	"33.0"	"2.0"	"Male"	"2015-05-15T00:00:00.000000Z"	"35.0"	"10910.0"	"2.SILVER"	"1964-07-02T00:00:00.000000Z"	"Janos"	"Gludor"	"Loyalist"
"630917.0"	"Current Account"	"Deposit Account"	"2015-09-28T00:00:00.000000Z"	"8625001668106069925"	""	"0"	"233.51"	"994.73"	"8.0"	"671.4175"	"225.63889594723182"	"8.0"	"1.5"	"12.0"	"0.0"	"227.0"	"5350.0"	"0.0"	"0.0"	"44.0"	"2.0"	"Male"	"2006-08-02T00:00:00.000000Z"	"28.0"	"18530.0"	"2.SILVER"	"1985-06-25T00:00:00.000000Z"	"Ryan"	"Leonarde"	"Loyalist"
"796258.0"	"Direct Securities"	"Securities"	"2015-01-28T00:00:00.000000Z"	"4265913792698129843"	""	"0"	"-534.63"	"10518.38"	"16.0"	"3399.1868749999994"	"2884.631591654224"	"16.0"	"16.736250000000002"	"267.78000000000003"	"4.0"	"184.0"	"5940.0"	"2.0"	"74.25999999999999"	"41.0"	"14.0"	"Female"	"2008-09-23T00:00:00.000000Z"	"26.0"	"26410.0"	"2.SILVER"	"1950-06-23T00:00:00.000000Z"	"Verla"	"Tatersale"	"Sophisticates"
"977659.0"	"Current Account"	"Deposit Account"	"2015-01-28T00:00:00.000000Z"	"479738048393803781"	""	"0"	"-878.16"	"1677.71"	"16.0"	"675.2006250000001"	"737.1041173535684"	"16.0"	"2.0"	"32.0"	"1.0"	"205.0"	"2390.0"	"0.0"	"0.0"	"47.0"	"2.0"	"Male"	"2011-11-11T00:00:00.000000Z"	"11.0"	"8780.0"	"3.BRONZE"	"1988-06-08T00:00:00.000000Z"	"Jeni"	"Darkin"	"Emergent"
"716816.0"	"Current Account"	"Deposit Account"	"2015-01-28T00:00:00.000000Z"	"4110387221863992645"	"2015-07-28T00:00:00.000000Z"	"1"	"1386.86"	"9119.6"	"6.0"	"5133.153333333334"	"2894.0416428909016"	"6.0"	"1.0"	"6.0"	"0.0"	"218.0"	"10230.0"	"0.0"	"0.0"	"38.0"	"8.0"	"Female"	"2007-09-05T00:00:00.000000Z"	"35.0"	"34790.0"	"2.SILVER"	"1967-07-02T00:00:00.000000Z"	"Munmro"	"Markham"	"Loyalist"
"240846.0"	"Savings Account"	"Deposit Account"	"2015-01-28T00:00:00.000000Z"	"6327710662909511595"	""	"0"	"-1063.4"	"9626.12"	"16.0"	"4770.583125000001"	"2753.8373958598663"	"16.0"	""	""	"0.0"	"173.0"	"27180.0"	"0.0"	"0.0"	"44.0"	"0.0"	"Female"	"2001-04-18T00:00:00.000000Z"	"28.0"	"154600.0"	"2.SILVER"	"1977-06-25T00:00:00.000000Z"	"Teodor"	"Burlingame"	"Emergent"
"813605.0"	"Premium Credit Card"	"Unsecured Lending"	"2015-01-28T00:00:00.000000Z"	"167672725257743927"	""	"0"	"-538.12"	"2153.69"	"16.0"	"1104.9681249999999"	"740.4904612774675"	"16.0"	"6.2925"	"100.68"	"1.0"	"176.0"	"4580.0"	"2.0"	"53.18"	"44.0"	"13.0"	"Female"	"2008-11-04T00:00:00.000000Z"	"46.0"	"15450.0"	"2.SILVER"	"1963-07-13T00:00:00.000000Z"	"Sarene"	"Hugnet"	"Sophisticates"
"1355487.0"	"Mortgage"	"Secured Lending"	"2015-02-28T00:00:00.000000Z"	"5804161564775223125"	"2015-07-28T00:00:00.000000Z"	"1"	"72942.5"	"73921.58"	"5.0"	"73432.04000000001"	"387.0153514397107"	"5.0"	"7.960405142248786"	"39.80202571124393"	"1.0"	"63.0"	"1000.0"	"1.0"	"5.19"	"14.0"	"6.0"	"Female"	"2014-11-17T00:00:00.000000Z"	"28.0"	"14170.0"	"2.SILVER"	"1978-06-25T00:00:00.000000Z"	"Ignatius"	"Nutkin"	"Loyalist"
"78453.0"	"Premium Credit Card"	"Unsecured Lending"	"2015-01-28T00:00:00.000000Z"	"4327555269992447621"	""	"0"	"-761.92"	"1898.66"	"16.0"	"834.0524999999999"	"774.6742306845289"	"16.0"	"19.124375"	"305.99"	"5.0"	"201.0"	"7580.0"	"0.0"	"0.0"	"51.0"	"5.0"	"Male"	"1997-12-04T00:00:00.000000Z"	"28.0"	"26130.0"	"1.GOLD"	"1971-06-25T00:00:00.000000Z"	"Winfred"	"Opfer"	"Loyalist"
"360405.0"	"Savings Account"	"Deposit Account"	"2015-01-28T00:00:00.000000Z"	"7671693499479094611"	""	"0"	"-556.81"	"4424.41"	"16.0"	"1858.7937499999998"	"1522.07141393946"	"16.0"	""	""	"0.0"	"218.0"	"6280.0"	"1.0"	"4.65"	"51.0"	"4.0"	"Female"	"2002-05-22T00:00:00.000000Z"	"28.0"	"21580.0"	"2.SILVER"	"1961-06-25T00:00:00.000000Z"	"Melisse"	"Aston"	"Sophisticates"
"801538.0"	"Standard Credit Card"	"Unsecured Lending"	"2015-01-28T00:00:00.000000Z"	"5727861871091333421"	""	"0"	"-860.13"	"3775.12"	"16.0"	"1691.7337499999999"	"1198.870991946868"	"16.0"	"0.691875"	"11.07"	"3.0"	"216.0"	"11350.0"	"2.0"	"89.31"	"45.0"	"8.0"	"Female"	"2008-10-06T00:00:00.000000Z"	"28.0"	"36990.0"	"2.SILVER"	"1978-06-25T00:00:00.000000Z"	"Griswold"	"Keyzor"	"Sophisticates"
"291512.0"	"Current Account"	"Deposit Account"	"2015-01-28T00:00:00.000000Z"	"5595006710362061432"	""	"0"	"-33.26"	"130.77"	"16.0"	"42.28875"	"48.2397181963853"	"16.0"	"0.5"	"8.0"	"3.0"	"177.0"	"5080.0"	"1.0"	"9.92"	"35.0"	"2.0"	"Female"	"2001-11-06T00:00:00.000000Z"	"28.0"	"18060.0"	"2.SILVER"	"1963-06-25T00:00:00.000000Z"	"Chrissy"	"Bertwistle"	"Sophisticates"
"584112.0"	"Standard Credit Card"	"Unsecured Lending"	"2015-01-28T00:00:00.000000Z"	"3627803594618847016"	""	"0"	"-1128.4"	"6946.5"	"16.0"	"2610.9543749999993"	"2257.2956386288697"	"16.0"	"21.242500000000003"	"339.88000000000005"	"4.0"	"160.0"	"16640.0"	"3.0"	"167.24"	"49.0"	"7.0"	"Female"	"2005-12-07T00:00:00.000000Z"	"28.0"	"60190.0"	"2.SILVER"	"1966-06-25T00:00:00.000000Z"	"Grange"	"Fratson"	"Loyalist"
"1071753.0"	"Current Account"	"Deposit Account"	"2015-01-28T00:00:00.000000Z"	"2639929822228402399"	"2015-04-28T00:00:00.000000Z"	"1"	"-734.24"	"1976.57"	"3.0"	"1035.6733333333334"	"1533.8103498259925"	"3.0"	"2.5"	"7.5"	"0.0"	"182.0"	"5630.0"	"0.0"	"0.0"	"38.0"	"3.0"	"Male"	"2012-10-01T00:00:00.000000Z"	"8.0"	"31680.0"	"2.SILVER"	"1983-06-05T00:00:00.000000Z"	"Libbie"	"Balloch"	"Loyalist"
"312390.0"	"Savings Account"	"Deposit Account"	"2015-01-28T00:00:00.000000Z"	"7593070382516130533"	""	"0"	"-883.52"	"1450.82"	"16.0"	"441.36250000000007"	"600.4126611756284"	"16.0"	""	""	"0.0"	"181.0"	"5590.0"	"4.0"	"242.47000000000003"	"50.0"	"10.0"	"Male"	"2001-12-31T00:00:00.000000Z"	"28.0"	"21300.0"	"2.SILVER"	"1961-06-25T00:00:00.000000Z"	"Skippie"	"Lanceter"	"Sophisticates"
"1140371.0"	"Managed Securities"	"Securities"	"2015-08-28T00:00:00.000000Z"	"6706990868241521872"	""	"0"	"1118.38"	"5380.18"	"9.0"	"3314.687777777778"	"1477.0824273528015"	"9.0"	"7.411111111111111"	"66.7"	"1.0"	"230.0"	"7840.0"	"1.0"	"7.38"	"46.0"	"3.0"	"Female"	"2013-07-09T00:00:00.000000Z"	"18.0"	"21960.0"	"2.SILVER"	"1984-06-15T00:00:00.000000Z"	"Briney"	"McLemon"	"Emergent"
"286782.0"	"Savings Account"	"Deposit Account"	"2015-01-28T00:00:00.000000Z"	"5732223962833251287"	""	"0"	"-2707.78"	"6388.79"	"16.0"	"2440.211875"	"2399.8003236858926"	"16.0"	""	""	"1.0"	"191.0"	"11330.0"	"4.0"	"502.96999999999997"	"38.0"	"8.0"	"Female"	"2001-10-27T00:00:00.000000Z"	"8.0"	"41320.0"	"2.SILVER"	"1960-06-05T00:00:00.000000Z"	"Reuben"	"Lineham"	"Sophisticates"
"535976.0"	"Savings Account"	"Deposit Account"	"2015-01-28T00:00:00.000000Z"	"7735005210377073947"	""	"0"	"-966.12"	"3466.92"	"16.0"	"1244.7925"	"968.1930442599418"	"16.0"	""	""	"0.0"	"194.0"	"14870.0"	"0.0"	"0.0"	"36.0"	"4.0"	"Female"	"2005-06-06T00:00:00.000000Z"	"28.0"	"50290.0"	"2.SILVER"	"1957-06-25T00:00:00.000000Z"	"Lynette"	"Pidwell"	"Sophisticates"
"689921.0"	"Current Account"	"Deposit Account"	"2015-01-28T00:00:00.000000Z"	"2018364136217897257"	""	"0"	"-41.97"	"474.27"	"16.0"	"182.491875"	"144.77969646874982"	"16.0"	"2.5"	"40.0"	"1.0"	"235.0"	"6270.0"	"0.0"	"0.0"	"39.0"	"3.0"	"Female"	"2007-05-08T00:00:00.000000Z"	"28.0"	"20290.0"	"2.SILVER"	"1977-06-25T00:00:00.000000Z"	"Lukas"	"FitzGilbert"	"Loyalist"
"1368049.0"	"Current Account"	"Deposit Account"	"2015-11-28T00:00:00.000000Z"	"1081737169865649820"	"2015-11-28T00:00:00.000000Z"	"1"	""	""	""	""	""	""	""	""	"1.0"	"65.0"	"2860.0"	"0.0"	"0.0"	"17.0"	"1.0"	"Female"	"2014-12-11T00:00:00.000000Z"	"28.0"	"22940.0"	"3.BRONZE"	"1993-06-25T00:00:00.000000Z"	"Jens"	"Prester"	"Loyalist"
"176881.0"	"Direct Securities"	"Securities"	"2015-01-28T00:00:00.000000Z"	"8566049669092586536"	""	"0"	"-153.01"	"708.12"	"16.0"	"193.35562499999997"	"224.2883817162999"	"16.0"	"23.91375"	"382.62"	"4.0"	"178.0"	"16370.0"	"3.0"	"254.48000000000002"	"47.0"	"10.0"	"Female"	"2000-05-23T00:00:00.000000Z"	"28.0"	"57770.0"	"1.GOLD"	"1973-06-25T00:00:00.000000Z"	"Ernest"	"Conyers"	"Loyalist"
"1020757.0"	"Current Account"	"Deposit Account"	"2015-01-28T00:00:00.000000Z"	"361602400811043562"	"2015-04-28T00:00:00.000000Z"	"1"	"464.64"	"590.07"	"3.0"	"521.1566666666666"	"63.62726800148924"	"3.0"	"2.5"	"7.5"	"2.0"	"177.0"	"9600.0"	"0.0"	"0.0"	"46.0"	"3.0"	"Female"	"2012-06-25T00:00:00.000000Z"	"41.0"	"34060.0"	"3.BRONZE"	"1983-07-08T00:00:00.000000Z"	"Korry"	"O' Bee"	"Loyalist"
"823626.0"	"Personal Loan"	"Unsecured Lending"	"2015-01-28T00:00:00.000000Z"	"4581249031167077926"	""	"0"	"-5587.14"	"192.66"	"16.0"	"-2697.24"	"1834.490134724087"	"16.0"	"18.53996433303485"	"296.6394293285576"	"1.0"	"176.0"	"12040.0"	"1.0"	"65.55"	"48.0"	"1.0"	"Male"	"2008-12-23T00:00:00.000000Z"	"28.0"	"41910.0"	"3.BRONZE"	"1984-06-25T00:00:00.000000Z"	"Enoch"	"Straw"	"Traditionalist"
"248942.0"	"Savings Account"	"Deposit Account"	"2015-01-28T00:00:00.000000Z"	"4331071018721940597"	""	"0"	"1424.94"	"21742.95"	"16.0"	"8532.20125"	"5573.806219243574"	"16.0"	""	""	"0.0"	"212.0"	"17770.0"	"0.0"	"0.0"	"46.0"	"9.0"	"Female"	"2001-07-12T00:00:00.000000Z"	"41.0"	"54940.0"	"1.GOLD"	"1961-07-08T00:00:00.000000Z"	"Olag"	"Lambal"	"Sophisticates"
"952073.0"	"Personal Loan"	"Unsecured Lending"	"2015-01-28T00:00:00.000000Z"	"5206721958670080111"	""	"0"	"-2300.16"	"1758.84"	"16.0"	"-270.6599999999999"	"1288.3136885091303"	"16.0"	"16.96929048447114"	"271.50864775153826"	"4.0"	"190.0"	"5380.0"	"0.0"	"0.0"	"40.0"	"4.0"	"Female"	"2011-09-30T00:00:00.000000Z"	"46.0"	"17680.0"	"3.BRONZE"	"1990-07-13T00:00:00.000000Z"	"Dreddy"	"MacRierie"	"Loyalist"
"571935.0"	"Current Account"	"Deposit Account"	"2015-01-28T00:00:00.000000Z"	"6045597034255826705"	""	"0"	"-468.4"	"2409.74"	"16.0"	"632.2568750000002"	"655.12692122691"	"16.0"	"1.5"	"24.0"	"0.0"	"196.0"	"4000.0"	"0.0"	"0.0"	"40.0"	"1.0"	"Female"	"2005-10-23T00:00:00.000000Z"	"28.0"	"12540.0"	"2.SILVER"	"1959-06-25T00:00:00.000000Z"	"Maudie"	"Kersley"	"Sophisticates"
"368358.0"	"Current Account"	"Deposit Account"	"2015-01-28T00:00:00.000000Z"	"6147772731716079977"	""	"0"	"-1915.52"	"4137.76"	"16.0"	"1959.1475000000003"	"1814.4871991300095"	"16.0"	"2.0"	"32.0"	"3.0"	"216.0"	"8210.0"	"0.0"	"0.0"	"36.0"	"6.0"	"Female"	"2002-07-04T00:00:00.000000Z"	"28.0"	"31210.0"	"1.GOLD"	"1964-06-25T00:00:00.000000Z"	"Mylo"	"Ameer-Beg"	"Sophisticates"
"913650.0"	"Managed Securities"	"Securities"	"2015-01-28T00:00:00.000000Z"	"170356306534685080"	"2015-10-28T00:00:00.000000Z"	"1"	"-403.95"	"2131.99"	"9.0"	"651.5555555555555"	"850.3673056701896"	"9.0"	"17.262222222222224"	"155.36"	"2.0"	"205.0"	"4270.0"	"0.0"	"0.0"	"47.0"	"3.0"	"Male"	"2011-05-26T00:00:00.000000Z"	"28.0"	"14710.0"	"2.SILVER"	"1974-06-25T00:00:00.000000Z"	"Shepherd"	"Mannock"	"Loyalist"
"184999.0"	"Car Loan"	"Secured Lending"	"2016-04-28T00:00:00.000000Z"	"1334874768908956144"	""	"0"	"3837.86"	"3837.86"	"1.0"	"3837.86"	""	"1.0"	"9.72439581116371"	"9.72439581116371"	"0.0"	"216.0"	"19050.0"	"0.0"	"0.0"	"38.0"	"5.0"	"Male"	"2000-07-25T00:00:00.000000Z"	"28.0"	"71510.0"	"2.SILVER"	"1966-06-25T00:00:00.000000Z"	"Desmond"	"Lambal"	"Sophisticates"
"81016.0"	"Current Account"	"Deposit Account"	"2015-02-28T00:00:00.000000Z"	"6565452475174525773"	""	"0"	"-162.14"	"1195.14"	"15.0"	"584.9580000000001"	"405.7183338968058"	"15.0"	"2.5"	"37.5"	"1.0"	"215.0"	"6420.0"	"0.0"	"0.0"	"39.0"	"7.0"	"Male"	"2007-10-11T00:00:00.000000Z"	"28.0"	"22880.0"	"1.GOLD"	"1948-06-25T00:00:00.000000Z"	"Cecilla"	"Bourton"	"Sophisticates"
"214644.0"	"Car Loan"	"Secured Lending"	"2015-02-28T00:00:00.000000Z"	"5321780991070107520"	"2015-11-28T00:00:00.000000Z"	"1"	"6865.93"	"8114.25"	"9.0"	"7490.09"	"427.33313936553054"	"9.0"	"2.1084529423677947"	"18.97607648131015"	"1.0"	"124.0"	"6980.0"	"0.0"	"0.0"	"27.0"	"10.0"	"Male"	"2001-10-18T00:00:00.000000Z"	"28.0"	"40760.0"	"2.SILVER"	"1971-06-25T00:00:00.000000Z"	"Ernest"	"Peye"	"Loyalist"
"267972.0"	"Savings Account"	"Deposit Account"	"2015-01-28T00:00:00.000000Z"	"3251925572342017838"	""	"0"	"3.81"	"8490.62"	"16.0"	"2976.96875"	"2266.265783688739"	"16.0"	""	""	"5.0"	"207.0"	"10670.0"	"0.0"	"0.0"	"43.0"	"2.0"	"Male"	"2001-08-13T00:00:00.000000Z"	"28.0"	"33420.0"	"2.SILVER"	"1977-06-25T00:00:00.000000Z"	"Ursuline"	"Feander"	"Loyalist"
"501579.0"	"Personal Loan"	"Unsecured Lending"	"2016-01-28T00:00:00.000000Z"	"3664918317095791916"	""	"0"	"1921.46"	"3074.3"	"4.0"	"2497.88"	"496.10334676019545"	"4.0"	"1.782664443563392"	"7.130657774253568"	"2.0"	"191.0"	"9810.0"	"0.0"	"0.0"	"37.0"	"0.0"	"Female"	"2004-11-13T00:00:00.000000Z"	"28.0"	"39070.0"	"2.SILVER"	"1960-06-25T00:00:00.000000Z"	"Neel"	"Venables"	"Sophisticates"
"870222.0"	"Personal Loan"	"Unsecured Lending"	"2015-01-28T00:00:00.000000Z"	"3227385644004203291"	"2015-05-28T00:00:00.000000Z"	"1"	"-66.56"	"66.58"	"4.0"	"0.00999999999999801"	"57.294333634895054"	"4.0"	"1.051831231400459"	"4.207324925601836"	"2.0"	"206.0"	"4220.0"	"0.0"	"0.0"	"51.0"	"0.0"	"Female"	"2010-03-30T00:00:00.000000Z"	"29.0"	"13030.0"	"2.SILVER"	"1981-06-26T00:00:00.000000Z"	"Lemmy"	"Eton"	"Loyalist"
"50931.0"	"Car Loan"	"Secured Lending"	"2015-01-28T00:00:00.000000Z"	"8548814026359024610"	"2015-09-28T00:00:00.000000Z"	"1"	"3399.89"	"4167.58"	"8.0"	"3783.735"	"268.635540091031"	"8.0"	"14.72886886434945"	"117.8309509147956"	"5.0"	"190.0"	"12390.0"	"0.0"	"0.0"	"48.0"	"5.0"	"Male"	"2000-02-14T00:00:00.000000Z"	"28.0"	"43980.0"	"1.GOLD"	"1972-06-25T00:00:00.000000Z"	"Karissa"	"Whild"	"Loyalist"
"453773.0"	"Savings Account"	"Deposit Account"	"2015-01-28T00:00:00.000000Z"	"8666853646693322761"	""	"0"	"-482.79"	"1739.45"	"16.0"	"787.9675"	"672.3284176898469"	"16.0"	""	""	"1.0"	"196.0"	"6700.0"	"1.0"	"10.14"	"42.0"	"3.0"	"Female"	"2004-01-19T00:00:00.000000Z"	"28.0"	"26190.0"	"2.SILVER"	"1973-06-25T00:00:00.000000Z"	"Dorena"	"Greatorex"	"Loyalist"
"531521.0"	"Car Loan"	"Secured Lending"	"2015-01-28T00:00:00.000000Z"	"5069268729456985479"	""	"0"	"405.81"	"743.91"	"16.0"	"574.8600000000001"	"107.31186451957068"	"16.0"	"6.201295064077158"	"99.22072102523452"	"3.0"	"166.0"	"4940.0"	"2.0"	"49.71"	"45.0"	"16.0"	"Female"	"2005-06-08T00:00:00.000000Z"	"43.0"	"17600.0"	"2.SILVER"	"1979-07-10T00:00:00.000000Z"	"Gilberto"	"Vinall"	"Sophisticates"
"491657.0"	"Current Account"	"Deposit Account"	"2015-01-28T00:00:00.000000Z"	"7011630438163308721"	""	"0"	"67.73"	"778.19"	"16.0"	"357.66875000000005"	"208.69735765377257"	"16.0"	"2.5"	"40.0"	"2.0"	"210.0"	"4310.0"	"0.0"	"0.0"	"35.0"	"4.0"	"Female"	"2004-09-17T00:00:00.000000Z"	"46.0"	"15080.0"	"2.SILVER"	"1963-07-13T00:00:00.000000Z"	"Indira"	"Heinzler"	"Sophisticates"
"46190.0"	"Savings Account"	"Deposit Account"	"2015-01-28T00:00:00.000000Z"	"4443047622799123862"	"2015-07-28T00:00:00.000000Z"	"1"	"75.69"	"2117.37"	"6.0"	"1304.1433333333332"	"693.8473093027504"	"6.0"	""	""	"3.0"	"190.0"	"9580.0"	"1.0"	"13.82"	"44.0"	"6.0"	"Female"	"1998-12-12T00:00:00.000000Z"	"28.0"	"31930.0"	"2.SILVER"	"1968-06-25T00:00:00.000000Z"	"Briney"	"Llywarch"	"Loyalist"
"128030.0"	"Standard Credit Card"	"Unsecured Lending"	"2015-01-28T00:00:00.000000Z"	"1189880897584288437"	""	"0"	"282.22"	"2836.64"	"16.0"	"1224.983125"	"783.3302155942389"	"16.0"	"2.6118750000000004"	"41.790000000000006"	"5.0"	"209.0"	"2230.0"	"1.0"	"5.44"	"35.0"	"7.0"	"Female"	"1999-04-13T00:00:00.000000Z"	"43.0"	"6710.0"	"2.SILVER"	"1972-07-10T00:00:00.000000Z"	"Daile"	"Badman"	"Sophisticates"
"186792.0"	"Current Account"	"Deposit Account"	"2015-01-28T00:00:00.000000Z"	"2074346804978892011"	""	"0"	"-234.29"	"1576.59"	"16.0"	"865.5437499999998"	"566.120176757256"	"16.0"	"1.5"	"24.0"	"2.0"	"178.0"	"7580.0"	"0.0"	"0.0"	"39.0"	"8.0"	"Male"	"2000-10-06T00:00:00.000000Z"	"28.0"	"24050.0"	"2.SILVER"	"1946-06-25T00:00:00.000000Z"	"Jerrome"	"Grelka"	"Sophisticates"
"589975.0"	"Savings Account"	"Deposit Account"	"2015-01-28T00:00:00.000000Z"	"4420627201604620446"	""	"0"	"-1821.86"	"10098.0"	"16.0"	"4815.388125"	"3305.666914838252"	"16.0"	""	""	"2.0"	"192.0"	"18890.0"	"0.0"	"0.0"	"49.0"	"2.0"	"Male"	"2006-01-07T00:00:00.000000Z"	"8.0"	"66430.0"	"2.SILVER"	"1989-06-05T00:00:00.000000Z"	"Sven"	"Shields"	"Emergent"
"525680.0"	"Current Account"	"Deposit Account"	"2015-01-28T00:00:00.000000Z"	"690060719839258394"	"2016-03-28T00:00:00.000000Z"	"1"	"-351.8"	"1515.72"	"14.0"	"752.957857142857"	"616.116059635852"	"14.0"	"0.0"	"0.0"	"1.0"	"199.0"	"3100.0"	"1.0"	"6.7"	"40.0"	"5.0"	"Male"	"2005-03-30T00:00:00.000000Z"	"28.0"	"9220.0"	"2.SILVER"	"1964-06-25T00:00:00.000000Z"	"Karalee"	"Haddrell"	"Loyalist"
"127161.0"	"Standard Credit Card"	"Unsecured Lending"	"2015-01-28T00:00:00.000000Z"	"3027271375680884681"	""	"0"	"186.93"	"2744.69"	"16.0"	"1325.8137499999998"	"796.3808031913293"	"16.0"	"4.992500000000001"	"79.88000000000001"	"7.0"	"194.0"	"3680.0"	"3.0"	"74.54"	"36.0"	"13.0"	"Female"	"1999-04-05T00:00:00.000000Z"	"28.0"	"14040.0"	"2.SILVER"	"1960-06-25T00:00:00.000000Z"	"Saxon"	"Grishakov"	"Traditionalist"
"554676.0"	"Savings Account"	"Deposit Account"	"2015-01-28T00:00:00.000000Z"	"1182891801252787863"	""	"0"	"-328.33"	"938.73"	"16.0"	"353.50562499999995"	"281.776425651467"	"16.0"	""	""	"4.0"	"189.0"	"7200.0"	"1.0"	"3.79"	"39.0"	"5.0"	"Male"	"2005-09-07T00:00:00.000000Z"	"46.0"	"27750.0"	"2.SILVER"	"1969-07-13T00:00:00.000000Z"	"Fiorenze"	"Kimpton"	"Sophisticates"
"423116.0"	"Managed Securities"	"Securities"	"2015-10-28T00:00:00.000000Z"	"6773305114442322009"	""	"0"	"-161.28"	"1822.49"	"7.0"	"1118.2885714285715"	"672.5138837582604"	"7.0"	"15.91714285714286"	"111.42000000000002"	"1.0"	"191.0"	"3530.0"	"7.0"	"123.4"	"44.0"	"6.0"	"Female"	"2003-06-13T00:00:00.000000Z"	"46.0"	"11310.0"	"2.SILVER"	"1969-07-13T00:00:00.000000Z"	"Duff"	"Keyzor"	"Sophisticates"
"200091.0"	"Standard Credit Card"	"Unsecured Lending"	"2015-01-28T00:00:00.000000Z"	"8311048324897015316"	""	"0"	"-658.1"	"4038.32"	"16.0"	"2155.3750000000005"	"1230.130332937666"	"16.0"	"6.061875000000001"	"96.99000000000001"	"5.0"	"189.0"	"5870.0"	"0.0"	"0.0"	"42.0"	"10.0"	"Male"	"2000-10-20T00:00:00.000000Z"	"28.0"	"20030.0"	"2.SILVER"	"1974-06-25T00:00:00.000000Z"	"Chas"	"Welch"	"Sophisticates"
"299520.0"	"Mortgage"	"Secured Lending"	"2015-01-28T00:00:00.000000Z"	"6599848100289844620"	""	"0"	"194576.59"	"204052.69"	"16.0"	"199314.63999999998"	"3007.683996965151"	"16.0"	"13.592028000753082"	"217.4724480120493"	"5.0"	"185.0"	"16620.0"	"0.0"	"0.0"	"38.0"	"7.0"	"Female"	"2001-11-21T00:00:00.000000Z"	"28.0"	"57850.0"	"2.SILVER"	"1973-06-25T00:00:00.000000Z"	"Stephannie"	"Kenefick"	"Loyalist"
"1385715.0"	"Current Account"	"Deposit Account"	"2015-03-28T00:00:00.000000Z"	"2516447652466431493"	"2015-11-28T00:00:00.000000Z"	"1"	"-2006.22"	"4439.97"	"8.0"	"1701.7600000000002"	"2218.907292275702"	"8.0"	"0.0"	"0.0"	"0.0"	"161.0"	"9000.0"	"0.0"	"0.0"	"47.0"	"1.0"	"Female"	"2015-03-03T00:00:00.000000Z"	"24.0"	"34770.0"	"2.SILVER"	"1986-06-21T00:00:00.000000Z"	"Aidan"	"Rickerby"	"Loyalist"
"591460.0"	"Personal Loan"	"Unsecured Lending"	"2015-05-28T00:00:00.000000Z"	"1156294658740069545"	""	"0"	"4982.97"	"8763.23"	"12.0"	"6873.099999999999"	"1239.0837513259546"	"12.0"	"32.14642564957193"	"385.7571077948632"	"2.0"	"220.0"	"12410.0"	"0.0"	"0.0"	"48.0"	"11.0"	"Female"	"2006-01-14T00:00:00.000000Z"	"28.0"	"48810.0"	"2.SILVER"	"1970-06-25T00:00:00.000000Z"	"Sandy"	"Gallelli"	"Loyalist"
"682540.0"	"Standard Credit Card"	"Unsecured Lending"	"2015-01-28T00:00:00.000000Z"	"5548463471583584961"	""	"0"	"-4.41"	"3066.66"	"16.0"	"1464.2299999999998"	"1045.2826724479842"	"16.0"	"0.094375"	"1.51"	"4.0"	"198.0"	"4070.0"	"2.0"	"54.540000000000006"	"47.0"	"9.0"	"Female"	"2007-03-18T00:00:00.000000Z"	"28.0"	"14990.0"	"2.SILVER"	"1973-06-25T00:00:00.000000Z"	"Loren"	"Mourton"	"Loyalist"
"1091927.0"	"Current Account"	"Deposit Account"	"2015-01-28T00:00:00.000000Z"	"5039767371801839279"	""	"0"	"-663.93"	"4439.13"	"16.0"	"1818.0524999999998"	"1494.4696851324888"	"16.0"	"2.5"	"40.0"	"1.0"	"208.0"	"7700.0"	"0.0"	"0.0"	"49.0"	"0.0"	"Female"	"2012-10-30T00:00:00.000000Z"	"44.0"	"28010.0"	"3.BRONZE"	"1989-07-11T00:00:00.000000Z"	"Gearalt"	"Heatlie"	"Emergent"
"303656.0"	"Current Account"	"Deposit Account"	"2015-01-28T00:00:00.000000Z"	"2492681040337122826"	""	"0"	"-944.87"	"6470.54"	"16.0"	"3248.715625"	"1867.855822704985"	"16.0"	"1.0"	"16.0"	"0.0"	"182.0"	"4960.0"	"2.0"	"21.85"	"40.0"	"4.0"	"Female"	"2001-12-01T00:00:00.000000Z"	"46.0"	"17570.0"	"2.SILVER"	"1966-07-13T00:00:00.000000Z"	"Enrique"	"Gaskamp"	"Sophisticates"
"637418.0"	"Current Account"	"Deposit Account"	"2015-01-28T00:00:00.000000Z"	"2030248351219716019"	""	"0"	"13.32"	"131.46"	"16.0"	"78.31"	"43.337320175571534"	"16.0"	"0.5"	"8.0"	"2.0"	"192.0"	"9240.0"	"3.0"	"219.21"	"35.0"	"5.0"	"Female"	"2006-08-28T00:00:00.000000Z"	"28.0"	"30700.0"	"2.SILVER"	"1950-06-25T00:00:00.000000Z"	"Gerda"	"Fratson"	"Sophisticates"
"452046.0"	"Mortgage"	"Secured Lending"	"2015-01-28T00:00:00.000000Z"	"465617718955498574"	""	"0"	"115080.66"	"118722.51"	"16.0"	"116901.58499999999"	"1155.9116054439232"	"16.0"	"0.2305937017116694"	"3.6894992273867104"	"10.0"	"206.0"	"4250.0"	"6.0"	"101.60999999999999"	"31.0"	"25.0"	"Male"	"2004-01-07T00:00:00.000000Z"	"41.0"	"16580.0"	"2.SILVER"	"1938-07-08T00:00:00.000000Z"	"Bord"	"Leathard"	"Sophisticates"
"677150.0"	"Savings Account"	"Deposit Account"	"2015-01-28T00:00:00.000000Z"	"1682587410687307211"	""	"0"	"-1326.7"	"6486.96"	"16.0"	"2409.09875"	"2272.851516900814"	"16.0"	""	""	"5.0"	"200.0"	"8550.0"	"5.0"	"173.04999999999998"	"39.0"	"11.0"	"Female"	"2007-02-14T00:00:00.000000Z"	"28.0"	"31740.0"	"2.SILVER"	"1955-06-25T00:00:00.000000Z"	"Darrel"	"Egre"	"Traditionalist"
"270722.0"	"Car Loan"	"Secured Lending"	"2015-01-28T00:00:00.000000Z"	"3412320280338961556"	""	"0"	"-5729.35"	"2083.4"	"16.0"	"-1822.975"	"2479.7419980043624"	"16.0"	"67.46334933774803"	"1079.4135894039684"	"5.0"	"202.0"	"23630.0"	"2.0"	"152.22"	"49.0"	"11.0"	"Female"	"2001-09-05T00:00:00.000000Z"	"28.0"	"89820.0"	"1.GOLD"	"1968-06-25T00:00:00.000000Z"	"Panchito"	"Shutler"	"Sophisticates"
"893047.0"	"Managed Securities"	"Securities"	"2015-01-28T00:00:00.000000Z"	"3910185634061975951"	""	"0"	"-1164.52"	"10166.27"	"16.0"	"4888.925625"	"3138.991354336546"	"16.0"	"15.171250000000002"	"242.74000000000004"	"2.0"	"214.0"	"10350.0"	"2.0"	"23.9"	"31.0"	"6.0"	"Female"	"2010-11-17T00:00:00.000000Z"	"28.0"	"35390.0"	"1.GOLD"	"1946-06-25T00:00:00.000000Z"	"Ulla"	"Easum"	"Loyalist"
"183250.0"	"Mortgage"	"Secured Lending"	"2015-06-28T00:00:00.000000Z"	"1629110434375103238"	""	"0"	"281450.16"	"287635.86"	"11.0"	"284543.01"	"2051.5645965701624"	"11.0"	"8.703254012081386"	"95.73579413289525"	"2.0"	"172.0"	"4920.0"	"1.0"	"31.18"	"39.0"	"7.0"	"Male"	"2000-07-18T00:00:00.000000Z"	"41.0"	"24750.0"	"2.SILVER"	"1968-07-08T00:00:00.000000Z"	"Diandra"	"Odda"	"Sophisticates"
"601283.0"	"Standard Credit Card"	"Unsecured Lending"	"2015-01-28T00:00:00.000000Z"	"3983804665038777441"	""	"0"	"-806.03"	"2269.63"	"16.0"	"638.3962499999999"	"710.4999378360283"	"16.0"	"1.316875"	"21.07"	"4.0"	"218.0"	"5070.0"	"1.0"	"40.68"	"43.0"	"8.0"	"Male"	"2006-03-08T00:00:00.000000Z"	"28.0"	"16610.0"	"2.SILVER"	"1972-06-25T00:00:00.000000Z"	"Marcelo"	"Egre"	"Sophisticates"
"684916.0"	"Current Account"	"Deposit Account"	"2015-01-28T00:00:00.000000Z"	"4686128684668693243"	""	"0"	"-5392.1"	"20324.4"	"16.0"	"6669.7975"	"7718.084131882731"	"16.0"	"2.0"	"32.0"	"4.0"	"183.0"	"19460.0"	"1.0"	"59.01"	"38.0"	"5.0"	"Male"	"2007-04-03T00:00:00.000000Z"	"28.0"	"68740.0"	"2.SILVER"	"1976-06-25T00:00:00.000000Z"	"Fonzie"	"Raggett"	"Sophisticates"
"56376.0"	"Car Loan"	"Secured Lending"	"2015-01-28T00:00:00.000000Z"	"3950187370598868575"	""	"0"	"5058.66"	"7226.76"	"16.0"	"6142.709999999999"	"688.1480433743889"	"16.0"	"4.199130449014776"	"67.18608718423641"	"2.0"	"219.0"	"7740.0"	"1.0"	"37.2"	"42.0"	"10.0"	"Female"	"1997-02-10T00:00:00.000000Z"	"28.0"	"25990.0"	"1.GOLD"	"1972-06-25T00:00:00.000000Z"	"Rahel"	"Mahony"	"Loyalist"
"404174.0"	"Car Loan"	"Secured Lending"	"2015-01-28T00:00:00.000000Z"	"6874629144761909208"	"2015-04-28T00:00:00.000000Z"	"1"	"7331.54"	"7643.52"	"3.0"	"7487.53"	"155.9899999999999"	"3.0"	"1.7582705879275606"	"5.274811763782682"	"0.0"	"180.0"	"7330.0"	"5.0"	"335.64"	"31.0"	"8.0"	"Female"	"2003-01-31T00:00:00.000000Z"	"3.0"	"23310.0"	"2.SILVER"	"1953-05-31T00:00:00.000000Z"	"Lois"	"Herche"	"Loyalist"
"329858.0"	"Current Account"	"Deposit Account"	"2015-01-28T00:00:00.000000Z"	"1400377197606494167"	""	"0"	"-223.84"	"538.39"	"16.0"	"208.540625"	"203.2560359241106"	"16.0"	"1.5"	"24.0"	"3.0"	"201.0"	"3270.0"	"5.0"	"125.22"	"28.0"	"6.0"	"Male"	"2004-01-24T00:00:00.000000Z"	"28.0"	"10560.0"	"2.SILVER"	"1943-06-25T00:00:00.000000Z"	"Dino"	"Dat"	"Traditionalist"
"316493.0"	"Savings Account"	"Deposit Account"	"2015-01-28T00:00:00.000000Z"	"4113969763972160999"	""	"0"	"52.2"	"4970.42"	"16.0"	"2119.4831249999997"	"1273.5215923871294"	"16.0"	""	""	"3.0"	"205.0"	"5600.0"	"3.0"	"25.490000000000002"	"42.0"	"8.0"	"Male"	"2002-01-16T00:00:00.000000Z"	"45.0"	"19020.0"	"2.SILVER"	"1972-07-12T00:00:00.000000Z"	"Jami"	"Birtwell"	"Traditionalist"
"1037510.0"	"Personal Loan"	"Unsecured Lending"	"2015-01-28T00:00:00.000000Z"	"7549289212229613113"	""	"0"	"-526.42"	"3422.48"	"16.0"	"1448.0300000000002"	"1253.3682987321265"	"16.0"	"24.700107240782913"	"395.2017158525266"	"3.0"	"222.0"	"7190.0"	"0.0"	"0.0"	"53.0"	"4.0"	"Female"	"2012-07-31T00:00:00.000000Z"	"11.0"	"24760.0"	"2.SILVER"	"1973-06-08T00:00:00.000000Z"	"Barrie"	"Calwell"	"Sophisticates"
"413095.0"	"Personal Loan"	"Unsecured Lending"	"2015-07-28T00:00:00.000000Z"	"7216718778827008047"	""	"0"	"1047.57"	"2304.69"	"10.0"	"1676.1299999999999"	"422.9022014603378"	"10.0"	"13.444897252540297"	"134.44897252540298"	"9.0"	"194.0"	"10940.0"	"0.0"	"0.0"	"47.0"	"6.0"	"Female"	"2003-03-31T00:00:00.000000Z"	"28.0"	"38190.0"	"2.SILVER"	"1964-06-25T00:00:00.000000Z"	"Alena"	"Struijs"	"Loyalist"
"58367.0"	"Current Account"	"Deposit Account"	"2015-01-28T00:00:00.000000Z"	"732698782721972129"	""	"0"	"-9111.01"	"31347.34"	"16.0"	"13163.783125"	"10309.173862398298"	"16.0"	"2.0"	"32.0"	"4.0"	"218.0"	"25870.0"	"0.0"	"0.0"	"45.0"	"5.0"	"Male"	"1998-03-30T00:00:00.000000Z"	"28.0"	"140040.0"	"2.SILVER"	"1961-06-25T00:00:00.000000Z"	"Ammamaria"	"MacRierie"	"Sophisticates"
"1117810.0"	"Car Loan"	"Secured Lending"	"2015-03-28T00:00:00.000000Z"	"5407499935922838076"	"2016-04-28T00:00:00.000000Z"	"1"	"6905.82"	"10093.14"	"13.0"	"8499.479999999998"	"1034.402336383992"	"13.0"	"28.660825725522233"	"372.59073443178903"	"1.0"	"211.0"	"9720.0"	"2.0"	"73.91"	"41.0"	"9.0"	"Female"	"2013-01-11T00:00:00.000000Z"	"28.0"	"32870.0"	"2.SILVER"	"1980-06-25T00:00:00.000000Z"	"Nessi"	"Eagar"	"Loyalist"
"651014.0"	"Current Account"	"Deposit Account"	"2015-01-28T00:00:00.000000Z"	"3588985537520355973"	""	"0"	"112.75"	"3794.98"	"16.0"	"1730.7537499999999"	"1088.798740042591"	"16.0"	"1.0"	"16.0"	"3.0"	"219.0"	"14250.0"	"0.0"	"0.0"	"44.0"	"3.0"	"Female"	"2006-10-24T00:00:00.000000Z"	"28.0"	"49340.0"	"2.SILVER"	"1972-06-25T00:00:00.000000Z"	"Moyra"	"Punch"	"Sophisticates"
"1299772.0"	"Current Account"	"Deposit Account"	"2015-01-28T00:00:00.000000Z"	"5994145526916004870"	"2015-04-28T00:00:00.000000Z"	"1"	"-82.33"	"1741.44"	"3.0"	"631.4733333333334"	"974.2911747692953"	"3.0"	"1.0"	"3.0"	"1.0"	"236.0"	"4540.0"	"1.0"	"6.69"	"58.0"	"5.0"	"Female"	"2014-08-29T00:00:00.000000Z"	"41.0"	"15030.0"	"2.SILVER"	"1990-07-08T00:00:00.000000Z"	"Querida"	"Golsworthy"	"Loyalist"
"1147983.0"	"Car Loan"	"Secured Lending"	"2015-09-28T00:00:00.000000Z"	"8420380024214736512"	""	"0"	"4656.29"	"5364.83"	"8.0"	"5010.56"	"247.93735176451378"	"8.0"	"7.567325197243759"	"60.538601577950075"	"0.0"	"213.0"	"4490.0"	"0.0"	"0.0"	"48.0"	"4.0"	"Female"	"2013-07-25T00:00:00.000000Z"	"30.0"	"14670.0"	"3.BRONZE"	"1989-06-27T00:00:00.000000Z"	"Winfred"	"Stonebanks"	"Loyalist"
"435117.0"	"Current Account"	"Deposit Account"	"2015-01-28T00:00:00.000000Z"	"5621794228455373977"	"2015-01-28T00:00:00.000000Z"	"1"	""	""	""	""	""	""	""	""	"1.0"	"178.0"	"5510.0"	"0.0"	"0.0"	"32.0"	"1.0"	"Male"	"2003-09-15T00:00:00.000000Z"	"28.0"	"26610.0"	"2.SILVER"	"1955-06-25T00:00:00.000000Z"	"Elnore"	"Thripp"	"Loyalist"
"275485.0"	"Mortgage"	"Secured Lending"	"2015-01-28T00:00:00.000000Z"	"8514538504163460916"	""	"0"	"8296.37"	"9832.67"	"16.0"	"9064.52"	"487.6167331009058"	"16.0"	"1.567832463410723"	"25.08531941457157"	"1.0"	"188.0"	"4200.0"	"3.0"	"19.49"	"47.0"	"9.0"	"Male"	"2001-09-27T00:00:00.000000Z"	"8.0"	"12150.0"	"2.SILVER"	"1966-06-05T00:00:00.000000Z"	"Sher"	"Heffernon"	"Sophisticates"
"116425.0"	"Mortgage"	"Secured Lending"	"2015-01-28T00:00:00.000000Z"	"1243908079633185837"	"2016-02-28T00:00:00.000000Z"	"1"	"152550.16"	"159355.36"	"13.0"	"155952.75999999998"	"2208.5371972567577"	"13.0"	"1.0180484651425397"	"13.234630046853017"	"7.0"	"170.0"	"6500.0"	"2.0"	"18.61"	"43.0"	"9.0"	"Male"	"1998-12-24T00:00:00.000000Z"	"28.0"	"23020.0"	"2.SILVER"	"1969-06-25T00:00:00.000000Z"	"Skippie"	"Trounce"	"Loyalist"
"417627.0"	"Savings Account"	"Deposit Account"	"2015-01-28T00:00:00.000000Z"	"1571151980587682004"	""	"0"	"-190.36"	"1040.3"	"16.0"	"410.034375"	"333.59536569460414"	"16.0"	""	""	"2.0"	"191.0"	"5640.0"	"0.0"	"0.0"	"45.0"	"4.0"	"Female"	"2003-05-30T00:00:00.000000Z"	"28.0"	"20700.0"	"2.SILVER"	"1968-06-25T00:00:00.000000Z"	"Lowrance"	"Ecles"	"Sophisticates"
"163296.0"	"Mortgage"	"Secured Lending"	"2015-01-28T00:00:00.000000Z"	"1488504415481672666"	""	"0"	"51819.19"	"65455.84"	"16.0"	"58637.515"	"4328.229332448394"	"16.0"	"4.005948758609131"	"64.0951801377461"	"2.0"	"176.0"	"20380.0"	"2.0"	"394.9"	"45.0"	"9.0"	"Male"	"2000-02-28T00:00:00.000000Z"	"28.0"	"64180.0"	"2.SILVER"	"1974-06-25T00:00:00.000000Z"	"Reuben"	"O'Shevlin"	"Sophisticates"
"433984.0"	"Savings Account"	"Deposit Account"	"2015-01-28T00:00:00.000000Z"	"6466035610528004268"	""	"0"	"-516.94"	"4306.28"	"16.0"	"1700.6731249999998"	"1257.6392102598093"	"16.0"	""	""	"0.0"	"233.0"	"6550.0"	"2.0"	"83.68"	"41.0"	"11.0"	"Female"	"2003-09-08T00:00:00.000000Z"	"28.0"	"21800.0"	"1.GOLD"	"1962-06-25T00:00:00.000000Z"	"Steffie"	"Pyford"	"Sophisticates"
"1308110.0"	"Current Account"	"Deposit Account"	"2015-12-28T00:00:00.000000Z"	"4574970687166671139"	""	"0"	"357.71"	"913.94"	"5.0"	"638.306"	"265.2458118048238"	"5.0"	"1.5"	"7.5"	"2.0"	"192.0"	"5430.0"	"0.0"	"0.0"	"34.0"	"2.0"	"Female"	"2014-09-16T00:00:00.000000Z"	"30.0"	"20810.0"	"2.SILVER"	"1970-06-27T00:00:00.000000Z"	"Brand"	"Aistrop"	"Loyalist"
"462958.0"	"Standard Credit Card"	"Unsecured Lending"	"2015-02-28T00:00:00.000000Z"	"5721782464604038717"	"2015-02-28T00:00:00.000000Z"	"1"	""	""	""	""	""	""	""	""	"4.0"	"224.0"	"8350.0"	"2.0"	"82.55"	"38.0"	"10.0"	"Male"	"2004-03-06T00:00:00.000000Z"	"28.0"	"27860.0"	"2.SILVER"	"1970-06-25T00:00:00.000000Z"	"Iago"	"Leonarde"	"Loyalist"
"328109.0"	"Direct Securities"	"Securities"	"2015-01-28T00:00:00.000000Z"	"223401331967372528"	""	"0"	"-267.74"	"3082.14"	"16.0"	"1406.503125"	"935.6523531078464"	"16.0"	"13.96625"	"223.46"	"5.0"	"173.0"	"8050.0"	"1.0"	"8.69"	"34.0"	"11.0"	"Female"	"2002-02-05T00:00:00.000000Z"	"28.0"	"33510.0"	"1.GOLD"	"1949-06-25T00:00:00.000000Z"	"Ervin"	"Ilbert"	"Sophisticates"
"874754.0"	"Managed Securities"	"Securities"	"2015-01-28T00:00:00.000000Z"	"8486023601664376539"	""	"0"	"-931.51"	"8984.85"	"16.0"	"2608.256875"	"2523.762365872875"	"16.0"	"7.7124999999999995"	"123.39999999999999"	"5.0"	"234.0"	"3650.0"	"2.0"	"23.96"	"36.0"	"7.0"	"Male"	"2010-04-21T00:00:00.000000Z"	"45.0"	"12270.0"	"2.SILVER"	"1943-07-12T00:00:00.000000Z"	"Merrel"	"Lingwood"	"Sophisticates"
"1376200.0"	"Current Account"	"Deposit Account"	"2015-01-28T00:00:00.000000Z"	"5311675028767588923"	""	"0"	"-306.54"	"2961.11"	"16.0"	"1275.709375"	"929.4848244446579"	"16.0"	"0.0"	"0.0"	"2.0"	"222.0"	"2520.0"	"1.0"	"3.45"	"43.0"	"3.0"	"Female"	"2015-01-14T00:00:00.000000Z"	"46.0"	"9300.0"	"2.SILVER"	"1953-07-13T00:00:00.000000Z"	"Pavlov"	"Gravenor"	"Emergent"
"808578.0"	"Premium Credit Card"	"Unsecured Lending"	"2015-01-28T00:00:00.000000Z"	"1577175018452201629"	""	"0"	"-582.02"	"3024.88"	"16.0"	"848.4325"	"905.2654481973783"	"16.0"	"14.665624999999999"	"234.64999999999998"	"1.0"	"211.0"	"24910.0"	"0.0"	"0.0"	"44.0"	"6.0"	"Male"	"2008-10-24T00:00:00.000000Z"	"36.0"	"85100.0"	"2.SILVER"	"1973-07-03T00:00:00.000000Z"	"Cloris"	"Crosscombe"	"Sophisticates"
"177189.0"	"Personal Loan"	"Unsecured Lending"	"2015-01-28T00:00:00.000000Z"	"2908442883353618938"	""	"0"	"-3642.32"	"404.68"	"16.0"	"-1618.82"	"1284.5049266805738"	"16.0"	"4.134204607012366"	"66.14727371219786"	"2.0"	"186.0"	"6290.0"	"1.0"	"63.0"	"38.0"	"6.0"	"Female"	"2000-05-26T00:00:00.000000Z"	"28.0"	"23630.0"	"2.SILVER"	"1970-06-25T00:00:00.000000Z"	"Alexandro"	"Mabon"	"Sophisticates"
"1317009.0"	"Current Account"	"Deposit Account"	"2015-01-28T00:00:00.000000Z"	"4605194408509949440"	""	"0"	"-556.14"	"29918.69"	"16.0"	"14816.105625000004"	"9247.722528565952"	"16.0"	"2.0"	"32.0"	"0.0"	"232.0"	"16820.0"	"0.0"	"0.0"	"48.0"	"2.0"	"Female"	"2014-09-25T00:00:00.000000Z"	"3.0"	"65040.0"	"3.BRONZE"	"1983-05-31T00:00:00.000000Z"	"Clark"	"Hext"	"Loyalist"
"725297.0"	"Managed Securities"	"Securities"	"2015-01-28T00:00:00.000000Z"	"4433455679114740423"	""	"0"	"-226.37"	"4936.67"	"16.0"	"2093.5225"	"1818.5330119943749"	"16.0"	"23.509374999999995"	"376.1499999999999"	"2.0"	"186.0"	"6750.0"	"0.0"	"0.0"	"45.0"	"3.0"	"Female"	"2007-10-12T00:00:00.000000Z"	"28.0"	"26120.0"	"2.SILVER"	"1957-06-25T00:00:00.000000Z"	"Reid"	"Asaaf"	"Sophisticates"
"78321.0"	"Current Account"	"Deposit Account"	"2015-01-28T00:00:00.000000Z"	"4099380070621486371"	""	"0"	"-5098.34"	"10562.4"	"16.0"	"3720.7106249999997"	"3997.029474681531"	"16.0"	"1.5"	"24.0"	"1.0"	"183.0"	"6590.0"	"1.0"	"5.22"	"39.0"	"1.0"	"Female"	"1998-03-13T00:00:00.000000Z"	"28.0"	"24630.0"	"1.GOLD"	"1962-06-25T00:00:00.000000Z"	"Lucila"	"Girardini"	"Loyalist"
"332124.0"	"Managed Securities"	"Securities"	"2015-01-28T00:00:00.000000Z"	"5422731360683747081"	""	"0"	"-5.86"	"46.81"	"16.0"	"22.260624999999997"	"16.54461945517837"	"16.0"	"57.77812499999999"	"924.4499999999998"	"5.0"	"213.0"	"26380.0"	"1.0"	"135.72"	"33.0"	"7.0"	"Male"	"2002-02-19T00:00:00.000000Z"	"28.0"	"94500.0"	"1.GOLD"	"1940-06-25T00:00:00.000000Z"	"Gery"	"Llopis"	"Sophisticates"
"1408573.0"	"Current Account"	"Deposit Account"	"2015-08-28T00:00:00.000000Z"	"4240111933757017612"	""	"0"	"2772.61"	"11332.98"	"9.0"	"7250.473333333333"	"2997.9547200383126"	"9.0"	"1.0"	"9.0"	"1.0"	"122.0"	"6890.0"	"0.0"	"0.0"	"26.0"	"1.0"	"Male"	"2015-07-20T00:00:00.000000Z"	"8.0"	"49630.0"	"3.BRONZE"	"1994-06-05T00:00:00.000000Z"	"Ardith"	"Filkin"	"Emergent"
"224071.0"	"Savings Account"	"Deposit Account"	"2015-01-28T00:00:00.000000Z"	"8774468711213374179"	""	"0"	"-1104.72"	"1958.7"	"16.0"	"974.6806250000001"	"868.5392237427066"	"16.0"	""	""	"1.0"	"208.0"	"5550.0"	"1.0"	"56.61"	"39.0"	"8.0"	"Female"	"2001-02-21T00:00:00.000000Z"	"42.0"	"19270.0"	"2.SILVER"	"1964-07-09T00:00:00.000000Z"	"Venita"	"Chucks"	"Sophisticates"
"73690.0"	"Current Account"	"Deposit Account"	"2015-01-28T00:00:00.000000Z"	"7887670401727213289"	""	"0"	"-12206.77"	"29844.96"	"16.0"	"10152.008125"	"10622.862738615686"	"16.0"	"2.0"	"32.0"	"3.0"	"162.0"	"30580.0"	"1.0"	"14.49"	"44.0"	"2.0"	"Male"	"1997-10-14T00:00:00.000000Z"	"28.0"	"114740.0"	"2.SILVER"	"1968-06-25T00:00:00.000000Z"	"Nobe"	"Crace"	"Sophisticates"
"578205.0"	"Mortgage"	"Secured Lending"	"2016-05-28T00:00:00.000000Z"	"8323680810175297451"	""	"0"	""	""	""	""	""	""	""	""	"6.0"	"195.0"	"21040.0"	"2.0"	"943.26"	"31.0"	"21.0"	"Female"	"2005-11-08T00:00:00.000000Z"	"28.0"	"71750.0"	"1.GOLD"	"1925-06-25T00:00:00.000000Z"	"Cindelyn"	"Bentz"	"Sophisticates"
"451760.0"	"Savings Account"	"Deposit Account"	"2015-01-28T00:00:00.000000Z"	"1481964880535570807"	""	"0"	"-480.55"	"6171.35"	"16.0"	"3409.6224999999995"	"1749.2707884658685"	"16.0"	""	""	"2.0"	"229.0"	"14370.0"	"0.0"	"0.0"	"34.0"	"11.0"	"Male"	"2004-01-05T00:00:00.000000Z"	"41.0"	"45070.0"	"1.GOLD"	"1958-07-08T00:00:00.000000Z"	"Dennison"	"Herche"	"Sophisticates"
"215348.0"	"Current Account"	"Deposit Account"	"2015-01-28T00:00:00.000000Z"	"3145735002714805707"	""	"0"	"-4564.75"	"14548.99"	"16.0"	"4990.361875"	"5301.929323576741"	"16.0"	"1.5"	"24.0"	"1.0"	"231.0"	"13960.0"	"1.0"	"10.72"	"35.0"	"12.0"	"Female"	"2001-01-15T00:00:00.000000Z"	"28.0"	"52810.0"	"2.SILVER"	"1939-06-25T00:00:00.000000Z"	"Klemens"	"Crews"	"Sophisticates"
"33694.0"	"Managed Securities"	"Securities"	"2015-01-28T00:00:00.000000Z"	"8175243147636825835"	"2015-07-28T00:00:00.000000Z"	"1"	"-1684.24"	"15827.24"	"6.0"	"8029.781666666667"	"6035.793776306201"	"6.0"	"10.66"	"63.96"	"6.0"	"193.0"	"18720.0"	"2.0"	"119.16"	"36.0"	"14.0"	"Female"	"1996-02-24T00:00:00.000000Z"	"28.0"	"63540.0"	"1.GOLD"	"1961-06-25T00:00:00.000000Z"	"Sylvan"	"Vasyunin"	"Loyalist"
"701130.0"	"Premium Credit Card"	"Unsecured Lending"	"2015-01-28T00:00:00.000000Z"	"4938908966060612324"	""	"0"	"-381.12"	"951.02"	"16.0"	"358.04125"	"362.4948069122279"	"16.0"	"22.57125"	"361.14"	"1.0"	"204.0"	"14010.0"	"0.0"	"0.0"	"53.0"	"8.0"	"Female"	"2007-07-03T00:00:00.000000Z"	"28.0"	"53840.0"	"2.SILVER"	"1977-06-25T00:00:00.000000Z"	"Ervin"	"McGuinley"	"Sophisticates"
"45354.0"	"Current Account"	"Deposit Account"	"2015-01-28T00:00:00.000000Z"	"7303116066773234888"	""	"0"	"-3098.06"	"20177.16"	"16.0"	"7828.854375"	"6583.350439693524"	"16.0"	"2.0"	"32.0"	"1.0"	"168.0"	"20590.0"	"1.0"	"31.69"	"47.0"	"5.0"	"Female"	"1996-09-06T00:00:00.000000Z"	"28.0"	"64420.0"	"1.GOLD"	"1965-06-25T00:00:00.000000Z"	"Britta"	"Synan"	"Traditionalist"
"511281.0"	"Direct Securities"	"Securities"	"2015-01-28T00:00:00.000000Z"	"5795663837512543551"	"2015-06-28T00:00:00.000000Z"	"1"	"636.63"	"3458.23"	"5.0"	"2275.02"	"1044.1466700373085"	"5.0"	"19.157999999999998"	"95.78999999999999"	"5.0"	"187.0"	"5410.0"	"0.0"	"0.0"	"35.0"	"13.0"	"Female"	"2005-01-12T00:00:00.000000Z"	"16.0"	"18260.0"	"2.SILVER"	"1966-06-13T00:00:00.000000Z"	"Jeffry"	"Rabjohns"	"Loyalist"
"21517.0"	"Savings Account"	"Deposit Account"	"2015-01-28T00:00:00.000000Z"	"7767831390828152911"	""	"0"	"636.62"	"4322.34"	"16.0"	"1878.1975"	"1101.2877348722268"	"16.0"	""	""	"1.0"	"203.0"	"13370.0"	"0.0"	"0.0"	"32.0"	"3.0"	"Female"	"1995-08-29T00:00:00.000000Z"	"28.0"	"45900.0"	"2.SILVER"	"1945-06-25T00:00:00.000000Z"	"Ronni"	"Lepper"	"Sophisticates"
"1032087.0"	"Car Loan"	"Secured Lending"	"2016-03-28T00:00:00.000000Z"	"2412934230740407034"	"2016-03-28T00:00:00.000000Z"	"1"	""	""	""	""	""	""	""	""	"3.0"	"203.0"	"18590.0"	"0.0"	"0.0"	"48.0"	"0.0"	"Male"	"2012-07-26T00:00:00.000000Z"	"28.0"	"59760.0"	"2.SILVER"	"1999-06-25T00:00:00.000000Z"	"Eada"	"Letford"	"Emergent"
"405560.0"	"Savings Account"	"Deposit Account"	"2015-01-28T00:00:00.000000Z"	"2900383482207128549"	""	"0"	"-71.3"	"1381.9"	"16.0"	"742.3506249999998"	"462.9743948206891"	"16.0"	""	""	"4.0"	"209.0"	"4560.0"	"0.0"	"0.0"	"37.0"	"8.0"	"Male"	"2003-02-05T00:00:00.000000Z"	"50.0"	"18080.0"	"2.SILVER"	"1949-07-17T00:00:00.000000Z"	"Granger"	"Sandiland"	"Sophisticates"
"951347.0"	"Current Account"	"Deposit Account"	"2015-01-28T00:00:00.000000Z"	"4191350577184757641"	""	"0"	"-592.93"	"5130.77"	"16.0"	"1376.270625"	"1362.578675362607"	"16.0"	"2.0"	"32.0"	"1.0"	"190.0"	"3840.0"	"0.0"	"0.0"	"51.0"	"4.0"	"Female"	"2011-09-29T00:00:00.000000Z"	"3.0"	"13590.0"	"3.BRONZE"	"1990-05-31T00:00:00.000000Z"	"Ramsay"	"Blaydes"	"Emergent"
"1400444.0"	"Mortgage"	"Secured Lending"	"2015-10-28T00:00:00.000000Z"	"5536690021532453109"	""	"0"	"151697.12"	"154073.6"	"7.0"	"152885.36000000002"	"855.6305919417731"	"7.0"	"2.8918469128093114"	"20.24292838966518"	"2.0"	"149.0"	"3150.0"	"1.0"	"13.08"	"25.0"	"9.0"	"Female"	"2015-06-04T00:00:00.000000Z"	"46.0"	"19500.0"	"1.GOLD"	"1952-07-13T00:00:00.000000Z"	"Jami"	"Bellefonte"	"Sophisticates"
"1411554.0"	"Car Loan"	"Secured Lending"	"2015-11-28T00:00:00.000000Z"	"4590877457323743781"	""	"0"	"198.94"	"1193.64"	"6.0"	"696.2900000000001"	"372.18266026240394"	"6.0"	"16.465486659912063"	"98.79291995947237"	"0.0"	"105.0"	"5440.0"	"0.0"	"0.0"	"26.0"	"6.0"	"Male"	"2015-07-22T00:00:00.000000Z"	"28.0"	"34070.0"	"2.SILVER"	"1982-06-25T00:00:00.000000Z"	"Abbott"	"Shoulder"	"Loyalist"
"92148.0"	"Current Account"	"Deposit Account"	"2015-01-28T00:00:00.000000Z"	"6170384235281828132"	""	"0"	"-353.09"	"6236.38"	"16.0"	"2747.365"	"1636.7294925918577"	"16.0"	"1.0"	"16.0"	"2.0"	"208.0"	"5570.0"	"9.0"	"205.36000000000004"	"33.0"	"16.0"	"Female"	"1999-01-08T00:00:00.000000Z"	"24.0"	"18760.0"	"2.SILVER"	"1953-06-21T00:00:00.000000Z"	"Wendel"	"Heare"	"Loyalist"
"298321.0"	"Direct Securities"	"Securities"	"2015-01-28T00:00:00.000000Z"	"7663272801948330630"	"2016-02-28T00:00:00.000000Z"	"1"	"-888.25"	"2743.41"	"13.0"	"1318.766153846154"	"1139.869014174717"	"13.0"	"58.34846153846156"	"758.5300000000002"	"4.0"	"187.0"	"16660.0"	"0.0"	"0.0"	"31.0"	"16.0"	"Female"	"2005-01-19T00:00:00.000000Z"	"28.0"	"62140.0"	"1.GOLD"	"1943-06-25T00:00:00.000000Z"	"Herman"	"Congram"	"Sophisticates"
"46366.0"	"Personal Loan"	"Unsecured Lending"	"2015-01-28T00:00:00.000000Z"	"1738040111485816373"	""	"0"	"-1900.55"	"691.15"	"16.0"	"-604.6999999999999"	"822.5973359224224"	"16.0"	"9.750138561671168"	"156.0022169867387"	"3.0"	"185.0"	"9750.0"	"0.0"	"0.0"	"38.0"	"9.0"	"Female"	"1996-10-03T00:00:00.000000Z"	"28.0"	"33160.0"	"3.BRONZE"	"1963-06-25T00:00:00.000000Z"	"Bronny"	"MacGorman"	"Loyalist"
"1268312.0"	"Car Loan"	"Secured Lending"	"2015-06-28T00:00:00.000000Z"	"4846101241114603252"	""	"0"	"934.95"	"1402.45"	"11.0"	"1168.7000000000003"	"155.05220894911494"	"11.0"	"4.065492650356696"	"44.72041915392366"	"0.0"	"188.0"	"5910.0"	"0.0"	"0.0"	"43.0"	"9.0"	"Female"	"2014-07-10T00:00:00.000000Z"	"28.0"	"22230.0"	"2.SILVER"	"1981-06-25T00:00:00.000000Z"	"Norrie"	"Brannan"	"Loyalist"
"403173.0"	"Personal Loan"	"Unsecured Lending"	"2015-01-28T00:00:00.000000Z"	"945201438268469606"	""	"0"	"200.36"	"516.86"	"16.0"	"358.60999999999996"	"100.45609322816934"	"16.0"	"8.8563058513616"	"141.7008936217856"	"4.0"	"239.0"	"3270.0"	"4.0"	"55.78"	"39.0"	"16.0"	"Female"	"2003-01-24T00:00:00.000000Z"	"37.0"	"10870.0"	"2.SILVER"	"1960-07-04T00:00:00.000000Z"	"Josefa"	"Caff"	"Sophisticates"
"280259.0"	"Personal Loan"	"Unsecured Lending"	"2016-04-28T00:00:00.000000Z"	"7079688689067050755"	""	"0"	"3639.82"	"3639.82"	"1.0"	"3639.82"	""	"1.0"	"11.03422818126315"	"11.03422818126315"	"1.0"	"180.0"	"6510.0"	"1.0"	"9.18"	"44.0"	"4.0"	"Female"	"2001-10-13T00:00:00.000000Z"	"28.0"	"23230.0"	"2.SILVER"	"1976-06-25T00:00:00.000000Z"	"Dino"	"Glanister"	"Emergent"
"1374946.0"	"Car Loan"	"Secured Lending"	"2015-06-28T00:00:00.000000Z"	"5838025261382370870"	""	"0"	"5070.68"	"6127.08"	"11.0"	"5598.879999999999"	"350.3682428531452"	"11.0"	"23.253434848424572"	"255.78778333267027"	"1.0"	"211.0"	"17500.0"	"1.0"	"154.84"	"42.0"	"7.0"	"Male"	"2015-01-08T00:00:00.000000Z"	"28.0"	"69240.0"	"2.SILVER"	"1969-06-25T00:00:00.000000Z"	"Malvina"	"Penella"	"Loyalist"
"463255.0"	"Current Account"	"Deposit Account"	"2015-01-28T00:00:00.000000Z"	"3496495351314260812"	""	"0"	"-962.53"	"3991.84"	"16.0"	"2041.103125"	"1711.7964116709627"	"16.0"	"1.5"	"24.0"	"5.0"	"182.0"	"7440.0"	"2.0"	"168.92"	"35.0"	"12.0"	"Male"	"2004-03-08T00:00:00.000000Z"	"29.0"	"27690.0"	"2.SILVER"	"1943-06-26T00:00:00.000000Z"	"Elly"	"Repper"	"Sophisticates"
"86802.0"	"Savings Account"	"Deposit Account"	"2015-01-28T00:00:00.000000Z"	"7229069328642158088"	""	"0"	"-704.67"	"10704.7"	"16.0"	"5172.199375"	"3335.361442101828"	"16.0"	""	""	"1.0"	"230.0"	"10910.0"	"0.0"	"0.0"	"37.0"	"11.0"	"Female"	"1998-02-23T00:00:00.000000Z"	"28.0"	"38610.0"	"2.SILVER"	"1968-06-25T00:00:00.000000Z"	"Barrie"	"Vreiberg"	"Loyalist"
"353541.0"	"Savings Account"	"Deposit Account"	"2015-01-28T00:00:00.000000Z"	"4917725667660743040"	""	"0"	"-2837.04"	"5780.61"	"16.0"	"2821.7162499999995"	"1964.782463150819"	"16.0"	""	""	"1.0"	"198.0"	"8140.0"	"1.0"	"24.98"	"38.0"	"8.0"	"Female"	"2002-04-22T00:00:00.000000Z"	"28.0"	"28880.0"	"2.SILVER"	"1961-06-25T00:00:00.000000Z"	"Mareah"	"Gaye"	"Loyalist"
"442454.0"	"Direct Securities"	"Securities"	"2016-02-28T00:00:00.000000Z"	"6207012392850152254"	""	"0"	"474.03"	"4099.52"	"3.0"	"2470.286666666667"	"1840.4005081593882"	"3.0"	"5.73"	"17.19"	"0.0"	"186.0"	"9750.0"	"0.0"	"0.0"	"43.0"	"4.0"	"Female"	"2003-10-30T00:00:00.000000Z"	"41.0"	"35500.0"	"1.GOLD"	"1967-07-08T00:00:00.000000Z"	"Pryce"	"Faiers"	"Loyalist"
"379666.0"	"Managed Securities"	"Securities"	"2015-01-28T00:00:00.000000Z"	"5892909475705160497"	"2015-06-28T00:00:00.000000Z"	"1"	"-5725.08"	"8120.95"	"5.0"	"2032.3799999999997"	"5282.495581162373"	"5.0"	"14.868"	"74.34"	"2.0"	"193.0"	"14130.0"	"0.0"	"0.0"	"39.0"	"4.0"	"Male"	"2002-08-27T00:00:00.000000Z"	"28.0"	"49030.0"	"2.SILVER"	"1957-06-25T00:00:00.000000Z"	"Jeremias"	"FitzGilbert"	"Loyalist"
"843855.0"	"Mortgage"	"Secured Lending"	"2015-06-28T00:00:00.000000Z"	"1966109563132902263"	"2015-08-28T00:00:00.000000Z"	"1"	"85675.75"	"85986.17"	"2.0"	"85830.95999999999"	"219.5000870159217"	"2.0"	"3.8554223450565335"	"7.710844690113067"	"1.0"	"125.0"	"3150.0"	"0.0"	"0.0"	"33.0"	"1.0"	"Female"	"2009-06-03T00:00:00.000000Z"	"49.0"	"14620.0"	"3.BRONZE"	"1989-07-16T00:00:00.000000Z"	"Zorah"	"Fuggles"	"Loyalist"
"311499.0"	"Managed Securities"	"Securities"	"2015-03-28T00:00:00.000000Z"	"609807278791277101"	"2016-03-28T00:00:00.000000Z"	"1"	"-1700.0"	"5188.99"	"12.0"	"3035.316666666667"	"2124.3516541687954"	"12.0"	"31.52916666666667"	"378.35"	"2.0"	"178.0"	"8290.0"	"1.0"	"50.03"	"44.0"	"2.0"	"Male"	"2002-04-23T00:00:00.000000Z"	"8.0"	"27660.0"	"2.SILVER"	"1971-06-05T00:00:00.000000Z"	"Kerrin"	"Hillborne"	"Sophisticates"
"1101849.0"	"Current Account"	"Deposit Account"	"2015-01-28T00:00:00.000000Z"	"3668256909846318297"	""	"0"	"-368.76"	"1692.39"	"16.0"	"721.5737499999999"	"609.0441309667141"	"16.0"	"0.5"	"8.0"	"2.0"	"190.0"	"2840.0"	"0.0"	"0.0"	"38.0"	"1.0"	"Male"	"2012-11-16T00:00:00.000000Z"	"28.0"	"9750.0"	"3.BRONZE"	"1990-06-25T00:00:00.000000Z"	"Latisha"	"MacGorman"	"Emergent"
"1409596.0"	"Personal Loan"	"Unsecured Lending"	"2015-09-28T00:00:00.000000Z"	"4551860468539503169"	""	"0"	"-232.62"	"310.16"	"8.0"	"38.769999999999996"	"189.93343465540764"	"8.0"	"8.420731922423855"	"67.36585537939084"	"1.0"	"112.0"	"5360.0"	"0.0"	"0.0"	"30.0"	"3.0"	"Male"	"2015-07-21T00:00:00.000000Z"	"28.0"	"31050.0"	"2.SILVER"	"1987-06-25T00:00:00.000000Z"	"Dani"	"Hannabus"	"Loyalist"
"640564.0"	"Managed Securities"	"Securities"	"2015-01-28T00:00:00.000000Z"	"7873101156633005543"	""	"0"	"1179.1"	"5146.56"	"16.0"	"2613.626875"	"1146.4314435017836"	"16.0"	"20.549374999999998"	"328.78999999999996"	"0.0"	"225.0"	"4080.0"	"3.0"	"122.7"	"39.0"	"11.0"	"Male"	"2006-09-09T00:00:00.000000Z"	"47.0"	"12890.0"	"1.GOLD"	"1965-07-14T00:00:00.000000Z"	"Ronni"	"Jolliff"	"Sophisticates"
"1095623.0"	"Current Account"	"Deposit Account"	"2015-01-28T00:00:00.000000Z"	"2558507558431313827"	"2015-11-28T00:00:00.000000Z"	"1"	"-1494.23"	"7022.85"	"10.0"	"2645.201"	"2508.5587972665367"	"10.0"	"1.5"	"15.0"	"0.0"	"220.0"	"9940.0"	"0.0"	"0.0"	"35.0"	"0.0"	"Female"	"2012-11-05T00:00:00.000000Z"	"13.0"	"33060.0"	"2.SILVER"	"1979-06-10T00:00:00.000000Z"	"Kristyn"	"Fader"	"Loyalist"
"1113806.0"	"Personal Loan"	"Unsecured Lending"	"2015-09-28T00:00:00.000000Z"	"9132537081449834393"	"2015-11-28T00:00:00.000000Z"	"1"	"0.0"	"462.58"	"2.0"	"231.29"	"327.0934548412731"	"2.0"	"62.723126521377225"	"125.44625304275445"	"0.0"	"88.0"	"6660.0"	"0.0"	"0.0"	"20.0"	"1.0"	"Male"	"2012-12-18T00:00:00.000000Z"	"28.0"	"49700.0"	"2.SILVER"	"1997-06-25T00:00:00.000000Z"	"Esther"	"Minshall"	"Loyalist"
"36180.0"	"Current Account"	"Deposit Account"	"2015-01-28T00:00:00.000000Z"	"4766765841684614847"	""	"0"	"-112.41"	"2917.88"	"16.0"	"1143.349375"	"763.0734518202796"	"16.0"	"2.5"	"40.0"	"0.0"	"206.0"	"26490.0"	"1.0"	"94.46"	"45.0"	"4.0"	"Female"	"1996-04-09T00:00:00.000000Z"	"3.0"	"74910.0"	"2.SILVER"	"1964-05-31T00:00:00.000000Z"	"Filberte"	"Belly"	"Sophisticates"
"551200.0"	"Car Loan"	"Secured Lending"	"2015-01-28T00:00:00.000000Z"	"6929747998079742744"	""	"0"	"972.66"	"5835.51"	"16.0"	"3404.0850000000005"	"1543.453121499537"	"16.0"	"3.996262052991939"	"63.940192847871025"	"3.0"	"183.0"	"12670.0"	"0.0"	"0.0"	"43.0"	"5.0"	"Female"	"2005-08-23T00:00:00.000000Z"	"28.0"	"40980.0"	"2.SILVER"	"1967-06-25T00:00:00.000000Z"	"Gwenneth"	"Mourton"	"Sophisticates"
"581879.0"	"Personal Loan"	"Unsecured Lending"	"2015-01-28T00:00:00.000000Z"	"8978944841262658977"	""	"0"	"-5380.65"	"8071.05"	"16.0"	"1345.1999999999998"	"4269.526790765771"	"16.0"	"38.40084336000768"	"614.4134937601228"	"1.0"	"181.0"	"18590.0"	"2.0"	"124.22"	"31.0"	"9.0"	"Female"	"2005-11-24T00:00:00.000000Z"	"28.0"	"58590.0"	"2.SILVER"	"1932-06-25T00:00:00.000000Z"	"Crosby"	"Crichmer"	"Sophisticates"
"1202598.0"	"Current Account"	"Deposit Account"	"2015-01-28T00:00:00.000000Z"	"1256217900654459300"	""	"0"	"-3660.59"	"7497.69"	"16.0"	"3716.6031249999996"	"3298.18817690707"	"16.0"	"0.5"	"8.0"	"1.0"	"199.0"	"12210.0"	"1.0"	"19.32"	"47.0"	"1.0"	"Female"	"2013-10-18T00:00:00.000000Z"	"33.0"	"37570.0"	"3.BRONZE"	"1992-06-30T00:00:00.000000Z"	"Channa"	"Worgen"	"Emergent"
"838905.0"	"Premium Credit Card"	"Unsecured Lending"	"2015-02-28T00:00:00.000000Z"	"1853346681030401439"	""	"0"	"-1107.7"	"23658.26"	"15.0"	"11973.046666666667"	"7972.016361256297"	"15.0"	"29.504"	"442.56"	"0.0"	"196.0"	"22850.0"	"0.0"	"0.0"	"46.0"	"3.0"	"Male"	"2009-03-19T00:00:00.000000Z"	"35.0"	"74210.0"	"2.SILVER"	"1978-07-02T00:00:00.000000Z"	"Darnall"	"Alesi"	"Sophisticates"
"670759.0"	"Car Loan"	"Secured Lending"	"2015-01-28T00:00:00.000000Z"	"502154945000343630"	""	"0"	"-520.6"	"780.8"	"16.0"	"130.09999999999994"	"413.06022030691844"	"16.0"	"2.615685039964648"	"41.85096063943437"	"4.0"	"219.0"	"4340.0"	"0.0"	"0.0"	"42.0"	"7.0"	"Male"	"2007-01-22T00:00:00.000000Z"	"14.0"	"14300.0"	"2.SILVER"	"1980-06-11T00:00:00.000000Z"	"Haroun"	"Cutchee"	"Sophisticates"
"556711.0"	"Standard Credit Card"	"Unsecured Lending"	"2015-01-28T00:00:00.000000Z"	"3575942467332187522"	""	"0"	"-5801.59"	"10770.04"	"16.0"	"5198.865624999999"	"4851.647620369763"	"16.0"	"4.828125"	"77.25"	"1.0"	"179.0"	"15890.0"	"2.0"	"481.42999999999995"	"41.0"	"7.0"	"Female"	"2005-09-16T00:00:00.000000Z"	"28.0"	"48450.0"	"2.SILVER"	"1964-06-25T00:00:00.000000Z"	"Reed"	"Barme"	"Sophisticates"
"837310.0"	"Premium Credit Card"	"Unsecured Lending"	"2015-01-28T00:00:00.000000Z"	"5305758106741611605"	""	"0"	"-839.7"	"2717.71"	"16.0"	"1245.41"	"811.7011569126491"	"16.0"	"12.81"	"204.96"	"2.0"	"208.0"	"2760.0"	"0.0"	"0.0"	"48.0"	"3.0"	"Male"	"2009-03-04T00:00:00.000000Z"	"28.0"	"9960.0"	"2.SILVER"	"1980-06-25T00:00:00.000000Z"	"Eartha"	"Larive"	"Emergent"
"455973.0"	"Home Equity Loan"	"Secured Lending"	"2015-01-28T00:00:00.000000Z"	"4946198579859508179"	""	"0"	"5361.52"	"7798.57"	"16.0"	"6580.045000000001"	"773.5119178569055"	"16.0"	"3.622105912504468"	"57.953694600071486"	"3.0"	"181.0"	"7570.0"	"0.0"	"0.0"	"48.0"	"7.0"	"Female"	"2004-01-28T00:00:00.000000Z"	"8.0"	"24940.0"	"2.SILVER"	"1977-06-05T00:00:00.000000Z"	"Blondell"	"Renahan"	"Emergent"
"62536.0"	"Personal Loan"	"Unsecured Lending"	"2015-01-28T00:00:00.000000Z"	"1458107926561190887"	""	"0"	"-1894.64"	"688.96"	"16.0"	"-602.8399999999999"	"820.026421688147"	"16.0"	"17.9043915086259"	"286.4702641380144"	"3.0"	"201.0"	"9990.0"	"0.0"	"0.0"	"36.0"	"6.0"	"Female"	"1997-05-02T00:00:00.000000Z"	"52.0"	"32930.0"	"2.SILVER"	"1971-07-19T00:00:00.000000Z"	"Latisha"	"Gaskamp"	"Loyalist"
"297342.0"	"Current Account"	"Deposit Account"	"2015-01-28T00:00:00.000000Z"	"4626983425484889672"	"2015-03-28T00:00:00.000000Z"	"1"	"2139.81"	"4097.87"	"2.0"	"3118.84"	"1384.5575039701312"	"2.0"	"1.0"	"2.0"	"2.0"	"208.0"	"6170.0"	"1.0"	"17.45"	"41.0"	"3.0"	"Female"	"2001-11-16T00:00:00.000000Z"	"16.0"	"20190.0"	"2.SILVER"	"1970-06-13T00:00:00.000000Z"	"Inge"	"Brothwell"	"Loyalist"
"885457.0"	"Standard Credit Card"	"Unsecured Lending"	"2015-01-28T00:00:00.000000Z"	"4319043149658086252"	"2016-04-28T00:00:00.000000Z"	"1"	"-4515.91"	"13458.38"	"15.0"	"4223.491333333333"	"4660.069220491207"	"15.0"	"15.675333333333333"	"235.13"	"4.0"	"204.0"	"14820.0"	"2.0"	"294.36"	"45.0"	"12.0"	"Female"	"2010-07-07T00:00:00.000000Z"	"28.0"	"46770.0"	"2.SILVER"	"1978-06-25T00:00:00.000000Z"	"Christi"	"Golsworthy"	"Loyalist"
"1276298.0"	"Current Account"	"Deposit Account"	"2015-01-28T00:00:00.000000Z"	"6942869517918160075"	""	"0"	"-1501.41"	"4384.41"	"16.0"	"1180.7781249999998"	"1432.422592585576"	"16.0"	"2.5"	"40.0"	"2.0"	"190.0"	"3650.0"	"0.0"	"0.0"	"48.0"	"1.0"	"Female"	"2014-07-24T00:00:00.000000Z"	"13.0"	"14350.0"	"3.BRONZE"	"1995-06-10T00:00:00.000000Z"	"Cathryn"	"Rubinsky"	"Emergent"
"103159.0"	"Personal Loan"	"Unsecured Lending"	"2015-03-28T00:00:00.000000Z"	"4426111528685507026"	"2016-01-28T00:00:00.000000Z"	"1"	"654.79"	"4583.47"	"10.0"	"2619.13"	"1321.629932570637"	"10.0"	"4.962587879047292"	"49.62587879047292"	"2.0"	"202.0"	"9990.0"	"1.0"	"44.24"	"38.0"	"8.0"	"Female"	"1999-03-04T00:00:00.000000Z"	"28.0"	"31390.0"	"2.SILVER"	"1970-06-25T00:00:00.000000Z"	"Josselyn"	"Rubinsky"	"Loyalist"
"578590.0"	"Current Account"	"Deposit Account"	"2015-01-28T00:00:00.000000Z"	"5873697006407939861"	"2016-03-28T00:00:00.000000Z"	"1"	"-1010.1"	"10100.15"	"14.0"	"4492.619285714284"	"3044.030332302287"	"14.0"	"2.0"	"28.0"	"1.0"	"195.0"	"8140.0"	"0.0"	"0.0"	"37.0"	"6.0"	"Female"	"2005-11-09T00:00:00.000000Z"	"33.0"	"30350.0"	"2.SILVER"	"1976-06-30T00:00:00.000000Z"	"Stacee"	"Prester"	"Loyalist"
"409608.0"	"Savings Account"	"Deposit Account"	"2015-01-28T00:00:00.000000Z"	"6834940472411613448"	""	"0"	"646.28"	"6483.52"	"16.0"	"3308.8156249999997"	"1851.1014781726358"	"16.0"	""	""	"6.0"	"212.0"	"6610.0"	"2.0"	"62.209999999999994"	"32.0"	"11.0"	"Male"	"2003-03-08T00:00:00.000000Z"	"28.0"	"22180.0"	"2.SILVER"	"1923-06-25T00:00:00.000000Z"	"Vikki"	"De Malchar"	"Sophisticates"
"115622.0"	"Savings Account"	"Deposit Account"	"2015-01-28T00:00:00.000000Z"	"2882059953420852468"	""	"0"	"-1203.75"	"8321.33"	"16.0"	"3622.4968750000003"	"2575.7456620681546"	"16.0"	""	""	"0.0"	"200.0"	"7730.0"	"1.0"	"33.36"	"47.0"	"7.0"	"Male"	"1998-12-18T00:00:00.000000Z"	"28.0"	"28510.0"	"2.SILVER"	"1970-06-25T00:00:00.000000Z"	"Jerry"	"Gobolos"	"Sophisticates"
"85438.0"	"Personal Loan"	"Unsecured Lending"	"2016-03-28T00:00:00.000000Z"	"6799446588373492537"	""	"0"	"3890.37"	"4084.89"	"2.0"	"3987.63"	"137.54641107640737"	"2.0"	"17.888944665687603"	"35.777889331375206"	"6.0"	"199.0"	"11530.0"	"6.0"	"329.61999999999995"	"36.0"	"15.0"	"Female"	"1998-02-11T00:00:00.000000Z"	"28.0"	"43720.0"	"1.GOLD"	"1941-06-25T00:00:00.000000Z"	"Leonerd"	"Terry"	"Loyalist"
"590294.0"	"Car Loan"	"Secured Lending"	"2015-01-28T00:00:00.000000Z"	"951515702034945071"	""	"0"	"204.49"	"1738.39"	"16.0"	"971.4399999999999"	"486.8549807351945"	"16.0"	"1.5076080779925856"	"24.12172924788137"	"3.0"	"192.0"	"11970.0"	"1.0"	"24.33"	"58.0"	"5.0"	"Female"	"2006-01-09T00:00:00.000000Z"	"41.0"	"40980.0"	"1.GOLD"	"1982-07-08T00:00:00.000000Z"	"Skipp"	"Jochanany"	"Sophisticates"
"449153.0"	"Current Account"	"Deposit Account"	"2015-01-28T00:00:00.000000Z"	"4082938824480522527"	""	"0"	"569.73"	"7585.75"	"16.0"	"3622.0750000000003"	"2024.0807422827777"	"16.0"	"2.5"	"40.0"	"5.0"	"198.0"	"7540.0"	"0.0"	"0.0"	"41.0"	"5.0"	"Female"	"2003-12-16T00:00:00.000000Z"	"28.0"	"23330.0"	"2.SILVER"	"1972-06-25T00:00:00.000000Z"	"Klara"	"Hellwig"	"Sophisticates"
"493747.0"	"Premium Credit Card"	"Unsecured Lending"	"2015-01-28T00:00:00.000000Z"	"5044735701810085791"	""	"0"	"505.7"	"10554.03"	"16.0"	"6338.93625"	"2986.0430759136184"	"16.0"	"28.823125"	"461.17"	"2.0"	"180.0"	"28540.0"	"0.0"	"0.0"	"52.0"	"8.0"	"Female"	"2004-09-30T00:00:00.000000Z"	"28.0"	"122250.0"	"2.SILVER"	"1974-06-25T00:00:00.000000Z"	"Cristobal"	"Brickdale"	"Loyalist"
"290489.0"	"Current Account"	"Deposit Account"	"2015-01-28T00:00:00.000000Z"	"2833890559443090813"	""	"0"	"90.81"	"472.62"	"16.0"	"196.79625000000001"	"93.96515651204618"	"16.0"	"1.5"	"24.0"	"2.0"	"195.0"	"7700.0"	"0.0"	"0.0"	"30.0"	"8.0"	"Male"	"2001-11-05T00:00:00.000000Z"	"28.0"	"25050.0"	"2.SILVER"	"1934-06-25T00:00:00.000000Z"	"Rosa"	"Routh"	"Sophisticates"
"236193.0"	"Standard Credit Card"	"Unsecured Lending"	"2015-06-28T00:00:00.000000Z"	"6264322617092671789"	"2015-12-28T00:00:00.000000Z"	"1"	"181.2"	"1655.45"	"6.0"	"812.9133333333333"	"552.0775487797586"	"6.0"	"9.25"	"55.5"	"2.0"	"236.0"	"16750.0"	"3.0"	"644.4000000000001"	"37.0"	"6.0"	"Female"	"2001-04-02T00:00:00.000000Z"	"28.0"	"59890.0"	"2.SILVER"	"1973-06-25T00:00:00.000000Z"	"Augy"	"Cawthera"	"Sophisticates"
"426185.0"	"Direct Securities"	"Securities"	"2015-01-28T00:00:00.000000Z"	"2968277761053645068"	""	"0"	"-4504.28"	"14354.83"	"16.0"	"5402.658125000001"	"4754.183696167996"	"16.0"	"51.32062499999999"	"821.1299999999999"	"1.0"	"192.0"	"13070.0"	"0.0"	"0.0"	"42.0"	"7.0"	"Male"	"2003-07-04T00:00:00.000000Z"	"28.0"	"44860.0"	"2.SILVER"	"1978-06-25T00:00:00.000000Z"	"Victor"	"Patesel"	"Sophisticates"
"236281.0"	"Savings Account"	"Deposit Account"	"2015-01-28T00:00:00.000000Z"	"815771506717805983"	""	"0"	"-4693.96"	"24735.5"	"16.0"	"8159.124374999999"	"9218.782193929932"	"16.0"	""	""	"2.0"	"222.0"	"25820.0"	"2.0"	"98.21000000000001"	"31.0"	"22.0"	"Female"	"2001-04-02T00:00:00.000000Z"	"28.0"	"82540.0"	"2.SILVER"	"1928-06-25T00:00:00.000000Z"	"Elora"	"Tommis"	"Sophisticates"
"235775.0"	"Current Account"	"Deposit Account"	"2015-01-28T00:00:00.000000Z"	"7790298884139086255"	""	"0"	"-1384.19"	"4676.32"	"16.0"	"1377.9518750000002"	"1432.8164102411201"	"16.0"	"2.5"	"40.0"	"1.0"	"217.0"	"8230.0"	"1.0"	"37.47"	"41.0"	"5.0"	"Male"	"2001-04-02T00:00:00.000000Z"	"28.0"	"26060.0"	"2.SILVER"	"1964-06-25T00:00:00.000000Z"	"Melantha"	"Mannock"	"Traditionalist"
"884137.0"	"Direct Securities"	"Securities"	"2015-01-28T00:00:00.000000Z"	"4941020368561610005"	""	"0"	"-361.74"	"2324.63"	"16.0"	"957.4481250000002"	"915.6244315527246"	"16.0"	"7.89375"	"126.3"	"1.0"	"209.0"	"6160.0"	"1.0"	"8.28"	"39.0"	"6.0"	"Female"	"2010-06-24T00:00:00.000000Z"	"30.0"	"19580.0"	"2.SILVER"	"1968-06-27T00:00:00.000000Z"	"Calley"	"Spyvye"	"Loyalist"
"209683.0"	"Personal Loan"	"Unsecured Lending"	"2015-01-28T00:00:00.000000Z"	"5329652035092294363"	""	"0"	"2122.76"	"6671.36"	"16.0"	"4397.0599999999995"	"1443.7111711142234"	"16.0"	"0.7764968198687169"	"12.42394911789947"	"4.0"	"207.0"	"6210.0"	"2.0"	"8.16"	"38.0"	"9.0"	"Male"	"2000-12-15T00:00:00.000000Z"	"28.0"	"20700.0"	"2.SILVER"	"1972-06-25T00:00:00.000000Z"	"Rahel"	"Sheehy"	"Sophisticates"
"452387.0"	"Direct Securities"	"Securities"	"2015-01-28T00:00:00.000000Z"	"8937781938187556260"	""	"0"	"-221.24"	"1099.76"	"16.0"	"530.95375"	"408.11908425319524"	"16.0"	"58.31375"	"933.02"	"5.0"	"208.0"	"19530.0"	"3.0"	"1210.46"	"38.0"	"5.0"	"Female"	"2004-01-09T00:00:00.000000Z"	"28.0"	"61740.0"	"2.SILVER"	"1973-06-25T00:00:00.000000Z"	"Eudora"	"Mollindinia"	"Sophisticates"
"443983.0"	"Personal Loan"	"Unsecured Lending"	"2015-01-28T00:00:00.000000Z"	"4078462176336068336"	""	"0"	"-1812.05"	"905.95"	"16.0"	"-453.05"	"862.6845541679763"	"16.0"	"10.140221441257946"	"162.24354306012714"	"2.0"	"193.0"	"6200.0"	"1.0"	"13.92"	"44.0"	"7.0"	"Male"	"2003-11-10T00:00:00.000000Z"	"33.0"	"25600.0"	"2.SILVER"	"1951-06-30T00:00:00.000000Z"	"Alard"	"Gregoretti"	"Traditionalist"
"842161.0"	"Standard Credit Card"	"Unsecured Lending"	"2015-01-28T00:00:00.000000Z"	"4011298458204085421"	""	"0"	"74.92"	"4555.24"	"16.0"	"1695.0262499999997"	"1325.7120997656314"	"16.0"	"18.00625"	"288.1"	"4.0"	"189.0"	"9470.0"	"0.0"	"0.0"	"43.0"	"7.0"	"Female"	"2009-05-06T00:00:00.000000Z"	"28.0"	"38870.0"	"2.SILVER"	"1980-06-25T00:00:00.000000Z"	"Frasco"	"Hewins"	"Loyalist"
"159776.0"	"Mortgage"	"Secured Lending"	"2015-01-28T00:00:00.000000Z"	"7072162235439506131"	""	"0"	"162032.72"	"175241.87"	"16.0"	"168637.295"	"4192.5421923061385"	"16.0"	"9.343071531762735"	"149.48914450820376"	"0.0"	"212.0"	"12790.0"	"2.0"	"67.75"	"36.0"	"5.0"	"Male"	"2000-02-09T00:00:00.000000Z"	"46.0"	"45370.0"	"1.GOLD"	"1959-07-13T00:00:00.000000Z"	"Olivette"	"Mollene"	"Traditionalist"
"700910.0"	"Car Loan"	"Secured Lending"	"2015-01-28T00:00:00.000000Z"	"6502636183363502104"	"2015-02-28T00:00:00.000000Z"	"1"	"329.66"	"329.66"	"1.0"	"329.66"	""	"1.0"	"14.30324777016773"	"14.30324777016773"	"1.0"	"199.0"	"8370.0"	"2.0"	"113.34"	"52.0"	"5.0"	"Male"	"2007-07-02T00:00:00.000000Z"	"28.0"	"32710.0"	"2.SILVER"	"1975-06-25T00:00:00.000000Z"	"Andriette"	"Sewall"	"Loyalist"
"848486.0"	"Managed Securities"	"Securities"	"2015-01-28T00:00:00.000000Z"	"8168552356456485888"	""	"0"	"-1148.43"	"5319.11"	"16.0"	"2110.394375"	"2119.570181519416"	"16.0"	"6.483750000000001"	"103.74000000000001"	"2.0"	"194.0"	"14750.0"	"0.0"	"0.0"	"49.0"	"9.0"	"Female"	"2009-08-03T00:00:00.000000Z"	"28.0"	"48420.0"	"1.GOLD"	"1977-06-25T00:00:00.000000Z"	"Jerrome"	"Di Bernardo"	"Sophisticates"
"252451.0"	"Managed Securities"	"Securities"	"2015-01-28T00:00:00.000000Z"	"1052671921357022526"	""	"0"	"18.14"	"799.68"	"16.0"	"380.67625"	"230.528704875698"	"16.0"	"71.206875"	"1139.31"	"4.0"	"184.0"	"10650.0"	"0.0"	"0.0"	"49.0"	"7.0"	"Female"	"2001-06-11T00:00:00.000000Z"	"28.0"	"38210.0"	"1.GOLD"	"1963-06-25T00:00:00.000000Z"	"Megan"	"Carlisso"	"Sophisticates"
"71523.0"	"Savings Account"	"Deposit Account"	"2015-01-28T00:00:00.000000Z"	"2633326606842548958"	"2015-11-28T00:00:00.000000Z"	"1"	"-3618.33"	"8774.76"	"10.0"	"3254.8679999999995"	"3393.0134025828233"	"10.0"	""	""	"3.0"	"192.0"	"13890.0"	"0.0"	"0.0"	"48.0"	"1.0"	"Male"	"1997-09-08T00:00:00.000000Z"	"28.0"	"43410.0"	"2.SILVER"	"1978-06-25T00:00:00.000000Z"	"Cherey"	"Braz"	"Loyalist"
"389357.0"	"Standard Credit Card"	"Unsecured Lending"	"2015-01-28T00:00:00.000000Z"	"2141118954990423973"	""	"0"	"-747.5"	"3907.43"	"16.0"	"1151.0656250000002"	"1300.5635445142939"	"16.0"	"7.226875"	"115.63"	"3.0"	"179.0"	"4790.0"	"1.0"	"25.0"	"46.0"	"3.0"	"Female"	"2002-11-06T00:00:00.000000Z"	"28.0"	"15470.0"	"2.SILVER"	"1974-06-25T00:00:00.000000Z"	"Reinald"	"Tregoning"	"Sophisticates"
"1074294.0"	"Managed Securities"	"Securities"	"2015-01-28T00:00:00.000000Z"	"3329816166258371727"	""	"0"	"-363.37"	"2173.44"	"16.0"	"1047.1743749999998"	"805.8296258305785"	"16.0"	"30.566874999999996"	"489.06999999999994"	"3.0"	"181.0"	"8520.0"	"4.0"	"92.44999999999999"	"34.0"	"9.0"	"Female"	"2012-10-03T00:00:00.000000Z"	"46.0"	"26050.0"	"1.GOLD"	"1949-07-13T00:00:00.000000Z"	"Zebulon"	"Pidler"	"Sophisticates"
"166354.0"	"Mortgage"	"Secured Lending"	"2015-01-28T00:00:00.000000Z"	"5963250388486276533"	""	"0"	"306008.52"	"317512.62"	"16.0"	"311760.57000000007"	"3651.364745991109"	"16.0"	"20.721642717898266"	"331.54628348637226"	"10.0"	"243.0"	"14980.0"	"1.0"	"48.86"	"42.0"	"11.0"	"Female"	"2000-03-13T00:00:00.000000Z"	"41.0"	"51880.0"	"2.SILVER"	"1971-07-08T00:00:00.000000Z"	"Bren"	"Amphlett"	"Sophisticates"
"125555.0"	"Standard Credit Card"	"Unsecured Lending"	"2015-01-28T00:00:00.000000Z"	"1032829225367791595"	""	"0"	"-596.37"	"9892.68"	"16.0"	"3878.568125"	"2954.919475914065"	"16.0"	"15.309375"	"244.95"	"3.0"	"219.0"	"8590.0"	"1.0"	"113.47"	"45.0"	"7.0"	"Female"	"1999-03-17T00:00:00.000000Z"	"28.0"	"28730.0"	"1.GOLD"	"1973-06-25T00:00:00.000000Z"	"Enrica"	"Hucker"	"Sophisticates"
"927895.0"	"Personal Loan"	"Unsecured Lending"	"2015-08-28T00:00:00.000000Z"	"437985724434729561"	""	"0"	"885.47"	"2065.95"	"9.0"	"1475.71"	"404.10970292731173"	"9.0"	"2.678001409789945"	"24.102012688109507"	"0.0"	"191.0"	"6250.0"	"0.0"	"0.0"	"50.0"	"1.0"	"Male"	"2011-08-04T00:00:00.000000Z"	"28.0"	"21050.0"	"3.BRONZE"	"1992-06-25T00:00:00.000000Z"	"Casey"	"Joinson"	"Loyalist"
"159479.0"	"Standard Credit Card"	"Unsecured Lending"	"2015-01-28T00:00:00.000000Z"	"3763205240036527968"	""	"0"	"-2484.03"	"5901.99"	"16.0"	"2035.904375"	"1988.4230399488895"	"16.0"	"12.296875000000002"	"196.75000000000003"	"2.0"	"242.0"	"6620.0"	"0.0"	"0.0"	"38.0"	"2.0"	"Female"	"2000-02-07T00:00:00.000000Z"	"8.0"	"20310.0"	"2.SILVER"	"1964-06-05T00:00:00.000000Z"	"Manolo"	"Gocher"	"Sophisticates"
"248194.0"	"Current Account"	"Deposit Account"	"2015-01-28T00:00:00.000000Z"	"6136091171339834111"	""	"0"	"-2937.77"	"7442.62"	"16.0"	"2611.6025"	"2341.567913541409"	"16.0"	"0.5"	"8.0"	"1.0"	"212.0"	"13650.0"	"0.0"	"0.0"	"41.0"	"7.0"	"Male"	"2001-05-23T00:00:00.000000Z"	"28.0"	"46700.0"	"2.SILVER"	"1943-06-25T00:00:00.000000Z"	"Cloris"	"Muddimer"	"Sophisticates"
"101762.0"	"Savings Account"	"Deposit Account"	"2015-01-28T00:00:00.000000Z"	"5949512804520277792"	""	"0"	"-91.66"	"5940.3"	"16.0"	"2744.9137499999997"	"1771.3536017252457"	"16.0"	""	""	"0.0"	"192.0"	"5210.0"	"0.0"	"0.0"	"48.0"	"4.0"	"Female"	"1998-07-09T00:00:00.000000Z"	"25.0"	"17560.0"	"2.SILVER"	"1962-06-22T00:00:00.000000Z"	"Klara"	"Stonebanks"	"Emergent"
"1441914.0"	"Current Account"	"Deposit Account"	"2015-10-28T00:00:00.000000Z"	"4083143297212273896"	""	"0"	"-72.64"	"907.99"	"7.0"	"437.5514285714286"	"398.05404659956133"	"7.0"	"0.5"	"3.5"	"0.0"	"104.0"	"2530.0"	"0.0"	"0.0"	"22.0"	"0.0"	"Male"	"2015-09-03T00:00:00.000000Z"	"46.0"	"17910.0"	"3.BRONZE"	"1994-07-13T00:00:00.000000Z"	"Marjie"	"Sheber"	"Emergent"
"910383.0"	"Mortgage"	"Secured Lending"	"2015-01-28T00:00:00.000000Z"	"3792632880036162395"	""	"0"	"79992.51"	"82641.21"	"16.0"	"81316.86"	"840.6889546080708"	"16.0"	"1.301334803070469"	"20.821356849127504"	"3.0"	"189.0"	"2210.0"	"0.0"	"0.0"	"36.0"	"8.0"	"Male"	"2011-04-14T00:00:00.000000Z"	"45.0"	"8970.0"	"2.SILVER"	"1975-07-12T00:00:00.000000Z"	"Carlyn"	"Lavrinov"	"Emergent"
"1232122.0"	"Car Loan"	"Secured Lending"	"2015-03-28T00:00:00.000000Z"	"5482030098274737239"	""	"0"	"2822.05"	"6157.33"	"14.0"	"4489.6900000000005"	"1073.2674820379132"	"14.0"	"18.773472506115635"	"262.8286150856189"	"2.0"	"205.0"	"10850.0"	"1.0"	"10.12"	"51.0"	"6.0"	"Female"	"2013-12-17T00:00:00.000000Z"	"8.0"	"37690.0"	"2.SILVER"	"1982-06-05T00:00:00.000000Z"	"Shaw"	"Wisam"	"Sophisticates"
"436349.0"	"Premium Credit Card"	"Unsecured Lending"	"2015-01-28T00:00:00.000000Z"	"8121455886176789959"	""	"0"	"-94.66"	"3510.6"	"16.0"	"1445.6975"	"830.60217245482"	"16.0"	"7.82625"	"125.22"	"2.0"	"210.0"	"4330.0"	"5.0"	"163.45"	"44.0"	"9.0"	"Female"	"2003-09-23T00:00:00.000000Z"	"28.0"	"13490.0"	"1.GOLD"	"1964-06-25T00:00:00.000000Z"	"Ignatius"	"Congram"	"Sophisticates"
"564301.0"	"Premium Credit Card"	"Unsecured Lending"	"2015-01-28T00:00:00.000000Z"	"5649598202660041272"	""	"0"	"-654.81"	"3626.64"	"16.0"	"1647.509375"	"1123.0346685267186"	"16.0"	"11.518125"	"184.29"	"2.0"	"215.0"	"4210.0"	"1.0"	"92.85"	"31.0"	"7.0"	"Male"	"2006-05-17T00:00:00.000000Z"	"28.0"	"13960.0"	"1.GOLD"	"1944-06-25T00:00:00.000000Z"	"Salome"	"Beadon"	"Sophisticates"
"1297869.0"	"Managed Securities"	"Securities"	"2015-01-28T00:00:00.000000Z"	"8555615353400564295"	""	"0"	"-2916.56"	"13145.16"	"16.0"	"7821.716875"	"4099.030844359381"	"16.0"	"113.10687500000002"	"1809.7100000000003"	"1.0"	"180.0"	"24790.0"	"0.0"	"0.0"	"47.0"	"4.0"	"Male"	"2014-08-20T00:00:00.000000Z"	"8.0"	"79810.0"	"2.SILVER"	"1973-06-05T00:00:00.000000Z"	"Maude"	"Gerdes"	"Loyalist"
"216932.0"	"Mortgage"	"Secured Lending"	"2015-01-28T00:00:00.000000Z"	"1561248079071061396"	""	"0"	"98797.51"	"113326.51"	"16.0"	"106062.01000000001"	"4611.458383924373"	"16.0"	"0.8470883052553262"	"13.553412884085219"	"6.0"	"186.0"	"12200.0"	"1.0"	"39.54"	"42.0"	"18.0"	"Male"	"2001-01-22T00:00:00.000000Z"	"28.0"	"43860.0"	"2.SILVER"	"1967-06-25T00:00:00.000000Z"	"Rice"	"Portchmouth"	"Sophisticates"
"395165.0"	"Mortgage"	"Secured Lending"	"2015-01-28T00:00:00.000000Z"	"3141303350684045113"	""	"0"	"248300.63"	"257658.68"	"16.0"	"252979.65500000003"	"2970.2153024767003"	"16.0"	"4.2017173840157085"	"67.22747814425134"	"3.0"	"206.0"	"14950.0"	"2.0"	"237.21999999999997"	"51.0"	"11.0"	"Female"	"2002-12-12T00:00:00.000000Z"	"28.0"	"50580.0"	"1.GOLD"	"1975-06-25T00:00:00.000000Z"	"Madelin"	"Eger"	"Sophisticates"
"993202.0"	"Current Account"	"Deposit Account"	"2015-01-28T00:00:00.000000Z"	"3475376885556628801"	""	"0"	"44.24"	"522.22"	"16.0"	"191.42875"	"127.58072366806307"	"16.0"	"0.5"	"8.0"	"0.0"	"200.0"	"7530.0"	"0.0"	"0.0"	"49.0"	"2.0"	"Male"	"2011-12-13T00:00:00.000000Z"	"36.0"	"30010.0"	"3.BRONZE"	"1991-07-03T00:00:00.000000Z"	"Baird"	"Mechan"	"Emergent"
"549110.0"	"Standard Credit Card"	"Unsecured Lending"	"2015-03-28T00:00:00.000000Z"	"1021992836951100800"	""	"0"	"438.21"	"3003.04"	"14.0"	"1437.9064285714285"	"739.3764504229965"	"14.0"	"2.837142857142857"	"39.72"	"2.0"	"202.0"	"9670.0"	"3.0"	"38.599999999999994"	"47.0"	"2.0"	"Female"	"2005-08-17T00:00:00.000000Z"	"28.0"	"30610.0"	"2.SILVER"	"1971-06-25T00:00:00.000000Z"	"Dur"	"Boynton"	"Emergent"
"939489.0"	"Current Account"	"Deposit Account"	"2015-06-28T00:00:00.000000Z"	"2703547134547255315"	"2015-07-28T00:00:00.000000Z"	"1"	"3989.32"	"3989.32"	"1.0"	"3989.32"	""	"1.0"	"0.5"	"0.5"	"2.0"	"167.0"	"10480.0"	"1.0"	"45.87"	"47.0"	"2.0"	"Male"	"2011-09-07T00:00:00.000000Z"	"8.0"	"36670.0"	"3.BRONZE"	"1989-06-05T00:00:00.000000Z"	"Manolo"	"Izhakov"	"Loyalist"
"216844.0"	"Personal Loan"	"Unsecured Lending"	"2015-01-28T00:00:00.000000Z"	"4316780855511007230"	""	"0"	"473.13"	"3311.13"	"16.0"	"1892.1299999999999"	"900.7721724535386"	"16.0"	"13.774051746415294"	"220.3848279426447"	"3.0"	"207.0"	"14690.0"	"1.0"	"53.4"	"38.0"	"6.0"	"Female"	"2001-01-22T00:00:00.000000Z"	"28.0"	"60310.0"	"2.SILVER"	"1941-06-25T00:00:00.000000Z"	"Kaleena"	"Sanham"	"Sophisticates"
"1214126.0"	"Managed Securities"	"Securities"	"2015-01-28T00:00:00.000000Z"	"5997693275639823411"	""	"0"	"-1620.1"	"22207.07"	"16.0"	"6549.991875"	"6040.659850747233"	"16.0"	"34.81625"	"557.06"	"3.0"	"177.0"	"16180.0"	"0.0"	"0.0"	"39.0"	"3.0"	"Male"	"2013-11-05T00:00:00.000000Z"	"28.0"	"50310.0"	"2.SILVER"	"1962-06-25T00:00:00.000000Z"	"Jo ann"	"Bastide"	"Sophisticates"
"262428.0"	"Managed Securities"	"Securities"	"2015-09-28T00:00:00.000000Z"	"6191640781583419268"	""	"0"	"-611.63"	"1275.67"	"8.0"	"505.92"	"591.8656446718775"	"8.0"	"9.786249999999999"	"78.28999999999999"	"2.0"	"218.0"	"2850.0"	"0.0"	"0.0"	"45.0"	"3.0"	"Male"	"2001-07-17T00:00:00.000000Z"	"47.0"	"9580.0"	"2.SILVER"	"1973-07-14T00:00:00.000000Z"	"Leyla"	"Hairsine"	"Loyalist"
"74680.0"	"Current Account"	"Deposit Account"	"2015-01-28T00:00:00.000000Z"	"8218264199443370557"	""	"0"	"-1047.4"	"4976.62"	"16.0"	"2347.50375"	"1711.9763627568968"	"16.0"	"1.0"	"16.0"	"1.0"	"171.0"	"27040.0"	"2.0"	"171.62"	"43.0"	"6.0"	"Male"	"1997-10-27T00:00:00.000000Z"	"28.0"	"161870.0"	"2.SILVER"	"1968-06-25T00:00:00.000000Z"	"Tom"	"Crews"	"Sophisticates"
"1123310.0"	"Mortgage"	"Secured Lending"	"2015-06-28T00:00:00.000000Z"	"1229566155904612808"	""	"0"	"92222.57"	"94611.77"	"11.0"	"93417.17000000001"	"792.4079949117067"	"11.0"	"7.097598675092001"	"78.073585426012"	"2.0"	"161.0"	"3780.0"	"0.0"	"0.0"	"46.0"	"3.0"	"Male"	"2013-03-01T00:00:00.000000Z"	"10.0"	"16070.0"	"2.SILVER"	"1980-06-07T00:00:00.000000Z"	"Wally"	"McLemon"	"Loyalist"
"510324.0"	"Mortgage"	"Secured Lending"	"2015-08-28T00:00:00.000000Z"	"6844844210694545285"	""	"0"	"21798.67"	"33424.59"	"9.0"	"27611.629999999997"	"3979.8616473440397"	"9.0"	"31.615279606079614"	"284.5375164547165"	"1.0"	"123.0"	"9300.0"	"0.0"	"0.0"	"20.0"	"2.0"	"Female"	"2005-01-07T00:00:00.000000Z"	"8.0"	"65600.0"	"2.SILVER"	"1977-06-05T00:00:00.000000Z"	"Eddi"	"Gherardesci"	"Loyalist"
"1169389.0"	"Current Account"	"Deposit Account"	"2015-01-28T00:00:00.000000Z"	"7205574164374021978"	""	"0"	"-90.93"	"2176.33"	"16.0"	"1089.445"	"715.1928174229193"	"16.0"	"1.0"	"16.0"	"1.0"	"171.0"	"2780.0"	"0.0"	"0.0"	"49.0"	"0.0"	"Male"	"2013-08-26T00:00:00.000000Z"	"12.0"	"9260.0"	"3.BRONZE"	"1994-06-09T00:00:00.000000Z"	"Stanfield"	"Cratere"	"Emergent"
"1111903.0"	"Current Account"	"Deposit Account"	"2015-01-28T00:00:00.000000Z"	"8109096596703747862"	""	"0"	"-782.52"	"2803.88"	"16.0"	"946.9118749999999"	"938.934006060197"	"16.0"	"1.5"	"24.0"	"0.0"	"192.0"	"2190.0"	"1.0"	"7.18"	"30.0"	"2.0"	"Male"	"2012-12-12T00:00:00.000000Z"	"19.0"	"7540.0"	"2.SILVER"	"1958-06-16T00:00:00.000000Z"	"Eugenius"	"Lambal"	"Emergent"
"152813.0"	"Premium Credit Card"	"Unsecured Lending"	"2015-01-28T00:00:00.000000Z"	"5687899858774237176"	""	"0"	"-752.74"	"10953.88"	"16.0"	"4213.04"	"4082.395869657915"	"16.0"	"19.341875"	"309.47"	"2.0"	"218.0"	"8790.0"	"1.0"	"379.44"	"46.0"	"4.0"	"Female"	"1999-12-13T00:00:00.000000Z"	"28.0"	"32960.0"	"2.SILVER"	"1969-06-25T00:00:00.000000Z"	"Bondon"	"Brookson"	"Sophisticates"
"897403.0"	"Managed Securities"	"Securities"	"2015-12-28T00:00:00.000000Z"	"22490607183677973"	""	"0"	"-2.43"	"27.4"	"5.0"	"17.824"	"12.742391062904952"	"5.0"	"21.542"	"107.71000000000001"	"2.0"	"160.0"	"8270.0"	"0.0"	"0.0"	"41.0"	"3.0"	"Male"	"2012-11-22T00:00:00.000000Z"	"28.0"	"31740.0"	"2.SILVER"	"1957-06-25T00:00:00.000000Z"	"Querida"	"Hatliffe"	"Emergent"
"350978.0"	"Direct Securities"	"Securities"	"2015-01-28T00:00:00.000000Z"	"4589889174992583876"	""	"0"	"703.22"	"4258.86"	"16.0"	"1965.1506250000002"	"980.5020620373947"	"16.0"	"15.761874999999998"	"252.18999999999997"	"5.0"	"185.0"	"5720.0"	"0.0"	"0.0"	"28.0"	"4.0"	"Female"	"2004-01-19T00:00:00.000000Z"	"28.0"	"22690.0"	"1.GOLD"	"1947-06-25T00:00:00.000000Z"	"Rahel"	"Troctor"	"Sophisticates"
"99782.0"	"Premium Credit Card"	"Unsecured Lending"	"2015-01-28T00:00:00.000000Z"	"2483249079336330499"	""	"0"	"3913.58"	"38224.6"	"16.0"	"15890.430625"	"8812.710121272547"	"16.0"	"31.325625"	"501.21"	"3.0"	"198.0"	"28330.0"	"5.0"	"353.90999999999997"	"45.0"	"10.0"	"Male"	"2000-07-05T00:00:00.000000Z"	"28.0"	"98460.0"	"1.GOLD"	"1972-06-25T00:00:00.000000Z"	"Carson"	"Mathwin"	"Traditionalist"
"436360.0"	"Current Account"	"Deposit Account"	"2015-12-28T00:00:00.000000Z"	"8536603957993806007"	"2015-12-28T00:00:00.000000Z"	"1"	""	""	""	""	""	""	""	""	"2.0"	"205.0"	"4560.0"	"1.0"	"58.65"	"39.0"	"3.0"	"Male"	"2003-09-23T00:00:00.000000Z"	"41.0"	"15920.0"	"2.SILVER"	"1977-07-08T00:00:00.000000Z"	"Orin"	"Gravenor"	"Loyalist"
"342475.0"	"Personal Loan"	"Unsecured Lending"	"2015-01-28T00:00:00.000000Z"	"7096128765830758386"	""	"0"	"-867.58"	"216.92"	"16.0"	"-325.33"	"344.21685025576534"	"16.0"	"5.884539481120531"	"94.1526316979285"	"4.0"	"231.0"	"4770.0"	"1.0"	"32.56"	"50.0"	"9.0"	"Male"	"2002-03-14T00:00:00.000000Z"	"28.0"	"16280.0"	"1.GOLD"	"1977-06-25T00:00:00.000000Z"	"Marylynne"	"Leneve"	"Loyalist"
"439407.0"	"Current Account"	"Deposit Account"	"2015-01-28T00:00:00.000000Z"	"8952848291693920205"	""	"0"	"-1062.52"	"3968.83"	"16.0"	"1815.2900000000002"	"1273.0148844272533"	"16.0"	"1.0"	"16.0"	"4.0"	"234.0"	"8350.0"	"1.0"	"66.32"	"38.0"	"7.0"	"Female"	"2003-10-11T00:00:00.000000Z"	"11.0"	"30390.0"	"2.SILVER"	"1961-06-08T00:00:00.000000Z"	"Munmro"	"Pogue"	"Sophisticates"
"837277.0"	"Current Account"	"Deposit Account"	"2015-01-28T00:00:00.000000Z"	"3944352950241709040"	""	"0"	"-6.63"	"4605.3"	"16.0"	"2530.0775000000003"	"1432.3704345105702"	"16.0"	"1.0"	"16.0"	"0.0"	"184.0"	"13400.0"	"0.0"	"0.0"	"40.0"	"3.0"	"Male"	"2009-03-03T00:00:00.000000Z"	"28.0"	"46890.0"	"2.SILVER"	"1960-06-25T00:00:00.000000Z"	"Linet"	"Hundy"	"Sophisticates"
"82578.0"	"Savings Account"	"Deposit Account"	"2015-01-28T00:00:00.000000Z"	"7368110668181618877"	"2015-12-28T00:00:00.000000Z"	"1"	"1934.89"	"14057.51"	"11.0"	"6531.7245454545455"	"4013.159589399265"	"11.0"	""	""	"2.0"	"163.0"	"11160.0"	"2.0"	"99.35000000000001"	"31.0"	"9.0"	"Female"	"1998-01-16T00:00:00.000000Z"	"28.0"	"48090.0"	"1.GOLD"	"1950-06-25T00:00:00.000000Z"	"Justen"	"Roydon"	"Loyalist"
"1200893.0"	"Mortgage"	"Secured Lending"	"2015-01-28T00:00:00.000000Z"	"8098696545733811422"	""	"0"	"347782.72"	"362730.37"	"16.0"	"355256.545"	"4744.336562218115"	"16.0"	"26.031459221203992"	"416.50334753926387"	"3.0"	"209.0"	"9730.0"	"0.0"	"0.0"	"46.0"	"6.0"	"Male"	"2014-01-09T00:00:00.000000Z"	"28.0"	"36940.0"	"2.SILVER"	"1982-06-25T00:00:00.000000Z"	"Sonnie"	"Possek"	"Sophisticates"
"899152.0"	"Current Account"	"Deposit Account"	"2015-01-28T00:00:00.000000Z"	"9007960717379801337"	""	"0"	"4202.78"	"18310.88"	"16.0"	"10299.894375000002"	"4055.587770685393"	"16.0"	"2.0"	"32.0"	"0.0"	"213.0"	"16060.0"	"0.0"	"0.0"	"52.0"	"0.0"	"Female"	"2010-12-20T00:00:00.000000Z"	"28.0"	"59590.0"	"2.SILVER"	"1984-06-25T00:00:00.000000Z"	"Dian"	"Perrelli"	"Emergent"
"1261976.0"	"Managed Securities"	"Securities"	"2015-01-28T00:00:00.000000Z"	"4233341511030341382"	""	"0"	"9.69"	"1252.69"	"16.0"	"533.1875"	"383.01471969103227"	"16.0"	"15.248124999999998"	"243.96999999999997"	"3.0"	"206.0"	"3560.0"	"1.0"	"52.09"	"46.0"	"13.0"	"Female"	"2014-06-05T00:00:00.000000Z"	"28.0"	"13090.0"	"2.SILVER"	"1961-06-25T00:00:00.000000Z"	"Cindelyn"	"Fechnie"	"Loyalist"
"1270886.0"	"Mortgage"	"Secured Lending"	"2015-10-28T00:00:00.000000Z"	"1918037814309372025"	"2015-10-28T00:00:00.000000Z"	"1"	""	""	""	""	""	""	""	""	"0.0"	"211.0"	"3800.0"	"0.0"	"0.0"	"43.0"	"1.0"	"Female"	"2014-07-17T00:00:00.000000Z"	"21.0"	"13740.0"	"3.BRONZE"	"1990-06-18T00:00:00.000000Z"	"Abraham"	"Cordery"	"Loyalist"
"244377.0"	"Premium Credit Card"	"Unsecured Lending"	"2015-01-28T00:00:00.000000Z"	"5491841682438477600"	""	"0"	"-1416.5"	"3547.79"	"16.0"	"1345.631875"	"1271.5564779918022"	"16.0"	"6.416875"	"102.67"	"3.0"	"180.0"	"8570.0"	"0.0"	"0.0"	"44.0"	"2.0"	"Female"	"2001-05-07T00:00:00.000000Z"	"28.0"	"31210.0"	"1.GOLD"	"1974-06-25T00:00:00.000000Z"	"Sondra"	"Barme"	"Sophisticates"
"1421905.0"	"Car Loan"	"Secured Lending"	"2015-08-28T00:00:00.000000Z"	"2473244628239203135"	"2015-08-28T00:00:00.000000Z"	"1"	""	""	""	""	""	""	""	""	"0.0"	"77.0"	"2290.0"	"0.0"	"0.0"	"29.0"	"1.0"	"Male"	"2015-07-30T00:00:00.000000Z"	"3.0"	"14420.0"	"3.BRONZE"	"1996-05-31T00:00:00.000000Z"	"Bartholemy"	"Fenkel"	"Loyalist"
"196758.0"	"Managed Securities"	"Securities"	"2015-01-28T00:00:00.000000Z"	"183601031051222619"	"2015-12-28T00:00:00.000000Z"	"1"	"-181.45"	"1426.1"	"11.0"	"630.6163636363636"	"544.6428236977465"	"11.0"	"7.658181818181819"	"84.24000000000001"	"4.0"	"184.0"	"2950.0"	"0.0"	"0.0"	"39.0"	"9.0"	"Female"	"2000-10-04T00:00:00.000000Z"	"5.0"	"10080.0"	"2.SILVER"	"1978-06-02T00:00:00.000000Z"	"Ramsay"	"Pogue"	"Loyalist"
"221167.0"	"Car Loan"	"Secured Lending"	"2016-05-28T00:00:00.000000Z"	"1957460269065910658"	""	"0"	""	""	""	""	""	""	""	""	"1.0"	"214.0"	"10960.0"	"0.0"	"0.0"	"40.0"	"0.0"	"Female"	"2001-02-07T00:00:00.000000Z"	"28.0"	"41970.0"	"1.GOLD"	"1971-06-25T00:00:00.000000Z"	"Sherwood"	"Tomczynski"	"Loyalist"
"293844.0"	"Savings Account"	"Deposit Account"	"2015-01-28T00:00:00.000000Z"	"2650064593402232847"	""	"0"	"287.09"	"3692.43"	"16.0"	"1714.1387499999998"	"952.6524738075615"	"16.0"	""	""	"0.0"	"199.0"	"3740.0"	"0.0"	"0.0"	"47.0"	"6.0"	"Female"	"2001-11-10T00:00:00.000000Z"	"28.0"	"13460.0"	"2.SILVER"	"1980-06-25T00:00:00.000000Z"	"Ingaborg"	"Filipczynski"	"Sophisticates"
"460978.0"	"Personal Loan"	"Unsecured Lending"	"2015-01-28T00:00:00.000000Z"	"2079969499315293466"	""	"0"	"-2449.5"	"9798.0"	"16.0"	"3674.25"	"3887.317541270158"	"16.0"	"24.191432357251244"	"387.0629177160199"	"8.0"	"190.0"	"29460.0"	"1.0"	"235.87"	"40.0"	"11.0"	"Male"	"2004-02-25T00:00:00.000000Z"	"28.0"	"107830.0"	"1.GOLD"	"1975-06-25T00:00:00.000000Z"	"Lorain"	"Dax"	"Loyalist"
"1417417.0"	"Standard Credit Card"	"Unsecured Lending"	"2016-04-28T00:00:00.000000Z"	"6945398546546331004"	""	"0"	"3502.16"	"3502.16"	"1.0"	"3502.16"	""	"1.0"	"0.0"	"0.0"	"0.0"	"65.0"	"2240.0"	"0.0"	"0.0"	"19.0"	"0.0"	"Male"	"2015-07-27T00:00:00.000000Z"	"46.0"	"16400.0"	"2.SILVER"	"1971-07-13T00:00:00.000000Z"	"Giavani"	"Reilingen"	"Loyalist"
"1018436.0"	"Standard Credit Card"	"Unsecured Lending"	"2015-02-28T00:00:00.000000Z"	"7225036784950998725"	""	"0"	"-126.25"	"6550.53"	"15.0"	"3899.858666666667"	"2246.7510796890274"	"15.0"	"5.658"	"84.87"	"6.0"	"219.0"	"4760.0"	"1.0"	"25.53"	"38.0"	"15.0"	"Female"	"2012-06-04T00:00:00.000000Z"	"38.0"	"16360.0"	"1.GOLD"	"1979-07-05T00:00:00.000000Z"	"Bink"	"Lerer"	"Loyalist"
"104050.0"	"Premium Credit Card"	"Unsecured Lending"	"2015-01-28T00:00:00.000000Z"	"4845105440835064244"	""	"0"	"-416.24"	"4418.45"	"16.0"	"1645.181875"	"1402.1525554243078"	"16.0"	"6.49625"	"103.94"	"8.0"	"224.0"	"11420.0"	"3.0"	"41.669999999999995"	"35.0"	"15.0"	"Female"	"1998-08-25T00:00:00.000000Z"	"8.0"	"44550.0"	"3.BRONZE"	"1965-06-05T00:00:00.000000Z"	"Bridgette"	"Chettoe"	"Sophisticates"
"1214368.0"	"Car Loan"	"Secured Lending"	"2016-02-28T00:00:00.000000Z"	"4686734975512588937"	""	"0"	"1446.34"	"1546.08"	"3.0"	"1496.21"	"49.87000000000003"	"3.0"	"1.7441829987860953"	"5.232548996358286"	"4.0"	"204.0"	"4160.0"	"0.0"	"0.0"	"36.0"	"1.0"	"Male"	"2013-11-05T00:00:00.000000Z"	"30.0"	"16290.0"	"3.BRONZE"	"1984-06-27T00:00:00.000000Z"	"Stefan"	"Riccardi"	"Loyalist"
"97912.0"	"Savings Account"	"Deposit Account"	"2015-01-28T00:00:00.000000Z"	"2084404671856316487"	""	"0"	"-44.83"	"423.96"	"16.0"	"148.98312499999997"	"146.80494250166328"	"16.0"	""	""	"2.0"	"188.0"	"9320.0"	"1.0"	"38.12"	"40.0"	"3.0"	"Female"	"1998-05-29T00:00:00.000000Z"	"28.0"	"28500.0"	"2.SILVER"	"1967-06-25T00:00:00.000000Z"	"Merola"	"Bastie"	"Loyalist"
"1007788.0"	"Standard Credit Card"	"Unsecured Lending"	"2015-01-28T00:00:00.000000Z"	"39659200361752786"	""	"0"	"-2061.43"	"11339.28"	"16.0"	"4649.231250000001"	"3754.4854010971553"	"16.0"	"2.31"	"36.96"	"2.0"	"217.0"	"9270.0"	"4.0"	"176.51000000000002"	"45.0"	"9.0"	"Male"	"2012-03-06T00:00:00.000000Z"	"28.0"	"34920.0"	"2.SILVER"	"1981-06-25T00:00:00.000000Z"	"Dreddy"	"Decort"	"Sophisticates"
"1410806.0"	"Mortgage"	"Secured Lending"	"2016-02-28T00:00:00.000000Z"	"3471468872399467209"	"2016-02-28T00:00:00.000000Z"	"1"	""	""	""	""	""	""	""	""	"0.0"	"82.0"	"1660.0"	"0.0"	"0.0"	"13.0"	"0.0"	"Male"	"2015-07-21T00:00:00.000000Z"	"38.0"	"16360.0"	"2.SILVER"	"1961-07-05T00:00:00.000000Z"	"Shea"	"Saffe"	"Loyalist"
"892365.0"	"Standard Credit Card"	"Unsecured Lending"	"2015-01-28T00:00:00.000000Z"	"3233397655185897461"	""	"0"	"-282.47"	"925.14"	"16.0"	"294.9"	"315.74706170182066"	"16.0"	"2.993125"	"47.89"	"2.0"	"216.0"	"1570.0"	"2.0"	"15.55"	"50.0"	"6.0"	"Female"	"2010-09-22T00:00:00.000000Z"	"3.0"	"5260.0"	"2.SILVER"	"1973-05-31T00:00:00.000000Z"	"Karin"	"Warwick"	"Emergent"
"1388300.0"	"Mortgage"	"Secured Lending"	"2015-07-28T00:00:00.000000Z"	"3304984461737590035"	""	"0"	"72697.71"	"74384.04"	"10.0"	"73540.87499999999"	"567.2908468472519"	"10.0"	"2.7994335862732216"	"27.994335862732214"	"2.0"	"144.0"	"2350.0"	"2.0"	"11.46"	"29.0"	"4.0"	"Male"	"2015-03-18T00:00:00.000000Z"	"28.0"	"11170.0"	"2.SILVER"	"1974-06-25T00:00:00.000000Z"	"Shaw"	"Nutkin"	"Traditionalist"
"594023.0"	"Current Account"	"Deposit Account"	"2015-01-28T00:00:00.000000Z"	"8329684470824816252"	"2015-01-28T00:00:00.000000Z"	"1"	""	""	""	""	""	""	""	""	"0.0"	"236.0"	"13260.0"	"1.0"	"48.37"	"51.0"	"3.0"	"Female"	"2006-01-27T00:00:00.000000Z"	"47.0"	"39860.0"	"3.BRONZE"	"1986-07-14T00:00:00.000000Z"	"Diana"	"Riccardi"	"Loyalist"
"435986.0"	"Mortgage"	"Secured Lending"	"2015-01-28T00:00:00.000000Z"	"3849482483965126731"	""	"0"	"107741.07"	"120269.07"	"16.0"	"114005.07"	"3976.3473490126476"	"16.0"	"0.7065557719810828"	"11.304892351697324"	"1.0"	"185.0"	"10070.0"	"2.0"	"115.44"	"48.0"	"12.0"	"Male"	"2006-02-15T00:00:00.000000Z"	"28.0"	"33580.0"	"2.SILVER"	"1969-06-25T00:00:00.000000Z"	"Nichole"	"McGuinley"	"Sophisticates"
"1250558.0"	"Current Account"	"Deposit Account"	"2015-01-28T00:00:00.000000Z"	"1247928938128433943"	""	"0"	"-2258.72"	"9317.97"	"16.0"	"3738.7831250000004"	"2964.6557060671057"	"16.0"	"1.0"	"16.0"	"0.0"	"214.0"	"6050.0"	"0.0"	"0.0"	"46.0"	"1.0"	"Male"	"2014-03-26T00:00:00.000000Z"	"46.0"	"22430.0"	"2.SILVER"	"1968-07-13T00:00:00.000000Z"	"Loren"	"Betterton"	"Emergent"
"250273.0"	"Mortgage"	"Secured Lending"	"2015-01-28T00:00:00.000000Z"	"5473481731639398522"	"2016-03-28T00:00:00.000000Z"	"1"	"89851.0"	"99425.24"	"14.0"	"94638.12"	"3080.916881709066"	"14.0"	"14.316571352744111"	"200.43199893841756"	"2.0"	"171.0"	"8880.0"	"1.0"	"67.35"	"38.0"	"14.0"	"Female"	"2001-05-31T00:00:00.000000Z"	"8.0"	"30390.0"	"2.SILVER"	"1972-06-05T00:00:00.000000Z"	"Karina"	"Sodory"	"Loyalist"
"1377025.0"	"Mortgage"	"Secured Lending"	"2015-03-28T00:00:00.000000Z"	"8073032335821347045"	"2016-01-28T00:00:00.000000Z"	"1"	"68211.5"	"69955.52"	"10.0"	"69083.51000000001"	"586.6980856170205"	"10.0"	"0.40188615842107367"	"4.018861584210737"	"1.0"	"120.0"	"1510.0"	"0.0"	"0.0"	"30.0"	"4.0"	"Male"	"2015-01-19T00:00:00.000000Z"	"35.0"	"8140.0"	"2.SILVER"	"1986-07-02T00:00:00.000000Z"	"Romy"	"Pidwell"	"Loyalist"
"1070312.0"	"Mortgage"	"Secured Lending"	"2016-04-28T00:00:00.000000Z"	"5641843206796803344"	""	"0"	"1950.88"	"1950.88"	"1.0"	"1950.88"	""	"1.0"	"0.1348399026803384"	"0.1348399026803384"	"0.0"	"206.0"	"1220.0"	"0.0"	"0.0"	"48.0"	"3.0"	"Male"	"2012-09-28T00:00:00.000000Z"	"41.0"	"4130.0"	"3.BRONZE"	"1992-07-08T00:00:00.000000Z"	"Frank"	"Huntingdon"	"Emergent"
"406638.0"	"Personal Loan"	"Unsecured Lending"	"2015-01-28T00:00:00.000000Z"	"7558365068157726883"	""	"0"	"3053.79"	"7634.19"	"16.0"	"5343.989999999998"	"1453.8043899598952"	"16.0"	"8.455219856405591"	"135.28351770248946"	"5.0"	"208.0"	"5720.0"	"2.0"	"55.92"	"40.0"	"16.0"	"Female"	"2003-02-11T00:00:00.000000Z"	"28.0"	"18880.0"	"2.SILVER"	"1956-06-25T00:00:00.000000Z"	"Estell"	"Fronks"	"Traditionalist"
"667019.0"	"Personal Loan"	"Unsecured Lending"	"2015-01-28T00:00:00.000000Z"	"2584918494503418987"	""	"0"	"-4757.23"	"4162.67"	"16.0"	"-297.28"	"2831.1478862115273"	"16.0"	"57.88561067872317"	"926.1697708595707"	"5.0"	"168.0"	"22550.0"	"0.0"	"0.0"	"50.0"	"8.0"	"Male"	"2007-01-08T00:00:00.000000Z"	"28.0"	"72650.0"	"2.SILVER"	"1973-06-25T00:00:00.000000Z"	"Essa"	"Mackrill"	"Sophisticates"
"230781.0"	"Savings Account"	"Deposit Account"	"2015-01-28T00:00:00.000000Z"	"4137942171055683997"	""	"0"	"-144.33"	"847.07"	"16.0"	"267.17562499999997"	"262.3607688652847"	"16.0"	""	""	"1.0"	"162.0"	"4410.0"	"0.0"	"0.0"	"36.0"	"7.0"	"Female"	"2001-03-21T00:00:00.000000Z"	"30.0"	"13930.0"	"2.SILVER"	"1958-06-27T00:00:00.000000Z"	"Cos"	"McGovern"	"Sophisticates"
"571726.0"	"Current Account"	"Deposit Account"	"2015-01-28T00:00:00.000000Z"	"1816496231302218429"	""	"0"	"-334.63"	"2292.71"	"16.0"	"832.2125"	"755.7693415277794"	"16.0"	"2.0"	"32.0"	"0.0"	"218.0"	"3490.0"	"1.0"	"4.22"	"40.0"	"6.0"	"Male"	"2005-10-22T00:00:00.000000Z"	"28.0"	"12550.0"	"2.SILVER"	"1964-06-25T00:00:00.000000Z"	"Morie"	"Blackader"	"Emergent"
"573354.0"	"Current Account"	"Deposit Account"	"2015-06-28T00:00:00.000000Z"	"3050927623592850533"	""	"0"	"-2626.1"	"9000.41"	"11.0"	"4317.050909090908"	"4016.275753048972"	"11.0"	"1.5"	"16.5"	"2.0"	"221.0"	"14490.0"	"1.0"	"27.88"	"32.0"	"3.0"	"Female"	"2005-10-25T00:00:00.000000Z"	"26.0"	"44990.0"	"1.GOLD"	"1945-06-23T00:00:00.000000Z"	"Eartha"	"Marrill"	"Sophisticates"
"154419.0"	"Savings Account"	"Deposit Account"	"2015-01-28T00:00:00.000000Z"	"1421390908908850416"	""	"0"	"-1926.59"	"5637.54"	"16.0"	"2813.419375"	"2132.38636363885"	"16.0"	""	""	"1.0"	"198.0"	"11110.0"	"2.0"	"363.8"	"46.0"	"11.0"	"Female"	"1999-12-28T00:00:00.000000Z"	"9.0"	"42380.0"	"2.SILVER"	"1970-06-06T00:00:00.000000Z"	"Cullan"	"Bulstrode"	"Loyalist"
"173339.0"	"Savings Account"	"Deposit Account"	"2015-01-28T00:00:00.000000Z"	"2587932066767825965"	"2015-12-28T00:00:00.000000Z"	"1"	"-236.5"	"12876.74"	"11.0"	"5187.863636363637"	"4191.5271912401395"	"11.0"	""	""	"0.0"	"148.0"	"9870.0"	"1.0"	"29.17"	"22.0"	"4.0"	"Female"	"2000-04-18T00:00:00.000000Z"	"28.0"	"48620.0"	"1.GOLD"	"1939-06-25T00:00:00.000000Z"	"Monroe"	"Malimoe"	"Loyalist"
"1306966.0"	"Current Account"	"Deposit Account"	"2015-06-28T00:00:00.000000Z"	"1113801825647779822"	"2015-09-28T00:00:00.000000Z"	"1"	"962.9"	"4846.2"	"3.0"	"3240.66"	"2027.045761397606"	"3.0"	"2.5"	"7.5"	"2.0"	"95.0"	"4510.0"	"0.0"	"0.0"	"24.0"	"3.0"	"Female"	"2014-09-15T00:00:00.000000Z"	"28.0"	"31390.0"	"2.SILVER"	"1994-06-25T00:00:00.000000Z"	"Albie"	"Pettisall"	"Loyalist"
"191258.0"	"Standard Credit Card"	"Unsecured Lending"	"2015-01-28T00:00:00.000000Z"	"439869049470117784"	""	"0"	"-596.75"	"17116.29"	"16.0"	"7369.225"	"5509.989730695815"	"16.0"	"2.76625"	"44.26"	"6.0"	"189.0"	"20080.0"	"1.0"	"58.75"	"42.0"	"6.0"	"Female"	"2000-09-11T00:00:00.000000Z"	"28.0"	"65520.0"	"2.SILVER"	"1967-06-25T00:00:00.000000Z"	"Latisha"	"Repper"	"Loyalist"
"431520.0"	"Savings Account"	"Deposit Account"	"2015-01-28T00:00:00.000000Z"	"5145198466397102048"	""	"0"	"-210.37"	"1449.09"	"16.0"	"702.88125"	"422.01012903918155"	"16.0"	""	""	"0.0"	"194.0"	"4000.0"	"0.0"	"0.0"	"33.0"	"8.0"	"Male"	"2003-08-14T00:00:00.000000Z"	"30.0"	"13460.0"	"2.SILVER"	"1936-06-27T00:00:00.000000Z"	"Olag"	"Pettegree"	"Sophisticates"
"822515.0"	"Premium Credit Card"	"Unsecured Lending"	"2015-01-28T00:00:00.000000Z"	"1753317549854083047"	""	"0"	"-154.68"	"484.85"	"16.0"	"173.96812499999996"	"181.20193870260695"	"16.0"	"32.258125"	"516.13"	"1.0"	"195.0"	"11740.0"	"0.0"	"0.0"	"40.0"	"7.0"	"Female"	"2008-12-15T00:00:00.000000Z"	"41.0"	"39940.0"	"2.SILVER"	"1962-07-08T00:00:00.000000Z"	"Ardith"	"MacRierie"	"Sophisticates"
"667481.0"	"Savings Account"	"Deposit Account"	"2015-01-28T00:00:00.000000Z"	"5192110676538680374"	""	"0"	"-155.55"	"2062.19"	"16.0"	"1137.143125"	"647.8575329573497"	"16.0"	""	""	"2.0"	"184.0"	"3510.0"	"0.0"	"0.0"	"46.0"	"6.0"	"Female"	"2007-01-10T00:00:00.000000Z"	"28.0"	"11520.0"	"2.SILVER"	"1973-06-25T00:00:00.000000Z"	"Thornie"	"Pidler"	"Emergent"
"125258.0"	"Direct Securities"	"Securities"	"2015-01-28T00:00:00.000000Z"	"97491249456529611"	""	"0"	"-1191.31"	"7790.9"	"16.0"	"2932.3768750000004"	"2622.689506583445"	"16.0"	"11.001875"	"176.03"	"1.0"	"192.0"	"13660.0"	"0.0"	"0.0"	"39.0"	"5.0"	"Male"	"2001-07-23T00:00:00.000000Z"	"28.0"	"48150.0"	"2.SILVER"	"1955-06-25T00:00:00.000000Z"	"Inigo"	"Lantiffe"	"Loyalist"
"350296.0"	"Mortgage"	"Secured Lending"	"2016-05-28T00:00:00.000000Z"	"3272195912273797610"	""	"0"	""	""	""	""	""	""	""	""	"0.0"	"196.0"	"13550.0"	"0.0"	"0.0"	"47.0"	"2.0"	"Male"	"2002-04-15T00:00:00.000000Z"	"28.0"	"51140.0"	"2.SILVER"	"1971-06-25T00:00:00.000000Z"	"Armstrong"	"Antonetti"	"Sophisticates"
"314282.0"	"Managed Securities"	"Securities"	"2015-01-28T00:00:00.000000Z"	"8384749288243451550"	""	"0"	"-892.14"	"7456.01"	"16.0"	"2686.9850000000006"	"2109.7113495326003"	"16.0"	"8.775"	"140.4"	"2.0"	"230.0"	"7810.0"	"1.0"	"60.1"	"35.0"	"5.0"	"Female"	"2002-01-11T00:00:00.000000Z"	"26.0"	"24670.0"	"1.GOLD"	"1959-06-23T00:00:00.000000Z"	"Romy"	"Venables"	"Sophisticates"
"242793.0"	"Current Account"	"Deposit Account"	"2015-01-28T00:00:00.000000Z"	"4371805794922815514"	""	"0"	"-5523.29"	"13408.49"	"16.0"	"5559.733750000001"	"6382.270446033945"	"16.0"	"0.5"	"8.0"	"2.0"	"218.0"	"17430.0"	"1.0"	"59.8"	"44.0"	"3.0"	"Male"	"2001-04-27T00:00:00.000000Z"	"28.0"	"59920.0"	"2.SILVER"	"1968-06-25T00:00:00.000000Z"	"Zorine"	"Szapiro"	"Loyalist"
"944461.0"	"Current Account"	"Deposit Account"	"2015-01-28T00:00:00.000000Z"	"688527764600094087"	""	"0"	"1356.46"	"19146.41"	"16.0"	"8552.692500000001"	"4674.103292793175"	"16.0"	"2.5"	"40.0"	"0.0"	"224.0"	"26410.0"	"1.0"	"973.88"	"47.0"	"4.0"	"Male"	"2011-09-16T00:00:00.000000Z"	"28.0"	"97030.0"	"1.GOLD"	"1963-06-25T00:00:00.000000Z"	"Estelle"	"McElvine"	"Sophisticates"
"45310.0"	"Managed Securities"	"Securities"	"2015-01-28T00:00:00.000000Z"	"6406073929920318763"	""	"0"	"-1139.11"	"2897.23"	"16.0"	"913.9949999999999"	"944.6416986632197"	"16.0"	"3.6656250000000004"	"58.650000000000006"	"3.0"	"201.0"	"8810.0"	"0.0"	"0.0"	"33.0"	"3.0"	"Male"	"1996-09-05T00:00:00.000000Z"	"18.0"	"29580.0"	"2.SILVER"	"1964-06-15T00:00:00.000000Z"	"Granger"	"De Filippis"	"Sophisticates"
"478908.0"	"Savings Account"	"Deposit Account"	"2015-01-28T00:00:00.000000Z"	"5247671143633878055"	""	"0"	"-671.78"	"5756.94"	"16.0"	"2777.156875"	"1853.4191567360715"	"16.0"	""	""	"0.0"	"194.0"	"8340.0"	"0.0"	"0.0"	"36.0"	"4.0"	"Female"	"2004-06-14T00:00:00.000000Z"	"8.0"	"27230.0"	"2.SILVER"	"1943-06-05T00:00:00.000000Z"	"Adolpho"	"Mahony"	"Sophisticates"
"986536.0"	"Car Loan"	"Secured Lending"	"2015-02-28T00:00:00.000000Z"	"6657715870540439352"	"2015-11-28T00:00:00.000000Z"	"1"	"11719.02"	"13849.74"	"9.0"	"12784.38"	"729.402129829629"	"9.0"	"5.711648606405417"	"51.40483745764875"	"3.0"	"201.0"	"12770.0"	"0.0"	"0.0"	"45.0"	"3.0"	"Female"	"2011-11-29T00:00:00.000000Z"	"28.0"	"57860.0"	"3.BRONZE"	"1983-06-25T00:00:00.000000Z"	"Trenna"	"Wisniewski"	"Loyalist"
"847859.0"	"Premium Credit Card"	"Unsecured Lending"	"2015-01-28T00:00:00.000000Z"	"6384406445960993683"	""	"0"	"-2347.32"	"5373.79"	"16.0"	"1529.220625"	"2240.478336422734"	"16.0"	"38.266875000000006"	"612.2700000000001"	"3.0"	"200.0"	"13650.0"	"0.0"	"0.0"	"36.0"	"10.0"	"Male"	"2009-07-27T00:00:00.000000Z"	"28.0"	"46230.0"	"2.SILVER"	"1940-06-25T00:00:00.000000Z"	"Arther"	"Lepper"	"Loyalist"
"40349.0"	"Current Account"	"Deposit Account"	"2015-01-28T00:00:00.000000Z"	"7144753230853387422"	""	"0"	"-1325.41"	"5605.68"	"16.0"	"2625.166875"	"2079.0046157707898"	"16.0"	"0.0"	"0.0"	"3.0"	"162.0"	"9830.0"	"0.0"	"0.0"	"34.0"	"7.0"	"Female"	"1997-02-19T00:00:00.000000Z"	"28.0"	"32650.0"	"2.SILVER"	"1963-06-25T00:00:00.000000Z"	"Harlie"	"Darkin"	"Sophisticates"
"162515.0"	"Current Account"	"Deposit Account"	"2015-01-28T00:00:00.000000Z"	"3919266942570491730"	""	"0"	"318.3"	"11184.78"	"16.0"	"3792.53875"	"3161.366036446639"	"16.0"	"0.5"	"8.0"	"1.0"	"181.0"	"7420.0"	"3.0"	"71.52"	"37.0"	"2.0"	"Male"	"2000-02-23T00:00:00.000000Z"	"46.0"	"28070.0"	"2.SILVER"	"1968-07-13T00:00:00.000000Z"	"Yevette"	"Stigger"	"Sophisticates"
"592945.0"	"Standard Credit Card"	"Unsecured Lending"	"2015-01-28T00:00:00.000000Z"	"8488783165802140348"	"2015-12-28T00:00:00.000000Z"	"1"	"-49.31"	"4077.4"	"11.0"	"2244.3363636363633"	"1584.326975515299"	"11.0"	"12.816363636363638"	"140.98000000000002"	"1.0"	"179.0"	"8370.0"	"1.0"	"92.83"	"33.0"	"9.0"	"Male"	"2006-01-22T00:00:00.000000Z"	"28.0"	"28760.0"	"2.SILVER"	"1971-06-25T00:00:00.000000Z"	"Romola"	"Tupman"	"Loyalist"
"61744.0"	"Current Account"	"Deposit Account"	"2015-01-28T00:00:00.000000Z"	"3967696844942065676"	""	"0"	"989.28"	"4790.13"	"16.0"	"2801.91875"	"1081.1233262360345"	"16.0"	"0.5"	"8.0"	"0.0"	"202.0"	"5060.0"	"1.0"	"14.97"	"35.0"	"3.0"	"Female"	"1997-04-12T00:00:00.000000Z"	"39.0"	"17120.0"	"2.SILVER"	"1953-07-06T00:00:00.000000Z"	"Holli"	"Stow"	"Sophisticates"
"1162305.0"	"Current Account"	"Deposit Account"	"2015-01-28T00:00:00.000000Z"	"1636730212998208435"	""	"0"	"283.4"	"1459.34"	"16.0"	"911.9356250000001"	"387.42398349385905"	"16.0"	"1.5"	"24.0"	"1.0"	"186.0"	"1760.0"	"0.0"	"0.0"	"44.0"	"3.0"	"Male"	"2013-08-10T00:00:00.000000Z"	"12.0"	"7310.0"	"3.BRONZE"	"1994-06-09T00:00:00.000000Z"	"Tanney"	"Jessope"	"Emergent"
"207736.0"	"Current Account"	"Deposit Account"	"2015-01-28T00:00:00.000000Z"	"79729963816609899"	""	"0"	"-4466.37"	"8623.02"	"16.0"	"2269.581875"	"3183.848761176152"	"16.0"	"1.5"	"24.0"	"2.0"	"214.0"	"7420.0"	"1.0"	"252.4"	"37.0"	"7.0"	"Female"	"2000-12-04T00:00:00.000000Z"	"8.0"	"25010.0"	"2.SILVER"	"1959-06-05T00:00:00.000000Z"	"Dael"	"Rappa"	"Sophisticates"
"1138853.0"	"Personal Loan"	"Unsecured Lending"	"2015-11-28T00:00:00.000000Z"	"8460601511601378838"	""	"0"	"1627.35"	"2584.65"	"6.0"	"2106.0"	"358.18886163586944"	"6.0"	"1.7797475893694916"	"10.67848553621695"	"3.0"	"220.0"	"5270.0"	"1.0"	"148.88"	"42.0"	"5.0"	"Male"	"2013-06-28T00:00:00.000000Z"	"46.0"	"18590.0"	"2.SILVER"	"1978-07-13T00:00:00.000000Z"	"Maximilian"	"Crews"	"Loyalist"
"1213268.0"	"Standard Credit Card"	"Unsecured Lending"	"2015-03-28T00:00:00.000000Z"	"4002577866724825011"	""	"0"	"-1493.18"	"1775.4"	"14.0"	"533.945"	"950.2570683261694"	"14.0"	"0.37857142857142856"	"5.3"	"2.0"	"223.0"	"2900.0"	"2.0"	"33.38"	"44.0"	"4.0"	"Female"	"2013-11-04T00:00:00.000000Z"	"23.0"	"10340.0"	"2.SILVER"	"1974-06-20T00:00:00.000000Z"	"Gerda"	"Sorsby"	"Traditionalist"
"1188914.0"	"Current Account"	"Deposit Account"	"2015-06-28T00:00:00.000000Z"	"3477501321686554375"	""	"0"	"-47.9"	"17554.73"	"11.0"	"10344.773636363638"	"5032.1399202154"	"11.0"	"0.5"	"5.5"	"1.0"	"164.0"	"26610.0"	"0.0"	"0.0"	"44.0"	"4.0"	"Female"	"2013-10-03T00:00:00.000000Z"	"28.0"	"116870.0"	"3.BRONZE"	"1989-06-25T00:00:00.000000Z"	"Tania"	"Ianniello"	"Loyalist"
"1061039.0"	"Current Account"	"Deposit Account"	"2015-01-28T00:00:00.000000Z"	"679297186808909143"	""	"0"	"-647.12"	"6544.35"	"16.0"	"2295.1781250000004"	"1914.6492490557073"	"16.0"	"2.0"	"32.0"	"0.0"	"184.0"	"6060.0"	"1.0"	"10.27"	"38.0"	"3.0"	"Male"	"2012-09-17T00:00:00.000000Z"	"10.0"	"20690.0"	"2.SILVER"	"1967-06-07T00:00:00.000000Z"	"Moyra"	"McElvine"	"Emergent"
"1161249.0"	"Mortgage"	"Secured Lending"	"2015-06-28T00:00:00.000000Z"	"8728059566095057886"	"2015-06-28T00:00:00.000000Z"	"1"	""	""	""	""	""	""	""	""	"0.0"	"185.0"	"2890.0"	"0.0"	"0.0"	"41.0"	"3.0"	"Female"	"2013-08-09T00:00:00.000000Z"	"28.0"	"10600.0"	"2.SILVER"	"1978-06-25T00:00:00.000000Z"	"Trenna"	"Iacobassi"	"Loyalist"
"196758.0"	"Car Loan"	"Secured Lending"	"2015-03-28T00:00:00.000000Z"	"8169594803587309448"	"2016-03-28T00:00:00.000000Z"	"1"	"1549.48"	"1986.51"	"12.0"	"1767.995"	"143.2485521741842"	"12.0"	"1.1634100725366283"	"13.960920870439539"	"4.0"	"184.0"	"2950.0"	"0.0"	"0.0"	"39.0"	"9.0"	"Female"	"2000-10-04T00:00:00.000000Z"	"5.0"	"10080.0"	"2.SILVER"	"1978-06-02T00:00:00.000000Z"	"Ramsay"	"Pogue"	"Loyalist"
"735516.0"	"Managed Securities"	"Securities"	"2015-01-28T00:00:00.000000Z"	"7358065420118712016"	"2016-02-28T00:00:00.000000Z"	"1"	"-477.35"	"602.15"	"13.0"	"254.86538461538458"	"321.02693595749315"	"13.0"	"13.109230769230768"	"170.42"	"0.0"	"204.0"	"3720.0"	"0.0"	"0.0"	"44.0"	"1.0"	"Female"	"2012-10-24T00:00:00.000000Z"	"28.0"	"12700.0"	"2.SILVER"	"1980-06-25T00:00:00.000000Z"	"Siobhan"	"Potell"	"Loyalist"
"848112.0"	"Current Account"	"Deposit Account"	"2015-01-28T00:00:00.000000Z"	"4552073453109153998"	""	"0"	"-350.14"	"6792.58"	"16.0"	"3344.2787499999995"	"1874.410285018998"	"16.0"	"1.0"	"16.0"	"2.0"	"212.0"	"7850.0"	"2.0"	"109.33000000000001"	"42.0"	"0.0"	"Male"	"2009-07-29T00:00:00.000000Z"	"8.0"	"25360.0"	"2.SILVER"	"1970-06-05T00:00:00.000000Z"	"Clement"	"Sidnall"	"Traditionalist"
"126831.0"	"Premium Credit Card"	"Unsecured Lending"	"2015-01-28T00:00:00.000000Z"	"4212905201389572027"	""	"0"	"-368.47"	"769.99"	"16.0"	"336.7725"	"311.4667498465928"	"16.0"	"24.99625"	"399.94"	"3.0"	"211.0"	"13990.0"	"6.0"	"358.34"	"41.0"	"11.0"	"Female"	"1999-04-08T00:00:00.000000Z"	"28.0"	"46480.0"	"1.GOLD"	"1963-06-25T00:00:00.000000Z"	"Evelyn"	"Otson"	"Loyalist"
"274209.0"	"Current Account"	"Deposit Account"	"2016-01-28T00:00:00.000000Z"	"7192052289871904891"	"2016-01-28T00:00:00.000000Z"	"1"	""	""	""	""	""	""	""	""	"1.0"	"143.0"	"5840.0"	"0.0"	"0.0"	"26.0"	"2.0"	"Female"	"2001-09-24T00:00:00.000000Z"	"28.0"	"25450.0"	"2.SILVER"	"1972-06-25T00:00:00.000000Z"	"Jessica"	"Parmer"	"Loyalist"
"515989.0"	"Savings Account"	"Deposit Account"	"2015-01-28T00:00:00.000000Z"	"5172936944108204344"	""	"0"	"-687.36"	"5568.23"	"16.0"	"1991.58125"	"1998.2342196078184"	"16.0"	""	""	"4.0"	"187.0"	"5650.0"	"1.0"	"47.46"	"43.0"	"4.0"	"Female"	"2005-02-21T00:00:00.000000Z"	"28.0"	"21570.0"	"2.SILVER"	"1976-06-25T00:00:00.000000Z"	"Sioux"	"Deakin"	"Sophisticates"
"129207.0"	"Mortgage"	"Secured Lending"	"2015-01-28T00:00:00.000000Z"	"850243865434734863"	""	"0"	"642885.58"	"676485.88"	"16.0"	"659685.73"	"10664.628339002964"	"16.0"	"48.40339901019209"	"774.4543841630734"	"2.0"	"183.0"	"30040.0"	"4.0"	"161.4"	"41.0"	"8.0"	"Male"	"1999-04-23T00:00:00.000000Z"	"28.0"	"129510.0"	"2.SILVER"	"1971-06-25T00:00:00.000000Z"	"Zorah"	"MacCaig"	"Sophisticates"
"267862.0"	"Standard Credit Card"	"Unsecured Lending"	"2015-01-28T00:00:00.000000Z"	"8994896306757637000"	"2015-09-28T00:00:00.000000Z"	"1"	"-1133.78"	"4164.93"	"8.0"	"1929.5537499999998"	"1870.4831002783174"	"8.0"	"3.3449999999999998"	"26.759999999999998"	"2.0"	"179.0"	"5750.0"	"0.0"	"0.0"	"39.0"	"5.0"	"Female"	"2001-08-10T00:00:00.000000Z"	"28.0"	"19210.0"	"2.SILVER"	"1950-06-25T00:00:00.000000Z"	"Micah"	"Badman"	"Loyalist"
"1251636.0"	"Mortgage"	"Secured Lending"	"2015-06-28T00:00:00.000000Z"	"1772293989431342608"	""	"0"	"33013.47"	"35026.47"	"11.0"	"34019.97"	"667.6365702985348"	"11.0"	"8.737011338955451"	"96.10712472850996"	"1.0"	"203.0"	"6130.0"	"0.0"	"0.0"	"38.0"	"9.0"	"Male"	"2014-04-02T00:00:00.000000Z"	"46.0"	"19390.0"	"2.SILVER"	"1978-07-13T00:00:00.000000Z"	"Frasco"	"Pickrell"	"Loyalist"
"1021142.0"	"Current Account"	"Deposit Account"	"2015-12-28T00:00:00.000000Z"	"6232349474455167568"	"2016-01-28T00:00:00.000000Z"	"1"	"607.59"	"607.59"	"1.0"	"607.59"	""	"1.0"	"0.5"	"0.5"	"3.0"	"177.0"	"5210.0"	"0.0"	"0.0"	"49.0"	"8.0"	"Female"	"2012-06-27T00:00:00.000000Z"	"39.0"	"20670.0"	"2.SILVER"	"1981-07-06T00:00:00.000000Z"	"Nico"	"Torregiani"	"Loyalist"
"1185064.0"	"Current Account"	"Deposit Account"	"2015-01-28T00:00:00.000000Z"	"3189403360663102904"	""	"0"	"-875.39"	"9465.54"	"16.0"	"3803.56125"	"2627.0918393688357"	"16.0"	"2.0"	"32.0"	"1.0"	"206.0"	"11820.0"	"0.0"	"0.0"	"43.0"	"0.0"	"Female"	"2013-09-27T00:00:00.000000Z"	"8.0"	"47300.0"	"2.SILVER"	"1978-06-05T00:00:00.000000Z"	"Ernesta"	"MacCoughan"	"Emergent"
"177849.0"	"Current Account"	"Deposit Account"	"2015-01-28T00:00:00.000000Z"	"6785781334707709540"	""	"0"	"-7.37"	"71.92"	"16.0"	"20.256875"	"19.93092227963038"	"16.0"	"0.5"	"8.0"	"0.0"	"187.0"	"8240.0"	"1.0"	"43.57"	"39.0"	"1.0"	"Female"	"2000-06-02T00:00:00.000000Z"	"28.0"	"28690.0"	"2.SILVER"	"1962-06-25T00:00:00.000000Z"	"Jobyna"	"Chastagnier"	"Emergent"
"303348.0"	"Current Account"	"Deposit Account"	"2015-01-28T00:00:00.000000Z"	"1979994216348534977"	""	"0"	"-145.11"	"381.5"	"16.0"	"160.22375"	"146.48789123450896"	"16.0"	"2.0"	"32.0"	"1.0"	"224.0"	"3710.0"	"0.0"	"0.0"	"43.0"	"3.0"	"Female"	"2001-11-30T00:00:00.000000Z"	"41.0"	"13310.0"	"2.SILVER"	"1968-07-08T00:00:00.000000Z"	"Stefano"	"Rustan"	"Loyalist"
"89035.0"	"Mortgage"	"Secured Lending"	"2015-01-28T00:00:00.000000Z"	"8904090632691409744"	"2015-08-28T00:00:00.000000Z"	"1"	"24963.35"	"27072.95"	"7.0"	"26018.15"	"759.5428098534047"	"7.0"	"8.332378219017398"	"58.32664753312179"	"4.0"	"209.0"	"10190.0"	"0.0"	"0.0"	"34.0"	"4.0"	"Female"	"1998-03-10T00:00:00.000000Z"	"32.0"	"38320.0"	"2.SILVER"	"1965-06-29T00:00:00.000000Z"	"Ronni"	"Alesi"	"Loyalist"
"116183.0"	"Car Loan"	"Secured Lending"	"2015-01-28T00:00:00.000000Z"	"7025134310071816128"	""	"0"	"-5157.79"	"2578.91"	"16.0"	"-1289.44"	"2455.6039699158873"	"16.0"	"4.314740740216424"	"69.03585184346278"	"5.0"	"210.0"	"19610.0"	"5.0"	"3223.4300000000003"	"40.0"	"20.0"	"Male"	"1998-12-23T00:00:00.000000Z"	"28.0"	"66580.0"	"1.GOLD"	"1970-06-25T00:00:00.000000Z"	"Estelle"	"Shoulder"	"Sophisticates"
"844746.0"	"Premium Credit Card"	"Unsecured Lending"	"2015-01-28T00:00:00.000000Z"	"3378470398482021201"	""	"0"	"423.7"	"4271.98"	"16.0"	"1659.5775"	"928.5080799684333"	"16.0"	"5.349375"	"85.59"	"4.0"	"207.0"	"4010.0"	"2.0"	"90.03"	"34.0"	"7.0"	"Female"	"2009-06-17T00:00:00.000000Z"	"40.0"	"16510.0"	"2.SILVER"	"1939-07-07T00:00:00.000000Z"	"Stormi"	"McClements"	"Traditionalist"
"920756.0"	"Car Loan"	"Secured Lending"	"2015-01-28T00:00:00.000000Z"	"981905697047215042"	""	"0"	"-507.32"	"1014.58"	"16.0"	"253.62999999999997"	"483.04621890663833"	"16.0"	"1.1022047141796099"	"17.635275426873758"	"0.0"	"229.0"	"6920.0"	"0.0"	"0.0"	"56.0"	"3.0"	"Male"	"2011-07-22T00:00:00.000000Z"	"41.0"	"26320.0"	"3.BRONZE"	"1988-07-08T00:00:00.000000Z"	"Karin"	"Clinch"	"Emergent"
"487961.0"	"Premium Credit Card"	"Unsecured Lending"	"2015-01-28T00:00:00.000000Z"	"4635193428944829791"	""	"0"	"-1961.04"	"12937.01"	"16.0"	"6000.04"	"4588.830614516077"	"16.0"	"16.713124999999998"	"267.40999999999997"	"4.0"	"236.0"	"8420.0"	"0.0"	"0.0"	"40.0"	"7.0"	"Male"	"2004-08-24T00:00:00.000000Z"	"8.0"	"33100.0"	"2.SILVER"	"1978-06-05T00:00:00.000000Z"	"Briney"	"Thripp"	"Sophisticates"
"803056.0"	"Managed Securities"	"Securities"	"2015-01-28T00:00:00.000000Z"	"9013803738975726625"	""	"0"	"-1304.32"	"15973.22"	"16.0"	"6078.205000000001"	"5064.996405268879"	"16.0"	"10.766250000000001"	"172.26000000000002"	"0.0"	"201.0"	"24620.0"	"1.0"	"72.35"	"35.0"	"2.0"	"Male"	"2008-10-09T00:00:00.000000Z"	"28.0"	"77240.0"	"1.GOLD"	"1959-06-25T00:00:00.000000Z"	"Sallyann"	"Heatlie"	"Loyalist"
"1242088.0"	"Car Loan"	"Secured Lending"	"2015-04-28T00:00:00.000000Z"	"486131236011584331"	"2015-08-28T00:00:00.000000Z"	"1"	"742.87"	"832.0"	"4.0"	"787.435"	"38.35544507194074"	"4.0"	"2.888507085299798"	"11.554028341199192"	"2.0"	"186.0"	"2320.0"	"1.0"	"5.48"	"44.0"	"2.0"	"Female"	"2014-02-05T00:00:00.000000Z"	"3.0"	"8200.0"	"2.SILVER"	"1979-05-31T00:00:00.000000Z"	"Sandie"	"Draye"	"Loyalist"
"370811.0"	"Managed Securities"	"Securities"	"2015-01-28T00:00:00.000000Z"	"2168224556491464669"	"2015-09-28T00:00:00.000000Z"	"1"	"-302.47"	"2814.88"	"8.0"	"978.6724999999999"	"1071.1958560912858"	"8.0"	"9.312499999999998"	"74.49999999999999"	"5.0"	"195.0"	"7480.0"	"2.0"	"133.95000000000002"	"46.0"	"5.0"	"Female"	"2002-07-10T00:00:00.000000Z"	"28.0"	"28740.0"	"2.SILVER"	"1973-06-25T00:00:00.000000Z"	"Sigfried"	"Harriagn"	"Loyalist"
"154804.0"	"Managed Securities"	"Securities"	"2015-01-28T00:00:00.000000Z"	"8971955476768334883"	"2015-02-28T00:00:00.000000Z"	"1"	"2215.5"	"2215.5"	"1.0"	"2215.5"	""	"1.0"	"7.0"	"7.0"	"3.0"	"182.0"	"12540.0"	"2.0"	"284.84000000000003"	"34.0"	"1.0"	"Male"	"2002-12-30T00:00:00.000000Z"	"28.0"	"44560.0"	"2.SILVER"	"1972-06-25T00:00:00.000000Z"	"Thacher"	"Burchett"	"Loyalist"
"905356.0"	"Direct Securities"	"Securities"	"2015-01-28T00:00:00.000000Z"	"1232372583656344194"	""	"0"	"-43.46"	"165.89"	"16.0"	"52.535000000000004"	"60.02134064925019"	"16.0"	"9.420625"	"150.73"	"2.0"	"202.0"	"7710.0"	"1.0"	"33.11"	"52.0"	"1.0"	"Female"	"2011-03-01T00:00:00.000000Z"	"28.0"	"27950.0"	"2.SILVER"	"1979-06-25T00:00:00.000000Z"	"Johann"	"Whild"	"Emergent"
"598896.0"	"Mortgage"	"Secured Lending"	"2015-01-28T00:00:00.000000Z"	"2897370280322904001"	"2015-11-28T00:00:00.000000Z"	"1"	"402849.06"	"410355.6"	"10.0"	"406602.32999999996"	"2525.242054338546"	"10.0"	"8.123273775065345"	"81.23273775065344"	"2.0"	"195.0"	"11170.0"	"3.0"	"264.77"	"51.0"	"6.0"	"Male"	"2006-02-23T00:00:00.000000Z"	"28.0"	"39220.0"	"1.GOLD"	"1981-06-25T00:00:00.000000Z"	"Elora"	"Mairs"	"Traditionalist"
"1043076.0"	"Mortgage"	"Secured Lending"	"2015-02-28T00:00:00.000000Z"	"1133691313907245556"	"2016-03-28T00:00:00.000000Z"	"1"	"107317.66"	"110117.26"	"13.0"	"108717.45999999999"	"908.5729644154524"	"13.0"	"1.1793143844242164"	"15.331086997514815"	"5.0"	"219.0"	"2260.0"	"0.0"	"0.0"	"44.0"	"7.0"	"Male"	"2012-08-03T00:00:00.000000Z"	"3.0"	"8540.0"	"2.SILVER"	"1965-05-31T00:00:00.000000Z"	"Ryun"	"Maxfield"	"Loyalist"
"1118085.0"	"Car Loan"	"Secured Lending"	"2015-02-28T00:00:00.000000Z"	"5433778005028876236"	"2015-02-28T00:00:00.000000Z"	"1"	""	""	""	""	""	""	""	""	"0.0"	"191.0"	"2010.0"	"0.0"	"0.0"	"41.0"	"4.0"	"Male"	"2013-01-15T00:00:00.000000Z"	"41.0"	"7570.0"	"2.SILVER"	"1979-07-08T00:00:00.000000Z"	"Micheil"	"Bendel"	"Loyalist"
"126853.0"	"Personal Loan"	"Unsecured Lending"	"2015-01-28T00:00:00.000000Z"	"601557676362554540"	""	"0"	"-2206.3"	"5147.9"	"16.0"	"1470.8"	"2334.1996866306595"	"16.0"	"13.31830879037179"	"213.09294064594863"	"2.0"	"181.0"	"7850.0"	"1.0"	"108.77"	"41.0"	"8.0"	"Male"	"1999-03-30T00:00:00.000000Z"	"28.0"	"30230.0"	"2.SILVER"	"1970-06-25T00:00:00.000000Z"	"Beckie"	"Cocklin"	"Loyalist"
"440430.0"	"Savings Account"	"Deposit Account"	"2015-01-28T00:00:00.000000Z"	"7255321491705341692"	""	"0"	"-302.62"	"3307.76"	"16.0"	"1166.62"	"960.7812622791239"	"16.0"	""	""	"3.0"	"214.0"	"10410.0"	"2.0"	"90.57"	"29.0"	"6.0"	"Male"	"2003-10-17T00:00:00.000000Z"	"47.0"	"33590.0"	"2.SILVER"	"1960-07-14T00:00:00.000000Z"	"Jillene"	"Petow"	"Sophisticates"
"235225.0"	"Current Account"	"Deposit Account"	"2015-01-28T00:00:00.000000Z"	"7766934077144961470"	""	"0"	"-2477.89"	"6409.84"	"16.0"	"2349.818125"	"2234.160395537792"	"16.0"	"0.5"	"8.0"	"2.0"	"192.0"	"8930.0"	"0.0"	"0.0"	"32.0"	"6.0"	"Female"	"2001-03-30T00:00:00.000000Z"	"35.0"	"28980.0"	"2.SILVER"	"1956-07-02T00:00:00.000000Z"	"Jami"	"Crookston"	"Sophisticates"
"1193622.0"	"Direct Securities"	"Securities"	"2015-01-28T00:00:00.000000Z"	"9086693038936808922"	""	"0"	"-1153.17"	"5041.56"	"16.0"	"2075.4756250000005"	"1862.9700262321944"	"16.0"	"21.72875"	"347.66"	"0.0"	"198.0"	"6750.0"	"1.0"	"22.54"	"49.0"	"6.0"	"Female"	"2013-10-09T00:00:00.000000Z"	"28.0"	"22820.0"	"2.SILVER"	"1976-06-25T00:00:00.000000Z"	"Ronni"	"O'Shevlin"	"Emergent"
"129383.0"	"Standard Credit Card"	"Unsecured Lending"	"2015-04-28T00:00:00.000000Z"	"2870814323791420570"	"2015-04-28T00:00:00.000000Z"	"1"	""	""	""	""	""	""	""	""	"1.0"	"207.0"	"15950.0"	"1.0"	"34.63"	"48.0"	"3.0"	"Male"	"1999-04-26T00:00:00.000000Z"	"8.0"	"57080.0"	"2.SILVER"	"1966-06-05T00:00:00.000000Z"	"Ulrick"	"Frowen"	"Loyalist"
"47477.0"	"Direct Securities"	"Securities"	"2015-01-28T00:00:00.000000Z"	"9195590957791049301"	""	"0"	"-80.87"	"534.5"	"16.0"	"230.08687500000002"	"171.99964727555886"	"16.0"	"13.33625"	"213.38"	"0.0"	"189.0"	"4510.0"	"2.0"	"73.62"	"43.0"	"8.0"	"Female"	"1996-10-21T00:00:00.000000Z"	"46.0"	"14420.0"	"2.SILVER"	"1953-07-13T00:00:00.000000Z"	"Lefty"	"Rippen"	"Sophisticates"
"1066154.0"	"Current Account"	"Deposit Account"	"2015-01-28T00:00:00.000000Z"	"6558572870205587848"	""	"0"	"143.38"	"6814.4"	"16.0"	"3940.7462499999992"	"1781.3909381973588"	"16.0"	"0.5"	"8.0"	"2.0"	"203.0"	"8670.0"	"0.0"	"0.0"	"46.0"	"3.0"	"Female"	"2012-09-24T00:00:00.000000Z"	"11.0"	"27060.0"	"3.BRONZE"	"1992-06-08T00:00:00.000000Z"	"Elton"	"Coning"	"Emergent"
"1234740.0"	"Car Loan"	"Secured Lending"	"2015-10-28T00:00:00.000000Z"	"7926822608654285633"	""	"0"	"2972.15"	"3328.79"	"7.0"	"3150.4700000000003"	"128.40507570445456"	"7.0"	"0.7849577863536028"	"5.494704504475219"	"3.0"	"214.0"	"5650.0"	"0.0"	"0.0"	"45.0"	"5.0"	"Female"	"2013-12-30T00:00:00.000000Z"	"39.0"	"23090.0"	"2.SILVER"	"1982-07-06T00:00:00.000000Z"	"Antonie"	"Ketteman"	"Loyalist"
"1318945.0"	"Current Account"	"Deposit Account"	"2015-12-28T00:00:00.000000Z"	"42344454629954609"	""	"0"	"-590.16"	"3374.2"	"5.0"	"742.798"	"1555.8967305769363"	"5.0"	"2.0"	"10.0"	"4.0"	"169.0"	"8900.0"	"0.0"	"0.0"	"38.0"	"0.0"	"Female"	"2014-09-29T00:00:00.000000Z"	"28.0"	"33090.0"	"2.SILVER"	"1966-06-25T00:00:00.000000Z"	"Madlen"	"Hext"	"Loyalist"
"839235.0"	"Personal Loan"	"Unsecured Lending"	"2015-07-28T00:00:00.000000Z"	"558613117884399050"	""	"0"	"2895.43"	"4384.57"	"10.0"	"3640.0"	"500.9550275889711"	"10.0"	"4.600036477952897"	"46.00036477952897"	"2.0"	"186.0"	"7510.0"	"0.0"	"0.0"	"51.0"	"7.0"	"Female"	"2009-03-24T00:00:00.000000Z"	"39.0"	"23810.0"	"3.BRONZE"	"1984-07-06T00:00:00.000000Z"	"Dwight"	"Van Vuuren"	"Loyalist"
"1003509.0"	"Direct Securities"	"Securities"	"2015-01-28T00:00:00.000000Z"	"8249422672669130024"	"2015-05-28T00:00:00.000000Z"	"1"	"754.04"	"5570.99"	"4.0"	"2469.6325"	"2194.8787548651367"	"4.0"	"7.585"	"30.34"	"1.0"	"214.0"	"8630.0"	"2.0"	"270.27"	"42.0"	"2.0"	"Male"	"2012-01-30T00:00:00.000000Z"	"5.0"	"28060.0"	"2.SILVER"	"1977-06-02T00:00:00.000000Z"	"Humberto"	"Copnall"	"Loyalist"
"475872.0"	"Current Account"	"Deposit Account"	"2015-01-28T00:00:00.000000Z"	"4136287154434533094"	""	"0"	"-1494.15"	"12150.65"	"16.0"	"6051.74"	"3216.48741776284"	"16.0"	"2.0"	"32.0"	"1.0"	"192.0"	"9350.0"	"1.0"	"25.9"	"53.0"	"0.0"	"Female"	"2004-05-24T00:00:00.000000Z"	"28.0"	"31030.0"	"2.SILVER"	"1976-06-25T00:00:00.000000Z"	"Fonsie"	"Konrad"	"Sophisticates"
"782827.0"	"Standard Credit Card"	"Unsecured Lending"	"2015-01-28T00:00:00.000000Z"	"353926817340245362"	""	"0"	"-1751.85"	"3947.19"	"16.0"	"1355.5362499999999"	"1358.1444612601658"	"16.0"	"0.7456250000000001"	"11.930000000000001"	"3.0"	"219.0"	"6690.0"	"0.0"	"0.0"	"40.0"	"4.0"	"Male"	"2008-08-04T00:00:00.000000Z"	"33.0"	"20680.0"	"2.SILVER"	"1964-06-30T00:00:00.000000Z"	"Nalani"	"Brocking"	"Sophisticates"
"175880.0"	"Car Loan"	"Secured Lending"	"2015-01-28T00:00:00.000000Z"	"2941870261200766890"	""	"0"	"-2854.78"	"1903.22"	"16.0"	"-475.78"	"1510.1740650225283"	"16.0"	"13.09107867237443"	"209.45725875799087"	"4.0"	"215.0"	"13620.0"	"5.0"	"386.89"	"41.0"	"16.0"	"Female"	"2000-05-12T00:00:00.000000Z"	"28.0"	"38540.0"	"2.SILVER"	"1960-06-25T00:00:00.000000Z"	"Klara"	"Akid"	"Sophisticates"
"398443.0"	"Savings Account"	"Deposit Account"	"2015-01-28T00:00:00.000000Z"	"1819882960529176100"	""	"0"	"-65.31"	"351.47"	"16.0"	"132.71125"	"112.41586168478777"	"16.0"	""	""	"1.0"	"179.0"	"7980.0"	"2.0"	"105.48"	"29.0"	"9.0"	"Female"	"2002-12-27T00:00:00.000000Z"	"46.0"	"28670.0"	"2.SILVER"	"1928-07-13T00:00:00.000000Z"	"Sallyann"	"Elms"	"Sophisticates"
"456699.0"	"Savings Account"	"Deposit Account"	"2015-01-28T00:00:00.000000Z"	"3422338720232780462"	""	"0"	"-211.19"	"1140.85"	"16.0"	"399.1031249999999"	"344.8298901336474"	"16.0"	""	""	"1.0"	"211.0"	"16570.0"	"0.0"	"0.0"	"39.0"	"6.0"	"Female"	"2004-01-31T00:00:00.000000Z"	"46.0"	"59880.0"	"2.SILVER"	"1967-07-13T00:00:00.000000Z"	"Desmond"	"Chatenet"	"Sophisticates"
"413095.0"	"Managed Securities"	"Securities"	"2015-01-28T00:00:00.000000Z"	"889754570758329561"	""	"0"	"-637.55"	"5796.88"	"16.0"	"2843.1937500000004"	"2194.0579747669235"	"16.0"	"47.31125000000001"	"756.9800000000001"	"9.0"	"194.0"	"10940.0"	"0.0"	"0.0"	"47.0"	"6.0"	"Female"	"2003-03-31T00:00:00.000000Z"	"28.0"	"38190.0"	"2.SILVER"	"1964-06-25T00:00:00.000000Z"	"Alena"	"Struijs"	"Loyalist"
"1118921.0"	"Car Loan"	"Secured Lending"	"2015-01-28T00:00:00.000000Z"	"1920130222771575382"	""	"0"	"-146.22"	"2046.63"	"16.0"	"950.205"	"696.003614645786"	"16.0"	"9.466150283003685"	"151.45840452805896"	"5.0"	"206.0"	"5910.0"	"1.0"	"7.3"	"45.0"	"9.0"	"Female"	"2013-01-22T00:00:00.000000Z"	"12.0"	"23090.0"	"2.SILVER"	"1975-06-09T00:00:00.000000Z"	"Matilde"	"Rushforth"	"Sophisticates"
"79619.0"	"Savings Account"	"Deposit Account"	"2015-01-28T00:00:00.000000Z"	"1730156101897167488"	""	"0"	"-81.67"	"715.58"	"16.0"	"393.99312499999996"	"240.32819023767618"	"16.0"	""	""	"1.0"	"213.0"	"5950.0"	"0.0"	"0.0"	"41.0"	"6.0"	"Female"	"1997-12-15T00:00:00.000000Z"	"38.0"	"20950.0"	"2.SILVER"	"1969-07-05T00:00:00.000000Z"	"Theresina"	"Opfer"	"Sophisticates"
"1429242.0"	"Current Account"	"Deposit Account"	"2015-09-28T00:00:00.000000Z"	"4659635083497737650"	""	"0"	"-206.56"	"1667.02"	"8.0"	"902.7775"	"594.835008738918"	"8.0"	"0.5"	"4.0"	"1.0"	"93.0"	"2570.0"	"0.0"	"0.0"	"23.0"	"1.0"	"Male"	"2015-08-05T00:00:00.000000Z"	"24.0"	"16950.0"	"3.BRONZE"	"1995-06-21T00:00:00.000000Z"	"Margy"	"Gaye"	"Emergent"
"712108.0"	"Mortgage"	"Secured Lending"	"2015-01-28T00:00:00.000000Z"	"5515932690812930235"	""	"0"	"76319.14"	"87018.04"	"16.0"	"81668.58999999997"	"3395.796827294963"	"16.0"	"15.447936961535198"	"247.16699138456318"	"1.0"	"216.0"	"7770.0"	"3.0"	"143.56"	"36.0"	"12.0"	"Female"	"2007-08-17T00:00:00.000000Z"	"28.0"	"26720.0"	"2.SILVER"	"1948-06-25T00:00:00.000000Z"	"Ramsay"	"Bernhardi"	"Sophisticates"
"17601.0"	"Managed Securities"	"Securities"	"2015-01-28T00:00:00.000000Z"	"3645612116179727452"	""	"0"	"-5903.23"	"30398.56"	"16.0"	"13661.419375000001"	"8732.53073838695"	"16.0"	"11.47125"	"183.54"	"3.0"	"194.0"	"17350.0"	"2.0"	"206.36"	"41.0"	"8.0"	"Male"	"2003-05-28T00:00:00.000000Z"	"28.0"	"56840.0"	"2.SILVER"	"1954-06-25T00:00:00.000000Z"	"Dirk"	"Crews"	"Sophisticates"
"109704.0"	"Standard Credit Card"	"Unsecured Lending"	"2015-05-28T00:00:00.000000Z"	"4095253330090388421"	"2015-07-28T00:00:00.000000Z"	"1"	"563.92"	"1002.52"	"2.0"	"783.22"	"310.13703422841974"	"2.0"	"7.28"	"14.56"	"2.0"	"210.0"	"5490.0"	"1.0"	"18.74"	"29.0"	"3.0"	"Male"	"1998-10-29T00:00:00.000000Z"	"28.0"	"19650.0"	"2.SILVER"	"1948-06-25T00:00:00.000000Z"	"Odette"	"Jaher"	"Loyalist"
"215854.0"	"Car Loan"	"Secured Lending"	"2015-01-28T00:00:00.000000Z"	"3717862869747338478"	""	"0"	"-435.92"	"653.83"	"16.0"	"108.95500000000001"	"345.88318355575876"	"16.0"	"11.315440207001823"	"181.04704331202916"	"1.0"	"202.0"	"5520.0"	"3.0"	"10.079999999999998"	"44.0"	"11.0"	"Female"	"2001-01-17T00:00:00.000000Z"	"50.0"	"21140.0"	"1.GOLD"	"1970-07-17T00:00:00.000000Z"	"Barrie"	"Gwyneth"	"Loyalist"
"35113.0"	"Personal Loan"	"Unsecured Lending"	"2015-01-28T00:00:00.000000Z"	"954689875883855514"	""	"0"	"-16384.47"	"1170.33"	"16.0"	"-7607.07"	"5571.837678994846"	"16.0"	"83.4157770614431"	"1334.6524329830895"	"1.0"	"214.0"	"23910.0"	"1.0"	"196.97"	"44.0"	"10.0"	"Female"	"1997-03-24T00:00:00.000000Z"	"28.0"	"90160.0"	"2.SILVER"	"1966-06-25T00:00:00.000000Z"	"Holly"	"Schaben"	"Sophisticates"
"989737.0"	"Mortgage"	"Secured Lending"	"2015-01-28T00:00:00.000000Z"	"4273586574076322630"	""	"0"	"435794.76"	"450321.21"	"16.0"	"443057.98500000004"	"4610.64902203581"	"16.0"	"1.572046821840157"	"25.152749149442513"	"2.0"	"197.0"	"13410.0"	"4.0"	"287.25"	"43.0"	"9.0"	"Male"	"2011-12-05T00:00:00.000000Z"	"28.0"	"42950.0"	"2.SILVER"	"1972-06-25T00:00:00.000000Z"	"Steffie"	"Rapinett"	"Sophisticates"
"102961.0"	"Savings Account"	"Deposit Account"	"2015-01-28T00:00:00.000000Z"	"6990888456576673537"	""	"0"	"-17.05"	"695.13"	"16.0"	"319.435"	"196.63617371514664"	"16.0"	""	""	"0.0"	"189.0"	"13660.0"	"0.0"	"0.0"	"44.0"	"5.0"	"Female"	"1998-07-28T00:00:00.000000Z"	"28.0"	"47620.0"	"2.SILVER"	"1971-06-25T00:00:00.000000Z"	"Arni"	"O'Loughnan"	"Sophisticates"
"146136.0"	"Current Account"	"Deposit Account"	"2015-01-28T00:00:00.000000Z"	"8480491072023627568"	""	"0"	"484.72"	"2945.03"	"15.0"	"1372.1087499999999"	"744.2503084032505"	"16.0"	"0.0"	"0.0"	"0.0"	"211.0"	"2790.0"	"2.0"	"17.81"	"45.0"	"4.0"	"Female"	"1999-10-18T00:00:00.000000Z"	"29.0"	"10960.0"	"2.SILVER"	"1965-06-26T00:00:00.000000Z"	"Lois"	"Shields"	"Sophisticates"
"389071.0"	"Current Account"	"Deposit Account"	"2015-01-28T00:00:00.000000Z"	"6500009270871950199"	""	"0"	"-1575.15"	"3538.58"	"16.0"	"1336.586875"	"1178.3805439767395"	"16.0"	"0.0"	"0.0"	"0.0"	"198.0"	"5870.0"	"1.0"	"22.89"	"52.0"	"2.0"	"Female"	"2002-11-04T00:00:00.000000Z"	"45.0"	"20150.0"	"2.SILVER"	"1974-07-12T00:00:00.000000Z"	"Tandi"	"Opfer"	"Traditionalist"
"238481.0"	"Premium Credit Card"	"Unsecured Lending"	"2015-01-28T00:00:00.000000Z"	"3679087467036099461"	""	"0"	"54.58"	"3175.97"	"16.0"	"1619.96125"	"1008.0287368117703"	"16.0"	"20.435625"	"326.97"	"3.0"	"168.0"	"18750.0"	"3.0"	"650.8199999999999"	"40.0"	"16.0"	"Male"	"2001-04-09T00:00:00.000000Z"	"28.0"	"63390.0"	"1.GOLD"	"1970-06-25T00:00:00.000000Z"	"Lorain"	"Dilliway"	"Traditionalist"
"781672.0"	"Current Account"	"Deposit Account"	"2015-01-28T00:00:00.000000Z"	"6562848935362537880"	"2016-04-28T00:00:00.000000Z"	"1"	"-959.73"	"8441.23"	"15.0"	"3017.069333333333"	"2260.4696968375733"	"15.0"	"1.5"	"22.5"	"3.0"	"187.0"	"9110.0"	"0.0"	"0.0"	"38.0"	"6.0"	"Male"	"2008-07-28T00:00:00.000000Z"	"46.0"	"32240.0"	"2.SILVER"	"1967-07-13T00:00:00.000000Z"	"Tadeas"	"Konrad"	"Sophisticates"
"275012.0"	"Current Account"	"Deposit Account"	"2015-01-28T00:00:00.000000Z"	"8474507496214874604"	""	"0"	"-494.53"	"6160.75"	"16.0"	"3399.346875"	"2104.738816096409"	"16.0"	"1.5"	"24.0"	"4.0"	"196.0"	"13210.0"	"1.0"	"116.18"	"37.0"	"7.0"	"Female"	"2001-09-26T00:00:00.000000Z"	"46.0"	"49340.0"	"2.SILVER"	"1942-07-13T00:00:00.000000Z"	"Marilee"	"Galpen"	"Sophisticates"
"330045.0"	"Personal Loan"	"Unsecured Lending"	"2015-01-28T00:00:00.000000Z"	"2249251698512693891"	"2015-05-28T00:00:00.000000Z"	"1"	"1725.07"	"2587.57"	"4.0"	"2156.32"	"371.1609040115443"	"4.0"	"28.939410132054444"	"115.75764052821778"	"0.0"	"200.0"	"10430.0"	"0.0"	"0.0"	"39.0"	"4.0"	"Female"	"2002-02-12T00:00:00.000000Z"	"28.0"	"40160.0"	"2.SILVER"	"1982-06-25T00:00:00.000000Z"	"Simmonds"	"Portchmouth"	"Loyalist"
"372659.0"	"Mortgage"	"Secured Lending"	"2015-01-28T00:00:00.000000Z"	"3883867259823974190"	""	"0"	"77768.44"	"82907.29"	"16.0"	"80337.865"	"1631.054643556339"	"16.0"	"2.8626318497936603"	"45.802109596698564"	"2.0"	"214.0"	"8670.0"	"1.0"	"26.88"	"40.0"	"7.0"	"Male"	"2002-07-16T00:00:00.000000Z"	"28.0"	"29160.0"	"2.SILVER"	"1958-06-25T00:00:00.000000Z"	"Manolo"	"Pottinger"	"Sophisticates"
"63581.0"	"Current Account"	"Deposit Account"	"2015-01-28T00:00:00.000000Z"	"3965665591066520287"	""	"0"	"-455.34"	"1927.8"	"16.0"	"634.8531249999999"	"645.8252665514489"	"16.0"	"0.5"	"8.0"	"0.0"	"231.0"	"17020.0"	"0.0"	"0.0"	"46.0"	"5.0"	"Female"	"1997-05-09T00:00:00.000000Z"	"28.0"	"52580.0"	"2.SILVER"	"1966-06-25T00:00:00.000000Z"	"Lincoln"	"Seavers"	"Sophisticates"
"260173.0"	"Premium Credit Card"	"Unsecured Lending"	"2015-01-28T00:00:00.000000Z"	"3095680839063374101"	""	"0"	"-8.15"	"7039.52"	"16.0"	"3207.5025000000005"	"2217.2423267578733"	"16.0"	"20.20125"	"323.22"	"4.0"	"199.0"	"16040.0"	"6.0"	"659.98"	"44.0"	"7.0"	"Male"	"2001-07-09T00:00:00.000000Z"	"28.0"	"57000.0"	"1.GOLD"	"1964-06-25T00:00:00.000000Z"	"Amery"	"Vaz"	"Sophisticates"
"179213.0"	"Savings Account"	"Deposit Account"	"2015-01-28T00:00:00.000000Z"	"5698486610983264711"	""	"0"	"-1126.17"	"6054.58"	"16.0"	"1811.1900000000005"	"1674.266084699004"	"16.0"	""	""	"3.0"	"188.0"	"6080.0"	"0.0"	"0.0"	"35.0"	"21.0"	"Male"	"2000-06-20T00:00:00.000000Z"	"33.0"	"20910.0"	"1.GOLD"	"1966-06-30T00:00:00.000000Z"	"Yves"	"Baggott"	"Sophisticates"
"367214.0"	"Savings Account"	"Deposit Account"	"2015-01-28T00:00:00.000000Z"	"1086763139816181912"	""	"0"	"-3071.86"	"6851.45"	"16.0"	"3156.616875"	"2598.6664073885254"	"16.0"	""	""	"2.0"	"183.0"	"8750.0"	"0.0"	"0.0"	"44.0"	"4.0"	"Male"	"2002-07-01T00:00:00.000000Z"	"41.0"	"29400.0"	"1.GOLD"	"1967-07-08T00:00:00.000000Z"	"Melinde"	"Kenefick"	"Sophisticates"
"534502.0"	"Savings Account"	"Deposit Account"	"2015-01-28T00:00:00.000000Z"	"8971709427602763264"	""	"0"	"51.09"	"587.62"	"16.0"	"258.173125"	"147.21575761304675"	"16.0"	""	""	"2.0"	"215.0"	"12990.0"	"3.0"	"216.25"	"35.0"	"3.0"	"Female"	"2005-05-26T00:00:00.000000Z"	"28.0"	"45820.0"	"2.SILVER"	"1959-06-25T00:00:00.000000Z"	"Joye"	"Ruddoch"	"Sophisticates"
"84701.0"	"Standard Credit Card"	"Unsecured Lending"	"2015-01-28T00:00:00.000000Z"	"1710550132470363800"	""	"0"	"2830.92"	"20550.58"	"16.0"	"11111.0975"	"4771.882125022929"	"16.0"	"7.6118749999999995"	"121.78999999999999"	"1.0"	"189.0"	"13380.0"	"1.0"	"10.78"	"42.0"	"7.0"	"Male"	"1998-02-04T00:00:00.000000Z"	"8.0"	"43840.0"	"2.SILVER"	"1964-06-05T00:00:00.000000Z"	"Oralee"	"McReedy"	"Sophisticates"
"736000.0"	"Current Account"	"Deposit Account"	"2015-01-28T00:00:00.000000Z"	"9095272979996591222"	""	"0"	"-439.76"	"1774.43"	"16.0"	"757.6393750000002"	"607.5604684799558"	"16.0"	"1.0"	"16.0"	"2.0"	"201.0"	"25930.0"	"0.0"	"0.0"	"45.0"	"4.0"	"Female"	"2007-12-04T00:00:00.000000Z"	"28.0"	"85650.0"	"3.BRONZE"	"1990-06-25T00:00:00.000000Z"	"Lynette"	"Seagar"	"Sophisticates"
"376960.0"	"Managed Securities"	"Securities"	"2015-01-28T00:00:00.000000Z"	"2057972907755124041"	"2015-01-28T00:00:00.000000Z"	"1"	""	""	""	""	""	""	""	""	"0.0"	"167.0"	"7260.0"	"0.0"	"0.0"	"42.0"	"1.0"	"Female"	"2002-08-02T00:00:00.000000Z"	"28.0"	"26300.0"	"2.SILVER"	"1972-06-25T00:00:00.000000Z"	"Karie"	"Castles"	"Loyalist"
"827201.0"	"Premium Credit Card"	"Unsecured Lending"	"2015-01-28T00:00:00.000000Z"	"7396786262306776791"	"2016-04-28T00:00:00.000000Z"	"1"	"-200.59"	"555.87"	"15.0"	"165.09600000000003"	"215.39572352168133"	"15.0"	"9.750666666666667"	"146.26000000000002"	"2.0"	"198.0"	"4420.0"	"2.0"	"67.81"	"29.0"	"6.0"	"Female"	"2009-01-19T00:00:00.000000Z"	"25.0"	"17600.0"	"2.SILVER"	"1956-06-22T00:00:00.000000Z"	"Dena"	"Baffin"	"Loyalist"
"1399300.0"	"Current Account"	"Deposit Account"	"2015-06-28T00:00:00.000000Z"	"8886280037827756191"	""	"0"	"208.53"	"2180.18"	"11.0"	"1208.5536363636365"	"694.1055930515575"	"11.0"	"0.5"	"5.5"	"1.0"	"103.0"	"3950.0"	"0.0"	"0.0"	"37.0"	"0.0"	"Female"	"2015-05-28T00:00:00.000000Z"	"36.0"	"22380.0"	"2.SILVER"	"1966-07-03T00:00:00.000000Z"	"Kaia"	"Tommasi"	"Emergent"
"628651.0"	"Standard Credit Card"	"Unsecured Lending"	"2015-01-28T00:00:00.000000Z"	"4085382878474755542"	""	"0"	"325.27"	"1264.51"	"16.0"	"728.6168750000002"	"282.3992040762804"	"16.0"	"4.9325"	"78.92"	"1.0"	"205.0"	"3290.0"	"1.0"	"22.56"	"38.0"	"7.0"	"Female"	"2006-07-20T00:00:00.000000Z"	"50.0"	"14180.0"	"2.SILVER"	"1959-07-17T00:00:00.000000Z"	"Lulita"	"Betjeman"	"Sophisticates"
"160865.0"	"Current Account"	"Deposit Account"	"2015-12-28T00:00:00.000000Z"	"5468593734388443020"	"2015-12-28T00:00:00.000000Z"	"1"	""	""	""	""	""	""	""	""	"7.0"	"202.0"	"16770.0"	"2.0"	"581.57"	"38.0"	"9.0"	"Female"	"2000-02-29T00:00:00.000000Z"	"17.0"	"58220.0"	"2.SILVER"	"1964-06-14T00:00:00.000000Z"	"Daphene"	"Pottinger"	"Loyalist"
"87055.0"	"Standard Credit Card"	"Unsecured Lending"	"2015-01-28T00:00:00.000000Z"	"6342493553289793423"	""	"0"	"-146.51"	"226.24"	"16.0"	"84.15312500000002"	"106.98901412255684"	"16.0"	"1.9325"	"30.92"	"5.0"	"195.0"	"18070.0"	"1.0"	"20.29"	"40.0"	"7.0"	"Male"	"1998-02-25T00:00:00.000000Z"	"28.0"	"63830.0"	"2.SILVER"	"1969-06-25T00:00:00.000000Z"	"Panchito"	"Gelland"	"Sophisticates"
"220254.0"	"Car Loan"	"Secured Lending"	"2015-02-28T00:00:00.000000Z"	"7620202374196525501"	""	"0"	"-1065.39"	"6392.55"	"15.0"	"2663.5800000000004"	"2382.3515445878256"	"15.0"	"47.56593326306043"	"713.4889989459065"	"2.0"	"188.0"	"22620.0"	"3.0"	"377.61"	"39.0"	"7.0"	"Male"	"2001-02-05T00:00:00.000000Z"	"41.0"	"77360.0"	"3.BRONZE"	"1968-07-08T00:00:00.000000Z"	"Mariquilla"	"Kersley"	"Sophisticates"
"720281.0"	"Car Loan"	"Secured Lending"	"2015-10-28T00:00:00.000000Z"	"5872166620546761959"	""	"0"	"2273.03"	"2841.29"	"7.0"	"2557.16"	"204.59698384873613"	"7.0"	"1.1020719601632638"	"7.714503721142847"	"1.0"	"189.0"	"3830.0"	"0.0"	"0.0"	"42.0"	"2.0"	"Female"	"2007-09-22T00:00:00.000000Z"	"29.0"	"15210.0"	"2.SILVER"	"1982-06-26T00:00:00.000000Z"	"Malory"	"Crookston"	"Loyalist"
"522072.0"	"Personal Loan"	"Unsecured Lending"	"2015-01-28T00:00:00.000000Z"	"7848306495375400821"	""	"0"	"-446.22"	"583.68"	"16.0"	"68.72999999999998"	"326.88698393583473"	"16.0"	"5.37268226937782"	"85.96291631004512"	"5.0"	"212.0"	"4790.0"	"1.0"	"7.86"	"44.0"	"11.0"	"Female"	"2005-03-09T00:00:00.000000Z"	"28.0"	"16490.0"	"2.SILVER"	"1973-06-25T00:00:00.000000Z"	"Tate"	"Leonarde"	"Sophisticates"
"613053.0"	"Standard Credit Card"	"Unsecured Lending"	"2015-03-28T00:00:00.000000Z"	"8003808884725722816"	"2015-03-28T00:00:00.000000Z"	"1"	""	""	""	""	""	""	""	""	"2.0"	"203.0"	"2880.0"	"1.0"	"54.33"	"50.0"	"1.0"	"Male"	"2006-05-13T00:00:00.000000Z"	"29.0"	"10000.0"	"2.SILVER"	"1976-06-26T00:00:00.000000Z"	"Mareah"	"Antoniutti"	"Loyalist"
"660936.0"	"Current Account"	"Deposit Account"	"2015-01-28T00:00:00.000000Z"	"6680746865436170717"	""	"0"	"-12.41"	"27.23"	"16.0"	"7.908125"	"10.921633100563914"	"16.0"	"0.5"	"8.0"	"3.0"	"199.0"	"3380.0"	"1.0"	"7.83"	"48.0"	"2.0"	"Female"	"2006-12-02T00:00:00.000000Z"	"29.0"	"11300.0"	"2.SILVER"	"1975-06-26T00:00:00.000000Z"	"Denni"	"Hansford"	"Traditionalist"
"600524.0"	"Savings Account"	"Deposit Account"	"2016-02-28T00:00:00.000000Z"	"1753648580609430323"	""	"0"	"-32.47"	"1298.86"	"3.0"	"754.8433333333332"	"698.2154704912613"	"3.0"	""	""	"3.0"	"186.0"	"2990.0"	"0.0"	"0.0"	"49.0"	"10.0"	"Female"	"2006-03-04T00:00:00.000000Z"	"25.0"	"11090.0"	"2.SILVER"	"1976-06-22T00:00:00.000000Z"	"Aleen"	"Aspell"	"Loyalist"
"168213.0"	"Savings Account"	"Deposit Account"	"2015-01-28T00:00:00.000000Z"	"5668308284275318963"	""	"0"	"-534.49"	"4601.9"	"16.0"	"2014.6662500000002"	"1579.476967441543"	"16.0"	""	""	"2.0"	"207.0"	"10120.0"	"2.0"	"109.43"	"41.0"	"8.0"	"Female"	"2000-03-21T00:00:00.000000Z"	"8.0"	"35160.0"	"2.SILVER"	"1970-06-05T00:00:00.000000Z"	"Olag"	"Lyttle"	"Sophisticates"
"191555.0"	"Personal Loan"	"Unsecured Lending"	"2015-01-28T00:00:00.000000Z"	"6247446213950782303"	""	"0"	"6006.94"	"13841.74"	"16.0"	"9924.339999999998"	"2486.740597864335"	"16.0"	"29.703732935647864"	"475.2597269703658"	"5.0"	"215.0"	"10170.0"	"3.0"	"53.71"	"48.0"	"11.0"	"Male"	"2000-09-11T00:00:00.000000Z"	"41.0"	"35930.0"	"2.SILVER"	"1974-07-08T00:00:00.000000Z"	"Jolie"	"Wanell"	"Sophisticates"
"1013574.0"	"Current Account"	"Deposit Account"	"2015-01-28T00:00:00.000000Z"	"811382164933778911"	""	"0"	"-212.99"	"6643.89"	"16.0"	"2772.778125"	"1982.984931296651"	"16.0"	"1.0"	"16.0"	"1.0"	"202.0"	"3690.0"	"0.0"	"0.0"	"49.0"	"4.0"	"Male"	"2012-04-26T00:00:00.000000Z"	"33.0"	"13160.0"	"3.BRONZE"	"1991-06-30T00:00:00.000000Z"	"Saxon"	"Iacobassi"	"Emergent"
"172492.0"	"Current Account"	"Deposit Account"	"2015-01-28T00:00:00.000000Z"	"6138171826481416892"	"2015-02-28T00:00:00.000000Z"	"1"	"2689.96"	"2689.96"	"1.0"	"2689.96"	""	"1.0"	"1.0"	"1.0"	"1.0"	"192.0"	"9510.0"	"1.0"	"78.61"	"42.0"	"14.0"	"Female"	"2000-04-13T00:00:00.000000Z"	"8.0"	"34560.0"	"2.SILVER"	"1949-06-05T00:00:00.000000Z"	"Oberon"	"Buesnel"	"Loyalist"
"368556.0"	"Current Account"	"Deposit Account"	"2015-01-28T00:00:00.000000Z"	"783960014804577266"	""	"0"	"-718.48"	"3061.46"	"16.0"	"948.7049999999999"	"1023.7717550639238"	"16.0"	"1.5"	"24.0"	"1.0"	"215.0"	"7860.0"	"0.0"	"0.0"	"42.0"	"5.0"	"Female"	"2002-07-04T00:00:00.000000Z"	"29.0"	"25690.0"	"2.SILVER"	"1974-06-26T00:00:00.000000Z"	"Cristine"	"Welch"	"Emergent"
"938136.0"	"Personal Loan"	"Unsecured Lending"	"2015-11-28T00:00:00.000000Z"	"899751314841193613"	""	"0"	"17911.48"	"30705.38"	"6.0"	"24308.429999999997"	"4787.0390440647125"	"6.0"	"54.26170941185652"	"325.57025647113915"	"1.0"	"193.0"	"30730.0"	"1.0"	"9.05"	"51.0"	"3.0"	"Female"	"2011-09-02T00:00:00.000000Z"	"28.0"	"181870.0"	"3.BRONZE"	"1991-06-25T00:00:00.000000Z"	"Darcee"	"Bertwistle"	"Loyalist"
"77947.0"	"Managed Securities"	"Securities"	"2015-01-28T00:00:00.000000Z"	"4445670094373276479"	"2016-03-28T00:00:00.000000Z"	"1"	"-1423.39"	"13421.79"	"14.0"	"5740.294999999999"	"5105.111451942063"	"14.0"	"26.758571428571432"	"374.62000000000006"	"1.0"	"153.0"	"9410.0"	"1.0"	"77.18"	"42.0"	"7.0"	"Female"	"1997-12-01T00:00:00.000000Z"	"28.0"	"37990.0"	"1.GOLD"	"1970-06-25T00:00:00.000000Z"	"Lee"	"Medlicott"	"Sophisticates"
"206801.0"	"Current Account"	"Deposit Account"	"2015-01-28T00:00:00.000000Z"	"7585494052563642308"	""	"0"	"-113.78"	"1942.53"	"16.0"	"988.3500000000001"	"661.2240524764153"	"16.0"	"1.0"	"16.0"	"3.0"	"202.0"	"5800.0"	"3.0"	"92.06"	"32.0"	"12.0"	"Male"	"2000-11-28T00:00:00.000000Z"	"46.0"	"21790.0"	"2.SILVER"	"1925-07-13T00:00:00.000000Z"	"Brittni"	"Ianniello"	"Traditionalist"
"359679.0"	"Personal Loan"	"Unsecured Lending"	"2015-01-28T00:00:00.000000Z"	"78735670201768057"	"2015-11-28T00:00:00.000000Z"	"1"	"2409.55"	"3764.95"	"10.0"	"3087.25"	"455.964143327082"	"10.0"	"20.17825221244357"	"201.7825221244357"	"1.0"	"176.0"	"9180.0"	"0.0"	"0.0"	"44.0"	"4.0"	"Male"	"2002-05-17T00:00:00.000000Z"	"28.0"	"32390.0"	"3.BRONZE"	"1986-06-25T00:00:00.000000Z"	"Bridgette"	"Keemer"	"Loyalist"
"53087.0"	"Personal Loan"	"Unsecured Lending"	"2015-01-28T00:00:00.000000Z"	"48980717056588666"	"2015-05-28T00:00:00.000000Z"	"1"	"-293.5"	"293.48"	"4.0"	"-0.009999999999990905"	"252.59597383964774"	"4.0"	"64.3847322451692"	"257.5389289806768"	"1.0"	"198.0"	"30530.0"	"0.0"	"0.0"	"48.0"	"8.0"	"Male"	"1996-12-30T00:00:00.000000Z"	"28.0"	"109390.0"	"2.SILVER"	"1971-06-25T00:00:00.000000Z"	"Gan"	"Fratson"	"Loyalist"
"36609.0"	"Personal Loan"	"Unsecured Lending"	"2015-01-28T00:00:00.000000Z"	"9107897790736684772"	""	"0"	"303.11"	"1060.91"	"16.0"	"682.01"	"240.52330947332334"	"16.0"	"4.948193955485989"	"79.17110328777582"	"7.0"	"207.0"	"5150.0"	"4.0"	"140.6"	"41.0"	"13.0"	"Female"	"1996-04-11T00:00:00.000000Z"	"46.0"	"19160.0"	"1.GOLD"	"1952-07-13T00:00:00.000000Z"	"Katya"	"Cordery"	"Traditionalist"
"912847.0"	"Mortgage"	"Secured Lending"	"2015-10-28T00:00:00.000000Z"	"8612465879792356297"	""	"0"	"13268.87"	"14330.39"	"7.0"	"13799.630000000001"	"382.19088145410586"	"7.0"	"11.050555229837256"	"77.35388660886079"	"0.0"	"194.0"	"4030.0"	"2.0"	"17.15"	"34.0"	"8.0"	"Female"	"2011-05-16T00:00:00.000000Z"	"16.0"	"14830.0"	"2.SILVER"	"1969-06-13T00:00:00.000000Z"	"Georg"	"Curner"	"Sophisticates"
"184053.0"	"Personal Loan"	"Unsecured Lending"	"2015-01-28T00:00:00.000000Z"	"7495272308853007716"	""	"0"	"370.72"	"988.42"	"16.0"	"679.5699999999999"	"196.05601512492953"	"16.0"	"12.742560221111365"	"203.88096353778184"	"5.0"	"197.0"	"7300.0"	"0.0"	"0.0"	"37.0"	"4.0"	"Female"	"2006-10-30T00:00:00.000000Z"	"45.0"	"21620.0"	"2.SILVER"	"1965-07-12T00:00:00.000000Z"	"Edwin"	"Parkman"	"Sophisticates"
"1252945.0"	"Current Account"	"Deposit Account"	"2015-12-28T00:00:00.000000Z"	"7893835281486328699"	""	"0"	"1406.2"	"5910.54"	"5.0"	"3490.7940000000003"	"1928.4383021709561"	"5.0"	"2.0"	"10.0"	"0.0"	"210.0"	"7890.0"	"0.0"	"0.0"	"49.0"	"2.0"	"Male"	"2014-04-09T00:00:00.000000Z"	"36.0"	"32090.0"	"2.SILVER"	"1980-07-03T00:00:00.000000Z"	"Tabby"	"Mairs"	"Loyalist"
"134344.0"	"Current Account"	"Deposit Account"	"2015-01-28T00:00:00.000000Z"	"7270622000296194340"	""	"0"	"-811.89"	"2270.21"	"16.0"	"956.095"	"916.6971242309716"	"16.0"	"0.5"	"8.0"	"4.0"	"206.0"	"4430.0"	"0.0"	"0.0"	"34.0"	"12.0"	"Male"	"2004-05-31T00:00:00.000000Z"	"28.0"	"16500.0"	"2.SILVER"	"1932-06-25T00:00:00.000000Z"	"Alisha"	"Renahan"	"Sophisticates"
"705607.0"	"Direct Securities"	"Securities"	"2015-01-28T00:00:00.000000Z"	"8393094907115598333"	""	"0"	"328.26"	"2749.58"	"16.0"	"1382.3987499999998"	"643.6626937755002"	"16.0"	"31.129375"	"498.07"	"3.0"	"199.0"	"8210.0"	"0.0"	"0.0"	"45.0"	"4.0"	"Female"	"2007-07-24T00:00:00.000000Z"	"28.0"	"26720.0"	"2.SILVER"	"1978-06-25T00:00:00.000000Z"	"Antonie"	"Purse"	"Emergent"
"347040.0"	"Managed Securities"	"Securities"	"2015-04-28T00:00:00.000000Z"	"5976139014939998256"	""	"0"	"-1716.61"	"4367.14"	"13.0"	"1811.0030769230766"	"1742.3234317302888"	"13.0"	"14.416923076923078"	"187.42000000000002"	"1.0"	"199.0"	"7590.0"	"2.0"	"40.87"	"41.0"	"8.0"	"Male"	"2002-04-03T00:00:00.000000Z"	"28.0"	"28370.0"	"1.GOLD"	"1962-06-25T00:00:00.000000Z"	"Edmon"	"Stonebanks"	"Sophisticates"
"244102.0"	"Current Account"	"Deposit Account"	"2015-01-28T00:00:00.000000Z"	"2261648254813521949"	""	"0"	"272.59"	"4923.19"	"16.0"	"1723.5362499999999"	"1283.769492195412"	"16.0"	"0.5"	"8.0"	"1.0"	"213.0"	"13170.0"	"2.0"	"246.17"	"43.0"	"6.0"	"Female"	"2001-05-07T00:00:00.000000Z"	"39.0"	"52110.0"	"2.SILVER"	"1960-07-06T00:00:00.000000Z"	"Kippie"	"Kelle"	"Loyalist"
"155948.0"	"Savings Account"	"Deposit Account"	"2015-01-28T00:00:00.000000Z"	"3127905141029692257"	"2015-04-28T00:00:00.000000Z"	"1"	"4410.14"	"4824.88"	"3.0"	"4642.883333333334"	"211.97578879044943"	"3.0"	""	""	"0.0"	"229.0"	"10690.0"	"0.0"	"0.0"	"40.0"	"4.0"	"Female"	"2000-01-12T00:00:00.000000Z"	"28.0"	"35950.0"	"2.SILVER"	"1959-06-25T00:00:00.000000Z"	"Kaia"	"Kelcey"	"Loyalist"
"1135872.0"	"Current Account"	"Deposit Account"	"2015-01-28T00:00:00.000000Z"	"1468121427093138156"	""	"0"	"-6432.66"	"5307.54"	"16.0"	"1197.3418749999998"	"3072.1841838692308"	"16.0"	"1.0"	"16.0"	"1.0"	"229.0"	"7100.0"	"0.0"	"0.0"	"52.0"	"0.0"	"Female"	"2013-05-31T00:00:00.000000Z"	"21.0"	"28930.0"	"3.BRONZE"	"1986-06-18T00:00:00.000000Z"	"Brandy"	"Ibel"	"Emergent"
"71710.0"	"Current Account"	"Deposit Account"	"2015-01-28T00:00:00.000000Z"	"6935213218806999689"	""	"0"	"-518.43"	"16259.0"	"16.0"	"9161.998749999999"	"5355.068881599781"	"16.0"	"1.0"	"16.0"	"1.0"	"227.0"	"16180.0"	"1.0"	"28.78"	"39.0"	"10.0"	"Female"	"1997-09-11T00:00:00.000000Z"	"28.0"	"59470.0"	"2.SILVER"	"1968-06-25T00:00:00.000000Z"	"Channa"	"Joinson"	"Sophisticates"
"1226644.0"	"Current Account"	"Deposit Account"	"2015-01-28T00:00:00.000000Z"	"1051361650335053149"	""	"0"	"-65.92"	"1008.22"	"16.0"	"357.6"	"276.5614356582156"	"16.0"	"1.5"	"24.0"	"5.0"	"213.0"	"6540.0"	"0.0"	"0.0"	"36.0"	"2.0"	"Male"	"2013-11-28T00:00:00.000000Z"	"28.0"	"22780.0"	"2.SILVER"	"1982-06-25T00:00:00.000000Z"	"Hersch"	"Nand"	"Emergent"
"1056067.0"	"Current Account"	"Deposit Account"	"2015-01-28T00:00:00.000000Z"	"5949688426265124153"	""	"0"	"-30.43"	"1432.91"	"16.0"	"620.71625"	"428.24699218830875"	"16.0"	"1.5"	"24.0"	"0.0"	"228.0"	"5260.0"	"0.0"	"0.0"	"45.0"	"0.0"	"Male"	"2012-09-05T00:00:00.000000Z"	"6.0"	"20500.0"	"2.SILVER"	"1987-06-03T00:00:00.000000Z"	"Channa"	"Baldcock"	"Emergent"
"486399.0"	"Personal Loan"	"Unsecured Lending"	"2015-01-28T00:00:00.000000Z"	"5437205434516757233"	""	"0"	"-292.56"	"382.44"	"16.0"	"44.94000000000004"	"214.2428528562855"	"16.0"	"3.535498788971857"	"56.567980623549715"	"1.0"	"207.0"	"3860.0"	"1.0"	"263.43"	"49.0"	"3.0"	"Male"	"2004-08-09T00:00:00.000000Z"	"41.0"	"13690.0"	"3.BRONZE"	"1985-07-08T00:00:00.000000Z"	"Valeda"	"Birtwell"	"Emergent"
"996117.0"	"Current Account"	"Deposit Account"	"2015-01-28T00:00:00.000000Z"	"8520064282187955119"	""	"0"	"-687.31"	"2106.62"	"16.0"	"737.9243749999999"	"720.6824538076739"	"16.0"	"0.5"	"8.0"	"1.0"	"220.0"	"5660.0"	"0.0"	"0.0"	"52.0"	"1.0"	"Female"	"2011-12-18T00:00:00.000000Z"	"28.0"	"18160.0"	"3.BRONZE"	"1987-06-25T00:00:00.000000Z"	"Lois"	"Curner"	"Emergent"
"834538.0"	"Current Account"	"Deposit Account"	"2015-01-28T00:00:00.000000Z"	"2686139488361648427"	""	"0"	"-648.8"	"2940.83"	"16.0"	"1190.45125"	"1162.1405283118731"	"16.0"	"0.5"	"8.0"	"0.0"	"196.0"	"4470.0"	"0.0"	"0.0"	"37.0"	"3.0"	"Female"	"2009-02-16T00:00:00.000000Z"	"23.0"	"14460.0"	"2.SILVER"	"1969-06-20T00:00:00.000000Z"	"Adham"	"Callam"	"Emergent"
"380678.0"	"Car Loan"	"Secured Lending"	"2015-01-28T00:00:00.000000Z"	"2242125990550702612"	""	"0"	"-2161.55"	"1441.0"	"16.0"	"-360.27500000000003"	"1143.4379104554241"	"16.0"	"5.448653518660322"	"87.17845629856515"	"2.0"	"207.0"	"9940.0"	"2.0"	"36.47"	"53.0"	"6.0"	"Female"	"2002-09-05T00:00:00.000000Z"	"28.0"	"34340.0"	"3.BRONZE"	"1985-06-25T00:00:00.000000Z"	"Goldia"	"Tatersale"	"Sophisticates"
"1161304.0"	"Managed Securities"	"Securities"	"2015-01-28T00:00:00.000000Z"	"1511839824131542480"	"2015-11-28T00:00:00.000000Z"	"1"	"-271.25"	"5505.41"	"10.0"	"2387.5090000000005"	"2110.297808501339"	"10.0"	"30.697000000000003"	"306.97"	"0.0"	"201.0"	"6780.0"	"0.0"	"0.0"	"49.0"	"5.0"	"Male"	"2013-08-09T00:00:00.000000Z"	"10.0"	"21160.0"	"2.SILVER"	"1978-06-07T00:00:00.000000Z"	"Heinrick"	"Prester"	"Emergent"
"132782.0"	"Standard Credit Card"	"Unsecured Lending"	"2015-01-28T00:00:00.000000Z"	"4110662814113634239"	""	"0"	"-114.39"	"2118.83"	"16.0"	"1097.9112499999999"	"626.9503448798796"	"16.0"	"5.725624999999999"	"91.60999999999999"	"6.0"	"197.0"	"7980.0"	"1.0"	"9.36"	"34.0"	"7.0"	"Female"	"1999-05-27T00:00:00.000000Z"	"35.0"	"31960.0"	"2.SILVER"	"1968-07-02T00:00:00.000000Z"	"Ardene"	"Wastie"	"Sophisticates"
"46839.0"	"Car Loan"	"Secured Lending"	"2015-02-28T00:00:00.000000Z"	"1715203396237521024"	""	"0"	"-1124.37"	"86.49"	"15.0"	"-518.94"	"386.79503874791357"	"15.0"	"1.6645623749354437"	"24.968435624031656"	"2.0"	"206.0"	"3200.0"	"1.0"	"24.02"	"44.0"	"9.0"	"Female"	"1998-10-22T00:00:00.000000Z"	"46.0"	"11890.0"	"2.SILVER"	"1964-07-13T00:00:00.000000Z"	"Felice"	"Keemer"	"Loyalist"
"376047.0"	"Savings Account"	"Deposit Account"	"2015-01-28T00:00:00.000000Z"	"377857396962145778"	""	"0"	"-81.23"	"1053.72"	"16.0"	"383.006875"	"291.4518445694188"	"16.0"	""	""	"3.0"	"209.0"	"5090.0"	"1.0"	"6.34"	"50.0"	"11.0"	"Male"	"2004-11-04T00:00:00.000000Z"	"28.0"	"17860.0"	"2.SILVER"	"1971-06-25T00:00:00.000000Z"	"Estell"	"Poundford"	"Sophisticates"
"201026.0"	"Direct Securities"	"Securities"	"2016-01-28T00:00:00.000000Z"	"7325206464609824269"	""	"0"	"-579.34"	"1701.96"	"4.0"	"775.855"	"1049.408311208432"	"4.0"	"35.8225"	"143.29"	"4.0"	"208.0"	"14790.0"	"2.0"	"102.71"	"46.0"	"13.0"	"Male"	"2000-10-25T00:00:00.000000Z"	"28.0"	"56180.0"	"2.SILVER"	"1971-06-25T00:00:00.000000Z"	"Louise"	"Dalley"	"Loyalist"
"200168.0"	"Standard Credit Card"	"Unsecured Lending"	"2015-02-28T00:00:00.000000Z"	"2757461341008378848"	"2015-08-28T00:00:00.000000Z"	"1"	"-532.12"	"2754.7"	"6.0"	"1599.1766666666665"	"1129.0728114106132"	"6.0"	"3.0516666666666663"	"18.31"	"3.0"	"190.0"	"15000.0"	"1.0"	"199.78"	"46.0"	"5.0"	"Female"	"2000-10-20T00:00:00.000000Z"	"28.0"	"51160.0"	"2.SILVER"	"1971-06-25T00:00:00.000000Z"	"Daphna"	"Labrenz"	"Traditionalist"
"1057134.0"	"Current Account"	"Deposit Account"	"2015-01-28T00:00:00.000000Z"	"705729107768054930"	"2016-03-28T00:00:00.000000Z"	"1"	"-43.05"	"318.61"	"14.0"	"149.6492857142857"	"126.20701385265556"	"14.0"	"1.5"	"21.0"	"2.0"	"190.0"	"4490.0"	"1.0"	"16.34"	"30.0"	"9.0"	"Male"	"2012-09-07T00:00:00.000000Z"	"28.0"	"17600.0"	"2.SILVER"	"1942-06-25T00:00:00.000000Z"	"Carol-jean"	"Rushforth"	"Loyalist"
"282382.0"	"Savings Account"	"Deposit Account"	"2015-01-28T00:00:00.000000Z"	"6384760627373293090"	""	"0"	"-604.73"	"2255.66"	"16.0"	"1183.695"	"812.7761486411864"	"16.0"	""	""	"2.0"	"205.0"	"7520.0"	"1.0"	"43.09"	"37.0"	"9.0"	"Female"	"2001-10-15T00:00:00.000000Z"	"28.0"	"27760.0"	"2.SILVER"	"1965-06-25T00:00:00.000000Z"	"Josephina"	"Venditto"	"Traditionalist"
"215755.0"	"Current Account"	"Deposit Account"	"2015-01-28T00:00:00.000000Z"	"1794230602647888635"	""	"0"	"-934.64"	"4583.98"	"16.0"	"1636.1749999999997"	"1759.0820825684439"	"16.0"	"1.0"	"16.0"	"2.0"	"222.0"	"11820.0"	"2.0"	"130.18"	"35.0"	"11.0"	"Female"	"2001-01-16T00:00:00.000000Z"	"28.0"	"43090.0"	"2.SILVER"	"1948-06-25T00:00:00.000000Z"	"Zachery"	"Cape"	"Sophisticates"
"706036.0"	"Current Account"	"Deposit Account"	"2015-01-28T00:00:00.000000Z"	"8219875738491409693"	""	"0"	"-1043.36"	"9009.58"	"16.0"	"3810.4468749999996"	"2802.1868436079676"	"16.0"	"1.0"	"16.0"	"3.0"	"197.0"	"8290.0"	"1.0"	"26.11"	"39.0"	"3.0"	"Female"	"2007-07-25T00:00:00.000000Z"	"28.0"	"32080.0"	"1.GOLD"	"1969-06-25T00:00:00.000000Z"	"Salvador"	"Brunstan"	"Loyalist"
"57729.0"	"Standard Credit Card"	"Unsecured Lending"	"2015-02-28T00:00:00.000000Z"	"5833941638593484778"	""	"0"	"-3829.63"	"12319.95"	"15.0"	"6965.149999999999"	"5133.694084538791"	"15.0"	"13.365333333333332"	"200.48"	"2.0"	"214.0"	"19470.0"	"1.0"	"101.5"	"36.0"	"11.0"	"Male"	"1997-02-22T00:00:00.000000Z"	"28.0"	"80830.0"	"2.SILVER"	"1965-06-25T00:00:00.000000Z"	"Lavina"	"Swatton"	"Sophisticates"
"487367.0"	"Mortgage"	"Secured Lending"	"2015-02-28T00:00:00.000000Z"	"5234091577150089007"	""	"0"	"82778.89"	"86505.27"	"15.0"	"84642.08000000002"	"1190.348427142231"	"15.0"	"3.6058552812139255"	"54.08782921820888"	"4.0"	"193.0"	"4820.0"	"1.0"	"31.0"	"35.0"	"6.0"	"Male"	"2004-08-18T00:00:00.000000Z"	"28.0"	"17960.0"	"2.SILVER"	"1977-06-25T00:00:00.000000Z"	"Garth"	"Joust"	"Sophisticates"
"1352242.0"	"Current Account"	"Deposit Account"	"2015-01-28T00:00:00.000000Z"	"6603203312934993448"	""	"0"	"-147.89"	"471.05"	"16.0"	"143.465"	"178.55603889722315"	"16.0"	"1.0"	"16.0"	"3.0"	"220.0"	"7740.0"	"0.0"	"0.0"	"37.0"	"0.0"	"Female"	"2014-11-11T00:00:00.000000Z"	"30.0"	"27450.0"	"3.BRONZE"	"1994-06-27T00:00:00.000000Z"	"Essa"	"Macon"	"Emergent"
"203864.0"	"Current Account"	"Deposit Account"	"2015-01-28T00:00:00.000000Z"	"8393064003301160968"	""	"0"	"-0.96"	"4.2"	"16.0"	"2.0906249999999997"	"1.5953702548311472"	"16.0"	"1.5"	"24.0"	"4.0"	"197.0"	"3970.0"	"1.0"	"22.07"	"39.0"	"7.0"	"Female"	"2006-12-29T00:00:00.000000Z"	"33.0"	"14560.0"	"2.SILVER"	"1977-06-30T00:00:00.000000Z"	"Antonietta"	"de Verson"	"Traditionalist"
"147390.0"	"Mortgage"	"Secured Lending"	"2015-01-28T00:00:00.000000Z"	"8509012363420051413"	""	"0"	"74723.0"	"85397.75"	"16.0"	"80060.375"	"3388.1316941150385"	"16.0"	"8.849288300182923"	"141.58861280292678"	"4.0"	"195.0"	"7620.0"	"1.0"	"15.55"	"35.0"	"13.0"	"Female"	"1999-10-26T00:00:00.000000Z"	"47.0"	"28350.0"	"2.SILVER"	"1962-07-14T00:00:00.000000Z"	"Florida"	"Starsmeare"	"Sophisticates"
"834230.0"	"Current Account"	"Deposit Account"	"2015-01-28T00:00:00.000000Z"	"8625045979928319689"	""	"0"	"-401.98"	"7969.35"	"16.0"	"3195.0068750000005"	"2206.36298840337"	"16.0"	"1.0"	"16.0"	"1.0"	"179.0"	"7950.0"	"1.0"	"10.62"	"36.0"	"4.0"	"Male"	"2009-02-13T00:00:00.000000Z"	"28.0"	"26490.0"	"2.SILVER"	"1954-06-25T00:00:00.000000Z"	"Inigo"	"De Hooch"	"Sophisticates"
"614428.0"	"Mortgage"	"Secured Lending"	"2015-01-28T00:00:00.000000Z"	"6602294538557101053"	"2015-07-28T00:00:00.000000Z"	"1"	"581913.45"	"589651.65"	"6.0"	"585782.5499999999"	"2895.3693190334407"	"6.0"	"14.694469924165395"	"88.16681954499236"	"1.0"	"211.0"	"28390.0"	"0.0"	"0.0"	"50.0"	"9.0"	"Male"	"2006-05-19T00:00:00.000000Z"	"8.0"	"102060.0"	"2.SILVER"	"1970-06-05T00:00:00.000000Z"	"Alvy"	"Saffe"	"Loyalist"
"485024.0"	"Standard Credit Card"	"Unsecured Lending"	"2015-01-28T00:00:00.000000Z"	"637788059722544409"	"2015-04-28T00:00:00.000000Z"	"1"	"4194.91"	"7640.94"	"3.0"	"6208.75"	"1795.137385299521"	"3.0"	"0.88"	"2.64"	"0.0"	"190.0"	"8730.0"	"3.0"	"164.95999999999998"	"40.0"	"10.0"	"Female"	"2004-07-28T00:00:00.000000Z"	"28.0"	"28580.0"	"2.SILVER"	"1973-06-25T00:00:00.000000Z"	"Marylynne"	"Khosa"	"Loyalist"
"1184250.0"	"Car Loan"	"Secured Lending"	"2015-01-28T00:00:00.000000Z"	"6289049386909469407"	""	"0"	"7779.01"	"10430.86"	"16.0"	"9104.935"	"841.688754588057"	"16.0"	"0.538345614918912"	"8.613529838702592"	"1.0"	"178.0"	"6130.0"	"0.0"	"0.0"	"36.0"	"9.0"	"Female"	"2013-09-26T00:00:00.000000Z"	"28.0"	"21890.0"	"2.SILVER"	"1965-06-25T00:00:00.000000Z"	"Jimmie"	"Crim"	"Sophisticates"
"284835.0"	"Savings Account"	"Deposit Account"	"2015-01-28T00:00:00.000000Z"	"283573550690738748"	""	"0"	"322.9"	"6266.77"	"16.0"	"3152.091875"	"1825.6581615998793"	"16.0"	""	""	"2.0"	"188.0"	"18600.0"	"2.0"	"133.16"	"46.0"	"4.0"	"Female"	"2001-10-22T00:00:00.000000Z"	"28.0"	"67720.0"	"2.SILVER"	"1969-06-25T00:00:00.000000Z"	"Steffi"	"Matys"	"Sophisticates"
"1067738.0"	"Personal Loan"	"Unsecured Lending"	"2015-03-28T00:00:00.000000Z"	"7797352150535625219"	""	"0"	"1808.53"	"6511.15"	"14.0"	"4159.839999999999"	"1513.266989992183"	"14.0"	"16.999964012673676"	"237.99949617743144"	"2.0"	"207.0"	"26090.0"	"0.0"	"0.0"	"44.0"	"5.0"	"Female"	"2012-09-26T00:00:00.000000Z"	"41.0"	"88230.0"	"3.BRONZE"	"1989-07-08T00:00:00.000000Z"	"Kizzee"	"Vakhonin"	"Loyalist"
"587412.0"	"Standard Credit Card"	"Unsecured Lending"	"2015-11-28T00:00:00.000000Z"	"3095085128139215905"	"2015-12-28T00:00:00.000000Z"	"1"	"-2401.83"	"-2401.83"	"1.0"	"-2401.83"	""	"1.0"	"0.0"	"0.0"	"4.0"	"186.0"	"9260.0"	"0.0"	"0.0"	"40.0"	"2.0"	"Male"	"2005-12-26T00:00:00.000000Z"	"28.0"	"31500.0"	"2.SILVER"	"1965-06-25T00:00:00.000000Z"	"Dacie"	"Devericks"	"Loyalist"
"444060.0"	"Savings Account"	"Deposit Account"	"2015-01-28T00:00:00.000000Z"	"5305664527859018836"	"2016-01-28T00:00:00.000000Z"	"1"	"2356.02"	"14399.67"	"12.0"	"8077.5841666666665"	"2940.15523101157"	"12.0"	""	""	"1.0"	"150.0"	"14130.0"	"2.0"	"136.88"	"26.0"	"3.0"	"Female"	"2003-11-10T00:00:00.000000Z"	"8.0"	"59720.0"	"2.SILVER"	"1941-06-05T00:00:00.000000Z"	"Mikol"	"Palk"	"Loyalist"
"1243628.0"	"Managed Securities"	"Securities"	"2015-01-28T00:00:00.000000Z"	"5842272189618231869"	""	"0"	"11.3"	"6756.93"	"16.0"	"2681.551875"	"2090.199945297798"	"16.0"	"8.943125"	"143.09"	"0.0"	"233.0"	"4100.0"	"1.0"	"13.3"	"42.0"	"8.0"	"Female"	"2014-02-14T00:00:00.000000Z"	"38.0"	"14920.0"	"1.GOLD"	"1956-07-05T00:00:00.000000Z"	"Megen"	"Bourton"	"Sophisticates"
"307077.0"	"Savings Account"	"Deposit Account"	"2015-01-28T00:00:00.000000Z"	"3830985879203455242"	""	"0"	"172.57"	"3807.26"	"16.0"	"1766.6924999999999"	"1054.4723179960677"	"16.0"	""	""	"4.0"	"189.0"	"19200.0"	"1.0"	"17.56"	"47.0"	"9.0"	"Female"	"2001-12-12T00:00:00.000000Z"	"46.0"	"61230.0"	"2.SILVER"	"1969-07-13T00:00:00.000000Z"	"Valene"	"Waby"	"Sophisticates"
"1410421.0"	"Personal Loan"	"Unsecured Lending"	"2015-09-28T00:00:00.000000Z"	"1323476455886033219"	""	"0"	"-7159.93"	"1193.31"	"8.0"	"-2983.31"	"2923.0250998580223"	"8.0"	"74.47649115864748"	"595.8119292691798"	"2.0"	"93.0"	"10540.0"	"0.0"	"0.0"	"28.0"	"1.0"	"Male"	"2015-07-21T00:00:00.000000Z"	"8.0"	"76340.0"	"3.BRONZE"	"1996-06-05T00:00:00.000000Z"	"Dani"	"Markham"	"Loyalist"
"148490.0"	"Standard Credit Card"	"Unsecured Lending"	"2015-01-28T00:00:00.000000Z"	"5114567737975278227"	""	"0"	"102.49"	"1716.66"	"16.0"	"873.26125"	"502.6608979272209"	"16.0"	"5.633125000000001"	"90.13000000000001"	"1.0"	"220.0"	"10010.0"	"0.0"	"0.0"	"44.0"	"8.0"	"Female"	"1999-12-16T00:00:00.000000Z"	"28.0"	"34490.0"	"2.SILVER"	"1975-06-25T00:00:00.000000Z"	"Gisele"	"Pedersen"	"Sophisticates"
"185285.0"	"Savings Account"	"Deposit Account"	"2015-01-28T00:00:00.000000Z"	"3169467731247166677"	""	"0"	"-1346.62"	"4774.44"	"16.0"	"2189.99375"	"1430.3427417738028"	"16.0"	""	""	"5.0"	"226.0"	"5280.0"	"1.0"	"23.76"	"44.0"	"8.0"	"Female"	"2000-08-14T00:00:00.000000Z"	"28.0"	"17350.0"	"1.GOLD"	"1968-06-25T00:00:00.000000Z"	"Kellia"	"Bartkiewicz"	"Sophisticates"
"264001.0"	"Savings Account"	"Deposit Account"	"2015-01-28T00:00:00.000000Z"	"8553991905143381486"	""	"0"	"-2307.98"	"14700.98"	"16.0"	"4516.285"	"4358.077700379683"	"16.0"	""	""	"3.0"	"205.0"	"14780.0"	"2.0"	"285.92"	"41.0"	"9.0"	"Female"	"2001-07-23T00:00:00.000000Z"	"28.0"	"51180.0"	"1.GOLD"	"1956-06-25T00:00:00.000000Z"	"Kyla"	"Opfer"	"Traditionalist"
"116755.0"	"Current Account"	"Deposit Account"	"2015-01-28T00:00:00.000000Z"	"2498018358088061086"	""	"0"	"-141.45"	"1310.59"	"16.0"	"554.41375"	"376.3200268012143"	"16.0"	"0.5"	"8.0"	"3.0"	"208.0"	"5340.0"	"3.0"	"224.15"	"48.0"	"10.0"	"Female"	"1998-12-28T00:00:00.000000Z"	"28.0"	"18640.0"	"2.SILVER"	"1971-06-25T00:00:00.000000Z"	"Florrie"	"Gaskoin"	"Sophisticates"
"472011.0"	"Savings Account"	"Deposit Account"	"2015-01-28T00:00:00.000000Z"	"7453511517791019087"	""	"0"	"-62.89"	"1304.54"	"16.0"	"448.006875"	"341.9753932613427"	"16.0"	""	""	"3.0"	"201.0"	"8050.0"	"0.0"	"0.0"	"38.0"	"4.0"	"Male"	"2004-05-04T00:00:00.000000Z"	"28.0"	"24120.0"	"2.SILVER"	"1974-06-25T00:00:00.000000Z"	"Cristine"	"Terry"	"Sophisticates"
"277344.0"	"Current Account"	"Deposit Account"	"2015-01-28T00:00:00.000000Z"	"7025502218705021058"	""	"0"	"573.49"	"4694.5"	"16.0"	"2668.2887499999997"	"1471.766580663637"	"16.0"	"0.0"	"0.0"	"1.0"	"184.0"	"9110.0"	"1.0"	"38.56"	"42.0"	"4.0"	"Male"	"2001-10-02T00:00:00.000000Z"	"41.0"	"30130.0"	"2.SILVER"	"1971-07-08T00:00:00.000000Z"	"Sissy"	"Gravenor"	"Sophisticates"
"1025674.0"	"Current Account"	"Deposit Account"	"2015-01-28T00:00:00.000000Z"	"5467000971307997745"	""	"0"	"-45.56"	"180.78"	"16.0"	"75.815"	"63.18325748698517"	"16.0"	"2.0"	"32.0"	"3.0"	"201.0"	"4620.0"	"0.0"	"0.0"	"51.0"	"0.0"	"Male"	"2012-07-19T00:00:00.000000Z"	"15.0"	"16380.0"	"3.BRONZE"	"1992-06-12T00:00:00.000000Z"	"Sissy"	"Racine"	"Emergent"
"656316.0"	"Mortgage"	"Secured Lending"	"2015-01-28T00:00:00.000000Z"	"4176266278901663751"	""	"0"	"386068.86"	"399505.11"	"16.0"	"392786.98500000004"	"4264.6230099115055"	"16.0"	"23.4144932158024"	"374.6318914528384"	"3.0"	"196.0"	"16380.0"	"0.0"	"0.0"	"42.0"	"4.0"	"Male"	"2006-11-13T00:00:00.000000Z"	"28.0"	"53850.0"	"3.BRONZE"	"1985-06-25T00:00:00.000000Z"	"Fiann"	"Rolling"	"Sophisticates"
"254871.0"	"Current Account"	"Deposit Account"	"2015-01-28T00:00:00.000000Z"	"7686496374438380511"	""	"0"	"-3111.63"	"7336.98"	"16.0"	"1124.1487499999998"	"3277.6660300034123"	"16.0"	"0.0"	"0.0"	"3.0"	"164.0"	"8570.0"	"1.0"	"8.67"	"32.0"	"167.0"	"Male"	"2001-10-08T00:00:00.000000Z"	"28.0"	"28610.0"	"2.SILVER"	"1904-06-25T00:00:00.000000Z"	"Lowell"	"Tugman"	"Sophisticates"
"833372.0"	"Current Account"	"Deposit Account"	"2015-01-28T00:00:00.000000Z"	"4414393019436180238"	""	"0"	"-41.74"	"4297.94"	"16.0"	"1831.095625"	"1295.0311606802813"	"16.0"	"1.5"	"24.0"	"2.0"	"170.0"	"25650.0"	"0.0"	"0.0"	"32.0"	"9.0"	"Female"	"2009-02-09T00:00:00.000000Z"	"28.0"	"77870.0"	"2.SILVER"	"1931-06-25T00:00:00.000000Z"	"Artie"	"Summerley"	"Sophisticates"
"816949.0"	"Standard Credit Card"	"Unsecured Lending"	"2015-08-28T00:00:00.000000Z"	"2570107941363581019"	"2015-11-28T00:00:00.000000Z"	"1"	"169.86"	"607.61"	"3.0"	"355.57"	"226.28746606915726"	"3.0"	"0.21333333333333335"	"0.64"	"0.0"	"208.0"	"2320.0"	"0.0"	"0.0"	"39.0"	"4.0"	"Female"	"2008-11-14T00:00:00.000000Z"	"3.0"	"8820.0"	"2.SILVER"	"1974-05-31T00:00:00.000000Z"	"Dorena"	"Whye"	"Loyalist"
