proba_0	proba_1
0.9133731401805654	0.0866268598194346
0.2990786311544623	0.7009213688455377
0.7382461085905612	0.26175389140943883
0.932508459684629	0.06749154031537094
0.7054029861358986	0.29459701386410136
0.9852826158241353	0.014717384175864642
0.6945278312560346	0.3054721687439655
0.9472130126201684	0.0527869873798316
0.8935812805847696	0.10641871941523041
0.8108491682618167	0.18915083173818328
0.8228715535280522	0.1771284464719478
0.9362660912315961	0.06373390876840394
0.45547743853851685	0.5445225614614831
0.9008868463947637	0.09911315360523637
0.14986472136299045	0.8501352786370096
0.9437234119605115	0.05627658803948849
0.9594978413180667	0.04050215868193325
0.9369514645928947	0.06304853540710531
0.7289341806183209	0.27106581938167906
0.9268275088486195	0.07317249115138046
0.9195960460225387	0.08040395397746126
0.4889924927682684	0.5110075072317316
0.902957270304582	0.09704272969541802
0.9265709899725767	0.07342901002742336
0.9904035753920069	0.009596424607993117
0.9080751505269317	0.09192484947306838
0.9181100187354115	0.08188998126458848
0.90785876599174	0.09214123400826
0.0056312982978465875	0.9943687017021534
0.30061358246980363	0.6993864175301964
0.9212612656877157	0.07873873431228431
0.21340564886494773	0.7865943511350523
0.8081086474599293	0.19189135254007067
0.9833351559080696	0.016664844091930413
0.9320773731978117	0.06792262680218826
0.8464880945574795	0.15351190544252052
0.894643583009172	0.10535641699082794
0.18654246395634688	0.8134575360436531
0.8544143285856326	0.14558567141436737
0.9272923655625287	0.07270763443747126
0.9145232042660817	0.0854767957339183
0.9204465001173101	0.07955349988268984
0.8592445906135227	0.1407554093864773
0.7826624670302613	0.21733753296973865
0.7987519768104605	0.2012480231895395
0.9199493768327819	0.08005062316721814
0.11688335362303182	0.8831166463769682
0.9198653308450814	0.08013466915491864
0.8841602411277503	0.11583975887224979
0.4371649002553365	0.5628350997446635
0.019795221992996992	0.980204778007003
0.9535966792744026	0.0464033207255974
0.9574399401338655	0.04256005986613454
0.7158306234839977	0.28416937651600227
0.007429703996400527	0.9925702960035995
0.9812138374895085	0.018786162510491422
0.7429668155347148	0.2570331844652852
0.8182470258180535	0.1817529741819465
0.9183580803653474	0.08164191963465259
0.7362362893114396	0.26376371068856036
0.9336619767842779	0.06633802321572212
0.7587118901365729	0.24128810986342708
0.36393416961682734	0.6360658303831727
0.9340667396760217	0.06593326032397824
0.9100792602028329	0.08992073979716707
0.43606307018461476	0.5639369298153852
0.9846479453258872	0.015352054674112811
0.881834391842734	0.11816560815726591
0.9266586032240638	0.07334139677593626
0.8971067743490767	0.10289322565092329
0.9535615034964858	0.046438496503514184
0.9331879950100843	0.06681200498991571
0.9091898008475849	0.09081019915241507
0.5420783112992205	0.45792168870077954
0.6608137213628351	0.33918627863716483
0.6624997769664773	0.3375002230335227
0.28114907136996325	0.7188509286300367
0.9607839718858412	0.03921602811415879
0.9126039002111462	0.08739609978885378
0.35912916048326393	0.6408708395167361
0.8824554594528317	0.11754454054716836
0.9272817556545618	0.07271824434543815
0.0016433902047676696	0.9983566097952323
0.8618192269114469	0.1381807730885532
0.07120608061949474	0.9287939193805053
0.9558386908392261	0.04416130916077389
0.10599540708629662	0.8940045929137034
0.9862501768673325	0.013749823132667467
0.5256238568682211	0.4743761431317789
0.6555608048539723	0.3444391951460278
0.02736183510253376	0.9726381648974662
0.08374923839602022	0.9162507616039798
0.9249956068292049	0.07500439317079514
0.9164149303997072	0.08358506960029273
0.9601054004654843	0.039894599534515726
0.09329352474582464	0.9067064752541754
0.8926036550649336	0.10739634493506646
0.09876626591174331	0.9012337340882567
0.003496986773082411	0.9965030132269176
0.09999389224074506	0.9000061077592549
0.9539374962740647	0.04606250372593537
0.6533538649659649	0.34664613503403513
0.3760201315352272	0.6239798684647728
0.9146311969503468	0.08536880304965326
0.31485252657845586	0.6851474734215441
0.12867845818045154	0.8713215418195485
0.691599779547079	0.308400220452921
0.08164607075879404	0.918353929241206
0.01900623889618336	0.9809937611038166
0.003222546639380486	0.9967774533606195
0.025040316050241707	0.9749596839497583
0.5921628877501067	0.4078371122498933
0.09521914879157856	0.9047808512084214
0.031306103406287256	0.9686938965937127
0.7028189866357311	0.2971810133642689
0.2979141396869951	0.7020858603130049
0.25095675606282997	0.74904324393717
0.010806174568299132	0.9891938254317009
0.407863827894009	0.592136172105991
0.004466857462471774	0.9955331425375282
0.8760686108314202	0.12393138916857988
0.9545831334306946	0.04541686656930539
0.0024190163947725996	0.9975809836052274
0.1614919630826478	0.8385080369173522
0.5056456244235978	0.4943543755764021
0.0042473652164224385	0.9957526347835776
0.0022042138274298573	0.9977957861725701
0.9140299869978521	0.0859700130021479
0.0022435795141522163	0.9977564204858478
0.004963272369532645	0.9950367276304674
0.5255916278994909	0.4744083721005091
0.924524319168509	0.07547568083149107
0.9439433466444095	0.05605665335559055
0.9439089049994137	0.056091095000586275
0.9875517750317054	0.01244822496829453
0.9138569715807039	0.08614302841929605
0.4343568575375939	0.5656431424624061
0.0038969244462800923	0.9961030755537199
0.47915655303815863	0.5208434469618414
0.932404083806811	0.06759591619318908
0.5633517644949904	0.4366482355050097
0.9423921776135853	0.05760782238641467
0.05308103637725825	0.9469189636227417
0.9050658509853919	0.09493414901460812
0.9300876581522843	0.06991234184771561
0.8601745764271368	0.13982542357286318
0.8791321595256099	0.12086784047439013
0.10717566722669869	0.8928243327733013
0.052693024301698865	0.9473069756983011
0.9357635315248382	0.06423646847516182
0.10567671510036036	0.8943232848996396
0.9349375078355664	0.06506249216443366
0.9319783405379031	0.06802165946209694
0.9877794731074276	0.012220526892572385
0.0779119131442586	0.9220880868557414
0.8733395020044856	0.12666049799551438
0.5353390014366244	0.4646609985633756
0.9372390456623255	0.06276095433767448
0.08504240112720485	0.9149575988727952
0.9096804346050512	0.0903195653949488
0.9150251605056728	0.08497483949432713
0.9168356485310359	0.08316435146896402
0.7346244247878373	0.26537557521216265
0.009201260337117878	0.9907987396628821
0.9181686568523062	0.08183134314769384
0.13371367150625024	0.8662863284937498
0.9266346339848094	0.07336536601519061
0.9194981347321074	0.08050186526789255
0.6793317253254971	0.32066827467450293
0.12200328366514135	0.8779967163348587
0.9837977460618553	0.01620225393814468
0.010796793381864567	0.9892032066181354
0.9775870112387693	0.022412988761230688
0.9452028437992569	0.05479715620074309
0.9371086719562829	0.06289132804371708
0.14556577559751605	0.854434224402484
0.984769165931085	0.015230834068915018
0.8320761113293534	0.1679238886706466
0.9298772043277493	0.07012279567225065
0.8442036075656848	0.1557963924343152
0.917077147323521	0.08292285267647907
0.8994194365837209	0.10058056341627906
0.94259309008879	0.05740690991121
0.9520047978979755	0.04799520210202443
0.014377759920794708	0.9856222400792053
0.9408369861263778	0.05916301387362224
0.8612441217153699	0.1387558782846301
0.983519386960413	0.016480613039587002
0.7689871270830257	0.23101287291697423
0.9568163286768013	0.04318367132319872
0.4679162251991654	0.5320837748008346
0.969262618506937	0.030737381493063036
0.4496560934934446	0.5503439065065554
0.6259761805391538	0.3740238194608462
0.9424286280044416	0.057571371995558444
0.9502748381841905	0.04972516181580957
0.6820125706311562	0.31798742936884383
0.9834099438016014	0.016590056198398557
0.6199067162863694	0.38009328371363066
0.9737353502485541	0.026264649751445972
0.978408443965541	0.021591556034458993
0.9659756623155181	0.03402433768448184
0.34166332508482533	0.6583366749151747
0.8869282485727545	0.11307175142724549
0.965334987514938	0.03466501248506209
0.8019259605135739	0.1980740394864261
0.5207035697262958	0.4792964302737042
0.9661231126947414	0.033876887305258646
0.2977109210678164	0.7022890789321836
0.7818334481032543	0.21816655189674572
0.740670919023308	0.25932908097669205
0.38156385448973484	0.6184361455102652
0.9059959250953795	0.09400407490462044
0.9326534554559697	0.0673465445440303
0.8914386462978031	0.10856135370219687
0.9213937095829188	0.07860629041708128
0.6473689305739071	0.3526310694260929
0.9637173319457758	0.03628266805422416
0.922529492593487	0.07747050740651293
0.91194801497992	0.0880519850200801
0.6548589534743868	0.34514104652561317
0.3718334751372254	0.6281665248627746
0.9568542780136491	0.04314572198635095
0.07321294368400832	0.9267870563159917
0.003710874624720528	0.9962891253752795
0.5442928337588928	0.45570716624110713
0.42064715734072833	0.5793528426592717
0.9482671896874371	0.05173281031256297
0.9262141543086954	0.07378584569130464
0.7180236603747985	0.2819763396252016
0.11452721806878141	0.8854727819312186
0.6319028669648385	0.36809713303516145
0.059258666782298075	0.9407413332177019
0.037239284536091044	0.962760715463909
0.012440293858505203	0.9875597061414948
0.026509494248419863	0.9734905057515801
0.009952894832546244	0.9900471051674538
0.06709239484730667	0.9329076051526933
0.934773781071804	0.06522621892819604
0.020461357053203844	0.9795386429467962
0.04492345268048603	0.955076547319514
0.0353833468708491	0.9646166531291509
0.11510718160480704	0.884892818395193
0.004720610862210095	0.9952793891377899
0.14427047971915896	0.855729520280841
0.4683212042735264	0.5316787957264736
0.005900356622730474	0.9940996433772695
0.0035139585767489656	0.996486041423251
0.02232841295316379	0.9776715870468362
0.006453115021470612	0.9935468849785294
0.07019373074070212	0.9298062692592979
0.0012476809170600678	0.9987523190829399
0.7495831901263523	0.2504168098736476
0.8977266078772412	0.10227339212275882
0.24294332509417305	0.757056674905827
0.649524031823318	0.3504759681766821
0.5094940312850407	0.49050596871495933
0.8766361196234076	0.12336388037659235
0.9249677059649049	0.07503229403509513
0.8347339944250386	0.16526600557496138
0.9320204442265709	0.06797955577342905
0.7430840584979175	0.25691594150208247
0.938811665545623	0.06118833445437694
0.9536264059038296	0.046373594096170416
0.6998829538900322	0.30011704610996787
0.30272683938261014	0.6972731606173899
0.9390795023099997	0.06092049769000026
0.5535583101746099	0.4464416898253901
0.9347503953087974	0.06524960469120253
0.6650883892713548	0.33491161072864517
0.9382261839005943	0.061773816099405694
0.9559245468988999	0.04407545310110008
0.10344080958598567	0.8965591904140143
0.9890673132976918	0.010932686702308195
0.8997378909195983	0.1002621090804017
0.47821847738567513	0.5217815226143249
0.931802079657222	0.06819792034277801
0.9384553105035218	0.06154468949647814
0.9260068809566149	0.07399311904338514
0.9507165436020117	0.049283456397988264
0.8953719760810878	0.10462802391891222
0.8888587531088988	0.1111412468911012
0.9458855608082317	0.05411443919176825
0.7644700863239281	0.23552991367607187
0.5239012794966621	0.4760987205033379
0.9110608978379975	0.08893910216200256
0.14786036446204343	0.8521396355379566
0.702298480422466	0.297701519577534
0.9582773129406685	0.041722687059331416
0.9312711314934312	0.0687288685065688
0.041105673388549535	0.9588943266114505
0.5343281580576957	0.4656718419423043
0.9165226459559255	0.0834773540440745
0.9850731705039354	0.014926829496064614
0.6046154640304261	0.3953845359695739
0.9167049370081511	0.0832950629918489
0.29152494589342715	0.7084750541065729
0.30577297404778825	0.6942270259522118
0.9313689314039784	0.0686310685960216
0.29418232088793617	0.7058176791120638
0.839898077528179	0.16010192247182095
0.9296193514830605	0.07038064851693947
0.007560048338395409	0.9924399516616046
0.505379098803713	0.494620901196287
0.9347685984385286	0.06523140156147145
0.9146512379283465	0.08534876207165351
0.9439565640285337	0.05604343597146629
0.10266436078461405	0.897335639215386
0.002638439911850532	0.9973615600881495
0.9066617135367653	0.09333828646323472
0.9590348251046463	0.040965174895353666
0.9215545387656254	0.07844546123437453
0.2378313481762241	0.7621686518237759
0.940805944019302	0.05919405598069808
0.7369251399864561	0.26307486001354385
0.36297251563086663	0.6370274843691334
0.8946428223126641	0.10535717768733593
0.8806830380778484	0.11931696192215156
0.8428923935917025	0.15710760640829746
0.5921187078644239	0.40788129213557617
0.9429808880109398	0.05701911198906013
0.9408677093870877	0.05913229061291225
0.46025142295309596	0.539748577046904
0.9411859099573755	0.05881409004262452
0.950008329764052	0.049991670235948
0.9363262053674519	0.06367379463254805
0.16525560920076698	0.834744390799233
0.9362234818076467	0.06377651819235332
0.9725598210964186	0.027440178903581393
0.9844011091517222	0.015598890848277765
0.9630529522218153	0.03694704777818472
0.9099907737694061	0.09000922623059392
0.7035572939136872	0.2964427060863129
0.91371022289112	0.08628977710887993
0.9241160165597988	0.07588398344020121
0.7824933470978233	0.2175066529021767
0.9283594367482121	0.07164056325178794
0.9338683655290794	0.06613163447092064
0.7726724934041904	0.22732750659580953
0.7580149475415595	0.24198505245844046
0.5092694335919066	0.4907305664080934
0.06490442931039109	0.9350955706896089
0.5047890572938188	0.49521094270618116
0.030109818432203173	0.9698901815677968
0.26513945754444224	0.7348605424555578
0.1905587417134762	0.8094412582865238
0.9755869026972187	0.024413097302781257
0.009397357907895199	0.9906026420921048
0.9416914925802902	0.058308507419709873
0.919765001055105	0.0802349989448951
0.9518165715521656	0.04818342844783445
0.31866936150944514	0.6813306384905549
0.9852386796053663	0.014761320394633699
0.8383387632704355	0.16166123672956442
0.5695130889731305	0.43048691102686953
0.9731362479860333	0.026863752013966753
0.9676565930838875	0.03234340691611248
0.9302814242429174	0.06971857575708268
0.9732734069696221	0.026726593030377964
0.09029711223379788	0.9097028877662021
0.690276112830783	0.30972388716921695
0.8662817684189704	0.1337182315810296
0.9662413472200949	0.033758652779905085
0.2282047318312037	0.7717952681687963
0.9323187620521008	0.06768123794789914
0.922767357618382	0.07723264238161794
0.04532436651701355	0.9546756334829865
0.5437364610292577	0.4562635389707423
0.9896710261281484	0.010328973871851605
0.47916880182229793	0.5208311981777021
0.35284893983353194	0.6471510601664681
0.5172496246020734	0.48275037539792665
0.930116569433165	0.06988343056683499
0.9655039705461519	0.034496029453848075
0.027390068239882548	0.9726099317601175
0.2383392450927807	0.7616607549072193
0.9026519682964098	0.09734803170359016
0.010521003451986033	0.989478996548014
0.3073009550226875	0.6926990449773125
0.004333247646516658	0.9956667523534833
0.09033851081397948	0.9096614891860205
0.9785873493212122	0.02141265067878782
0.9344810131424182	0.06551898685758187
0.178832684943509	0.821167315056491
0.3336787389376614	0.6663212610623386
0.7894422745369819	0.21055772546301812
0.06703622075614857	0.9329637792438514
0.9618898871665373	0.038110112833462675
0.920407035933468	0.07959296406653209
0.6188068575995564	0.3811931424004436
0.06643589924646076	0.9335641007535392
0.9372654701464428	0.06273452985355724
0.9219723135199533	0.07802768648004664
0.02531978140827562	0.9746802185917244
0.9250029951318475	0.07499700486815256
0.8136172661015335	0.18638273389846655
0.02573480180399279	0.9742651981960072
0.8838037554314061	0.11619624456859388
0.956783282301833	0.04321671769816701
0.942617257003658	0.05738274299634202
0.8368597446484194	0.1631402553515806
0.5910813025817012	0.4089186974182987
0.8101146354070544	0.18988536459294555
0.43393629031436987	0.5660637096856301
0.35150188249923664	0.6484981175007634
0.9074798592587219	0.09252014074127811
0.9262197757815942	0.07378022421840585
0.9187453715902917	0.08125462840970832
0.9203139789164179	0.07968602108358212
0.9239629967157077	0.07603700328429226
0.9684693755884856	0.03153062441151446
0.019089800734471085	0.9809101992655289
0.9419308376810904	0.05806916231890953
0.8787507541828457	0.12124924581715439
0.6098895608766448	0.39011043912335513
0.9291603997611956	0.07083960023880441
0.46230143790790024	0.5376985620920998
0.9470303904369534	0.05296960956304663
0.010598276364802262	0.9894017236351977
0.6231166321341065	0.3768833678658935
0.39855266106973086	0.6014473389302691
0.9268631190579828	0.0731368809420172
0.9052225825312199	0.09477741746878007
0.7672975411919634	0.23270245880803658
0.9110183429352632	0.08898165706473686
0.15318262857138798	0.846817371428612
0.7305890387342062	0.26941096126579384
0.8605152550489565	0.1394847449510434
0.4339604008101151	0.5660395991898849
0.9422135990828989	0.05778640091710107
0.9208603693611329	0.07913963063886713
0.9342780709709124	0.06572192902908754
0.20625621069304045	0.7937437893069595
0.5515508828508834	0.4484491171491166
0.742888626244129	0.25711137375587095
0.5132841780144087	0.48671582198559127
0.9906735143246593	0.009326485675340678
0.02315761991959009	0.9768423800804099
0.6123440377916514	0.38765596220834864
0.5240551618373974	0.47594483816260263
0.4960626504332144	0.5039373495667856
0.9172217801821803	0.08277821981781973
0.8967843114819986	0.10321568851800147
0.8948855617209525	0.10511443827904758
0.27755393523257166	0.7224460647674283
0.8347886507570368	0.16521134924296327
0.847011755569501	0.15298824443049897
0.9818395190849669	0.01816048091503305
0.9841268468733878	0.01587315312661215
0.8658125992887307	0.13418740071126936
0.9406529969097562	0.05934700309024376
0.6026673864235363	0.3973326135764637
0.9790987727770107	0.02090122722298922
0.14228281908444795	0.857717180915552
0.06055157308692094	0.9394484269130791
0.9138978510328065	0.08610214896719345
0.9410955366447442	0.058904463355255815
0.4756336488304239	0.5243663511695761
0.938602671192323	0.061397328807677065
0.6775198225228569	0.3224801774771431
0.9224660559197754	0.07753394408022467
0.9809929335435791	0.019007066456420904
0.19631541363351113	0.8036845863664889
0.7730660284438214	0.22693397155617856
0.943225514130014	0.05677448586998597
0.8762405094350906	0.12375949056490938
0.3358603031016518	0.6641396968983482
0.979228331150309	0.020771668849690925
0.936783119776493	0.063216880223507
0.27527077882395423	0.7247292211760458
0.9317812455025591	0.06821875449744087
0.9147086923216661	0.08529130767833393
0.9150385988110954	0.08496140118890455
0.033227719690087865	0.9667722803099121
0.923267337330058	0.07673266266994207
0.9343739868070113	0.06562601319298864
0.9560190685400082	0.04398093145999179
0.7508191658395694	0.24918083416043055
0.025072171584563763	0.9749278284154362
0.5752342552076819	0.4247657447923181
0.9073624184699647	0.09263758153003529
0.9155542273080306	0.08444577269196937
0.9856030562622028	0.014396943737797232
0.9173452344771117	0.08265476552288827
0.9669889048548382	0.03301109514516174
0.9690713846129112	0.030928615387088753
0.960426972475816	0.03957302752418402
0.8566685924556193	0.14333140754438067
0.9387122011361678	0.061287798863832135
0.924828710408937	0.07517128959106305
0.9326648183443612	0.06733518165563881
0.9298426356507309	0.07015736434926911
0.9619824008008446	0.03801759919915543
0.9556089952345316	0.044391004765468374
0.6542021322286022	0.34579786777139776
0.9495486669051999	0.050451333094800106
0.9667512938691712	0.03324870613082879
0.9550438146852169	0.0449561853147831
0.9381962385202707	0.06180376147972932
0.9564855660511121	0.04351443394888789
0.9437979107831247	0.05620208921687532
0.976536318572468	0.023463681427531927
0.8337620915454292	0.16623790845457076
0.9324446727043332	0.0675553272956668
0.9869988978910819	0.013001102108918127
0.9443849985411715	0.055615001458828514
0.9308328150501658	0.0691671849498342
0.924983968158787	0.075016031841213
0.6350835454716347	0.3649164545283653
0.9368142200233205	0.06318577997667946
0.7866488865269051	0.21335111347309488
0.9435279938460015	0.05647200615399853
0.6153152567015774	0.3846847432984226
0.9665426165842763	0.03345738341572366
0.9840140389281304	0.01598596107186956
0.20513648002485163	0.7948635199751484
0.005344731657586865	0.9946552683424131
0.986180407668239	0.013819592331760977
0.4161071532443913	0.5838928467556087
0.7417601928232926	0.2582398071767074
0.7724449538905367	0.22755504610946334
0.9147579511688393	0.08524204883116066
0.897017531493522	0.10298246850647799
0.5337826530280863	0.4662173469719137
0.9356118901049726	0.06438810989502745
0.45049354498123395	0.549506455018766
0.647299277961632	0.352700722038368
0.4025374329974668	0.5974625670025332
0.9917047618260141	0.008295238173985937
0.6427489572076948	0.35725104279230524
0.008841176174729348	0.9911588238252707
0.3998099029382669	0.6001900970617331
0.81138942040977	0.18861057959023003
0.3206165565658974	0.6793834434341026
0.6339529255291884	0.36604707447081164
0.26355593663999566	0.7364440633600043
0.07658592853506574	0.9234140714649343
0.23405751841218314	0.7659424815878169
0.3477941935226372	0.6522058064773628
0.28033462149002975	0.7196653785099703
0.2885651680972454	0.7114348319027546
0.2001191340214049	0.7998808659785951
0.9443047814244042	0.055695218575595735
0.015036008922762134	0.9849639910772379
0.4180616453944477	0.5819383546055523
0.9129718970234096	0.08702810297659037
0.8528339752161641	0.14716602478383586
0.954052965866007	0.045947034133992995
0.9860246347296224	0.013975365270377575
0.9562721568550121	0.043727843144987844
0.5336136342142633	0.46638636578573667
0.13646272037073193	0.8635372796292681
0.9216678907769408	0.07833210922305923
0.9283901463597715	0.07160985364022855
0.954741569889769	0.04525843011023104
0.9802564154448573	0.019743584555142676
0.7643739067600557	0.23562609323994432
0.8835749725921374	0.1164250274078626
0.9327860011678119	0.06721399883218818
0.9705368433391828	0.02946315666081718
0.5732301911650146	0.4267698088349854
0.9426350370919608	0.057364962908039184
0.946518162606079	0.053481837393920935
0.9365970757943612	0.06340292420563873
0.9138675207429694	0.08613247925703055
0.853874823618678	0.14612517638132203
0.7766353529362121	0.22336464706378786
0.781890285049707	0.21810971495029297
0.8764899891565766	0.1235100108434234
0.9854463614879039	0.014553638512096104
0.28658114009932345	0.7134188599006765
0.7593092033531263	0.24069079664687365
0.9191041800807316	0.08089581991926842
0.9562606559820459	0.043739344017954075
0.9894885245533562	0.01051147544664378
0.9517449352505205	0.048255064749479507
0.5299332536722697	0.47006674632773027
0.945565942332302	0.05443405766769802
0.9257264269356392	0.0742735730643608
0.9401403140900283	0.05985968590997172
0.004556700086496113	0.9954432999135039
0.2813841880647604	0.7186158119352396
0.316851917889594	0.683148082110406
0.18061755127104506	0.8193824487289549
0.5789745510997615	0.4210254489002385
0.8191457237047194	0.18085427629528059
0.006782651121389427	0.9932173488786106
0.7497494539110641	0.2502505460889359
0.06520675255142461	0.9347932474485754
0.4111509336363752	0.5888490663636248
0.008351333264359773	0.9916486667356402
0.08286834336728743	0.9171316566327126
0.11169860025715139	0.8883013997428486
0.8785264909148012	0.12147350908519881
0.25658091435996644	0.7434190856400336
0.5840382907360561	0.41596170926394394
0.9543846386196054	0.04561536138039462
0.9766036613948219	0.023396338605178084
0.9005912777247715	0.0994087222752284
0.8969505151262174	0.10304948487378267
0.9376584169532136	0.06234158304678642
0.987797533177271	0.012202466822728976
0.774832112950878	0.2251678870491221
0.9569879320423426	0.043012067957657406
0.97525791489247	0.024742085107529996
0.9374491430413041	0.06255085695869585
0.7381103166799008	0.26188968332009915
0.9398377493864677	0.06016225061353228
0.8526502447547238	0.14734975524527616
0.8332508191292818	0.16674918087071822
0.9801409209164678	0.019859079083532204
0.32416557438999594	0.6758344256100041
0.9475994624546277	0.05240053754537235
0.9437892458161663	0.05621075418383372
0.4405168013398191	0.5594831986601809
0.4211809920579094	0.5788190079420906
0.003697149532170041	0.99630285046783
0.0074005911757419884	0.992599408824258
0.8026702643074095	0.19732973569259046
0.005224362488746914	0.9947756375112531
0.33676834095015173	0.6632316590498483
0.14432750767847224	0.8556724923215278
0.040536641553094	0.959463358446906
0.5782749540921286	0.42172504590787147
0.4827528346380585	0.5172471653619415
0.8163039784798944	0.18369602152010558
0.9557418537020799	0.04425814629792014
0.963420434870554	0.036579565129446004
0.5083656974807383	0.49163430251926166
0.09498791799458961	0.9050120820054104
0.16112676384541968	0.8388732361545803
0.15762624515037627	0.8423737548496237
0.8840678211924439	0.1159321788075561
0.9868570412506941	0.013142958749305989
0.061517782150089184	0.9384822178499108
0.9625673955275121	0.03743260447248788
0.9808540332107237	0.019145966789276228
0.9658981640471103	0.034101835952889716
0.7292539770569219	0.27074602294307815
0.9566610507708421	0.04333894922915797
0.7478826220049497	0.25211737799505035
0.45246548255898644	0.5475345174410136
0.0015768099875435038	0.9984231900124565
0.9484635225436496	0.051536477456350344
0.8946842143958691	0.10531578560413095
0.343307357958587	0.656692642041413
0.06882936846088261	0.9311706315391174
0.8946468924852793	0.10535310751472075
0.9085913411908728	0.09140865880912724
0.7708609868344487	0.2291390131655513
0.1357220186403576	0.8642779813596424
0.9384906814887253	0.061509318511274697
0.9206491776203434	0.07935082237965663
0.9479410993177617	0.05205890068223832
0.912655722728209	0.0873442772717909
0.652970354253319	0.3470296457466811
0.9250555449760487	0.07494445502395125
0.9779501367286069	0.02204986327139308
0.9755035637111805	0.02449643628881953
0.9204352210656188	0.07956477893438114
0.9140935401042399	0.08590645989576007
0.010527636709431132	0.9894723632905689
0.4957471760427038	0.5042528239572962
0.9269867965249518	0.07301320347504825
0.9394720498212672	0.06052795017873277
0.0024968199436350424	0.997503180056365
0.08992325857300731	0.9100767414269927
0.3693465593145996	0.6306534406854004
0.9322629433291731	0.06773705667082681
0.8921144889748941	0.10788551102510595
0.7405731385414411	0.2594268614585589
0.805430335182233	0.19456966481776708
0.7111707847019143	0.2888292152980857
0.9435126827297925	0.0564873172702075
0.9578782209234832	0.04212177907651679
0.9525976663352358	0.04740233366476423
0.06387397757521174	0.9361260224247883
0.9589369025809747	0.0410630974190252
0.9412101118367545	0.058789888163245464
0.04755937022817536	0.9524406297718246
0.9604004358438476	0.039599564156152456
0.6639307150567781	0.3360692849432219
0.9296033010111677	0.0703966989888323
0.277547317532447	0.722452682467553
0.797639983574008	0.20236001642599197
0.8283676562385917	0.17163234376140837
0.9272739866029478	0.07272601339705223
0.9875374532205405	0.012462546779459474
0.9306370921928723	0.06936290780712775
0.21438771657231648	0.7856122834276835
0.944577060640107	0.05542293935989295
0.17700916531658617	0.8229908346834138
0.753966868323065	0.24603313167693497
0.019015444045535013	0.980984555954465
0.9021713555764517	0.0978286444235483
0.9428560015479196	0.057143998452080416
0.9726559328255796	0.027344067174420388
0.9321068751521088	0.06789312484789119
0.014995839957894441	0.9850041600421056
0.9812647572548612	0.018735242745138818
0.12767246550286282	0.8723275344971372
0.9524568386743114	0.0475431613256886
0.02781409601576257	0.9721859039842374
0.1633684009438302	0.8366315990561698
0.07039509613910466	0.9296049038608953
0.8499225239321619	0.15007747606783803
0.16935068744771264	0.8306493125522874
0.2466552705570958	0.7533447294429042
0.6169096939370343	0.3830903060629657
0.4862039755257057	0.5137960244742943
0.9498477136921948	0.05015228630780519
0.8458572713327704	0.15414272866722958
0.9798198544944254	0.020180145505574527
0.4993318210074785	0.5006681789925215
0.8566349957740399	0.1433650042259601
0.8130870548250642	0.18691294517493584
0.9869160046287772	0.013083995371222875
0.9424568063168142	0.05754319368318578
0.9568475180516923	0.0431524819483077
0.7126429996816961	0.28735700031830397
0.7862292966580885	0.2137707033419115
0.9147058261561867	0.0852941738438133
0.6811890082906153	0.31881099170938465
0.6296315405941948	0.37036845940580515
0.7006414810631254	0.29935851893687465
0.0024030664426512027	0.9975969335573488
0.005655679646002887	0.9943443203539971
0.7159214687818884	0.2840785312181115
0.9620455510594111	0.037954448940588886
0.2485123413455551	0.7514876586544449
0.9617792059723138	0.038220794027686224
0.9578103671182149	0.042189632881785094
0.9241803959515519	0.07581960404844808
0.026271862273381852	0.9737281377266181
0.9161055413587497	0.08389445864125035
0.42015763434753617	0.5798423656524638
0.0660355970394585	0.9339644029605415
0.004262192748232918	0.9957378072517671
0.5324703058229296	0.4675296941770703
0.5704845915949215	0.42951540840507857
0.0032404075204197635	0.9967595924795802
0.3627747378298307	0.6372252621701693
0.00742674201157667	0.9925732579884233
0.6565498983018596	0.34345010169814033
0.004841554608227661	0.9951584453917723
0.4665618986487702	0.5334381013512298
0.29618872712106203	0.703811272878938
0.22728966442902043	0.7727103355709796
0.9236104226318198	0.07638957736818021
0.04553219571623657	0.9544678042837634
0.010266400714534996	0.989733599285465
0.975499265188946	0.024500734811054005
0.9868406604885467	0.01315933951145326
0.13694035498868462	0.8630596450113154
0.9173232269562428	0.08267677304375723
0.8241451716583403	0.17585482834165972
0.9306696507195086	0.06933034928049142
0.8503276149601278	0.1496723850398723
0.7142190028313251	0.28578099716867494
0.9660046540524081	0.033995345947591925
0.945671763083685	0.05432823691631504
0.9423762485117237	0.05762375148827628
0.9046144662222907	0.09538553377770932
0.9268890818857831	0.07311091811421683
0.9672192586716957	0.032780741328304316
0.9242637329689516	0.07573626703104842
0.9840342514974045	0.01596574850259552
0.6764529819178366	0.3235470180821634
0.8956635417470235	0.10433645825297658
0.8283582301230367	0.17164176987696333
0.9278737101989646	0.07212628980103544
0.9040153721904023	0.09598462780959768
0.1168720399981803	0.8831279600018197
0.28776718015683767	0.7122328198431623
0.006989476907436343	0.9930105230925637
0.7321959175725812	0.2678040824274189
0.9299850467954135	0.07001495320458646
0.30650921416518406	0.6934907858348159
0.5709189806005558	0.4290810193994442
0.915602944543236	0.08439705545676399
0.26508417176005394	0.7349158282399461
0.9568570514630845	0.04314294853691551
0.9384241689598504	0.06157583104014963
0.10347053035050147	0.8965294696494985
0.942450063715538	0.057549936284462026
0.9139710514243748	0.0860289485756252
0.8781350527947143	0.12186494720528578
0.26603939875748206	0.7339606012425179
0.9212729932258427	0.07872700677415735
0.9123870080952471	0.08761299190475294
0.0022914618851435087	0.9977085381148565
0.27827601807792335	0.7217239819220767
0.9351619305736022	0.06483806942639783
0.8931007023460907	0.10689929765390928
0.2717322795206697	0.7282677204793303
0.022322559705915568	0.9776774402940844
0.39288512503047723	0.6071148749695228
0.936242300158	0.06375769984199997
0.5518293976260175	0.44817060237398254
0.9113748376768603	0.08862516232313963
0.9406031431780721	0.05939685682192785
0.9820695408115825	0.017930459188417534
0.9417063138251003	0.05829368617489971
0.9227468617848168	0.07725313821518325
0.9525919193084942	0.04740808069150584
0.9297517996638707	0.07024820033612932
0.954359992366532	0.04564000763346801
0.8083715201494261	0.19162847985057385
0.045659164270401065	0.9543408357295989
0.9058117601052972	0.09418823989470283
0.9371350509966311	0.06286494900336888
0.6402603043883621	0.3597396956116379
0.9508591294884298	0.049140870511570185
0.960634924804593	0.039365075195407016
0.937537911636216	0.06246208836378394
0.16846394903665363	0.8315360509633464
0.40061706075254255	0.5993829392474574
0.9851780115226035	0.014821988477396457
0.9505308802886163	0.04946911971138365
0.7297410958876533	0.27025890411234665
0.6142171035260597	0.38578289647394026
0.9265097451100985	0.07349025488990141
0.5134475249167035	0.48655247508329647
0.8204578965933376	0.1795421034066625
0.12596130744622147	0.8740386925537785
0.9848526669548334	0.0151473330451666
0.9834140802366631	0.01658591976333691
0.958822152397024	0.04117784760297599
0.9104569022931086	0.08954309770689144
0.5348198884507023	0.4651801115492977
0.9816102503325235	0.0183897496674765
0.9643167523989589	0.03568324760104109
0.3259265291699849	0.6740734708300151
0.9771913986272893	0.022808601372710718
0.9101828987721504	0.08981710122784956
0.9160952830916527	0.08390471690834736
0.7829244619981436	0.21707553800185642
0.9324070013098309	0.06759299869016905
0.9465625378701881	0.05343746212981198
0.2085071827430528	0.7914928172569472
0.9273576636283756	0.0726423363716244
0.19294802260775445	0.8070519773922455
0.8870939988215514	0.11290600117844858
0.8629263711594254	0.1370736288405746
0.9436267928650137	0.05637320713498627
0.8880046900402585	0.11199530995974144
0.9294759405201186	0.07052405947988134
0.9350796578135663	0.06492034218643374
0.03984539464831249	0.9601546053516875
0.5155771252342527	0.48442287476574725
0.34334825510684897	0.656651744893151
0.8941344701084013	0.1058655298915987
0.8802600156474086	0.11973998435259137
0.03725362293638279	0.9627463770636172
0.42324389286932407	0.5767561071306759
0.9334763314495701	0.06652366855042988
0.9534020551749286	0.04659794482507136
0.9519507565548115	0.048049243445188405
0.25109890797465495	0.748901092025345
0.00785012174600197	0.992149878253998
0.018497626002880074	0.9815023739971199
0.04324742489983879	0.9567525751001612
0.807272053992937	0.19272794600706303
0.024673574480280736	0.9753264255197193
0.8519947276283196	0.1480052723716804
0.8918445158817446	0.10815548411825542
0.5033726175261852	0.4966273824738148
0.9180016165762387	0.08199838342376127
0.9515180650132837	0.04848193498671625
0.2499491330748671	0.7500508669251329
0.46922700058814937	0.5307729994118506
0.2834329505081504	0.7165670494918496
0.0019394528410887624	0.9980605471589112
0.30947923370570873	0.6905207662942913
0.2603200820604079	0.7396799179395921
0.1274302131196806	0.8725697868803194
0.11869120487244555	0.8813087951275544
0.9640068249393818	0.035993175060618124
0.27881213960516893	0.7211878603948311
0.6778464973817945	0.3221535026182055
0.7091395119058197	0.2908604880941803
0.9620563495431301	0.03794365045686989
0.9295889019853931	0.07041109801460693
0.40010870949170685	0.5998912905082932
0.9198490478626851	0.08015095213731491
0.42393652941773563	0.5760634705822644
0.5730894350079476	0.4269105649920523
0.9825269150926421	0.017473084907357873
0.8992066162522127	0.10079338374778736
0.5955040901980861	0.40449590980191386
0.3467112167757528	0.6532887832242472
0.01506803173792215	0.9849319682620779
0.2492368148084919	0.7507631851915081
0.10832401183298956	0.8916759881670104
0.24372934554534564	0.7562706544546544
0.9816304074871326	0.0183695925128674
0.9750791299326058	0.024920870067394227
0.04889451348847407	0.9511054865115259
0.9583840997236186	0.04161590027638144
0.8901498356622446	0.1098501643377554
0.9411332508676984	0.05886674913230163
0.8730085473846664	0.1269914526153336
0.8343232173615283	0.1656767826384718
0.4991206235886255	0.5008793764113745
0.9821589779623354	0.01784102203766461
0.15772567700337747	0.8422743229966225
0.9124602529602281	0.08753974703977185
0.03737511873555499	0.962624881264445
0.9255838991965262	0.07441610080347379
0.5252791779770096	0.4747208220229903
0.8313813595875904	0.1686186404124096
0.07354760791248305	0.926452392087517
0.9576261968480109	0.04237380315198914
0.9380136837975868	0.061986316202413294
0.9857479203606543	0.014252079639345756
0.922722038575726	0.07727796142427405
0.42432358909775225	0.5756764109022477
0.9545419867492778	0.045458013250722185
0.683989461158725	0.31601053884127495
0.9304733258241258	0.06952667417587417
0.1803473339800511	0.8196526660199489
0.9706570989773629	0.029342901022637126
0.8935654856999461	0.10643451430005392
0.9722914159182415	0.027708584081758424
0.5775291286977566	0.4224708713022434
0.15839561858861728	0.8416043814113827
0.9308494283065191	0.06915057169348095
0.8205418354852096	0.1794581645147904
0.9860457792665116	0.013954220733488351
0.07624306880418685	0.9237569311958131
0.434670854676921	0.565329145323079
0.5482934640628037	0.4517065359371964
0.07391248305234877	0.9260875169476512
0.9608448970558635	0.03915510294413653
0.5387757340104073	0.4612242659895926
0.7371705116430433	0.26282948835695674
0.9579368176623664	0.04206318233763359
0.8939364480576905	0.10606355194230958
0.9695190185321023	0.030480981467897662
0.8911759220272785	0.1088240779727215
0.9481873824941465	0.05181261750585353
0.923482193852645	0.076517806147355
0.9086960622887746	0.09130393771122533
0.9225438277824075	0.0774561722175925
0.9405708852530087	0.05942911474699126
0.08607077565128629	0.9139292243487137
0.9388389731258928	0.0611610268741072
0.8442864516516534	0.1557135483483466
0.9275902262459759	0.07240977375402416
0.5243710030476765	0.4756289969523236
0.9297230866834131	0.07027691331658692
0.9602594428612076	0.03974055713879248
0.9427611230534694	0.05723887694653062
0.9044549123544504	0.09554508764554959
0.9503128216981087	0.049687178301891344
0.9480006440297312	0.05199935597026888
0.4481223289045271	0.5518776710954729
0.6525507878424519	0.34744921215754804
0.8649383993066989	0.13506160069330106
0.953696748723652	0.04630325127634801
0.9258663191848094	0.07413368081519053
0.9246410642866498	0.0753589357133502
0.9617070304762341	0.03829296952376592
0.26947627206935043	0.7305237279306496
0.9715234034230051	0.0284765965769949
0.9223104576654191	0.07768954233458096
0.9265057618993686	0.07349423810063141
0.7899441386500186	0.21005586134998147
0.9303979871477095	0.06960201285229049
0.9443659329439075	0.0556340670560925
0.9590700127198744	0.04092998728012561
0.8721755395014087	0.1278244604985913
0.9411282364301975	0.05887176356980248
0.8835542247965222	0.11644577520347778
0.88100135159171	0.11899864840828996
0.9555799111758755	0.04442008882412452
0.5327709831172374	0.4672290168827627
0.7950721104898911	0.20492788951010887
0.08273774786360255	0.9172622521363974
0.1465701767908284	0.8534298232091716
0.15426862427452936	0.8457313757254706
0.04776723935581928	0.9522327606441807
0.31250219285156955	0.6874978071484305
0.015157984053789764	0.9848420159462102
0.672852031144834	0.327147968855166
0.010407810903895087	0.9895921890961049
0.9245167347586225	0.07548326524137747
0.9228608408952108	0.07713915910478925
0.2936377295174839	0.7063622704825161
0.9597308862468872	0.04026911375311276
0.9398015882903078	0.0601984117096922
0.9872167318161423	0.012783268183857655
0.9292569180598845	0.07074308194011551
0.9221346053879989	0.07786539461200115
0.8460314772379586	0.15396852276204143
0.5881442748958289	0.4118557251041711
0.9072992387739103	0.09270076122608974
0.5667165506025565	0.43328344939744345
0.8886949009057126	0.11130509909428744
0.929754013301348	0.07024598669865201
0.49053297475900715	0.5094670252409929
0.9635053454250418	0.036494654574958194
0.928360874685352	0.07163912531464797
0.06652268595350641	0.9334773140464936
0.9155809270262542	0.08441907297374585
0.4426712683261289	0.5573287316738711
0.83527496340677	0.16472503659322998
0.9079975992235938	0.09200240077640626
0.44814310422396064	0.5518568957760394
0.9019561668308201	0.09804383316917985
0.8773555147447942	0.12264448525520576
0.8015373359804258	0.19846266401957427
0.6590195741371658	0.3409804258628342
0.9059208855389004	0.09407911446109966
0.0492792689264866	0.9507207310735134
0.010021597334246457	0.9899784026657535
0.9466942654658019	0.053305734534198096
0.14127778386790557	0.8587222161320944
0.9500018919607816	0.04999810803921842
0.6411724446897045	0.35882755531029553
0.013040252775727734	0.9869597472242723
0.5571116464480357	0.44288835355196426
0.5404905905150656	0.4595094094849343
0.8695504051777261	0.13044959482227386
0.9222904213614261	0.07770957863857389
0.8840240587008312	0.1159759412991688
0.3578372162449521	0.6421627837550479
0.8825794076037359	0.11742059239626414
0.08173859666923011	0.9182614033307699
0.41045435739270697	0.589545642607293
0.008636101441912958	0.991363898558087
0.277543225583613	0.722456774416387
0.30354989259878085	0.6964501074012192
0.8469755939243432	0.15302440607565682
0.9011509416632023	0.09884905833679766
0.20499623235330922	0.7950037676466908
0.47116853482382914	0.5288314651761709
0.7651640240818404	0.2348359759181596
0.012397357700447476	0.9876026422995525
0.5532480576072416	0.44675194239275845
0.6945948924632435	0.30540510753675654
0.06695259161885558	0.9330474083811444
0.5591757651921158	0.44082423480788424
0.856650023196114	0.14334997680388592
0.8589326054307251	0.14106739456927486
0.9012349012072437	0.09876509879275627
0.10435252699195396	0.895647473008046
0.3247051544093189	0.6752948455906811
0.05931028745540334	0.9406897125445967
0.9432918289393728	0.056708171060627144
0.953768113227224	0.046231886772775954
0.10160636680823987	0.8983936331917601
0.9207384562676213	0.07926154373237874
0.9612683567329935	0.03873164326700652
0.9326558132127238	0.06734418678727613
0.039800798073207466	0.9601992019267925
0.0045291570160823635	0.9954708429839176
0.9218613993222401	0.07813860067775993
0.060656455247525165	0.9393435447524748
0.496407540869653	0.503592459130347
0.07935938609187843	0.9206406139081216
0.16784922286562587	0.8321507771343741
0.27775029284046193	0.7222497071595381
0.00954776299271265	0.9904522370072874
0.4963836121508849	0.5036163878491151
0.007538810361535142	0.9924611896384649
0.05182079166394249	0.9481792083360575
0.23475870360325324	0.7652412963967468
0.002885993489548211	0.9971140065104518
0.3765705352114245	0.6234294647885755
0.22582343986301157	0.7741765601369884
0.04879817596839797	0.951201824031602
0.6193604874181089	0.38063951258189116
0.5444324663604954	0.4555675336395047
0.5857473600033725	0.41425263999662754
0.9176995069491151	0.08230049305088492
0.7516295133425617	0.24837048665743836
0.9467973961155021	0.053202603884497955
0.4831646124830349	0.5168353875169651
0.9500451470776206	0.04995485292237943
0.9393367497050827	0.06066325029491729
0.04135083045052934	0.9586491695494707
0.0609409452908285	0.9390590547091715
0.5595206885884426	0.4404793114115574
0.008419879869946412	0.9915801201300536
0.36163820982632044	0.6383617901736796
0.8899653486416785	0.11003465135832152
0.8860597703430628	0.11394022965693718
0.4771759753180437	0.5228240246819563
0.5630895440221	0.43691045597789996
0.8363002928695119	0.16369970713048812
0.9631074271714763	0.03689257282852361
0.9051266614648594	0.09487333853514059
0.903524262547503	0.09647573745249702
0.9675323161862015	0.032467683813798554
0.02676470536898401	0.973235294631016
0.9199269283641384	0.08007307163586164
0.06441810679780524	0.9355818932021948
0.759214129961873	0.24078587003812704
0.005790552355661838	0.9942094476443382
0.909045065168895	0.0909549348311049
0.72961791062003	0.27038208937996994
0.0258275941192756	0.9741724058807244
0.8205936773271767	0.17940632267282325
0.9239876802449679	0.0760123197550321
0.7304425174341584	0.2695574825658416
0.8949925861537119	0.10500741384628813
0.9588754170323589	0.04112458296764105
0.9843842823734131	0.015615717626586853
0.9258347820602874	0.07416521793971266
0.9322790635493907	0.06772093645060934
0.9160169025766669	0.08398309742333307
0.3724913101485209	0.6275086898514791
0.9638563218629896	0.03614367813701032
0.7884320535803403	0.2115679464196597
0.9184131630636122	0.08158683693638784
0.7191915519819732	0.28080844801802685
0.8240112487205987	0.1759887512794013
0.9852679692397797	0.014732030760220347
0.09861237022297331	0.9013876297770267
0.9388625639543722	0.06113743604562786
0.34259753881995103	0.657402461180049
0.0018984881653685282	0.9981015118346315
0.016931406632974766	0.9830685933670252
0.9175887566132364	0.08241124338676364
0.8452132041330688	0.1547867958669312
0.9429711667077856	0.05702883329221438
0.010639910644000827	0.9893600893559992
0.9235076201555759	0.07649237984442415
0.14726310914515117	0.8527368908548488
0.8581052381595844	0.14189476184041555
0.24777059269897794	0.7522294073010221
0.9279141267897583	0.07208587321024174
0.570916930650468	0.429083069349532
0.40006841085532974	0.5999315891446703
0.9306770983136861	0.06932290168631393
0.02103885022090557	0.9789611497790944
0.7843498745566965	0.2156501254433035
0.4725891469776369	0.5274108530223631
0.08164569021369339	0.9183543097863066
0.8050775562933494	0.1949224437066506
0.21015853690094022	0.7898414630990598
0.15864350276113592	0.8413564972388641
0.43038345958674584	0.5696165404132542
0.05535115620232123	0.9446488437976788
0.12864843949395377	0.8713515605060462
0.19348613326386566	0.8065138667361343
0.9107119806924251	0.08928801930757485
0.3274571579586222	0.6725428420413778
0.050121887914227226	0.9498781120857728
0.23361304887348744	0.7663869511265126
0.6458508053385771	0.3541491946614229
0.8721843088018508	0.1278156911981492
0.4878229712064678	0.5121770287935322
0.7054951289106522	0.29450487108934775
0.934815338803614	0.06518466119638605
0.008748327831540448	0.9912516721684596
0.05013204992221998	0.94986795007778
0.9794506752084257	0.020549324791574317
0.02949432183481504	0.970505678165185
0.9540319239107828	0.04596807608921712
0.9401915424485274	0.05980845755147257
0.015322671121446585	0.9846773288785534
0.9747213502864552	0.025278649713544807
0.022253636108915065	0.9777463638910849
0.9251700683167243	0.07482993168327572
0.9577684785882302	0.04223152141176979
0.5362921269059402	0.46370787309405975
0.7084734929717103	0.2915265070282897
0.007417095935616902	0.9925829040643831
0.11511874876029693	0.8848812512397031
0.32181735841312875	0.6781826415868712
0.9108300886360097	0.08916991136399031
0.17705588412874906	0.8229441158712509
0.9475714536751498	0.05242854632485014
0.7790546153663056	0.22094538463369445
0.22544457261796913	0.7745554273820309
0.25240678245142634	0.7475932175485737
0.29600064219013955	0.7039993578098604
0.3480483427413432	0.6519516572586568
0.19240079692603052	0.8075992030739695
0.905309147511841	0.09469085248815902
0.06156889211173944	0.9384311078882606
0.2707960126214304	0.7292039873785696
0.0033721031536584345	0.9966278968463416
0.9374922946888123	0.06250770531118768
0.9304025453771881	0.06959745462281189
0.9631769480659996	0.03682305193400038
0.6500308523137013	0.3499691476862988
0.9607099876544973	0.039290012345502646
0.919924040362654	0.08007595963734605
0.8162410491214489	0.18375895087855104
0.01467978668183123	0.9853202133181688
0.4848526858302039	0.5151473141697961
0.9316544064249674	0.06834559357503253
0.8997425039719443	0.10025749602805566
0.4064492565502005	0.5935507434497995
0.46258476557564754	0.5374152344243525
0.9466573095834856	0.05334269041651444
0.9210033923923314	0.0789966076076686
0.8713702422534251	0.12862975774657498
0.9264523187846256	0.07354768121537442
0.957630769273055	0.042369230726945
0.9460855681717523	0.05391443182824776
0.9276780608911958	0.0723219391088042
0.9551176035337567	0.044882396466243216
0.9041422787614757	0.09585772123852437
0.92255406985011	0.07744593014989003
0.9559186723661692	0.04408132763383072
0.8962556855052365	0.1037443144947635
0.919893003407987	0.08010699659201306
0.9214120460584795	0.07858795394152053
0.1027955805606221	0.8972044194393779
0.9811491538896817	0.018850846110318335
0.9205954758185083	0.07940452418149165
0.847402224037597	0.152597775962403
0.962451595794332	0.03754840420566794
0.8805339518512838	0.11946604814871617
0.8215154050195085	0.17848459498049152
0.8282598920561021	0.17174010794389793
0.9289715343812105	0.07102846561878952
0.8871117054377035	0.11288829456229658
0.9537941339303073	0.046205866069692694
0.5859695601295607	0.41403043987043925
0.5864910295142967	0.41350897048570334
0.9133144995202046	0.08668550047979544
0.9305213540244316	0.06947864597556842
0.2318522565385095	0.7681477434614905
0.43823125843005084	0.5617687415699492
0.7936858308216524	0.20631416917834752
0.014388810843305455	0.9856111891566945
0.006735910315690319	0.9932640896843097
0.03093471206600651	0.9690652879339935
0.42539192576769047	0.5746080742323095
0.0350458648740124	0.9649541351259876
0.002567416756848795	0.9974325832431512
0.504781611535148	0.49521838846485206
0.5255256102622559	0.47447438973774414
0.12581841992227505	0.874181580077725
0.10117138364751677	0.8988286163524832
0.3450317606789831	0.6549682393210169
0.005331121064468203	0.9946688789355318
0.005744902781748551	0.9942550972182514
0.06810032523637233	0.9318996747636277
0.8131223391628997	0.18687766083710028
0.6880711133689532	0.31192888663104673
0.07116507518061732	0.9288349248193827
0.2840696455272357	0.7159303544727643
0.04445051563403246	0.9555494843659675
0.04134384034229033	0.9586561596577097
0.5817929858531092	0.41820701414689077
0.036549543616293256	0.9634504563837067
0.018840696320329697	0.9811593036796703
0.06235242085250492	0.9376475791474951
0.02555474990574713	0.9744452500942529
0.23696738321493083	0.7630326167850692
0.01707022092541366	0.9829297790745863
0.251400389654706	0.748599610345294
0.9562431856936803	0.04375681430631974
0.9393698115112903	0.06063018848870968
0.9468150658086122	0.05318493419138785
0.9360612518998015	0.06393874810019845
0.8948431220214995	0.10515687797850051
0.9146151668014194	0.08538483319858058
0.9407652513074618	0.059234748692538204
0.8310676593575163	0.16893234064248372
0.9245736069624795	0.07542639303752058
0.9429382440056702	0.05706175599432986
0.9125440518661505	0.08745594813384952
0.3884473368366558	0.6115526631633442
0.8158808270970886	0.18411917290291138
0.9226685197910354	0.07733148020896459
0.9619839272494469	0.03801607275055312
0.9776066132549998	0.02239338674500028
0.823822341555312	0.17617765844468802
0.977232311025504	0.022767688974496034
0.5421818397786802	0.4578181602213199
0.011817133469110841	0.9881828665308892
0.9566972000315496	0.04330279996845048
0.5090266127504642	0.49097338724953576
0.9829235757653421	0.01707642423465794
0.2930697756109397	0.7069302243890603
0.8732788283748297	0.1267211716251703
0.01119215395520623	0.9888078460447938
0.8689478536049676	0.1310521463950324
0.6589870103380803	0.34101298966191973
0.02337428710897438	0.9766257128910256
0.22173778008998124	0.7782622199100188
0.9014172426876953	0.09858275731230466
0.9489149319729047	0.05108506802709534
0.9354219132691179	0.06457808673088201
0.93372368156239	0.06627631843760991
0.9431871493591094	0.056812850640890596
0.20975379379974424	0.7902462062002558
0.9456170883495798	0.05438291165042023
0.6889539873846915	0.3110460126153085
0.9404275483590016	0.05957245164099841
0.11115508800146745	0.8888449119985325
0.07867447603023214	0.9213255239697679
0.30971336328272236	0.6902866367172776
0.9745897334362199	0.02541026656378015
0.7051966565681315	0.29480334343186854
0.855553810887267	0.14444618911273302
0.9484228753602016	0.05157712463979839
0.9141699813290747	0.08583001867092534
0.00741307771240729	0.9925869222875927
0.5741520426177158	0.4258479573822842
0.9151898910883417	0.08481010891165833
0.015654157704451444	0.9843458422955486
0.8863338778934867	0.11366612210651332
0.9303969054068075	0.06960309459319246
0.9602734602148021	0.03972653978519795
0.9761902166509493	0.02380978334905073
0.0029636299476694106	0.9970363700523306
0.12351068331304971	0.8764893166869503
0.09496470098464038	0.9050352990153596
0.047578854392687386	0.9524211456073126
0.5866207768431109	0.4133792231568891
0.9407961723530509	0.059203827646949134
0.9490384728045033	0.050961527195496695
0.8392601439183236	0.16073985608167637
0.027827121328425686	0.9721728786715743
0.970902504898257	0.02909749510174294
0.9245794702332509	0.07542052976674903
0.009206058557782337	0.9907939414422177
0.9465057226213806	0.0534942773786194
0.9237774899632127	0.0762225100367872
0.5385406385969558	0.4614593614030442
0.9284468191109276	0.07155318088907238
0.41216356431988954	0.5878364356801105
0.6722208001297214	0.32777919987027865
0.1102114130834696	0.8897885869165304
0.9761084706101223	0.023891529389877667
0.5882876934685692	0.41171230653143076
0.7923459508870017	0.2076540491129984
0.9222384333782487	0.07776156662175132
0.9905411302361901	0.00945886976380991
0.8536772884971786	0.14632271150282142
0.7377196733118309	0.26228032668816914
0.9087744473248366	0.09122555267516343
0.0408229829585427	0.9591770170414573
0.9499552212288584	0.05004477877114151
0.9674204792030703	0.032579520796929676
0.9559543697280853	0.044045630271914694
0.3077120279908786	0.6922879720091214
0.8545728931358079	0.14542710686419213
0.5455843624542576	0.4544156375457425
0.07054235269070719	0.9294576473092928
0.9011393136613411	0.0988606863386589
0.7648668443866087	0.2351331556133913
0.9008138252250799	0.09918617477492013
0.5434693343054844	0.45653066569451567
0.8908031214981277	0.1091968785018723
0.8892572281730827	0.1107427718269173
0.005160106805618403	0.9948398931943816
0.002454501362117556	0.9975454986378824
0.9414072053921102	0.058592794607889756
0.9229843018031803	0.07701569819681972
0.11276428995962728	0.8872357100403727
0.9407322490031362	0.05926775099686375
0.910925790795643	0.08907420920435705
0.9215253260116045	0.07847467398839544
0.492824734391038	0.507175265608962
0.8411157624861572	0.1588842375138428
0.6411404140896793	0.3588595859103207
0.9241818427147894	0.07581815728521057
0.8371583362677929	0.1628416637322071
0.8972467060425416	0.10275329395745833
0.9894034789822597	0.01059652101774033
0.8912328936140759	0.10876710638592417
0.6363781845228311	0.3636218154771689
0.9375775073227577	0.06242249267724232
0.013153700437055438	0.9868462995629446
0.22095607538348438	0.7790439246165156
0.09704783071265088	0.9029521692873491
0.007225991468658766	0.9927740085313412
0.9523106832089854	0.04768931679101462
0.3521531214536645	0.6478468785463355
0.1117379577788502	0.8882620422211498
0.9365127950867287	0.06348720491327128
0.945289156816254	0.05471084318374602
0.9215896803041751	0.07841031969582486
0.943255085581286	0.05674491441871397
0.9282257887913505	0.07177421120864945
0.9266376536305829	0.07336234636941702
0.4888531477675463	0.5111468522324537
0.9233996620132655	0.07660033798673449
0.47171121086832035	0.5282887891316796
0.9329212034555848	0.06707879654441515
0.007059897352531097	0.9929401026474689
0.960611430819557	0.03938856918044301
0.0126386075660887	0.9873613924339113
0.9558060755829326	0.04419392441706737
0.9826688508415443	0.017331149158455714
0.026426633816206913	0.9735733661837931
0.010676413622069947	0.98932358637793
0.6514709913762277	0.34852900862377234
0.8744015767505267	0.12559842324947337
0.6626618185854645	0.3373381814145355
0.02193006223356564	0.9780699377664344
0.00976380763040463	0.9902361923695954
0.004484026244460537	0.9955159737555395
0.7574495809717877	0.24255041902821228
0.060103480691961586	0.9398965193080384
0.03905389905640899	0.960946100943591
0.8065092767860129	0.19349072321398708
0.23939165939854024	0.7606083406014598
0.02586476857907971	0.9741352314209203
0.6455858917024747	0.3544141082975253
0.9433691644944138	0.05663083550558623
0.9335385909886297	0.0664614090113703
0.2979217819714418	0.7020782180285582
0.4909704308568774	0.5090295691431226
0.017472443724035447	0.9825275562759646
0.5015191362119324	0.4984808637880675
0.889157237762116	0.11084276223788407
0.9260996742936211	0.07390032570637899
0.6801600296919588	0.3198399703080413
0.8587218274896703	0.14127817251032973
0.15997211273066425	0.8400278872693357
0.6496218407341716	0.3503781592658283
0.926495970418368	0.07350402958163209
0.9399305929821521	0.06006940701784795
0.9527992957799425	0.04720070422005751
0.96335028113281	0.036649718867190005
0.9570833351156749	0.04291666488432508
0.9403146745870339	0.05968532541296617
0.9202199257492436	0.07978007425075642
0.9863128790241041	0.013687120975895887
0.8251512663782525	0.17484873362174747
0.9280696851043274	0.07193031489567261
0.9897619849448578	0.010238015055142189
0.8981747377293507	0.10182526227064924
0.24853051357105382	0.7514694864289462
0.9144663406129494	0.08553365938705057
0.6460899770388329	0.35391002296116714
0.9314240224429962	0.0685759775570038
0.6624115219023461	0.33758847809765385
0.9056679473883074	0.09433205261169265
0.9240046600548961	0.07599533994510382
0.9206273584405643	0.07937264155943564
0.17807264746681428	0.8219273525331857
0.695012872442667	0.30498712755733304
0.7992266795833874	0.20077332041661256
0.9144073337723847	0.08559266622761527
0.9369470340516725	0.06305296594832754
0.839740149403695	0.160259850596305
0.5927728693959884	0.40722713060401156
0.8432660121392617	0.15673398786073833
0.6705749435295658	0.3294250564704342
0.9053680507781112	0.09463194922188874
0.03651024063095787	0.9634897593690421
0.9755912203255392	0.024408779674460798
0.8905001289956125	0.10949987100438746
0.9437177925767569	0.05628220742324309
0.9146117606835859	0.08538823931641416
0.9385129185629315	0.061487081437068505
0.7559989603208125	0.24400103967918751
0.9549851996266917	0.045014800373308295
0.9509672314039003	0.04903276859609969
0.9279769854405713	0.07202301455942871
0.20853432092200286	0.7914656790779971
0.9448683429882943	0.05513165701170573
0.9347497934995533	0.06525020650044668
0.4571593007314292	0.5428406992685708
0.1600429053269945	0.8399570946730055
0.9125929894808363	0.08740701051916365
0.8105449241525899	0.18945507584741006
0.6748520933474917	0.32514790665250826
0.5139424608876872	0.4860575391123127
0.8677366550583574	0.13226334494164266
0.8235691139825811	0.17643088601741883
0.8321726195140416	0.16782738048595833
0.9042253153502937	0.09577468464970627
0.23549462873889881	0.7645053712611012
0.5735755668248517	0.4264244331751483
0.9525219961428973	0.04747800385710266
0.9842442490527824	0.015755750947217543
0.5875359511478676	0.4124640488521324
0.9353406125903817	0.06465938740961834
0.9418800718181929	0.05811992818180707
0.179924781493205	0.820075218506795
0.3954600822407469	0.6045399177592531
0.7927620249480198	0.20723797505198022
0.9716447153271042	0.028355284672895827
0.10712800759306373	0.8928719924069363
0.8415963365920317	0.1584036634079683
0.9616022444483736	0.038397755551626354
0.9077070646299346	0.09229293537006546
0.9511113733714387	0.04888862662856132
0.9189720941734412	0.08102790582655883
0.8914834878208464	0.10851651217915358
0.9321769065988492	0.06782309340115078
0.9116420940322154	0.08835790596778458
0.7070788606991222	0.2929211393008778
0.904572464923613	0.09542753507638703
0.9336555597205302	0.06634444027946988
0.8898489568128013	0.11015104318719868
0.9209125288812575	0.07908747111874247
0.08818608210705603	0.911813917892944
0.8117570652198427	0.18824293478015725
0.05184276952890143	0.9481572304710986
0.9123538127659636	0.08764618723403644
0.9340260999416067	0.06597390005839333
0.9275072600716183	0.07249273992838165
0.005414985964856678	0.9945850140351433
0.06581953353117809	0.9341804664688219
0.9054147991775475	0.09458520082245243
0.8894018062362983	0.11059819376370178
0.9335712257942801	0.06642877420571995
0.9481035538036924	0.05189644619630757
0.9836437060705416	0.01635629392945841
0.9515213103104668	0.04847868968953319
0.9849128745798298	0.015087125420170247
0.9598022127200585	0.04019778727994145
0.29498644364225546	0.7050135563577445
0.6381869326611506	0.36181306733884944
0.9470816415585781	0.052918358441421946
0.8072561760501258	0.19274382394987422
0.9158415330361207	0.08415846696387931
0.35206480783262195	0.647935192167378
0.05491274535220225	0.9450872546477977
0.20580270399270262	0.7941972960072974
0.3340179398055305	0.6659820601944695
0.3172874226206075	0.6827125773793925
0.934375073116342	0.06562492688365798
0.9613364066800004	0.03866359331999953
0.9508735070589028	0.04912649294109719
0.9495352509911816	0.05046474900881835
0.9054447848687283	0.09455521513127174
0.7493173679710561	0.2506826320289439
0.9561045112625808	0.043895488737419226
0.4608348061801223	0.5391651938198777
0.281799769340328	0.718200230659672
0.556242165909163	0.443757834090837
0.926320575895949	0.07367942410405108
0.6803807271749995	0.3196192728250005
0.7876211235459603	0.21237887645403974
0.920019157295811	0.079980842704189
0.2594989899920873	0.7405010100079127
0.9545782473873631	0.045421752612636916
0.517150051429512	0.4828499485704881
0.8759748180082544	0.12402518199174566
0.9376463863011893	0.062353613698810685
0.933647674386914	0.06635232561308602
0.8511354869832752	0.14886451301672476
0.5606783600375613	0.4393216399624386
0.8427345061268361	0.1572654938731639
0.9527536016458819	0.04724639835411813
0.808148506993485	0.19185149300651502
0.8806372053265392	0.11936279467346073
0.9480853117738026	0.05191468822619741
0.6204751294396117	0.3795248705603883
0.005932610708689334	0.9940673892913107
0.9287056839760717	0.07129431602392827
0.2499000587073129	0.7500999412926871
0.8366173722928343	0.16338262770716572
0.9523658100662662	0.047634189933733806
0.8196039180685041	0.18039608193149595
0.9895023146872156	0.010497685312784388
0.02400683704153128	0.9759931629584687
0.13936562321422807	0.8606343767857719
0.9218623934947774	0.07813760650522267
0.1131809041161197	0.8868190958838803
0.9865556983866894	0.013444301613310587
0.6538886171246516	0.3461113828753483
0.9704735452235121	0.02952645477648786
0.602153989984074	0.39784601001592595
0.9250319107253364	0.0749680892746636
0.928838846460938	0.07116115353906201
0.9463612649235393	0.05363873507646065
0.8998104139555348	0.10018958604446518
0.9761895075733829	0.02381049242661711
0.8899150004639025	0.11008499953609746
0.9086270171966501	0.0913729828033499
0.9527929700353214	0.04720702996467861
0.1503410370899705	0.8496589629100295
0.9349587805302534	0.06504121946974663
0.9602159100730723	0.03978408992692774
0.9449104429170003	0.055089557082999674
0.9196240926181328	0.08037590738186717
0.9098200539466443	0.09017994605335566
0.8243096103755374	0.1756903896244626
0.928973577811596	0.07102642218840405
0.9289019144807396	0.07109808551926045
0.4697959569296468	0.5302040430703532
0.9279549890710433	0.07204501092895664
0.5762368578768994	0.4237631421231006
0.9578575803384255	0.04214241966157446
0.960728500620197	0.03927149937980304
0.9310089869850499	0.06899101301495014
0.9114962461347377	0.08850375386526235
0.9479021779094271	0.05209782209057288
0.7865553115560259	0.21344468844397416
0.032959324635557063	0.9670406753644429
0.14377580151441904	0.856224198485581
0.9205583649779224	0.07944163502207757
0.8476116891787848	0.15238831082121518
0.9176232968839545	0.0823767031160455
0.5340596828819804	0.4659403171180197
0.08077675918335714	0.9192232408166429
0.9831941318311077	0.016805868168892277
0.9675054590798704	0.032494540920129635
0.668631516797886	0.33136848320211404
0.8894603406523492	0.11053965934765074
0.9468229342313699	0.05317706576863009
0.9206314157304988	0.07936858426950125
0.8749859327050978	0.1250140672949022
0.9056029720229923	0.09439702797700766
0.6158557346598732	0.3841442653401268
0.9559674216592056	0.04403257834079441
0.9806224118328819	0.019377588167118057
0.7766362861486957	0.22336371385130427
0.9598323455235378	0.0401676544764622
0.9386993275698	0.06130067243019995
0.9897711480149054	0.01022885198509455
0.9532649131332469	0.04673508686675305
0.9322801341459578	0.06771986585404219
0.10769404940802163	0.8923059505919784
0.9102751893228926	0.08972481067710733
0.13007886681168335	0.8699211331883167
0.922615352311949	0.07738464768805096
0.8365996577081968	0.16340034229180325
0.2489629441591481	0.7510370558408519
0.5287107887065057	0.4712892112934943
0.8326554526625157	0.16734454733748427
0.9304803066440408	0.06951969335595921
0.9209752692965918	0.07902473070340824
0.8389839493163493	0.16101605068365069
0.000955371743181721	0.9990446282568183
0.011590004557670675	0.9884099954423293
0.8778960038000423	0.12210399619995775
0.9848484527520422	0.015151547247957765
0.9663087672151537	0.03369123278484636
0.49855747903565173	0.5014425209643483
0.9684682269040381	0.03153177309596185
0.013390131085948775	0.9866098689140512
0.9457415703859446	0.054258429614055394
0.006661573854407021	0.993338426145593
0.919440612922615	0.08055938707738498
0.9307497851633088	0.06925021483669123
0.6618374092638661	0.3381625907361338
0.015460465303495652	0.9845395346965043
0.9154709925553467	0.08452900744465326
0.035641569247630844	0.9643584307523692
0.9076415571587724	0.09235844284122764
0.6601898947131921	0.3398101052868079
0.7422531150591002	0.2577468849408998
0.7873467862649753	0.2126532137350247
0.9256850932113733	0.07431490678862675
0.9934742001218517	0.006525799878148228
0.8957282636374563	0.10427173636254375
0.4166960022895967	0.5833039977104033
0.9726191943119734	0.027380805688026543
0.7710819462860781	0.22891805371392193
0.8449346439341843	0.15506535606581567
0.947817174456257	0.05218282554374301
0.2754245888176293	0.7245754111823707
0.973297156424861	0.026702843575138958
0.7400684119405194	0.25993158805948063
0.9542011595169819	0.045798840483018056
0.8491815794910816	0.1508184205089184
0.9300254855230522	0.06997451447694784
0.2707362436707932	0.7292637563292068
0.8378012008013346	0.1621987991986654
0.7900446519158407	0.20995534808415925
0.047430884629737435	0.9525691153702626
0.9535259196818845	0.04647408031811554
0.010046417356360249	0.9899535826436398
0.8448860157704392	0.1551139842295608
0.8227219672783707	0.17727803272162937
0.9530590550187631	0.046940944981236896
0.9829673993897714	0.017032600610228543
0.860432646082182	0.13956735391781808
0.9559423926657643	0.0440576073342357
0.9410863362829207	0.058913663717079325
0.6995615460593265	0.30043845394067353
0.7235986476361194	0.27640135236388064
0.8431418802919032	0.15685811970809682
0.9543440323605705	0.04565596763942944
0.8151142389415754	0.18488576105842458
0.9349496110404767	0.06505038895952325
0.9500803401744162	0.04991965982558376
0.92208668093037	0.07791331906962998
0.1600462922186614	0.8399537077813386
0.9397636425163899	0.06023635748361012
0.8811071648967304	0.11889283510326967
0.9364200128405408	0.06357998715945926
0.9228191877644724	0.07718081223552764
0.8644185198667187	0.13558148013328133
0.18484946875647612	0.8151505312435239
0.9692555743989741	0.03074442560102585
0.039847843697087604	0.9601521563029124
0.8388083467992302	0.16119165320076984
0.9336543943326995	0.06634560566730052
0.9131565492673503	0.0868434507326496
0.9651600208153036	0.03483997918469639
0.9512751253629131	0.04872487463708689
0.4660562126428117	0.5339437873571883
0.8881439738502748	0.11185602614972526
0.677996718657804	0.32200328134219597
0.9299965885848472	0.07000341141515273
0.9655499364912861	0.03445006350871393
0.9205023169831856	0.07949768301681437
0.19279138664048667	0.8072086133595133
0.9276221966675615	0.07237780333243847
0.9513496678475118	0.048650332152488186
0.9639305901361211	0.036069409863878854
0.968858485207132	0.031141514792867937
0.9628548235282413	0.0371451764717587
0.6241744891383094	0.37582551086169064
0.9213015282953086	0.07869847170469131
0.6238996271985379	0.37610037280146214
0.986534020022388	0.013465979977612043
0.9317044003663222	0.0682955996336778
0.9394087245571232	0.060591275442876735
0.9613749399536853	0.03862506004631475
0.9441128856738227	0.05588711432617736
0.9267916775801054	0.0732083224198946
0.9597116553693181	0.04028834463068184
0.9342096746323361	0.06579032536766391
0.9873301336995763	0.012669866300423627
0.8184142605567792	0.18158573944322076
0.9532517538753162	0.04674824612468379
0.08377865526796302	0.916221344732037
0.23019139708996983	0.7698086029100302
0.9847003941741596	0.015299605825840416
0.2593075177492138	0.7406924822507862
0.8745354704150228	0.12546452958497725
0.7035689823588978	0.2964310176411023
0.976495211975473	0.023504788024527008
0.7091675047914817	0.2908324952085183
0.9283397129065347	0.07166028709346522
0.00467503983795059	0.9953249601620494
0.5501336465165922	0.44986635348340775
0.9562752005766437	0.043724799423356324
0.6251835522942306	0.37481644770576933
0.9693855261922224	0.030614473807777553
0.7025366195220788	0.2974633804779212
0.6791085564622598	0.32089144353774024
0.6154249411149162	0.38457505888508386
0.9354464278220928	0.06455357217790725
0.9209380922327635	0.07906190776723658
0.9020872503506957	0.09791274964930426
0.30481493540564397	0.695185064594356
0.9789747231094776	0.021025276890522346
0.9357173123809608	0.06428268761903916
0.927716411258775	0.07228358874122501
0.07073378871948655	0.9292662112805135
0.9910734193776368	0.008926580622363223
0.9144072099525996	0.08559279004740038
0.9474751818549245	0.05252481814507543
0.018272743501790534	0.9817272564982095
0.667837973696539	0.3321620263034611
0.85547495646849	0.14452504353151
0.9274739991388803	0.07252600086111975
0.9175896265949285	0.08241037340507153
0.944810316165939	0.05518968383406098
0.09234555360590779	0.9076544463940922
0.596961074930699	0.4030389250693009
0.942110329050757	0.05788967094924307
0.9263786446559104	0.07362135534408967
0.9412457802193599	0.0587542197806401
0.15938180318695716	0.8406181968130428
0.9108102859802389	0.08918971401976108
0.9287521655368507	0.07124783446314925
0.9500858094055693	0.04991419059443064
0.12999167767834052	0.8700083223216595
0.9845292936992323	0.015470706300767719
0.9024036024271564	0.09759639757284357
0.3421370771917758	0.6578629228082242
0.07804787460427731	0.9219521253957227
0.88924838244305	0.11075161755694994
0.8253393824475443	0.1746606175524557
0.8334778636270725	0.1665221363729275
0.9500795855213683	0.04992041447863175
0.9222578634606536	0.07774213653934639
0.9643638898974783	0.035636110102521636
0.9537277323565493	0.04627226764345076
0.9820214277928387	0.017978572207161227
0.9768425732258652	0.023157426774134748
0.8187171223417629	0.18128287765823714
0.9545906771905245	0.045409322809475516
0.9434845490744631	0.0565154509255369
0.9371690558965214	0.0628309441034786
0.8926135267816455	0.10738647321835446
0.9482075959908617	0.05179240400913832
0.9724534175164472	0.02754658248355281
0.9214136163943116	0.07858638360568836
0.02162100669648126	0.9783789933035187
0.9479110784309872	0.05208892156901274
0.6359117081776399	0.36408829182236013
0.35927713964675057	0.6407228603532494
0.058555573689144214	0.9414444263108558
0.9170041476786837	0.08299585232131633
0.8858048930019264	0.11419510699807356
0.9424031041803793	0.057596895819620665
0.8392264795429694	0.16077352045703067
0.9533363867927667	0.04666361320723332
0.919623845626939	0.08037615437306106
0.8507103506974876	0.14928964930251237
0.9278880079766898	0.07211199202331026
0.8804268550653834	0.11957314493461656
0.942500340277455	0.05749965972254502
0.9372278916142507	0.06277210838574927
0.959826612911749	0.040173387088251036
0.9786153272392945	0.021384672760705593
0.9069249739174345	0.09307502608256552
0.9399758830383425	0.06002411696165759
0.9169369137315762	0.0830630862684239
0.4936820606202046	0.5063179393797954
0.024332984073973996	0.975667015926026
0.936698801545374	0.063301198454626
0.8275825938214938	0.17241740617850626
0.9884156076863521	0.011584392313647973
0.11899096693642075	0.8810090330635792
0.32471267847664276	0.6752873215233572
0.20037365406586072	0.7996263459341393
0.3104367764380449	0.6895632235619551
0.5494816953463542	0.4505183046536458
0.9139326271575577	0.08606737284244223
0.9518406834818947	0.048159316518105295
0.8528140778836556	0.14718592211634438
0.0035795539813163746	0.9964204460186836
0.9378650013542903	0.06213499864570966
0.9432152652504614	0.05678473474953857
0.9293676670394688	0.07063233296053116
0.8534098608448081	0.1465901391551919
0.060966973789165935	0.9390330262108341
0.08499875187446015	0.9150012481255398
0.11205943202887336	0.8879405679711266
0.9640995143575498	0.03590048564245021
0.9159773843143972	0.08402261568560274
0.09700273358203526	0.9029972664179647
0.9649603092149707	0.03503969078502933
0.35554409681949173	0.6444559031805083
0.9301860687827062	0.06981393121729386
0.9544281623267421	0.04557183767325794
0.523078480621969	0.4769215193780309
0.5015469329057478	0.49845306709425224
0.9395189610491578	0.06048103895084218
0.608315850453242	0.39168414954675806
0.6213798099952283	0.3786201900047716
0.9856955220289333	0.01430447797106673
0.570927828304684	0.429072171695316
0.7324178279953959	0.26758217200460405
0.9019186915934441	0.09808130840655589
0.9193232121999761	0.08067678780002381
0.9552895060208727	0.044710493979127255
0.29372867772260136	0.7062713222773986
0.9446695348799432	0.055330465120056765
0.9473964977790221	0.05260350222097791
0.8440081152120563	0.15599188478794368
0.9354084406765805	0.06459155932341955
0.9630416561417758	0.03695834385822416
0.4677583911270998	0.5322416088729002
0.955754852157357	0.04424514784264297
0.7702102720573555	0.2297897279426445
0.9344950396169416	0.06550496038305842
0.8766607705853224	0.12333922941467758
0.36332115047681157	0.6366788495231884
0.9327716494080452	0.06722835059195473
0.9547549562674201	0.04524504373257984
0.417875132708297	0.582124867291703
0.7889675986836026	0.21103240131639744
0.9255050201735627	0.07449497982643727
0.9057018120780167	0.09429818792198325
0.813847749800132	0.186152250199868
0.9161833838343606	0.08381661616563944
0.8608234101751027	0.13917658982489728
0.9465636973804313	0.05343630261956863
0.899352344242575	0.10064765575742496
0.4126119176830535	0.5873880823169465
0.04879805655503322	0.9512019434449668
0.9678722296664307	0.032127770333569255
0.19947491145748053	0.8005250885425195
0.7317874347336898	0.2682125652663102
0.9210449452418892	0.07895505475811078
0.5834276419917392	0.4165723580082607
0.9296224240182746	0.07037757598172548
0.9765694633183716	0.02343053668162839
0.5658643785089541	0.43413562149104595
0.3321269097928208	0.6678730902071792
0.9119628879115612	0.08803711208843874
0.8384162706709545	0.16158372932904552
0.9378348002812943	0.062165199718705696
0.9201682383094997	0.07983176169050037
0.9042882725218752	0.09571172747812486
0.9327340758093889	0.06726592419061107
0.9749635867272438	0.025036413272756172
0.5420042213840008	0.45799577861599916
0.9496045200550592	0.050395479944940785
0.7506642557556432	0.24933574424435676
0.03385326717923254	0.9661467328207675
0.9599378186829731	0.04006218131702689
0.8719291102705189	0.12807088972948114
0.98700746541861	0.012992534581390068
0.008273176309839814	0.9917268236901602
0.9822014087837365	0.017798591216263482
0.9514605194132442	0.04853948058675579
0.7869304873849744	0.21306951261502557
0.9129289105352533	0.08707108946474677
0.9418338590217397	0.058166140978260325
0.9352516777364429	0.06474832226355705
0.8025517705130893	0.19744822948691063
0.9535967173432753	0.04640328265672471
0.9565435981048735	0.04345640189512649
0.9510420058714572	0.04895799412854282
0.9447616204306059	0.05523837956939416
0.9017171480592436	0.09828285194075635
0.9144053682347059	0.08559463176529417
0.8574995952538216	0.14250040474617837
0.6056770693551989	0.39432293064480106
0.9509185497798479	0.04908145022015214
0.9678449986030624	0.03215500139693758
0.8835786438676654	0.11642135613233467
0.8748794992375507	0.1251205007624493
0.8883859358211468	0.11161406417885324
0.9716286226465585	0.02837137735344148
0.9463798223125962	0.05362017768740381
0.9513487476912952	0.04865125230870487
0.9008923217313894	0.09910767826861054
0.42136726964839366	0.5786327303516063
0.37020642785922897	0.629793572140771
0.8504803190611294	0.14951968093887064
0.9578937895918515	0.04210621040814854
0.9752682845814942	0.024731715418505777
0.896317792754448	0.10368220724555195
0.9750475763569526	0.02495242364304737
0.9501054717390613	0.04989452826093862
0.9441076370945913	0.05589236290540864
0.7595653911224789	0.24043460887752113
0.3788057249798539	0.6211942750201461
0.5491638911618353	0.45083610883816466
0.9375753195929504	0.06242468040704967
0.8786982438936386	0.12130175610636143
0.8980719220255861	0.1019280779744139
0.9012573451518745	0.09874265484812551
0.9553109179826174	0.04468908201738261
0.4399434602828157	0.5600565397171843
0.4482148326381531	0.5517851673618469
0.9359241556121707	0.06407584438782937
0.6556619080732622	0.3443380919267378
0.10357508241871305	0.896424917581287
0.8944448094327555	0.10555519056724445
0.9211224033546218	0.07887759664537822
0.9502696530851767	0.04973034691482324
0.9370373651413725	0.0629626348586275
0.9612668486882443	0.03873315131175566
0.9701924785004417	0.02980752149955831
0.8991077587069477	0.10089224129305228
0.9138596215593948	0.08614037844060521
0.9866128708602906	0.013387129139709455
0.8718355345029609	0.12816446549703905
0.9363897862544158	0.06361021374558415
0.7542507405224721	0.24574925947752793
0.34629871789476274	0.6537012821052373
0.9605522108767558	0.039447789123244224
0.9239848772937728	0.07601512270622728
0.9496480900451337	0.0503519099548663
0.9637365404396594	0.036263459560340605
0.925186239032764	0.07481376096723605
0.9344583521021168	0.06554164789788319
0.9520179221703343	0.04798207782966567
0.5207144961471549	0.4792855038528451
0.8495831886851064	0.15041681131489357
0.9683069067811172	0.03169309321888282
0.9401762824706434	0.059823717529356606
0.8918251646087033	0.10817483539129673
0.8802553451545244	0.11974465484547557
0.9899636694220081	0.010036330577991949
0.9468237586617363	0.05317624133826366
0.9388799933111232	0.061120006688876904
0.9879398714138242	0.012060128586175741
0.9198078375054771	0.08019216249452292
0.9571224074528173	0.042877592547182666
0.9252143425958057	0.0747856574041943
0.9175119240671733	0.08248807593282668
0.9038765790102666	0.09612342098973338
0.9221718340383304	0.07782816596166965
0.6741222331289658	0.32587776687103426
0.984220329368622	0.015779670631377987
0.9826742641508364	0.017325735849163658
0.9301223613433874	0.06987763865661252
0.9551671695933143	0.04483283040668573
0.4776415409195145	0.5223584590804855
0.4657987266075815	0.5342012733924185
0.9437049133399653	0.056295086660034716
0.9696726705571398	0.03032732944286016
0.00518600149339532	0.9948139985066047
0.9049310690282024	0.0950689309717976
0.9640136076508532	0.03598639234914679
0.9610897537181791	0.038910246281820944
0.8896144540914305	0.1103855459085695
0.013647259325770489	0.9863527406742295
0.5687349241576095	0.4312650758423905
0.3558577463599526	0.6441422536400474
0.9250302169453363	0.07496978305466376
0.5298263829765139	0.47017361702348615
0.9469459062967601	0.053054093703239845
0.9161621930826207	0.08383780691737926
0.8263225092267386	0.17367749077326142
0.9251786500575124	0.07482134994248754
0.882700822379319	0.117299177620681
0.9564585301724778	0.04354146982752212
0.014055791988761057	0.9859442080112389
0.010358680090043038	0.989641319909957
0.7807900793207254	0.21920992067927458
0.9508198240174235	0.049180175982576506
0.8992617284793573	0.1007382715206427
0.7849077646606045	0.21509223533939545
0.9009967603321883	0.0990032396678117
0.753051095195681	0.24694890480431894
0.9353362124737505	0.06466378752624947
0.9004577762576667	0.09954222374233336
0.8930868588977826	0.10691314110221735
0.7915059290223486	0.20849407097765138
0.5202127183903404	0.4797872816096596
0.9019316179525102	0.09806838204748984
0.03840085748512789	0.9615991425148721
0.4681952583940536	0.5318047416059464
0.008652702174873017	0.991347297825127
0.08664093901054759	0.9133590609894524
0.08026119689187128	0.9197388031081287
0.41449644942958397	0.585503550570416
0.04099259655364751	0.9590074034463525
0.3597336664705235	0.6402663335294765
0.13423005641378327	0.8657699435862167
0.8606481694340561	0.13935183056594388
0.010044527275723025	0.989955472724277
0.005755805540788694	0.9942441944592113
0.008111272042039208	0.9918887279579608
0.5991751916599295	0.4008248083400705
0.17204108855447608	0.8279589114455239
0.006658972836166455	0.9933410271638335
0.0034931148861010453	0.996506885113899
0.04371633899147631	0.9562836610085237
0.006585374093922014	0.993414625906078
0.4374545349113773	0.5625454650886227
0.7992576105484414	0.20074238945155862
0.926159918592375	0.07384008140762502
0.010670379375072647	0.9893296206249274
0.9170928337440606	0.08290716625593945
0.9210426981754746	0.07895730182452546
0.9358626577950856	0.06413734220491436
0.9751443773694639	0.024855622630536072
0.8022285082531475	0.19777149174685252
0.6654799119683327	0.33452008803166733
0.9457290501209736	0.054270949879026385
0.03695451094825075	0.9630454890517492
0.8827396798152275	0.11726032018477249
0.7480993675055001	0.2519006324944999
0.9633200843278511	0.03667991567214886
0.8020748850945673	0.19792511490543277
0.9265033462452179	0.07349665375478207
0.2325039963704315	0.7674960036295685
0.8037416505638741	0.1962583494361258
0.5831926471541369	0.4168073528458632
0.9317551581138578	0.06824484188614226
0.9103210253144393	0.08967897468556073
0.9850140807091653	0.014985919290834742
0.9434159237705878	0.05658407622941216
0.8923228755826534	0.10767712441734659
0.9303522998298698	0.06964770017013024
0.007503037555132264	0.9924969624448677
0.004554002382306188	0.9954459976176938
0.9887738859447283	0.011226114055271713
0.5402657943718321	0.45973420562816786
0.8953142928368305	0.10468570716316945
0.9397555064392393	0.06024449356076071
0.4013550248844975	0.5986449751155025
0.8704210874344234	0.1295789125655767
0.6548446844642213	0.3451553155357787
0.6560596696680833	0.34394033033191673
0.007896480862548572	0.9921035191374514
0.3326212804506893	0.6673787195493107
0.7841460091457273	0.21585399085427276
0.9147383092050828	0.08526169079491716
0.6176115046789419	0.3823884953210581
0.9372784414301066	0.06272155856989341
0.6609297543607765	0.3390702456392235
0.0051936536587312565	0.9948063463412687
0.004697911434991986	0.995302088565008
0.04383447737189217	0.9561655226281078
0.12015313866687383	0.8798468613331262
0.010173878449723728	0.9898261215502763
0.9252336838217284	0.07476631617827152
0.9530127033932643	0.046987296606735715
0.9535989117534889	0.046401088246511075
0.9659801021934193	0.0340198978065807
0.08537049919774398	0.914629500802256
0.903686537119135	0.09631346288086497
0.007819716270864085	0.9921802837291359
0.04597145191161367	0.9540285480883863
0.8431457865537971	0.1568542134462029
0.22697366470405844	0.7730263352959416
0.8792533932717118	0.12074660672828817
0.9237308355889173	0.07626916441108268
0.5668355866461205	0.43316441335387945
0.949125033661402	0.05087496633859799
0.5873625541504268	0.41263744584957324
0.9389753498033863	0.06102465019661376
0.9895263183814351	0.010473681618564825
0.9555862571675174	0.04441374283248255
0.9378933590701669	0.062106640929833104
0.09436318749480677	0.9056368125051932
0.002894304903032774	0.9971056950969672
0.783707557712082	0.21629244228791797
0.9766555136294731	0.023344486370526902
0.11919066448494497	0.880809335515055
0.4920425292850066	0.5079574707149934
0.9511839946843303	0.04881600531566968
0.9290844919951406	0.07091550800485937
0.8808375494330605	0.11916245056693948
0.49349838137758617	0.5065016186224138
0.860298354924533	0.13970164507546703
0.9486034033045679	0.05139659669543203
0.1962377510787472	0.8037622489212528
0.22224423364342993	0.7777557663565701
0.9205147143262488	0.07948528567375122
0.01783638074175553	0.9821636192582445
0.9186689908007805	0.08133100919921955
0.2759972090373307	0.7240027909626693
0.4715224087948048	0.5284775912051952
0.8777833084220891	0.12221669157791092
0.04298608907858181	0.9570139109214182
0.9149888420526461	0.08501115794735394
0.06427060061867107	0.9357293993813289
0.9439217350803748	0.0560782649196252
0.9466989737375394	0.05330102626246054
0.9408776079635575	0.05912239203644255
0.9541074934930859	0.04589250650691409
0.9175789681557198	0.08242103184428014
0.9316009399786148	0.06839906002138514
0.05498073183244856	0.9450192681675514
0.9422668919096842	0.05773310809031579
0.40625003719909025	0.5937499628009097
0.15193810124823015	0.8480618987517698
0.43405626058215263	0.5659437394178474
0.9523146492880186	0.04768535071198146
0.9524589980761262	0.047541001923873734
0.8607205294743739	0.1392794705256261
0.9466586229771607	0.05334137702283924
0.7259951565772694	0.27400484342273057
0.9494592194096362	0.05054078059036378
0.9273703688128909	0.07262963118710913
0.8330977642077844	0.16690223579221558
0.9211035900819527	0.07889640991804724
0.9721054387734401	0.027894561226559866
0.19702380573118428	0.8029761942688157
0.9372445376255535	0.06275546237444653
0.21048021246871007	0.7895197875312899
0.9340683725189494	0.06593162748105062
0.9427872422257968	0.05721275777420322
0.902483168222282	0.09751683177771797
0.1374412174973697	0.8625587825026303
0.8863710052486055	0.11362899475139458
0.8918758743397069	0.10812412566029309
0.5319621230480245	0.4680378769519755
0.9891051234420224	0.010894876557977629
0.514520406250065	0.48547959374993505
0.9104753422313898	0.08952465776861016
0.0033373058622178098	0.9966626941377822
0.03391344014377584	0.9660865598562242
0.9317358814482629	0.06826411855173713
0.9388255342731835	0.06117446572681652
0.894063323886089	0.10593667611391103
0.7449563265618522	0.2550436734381479
0.9163075065537479	0.08369249344625203
0.07054098127553432	0.9294590187244657
0.47354056748848883	0.5264594325115112
0.07678478748047113	0.9232152125195289
0.05611174288886023	0.9438882571111398
0.8579379539304142	0.14206204606958578
0.1288464640667456	0.8711535359332544
0.8640649565596201	0.1359350434403799
0.983659582261315	0.016340417738685
0.9872572719447202	0.012742728055279786
0.014899471290885424	0.9851005287091146
0.9540173922632738	0.045982607736726286
0.9472367342682759	0.052763265731724095
0.39896930766359806	0.6010306923364019
0.9726751374479277	0.027324862552072334
0.5379554775166782	0.4620445224833219
0.9503931766737368	0.049606823326263184
0.9815082139812449	0.01849178601875511
0.9300336858890221	0.06996631411097791
0.952765632148272	0.04723436785172797
0.9161258021295403	0.0838741978704597
0.5624897573945149	0.4375102426054851
0.09572127573530564	0.9042787242646944
0.9138504244722665	0.08614957552773349
0.6668982676902804	0.3331017323097196
0.977201592524091	0.022798407475908986
0.9756004482860857	0.02439955171391424
0.9418476977617367	0.05815230223826334
0.8245332850167792	0.17546671498322075
0.2552991005323043	0.7447008994676957
0.9588498978099269	0.04115010219007312
0.913885541310653	0.08611445868934695
0.9231696920165243	0.07683030798347569
0.9011042593978641	0.09889574060213593
0.469981033036454	0.530018966963546
0.8665391234303377	0.13346087656966235
0.030145303925762423	0.9698546960742376
0.9423577740287976	0.057642225971202346
0.8268071976833598	0.1731928023166403
0.6211955487372385	0.3788044512627615
0.26151789723344565	0.7384821027665543
0.9350235831692871	0.0649764168307129
0.9196041908899564	0.08039580911004367
0.9284647105361387	0.07153528946386137
0.5210705849078632	0.4789294150921369
0.12889367554891307	0.8711063244510869
0.1529716080135891	0.8470283919864109
0.5555528405067134	0.44444715949328656
0.6566276562904065	0.3433723437095934
0.956571047739311	0.04342895226068898
0.6894262666755278	0.31057373332447225
0.9815982780371411	0.018401721962858983
0.9235701926676756	0.07642980733232446
0.8814607877345548	0.11853921226544514
0.9450338187448759	0.05496618125512412
0.9423148500015579	0.05768514999844206
0.7790657850313907	0.22093421496860932
0.11721879251232592	0.8827812074876741
0.990245214410054	0.00975478558994599
0.9830228021542312	0.01697719784576875
0.45844005965598	0.54155994034402
0.9376589517744089	0.06234104822559108
0.5357798195267169	0.464220180473283
0.8034983856173636	0.1965016143826364
0.6696633956156826	0.33033660438431744
0.9178831139428025	0.08211688605719746
0.012421506400462912	0.9875784935995371
0.6879819747027902	0.3120180252972098
0.08899713553580568	0.9110028644641943
0.04783997545361507	0.9521600245463849
0.9796480138974162	0.020351986102583805
0.949628536910022	0.05037146308997799
0.010879196844920558	0.9891208031550794
0.655617409055633	0.34438259094436696
0.9280006258542426	0.0719993741457574
0.2267434325144453	0.7732565674855547
0.9495593016991783	0.05044069830082162
0.928340902541662	0.07165909745833798
0.8104084121012056	0.18959158789879443
0.9917365218127552	0.008263478187244796
0.0274391508025833	0.9725608491974167
0.2533221549660931	0.7466778450339069
0.9374125531644504	0.06258744683554957
0.9629960903346229	0.03700390966537714
0.9650426725445458	0.034957327455454164
0.9465388767486488	0.05346112325135123
0.4302230516089217	0.5697769483910783
0.9447059580859031	0.05529404191409697
0.007107953216492158	0.9928920467835078
0.720724444247872	0.279275555752128
0.9463707202517664	0.05362927974823363
0.8917109579458453	0.10828904205415463
0.9637161785357493	0.03628382146425065
0.9524512151070736	0.0475487848929264
0.9693574635748359	0.030642536425164145
0.837774052013748	0.16222594798625195
0.9067527631971063	0.09324723680289368
0.8727829475860903	0.12721705241390965
0.9312552496322879	0.06874475036771208
0.9257137118155072	0.07428628818449283
0.7749434734887822	0.2250565265112178
0.8061948742303863	0.1938051257696137
0.010240655543493515	0.9897593444565065
0.060133139960098725	0.9398668600399013
0.9207337638195808	0.07926623618041916
0.9144460673372006	0.08555393266279944
0.9215209324492687	0.07847906755073135
0.9120500544826425	0.08794994551735744
0.916490692517945	0.08350930748205497
0.3637735535939486	0.6362264464060514
0.9427996791342338	0.05720032086576617
0.8707928666101412	0.12920713338985879
0.9158723966347281	0.08412760336527189
0.9671275985470722	0.032872401452927774
0.889966054845141	0.11003394515485902
0.9539643928652576	0.04603560713474243
0.8824128538744832	0.11758714612551684
0.6068665274695539	0.393133472530446
0.915734913995176	0.08426508600482391
0.9854203480892865	0.014579651910713478
0.5512317296007949	0.4487682703992051
0.9841125698679881	0.01588743013201188
0.9369285755588507	0.06307142444114933
0.8471497821905918	0.15285021780940827
0.9201338574871666	0.07986614251283346
0.949556566642497	0.050443433357503016
0.6996712536075131	0.3003287463924868
0.6736866770115713	0.3263133229884288
0.39626888432320184	0.6037311156767982
0.9347254747433428	0.06527452525665722
0.9078420327776456	0.09215796722235432
0.6173942468352975	0.38260575316470247
0.5982527128028549	0.40174728719714514
0.6445331742931273	0.35546682570687266
0.9693580101039138	0.030641989896086276
0.9076895107574817	0.0923104892425183
0.30970344552249407	0.6902965544775059
0.6923903704508227	0.3076096295491772
0.9174234842057561	0.08257651579424387
0.819656379447693	0.18034362055230707
0.8803089015653137	0.11969109843468624
0.9521435624611214	0.047856437538878555
0.8144489604683087	0.18555103953169133
0.924929600978947	0.07507039902105297
0.9185196927293987	0.08148030727060133
0.8496077860551389	0.15039221394486116
0.596876620771402	0.40312337922859803
0.895184587172268	0.10481541282773199
0.5563966799215694	0.4436033200784307
0.9321403676944305	0.0678596323055695
0.8190364125234193	0.18096358747658076
0.853859561550685	0.14614043844931504
0.9677760157998365	0.03222398420016345
0.9324093479095088	0.06759065209049124
0.34266450646703905	0.657335493532961
0.5530999925351794	0.44690000746482067
0.15214693184144423	0.8478530681585558
0.012850697828496238	0.9871493021715038
0.9247080565761513	0.0752919434238487
0.9072256058439012	0.09277439415609881
0.8199742799338313	0.1800257200661687
0.06226646072275044	0.9377335392772496
0.8946736246666038	0.10532637533339613
0.9393225046940977	0.06067749530590227
0.939369460069105	0.06063053993089492
0.819316994077316	0.180683005922684
0.9347928928269353	0.06520710717306462
0.9392166581276202	0.0607833418723798
0.009362128059433372	0.9906378719405666
0.24510301779554422	0.7548969822044558
0.9080885114142058	0.09191148858579419
0.9255766598990596	0.07442334010094047
0.8954473173748055	0.10455268262519449
0.6668396378629452	0.3331603621370548
0.9508879335358174	0.0491120664641826
0.9434639105099611	0.05653608949003889
0.09734269199861323	0.9026573080013868
0.9339134675577894	0.0660865324422106
0.9891272958434447	0.010872704156555321
0.9530796241837004	0.046920375816299646
0.9168854518400561	0.08311454815994387
0.9091966068589157	0.09080339314108431
0.7845351630057729	0.21546483699422714
0.920774325355029	0.079225674644971
0.6565465356921515	0.3434534643078485
0.23289933905953397	0.767100660940466
0.7742313411238962	0.22576865887610376
0.8439071685359556	0.15609283146404437
0.9156512672698445	0.08434873273015556
0.7507613774445496	0.24923862255545035
0.9544160079254996	0.04558399207450033
0.31819888398614526	0.6818011160138547
0.847387643208493	0.15261235679150692
0.9472418720710654	0.05275812792893467
0.9311526117404284	0.06884738825957155
0.02840381249425028	0.9715961875057497
0.16023504379793252	0.8397649562020675
0.0038819927961184497	0.9961180072038816
0.7961527583886174	0.2038472416113825
0.6432865664571109	0.3567134335428891
0.002155909855001692	0.9978440901449983
0.9373895221307346	0.06261047786926544
0.0037609974301675564	0.9962390025698324
0.004226925721832586	0.9957730742781674
0.14187321848479484	0.8581267815152052
0.728097734587606	0.27190226541239404
0.21166155740338488	0.7883384425966151
0.16405331000079038	0.8359466899992096
0.9307248118126543	0.06927518818734567
0.15049470651722363	0.8495052934827764
0.985251454150983	0.014748545849017016
0.9141937193740416	0.08580628062595841
0.9681297238187648	0.031870276181235196
0.9508543637352795	0.049145636264720474
0.9432754382390246	0.05672456176097541
0.8818932514021312	0.1181067485978688
0.1386424437365309	0.8613575562634691
0.7649696450163692	0.23503035498363076
0.7696267391518695	0.23037326084813048
0.9249820027276814	0.07501799727231859
0.20844561093110803	0.791554389068892
0.9167403159343699	0.08325968406563007
0.002881469210496923	0.9971185307895031
0.9480879607293574	0.05191203927064258
0.9677707614585305	0.032229238541469515
0.9382023187361017	0.06179768126389828
0.7625162087551949	0.23748379124480512
0.9592178264569533	0.04078217354304674
0.9545262461025223	0.045473753897477626
0.9327737854411123	0.0672262145588877
0.9428848475202862	0.0571151524797138
0.9200136515854787	0.07998634841452135
0.29347809933230495	0.706521900667695
0.8975358292185591	0.10246417078144092
0.05217384942285286	0.9478261505771471
0.9069650179559876	0.09303498204401243
0.9208171166520507	0.0791828833479493
0.8732595745736086	0.12674042542639144
0.9471278958346987	0.052872104165301345
0.601056932069931	0.3989430679300689
0.09925526030686882	0.9007447396931312
0.6254760857559916	0.3745239142440085
0.5295217010108214	0.4704782989891786
0.929267579976901	0.07073242002309894
0.9555386705122345	0.04446132948776547
0.8562348312516108	0.14376516874838913
0.7208395886141262	0.2791604113858738
0.9270814738612798	0.07291852613872023
0.6482972819260544	0.35170271807394565
0.8198765239661392	0.1801234760338608
0.832733238958734	0.16726676104126606
0.9443844724325263	0.05561552756747366
0.9858675462241837	0.01413245377581629
0.9557864597201342	0.044213540279865744
0.9618488485086106	0.03815115149138937
0.7015655652355117	0.29843443476448833
0.904499219098627	0.09550078090137298
0.9624339023675738	0.03756609763242626
0.9340889566960098	0.06591104330399018
0.0021161038519212916	0.9978838961480787
0.028006361174034544	0.9719936388259655
0.34585615736238684	0.6541438426376132
0.3833458898263493	0.6166541101736507
0.006909350691167493	0.9930906493088325
0.49722736123328515	0.5027726387667149
0.5526938035087288	0.4473061964912712
0.33047583518693424	0.6695241648130658
0.38137448304437693	0.6186255169556231
0.48405470537930473	0.5159452946206953
0.938471207642714	0.06152879235728607
0.3353465132056256	0.6646534867943744
0.9467145786245698	0.05328542137543027
0.004524007994652024	0.995475992005348
0.9881083481846329	0.011891651815367076
0.9168240954124034	0.08317590458759665
0.9696724775229664	0.030327522477033603
0.986691911945718	0.013308088054281972
0.2451629412962485	0.7548370587037515
0.8176483675008117	0.18235163249918832
0.9707730293258334	0.029226970674166592
0.6273122429457094	0.3726877570542906
0.011671482628369922	0.9883285173716301
0.03175828010946802	0.968241719890532
0.8996868389007225	0.10031316109927743
0.9919553995118432	0.008044600488156849
0.9271569342038235	0.0728430657961765
0.9467184741260243	0.053281525873975714
0.014668862450817	0.985331137549183
0.9666066082044867	0.03339339179551329
0.9272162899869818	0.07278371001301819
0.24926949382850128	0.7507305061714987
0.9667003231117572	0.0332996768882428
0.990743530617822	0.009256469382177985
0.9499199036631727	0.05008009633682732
0.9138654693268855	0.08613453067311452
0.9738447596031798	0.026155240396820174
0.1416218050228315	0.8583781949771685
0.6511269737782561	0.3488730262217438
0.9591637779845902	0.040836222015409825
0.9185305987770023	0.08146940122299767
0.954951774936856	0.045048225063143994
0.9285126017961163	0.07148739820388375
0.8768659024993853	0.12313409750061466
0.945481961963503	0.054518038036497005
0.6005547565735175	0.39944524342648247
0.8612467630885694	0.1387532369114306
0.0263348233506846	0.9736651766493154
0.9576090920658565	0.04239090793414343
0.9862290988105817	0.013770901189418256
0.9890817029027078	0.01091829709729221
0.8811691867211584	0.11883081327884154
0.9310582145806847	0.06894178541931523
0.9745045183284524	0.025495481671547537
0.8425418861533764	0.15745811384662356
0.9196970341210423	0.08030296587895772
0.7144058936880053	0.2855941063119946
0.9640428649110566	0.03595713508894341
0.9461684495735678	0.053831550426432194
0.9024537973087398	0.09754620269126028
0.9505077620710046	0.04949223792899542
0.9279676124580185	0.07203238754198148
0.9303020150673106	0.06969798493268943
0.49262824835303776	0.5073717516469622
0.9624976384584051	0.03750236154159492
0.9161274794893478	0.08387252051065215
0.9711346704050041	0.028865329594995846
0.954199396336339	0.04580060366366099
0.9114885067277205	0.08851149327227943
0.815372092591238	0.18462790740876195
0.9332231778087197	0.06677682219128037
0.6236701732178203	0.3763298267821798
0.004773282580048832	0.9952267174199512
0.6493950090615577	0.3506049909384424
0.8029661674840731	0.19703383251592693
0.9375528728169142	0.06244712718308578
0.9133052165517602	0.08669478344823978
0.7022829324170525	0.2977170675829475
0.9146170165980617	0.08538298340193833
0.93441075873318	0.06558924126682
0.9364185646187011	0.0635814353812989
0.920885420467457	0.07911457953254299
0.5155607364532699	0.4844392635467301
0.4909245508285405	0.5090754491714595
0.9218389825784007	0.07816101742159927
0.9509916974148834	0.049008302585116584
0.5778901509830876	0.42210984901691245
0.9218819957981897	0.07811800420181025
0.9562990530431664	0.043700946956833596
0.8954208213339303	0.10457917866606968
0.01336788639489106	0.9866321136051089
0.08635283760399404	0.913647162396006
0.6035297685688119	0.39647023143118815
0.953467569835555	0.04653243016444492
0.9275668533086809	0.07243314669131912
0.871553351743716	0.12844664825628405
0.9599780263252592	0.04002197367474082
0.8729067743860599	0.12709322561394007
0.032570541946918885	0.9674294580530811
0.9793460164833175	0.02065398351668241
0.9237152747388414	0.07628472526115856
0.4179857507715329	0.5820142492284671
0.12079585558973416	0.8792041444102658
0.9470639687599202	0.05293603124007979
0.8878677942316421	0.1121322057683579
0.9349212488316219	0.06507875116837819
0.9438795900307951	0.056120409969204886
0.9489676247206076	0.05103237527939242
0.7571871676556362	0.24281283234436382
0.9500695006637647	0.04993049933623525
0.9537699608340899	0.046230039165910036
0.930576327376093	0.06942367262390706
0.012048214419147385	0.9879517855808526
0.8385718648351955	0.16142813516480445
0.9465733314164613	0.053426668583538686
0.9262289677008589	0.07377103229914109
0.003746911392066732	0.9962530886079333
0.9085294293390789	0.0914705706609211
0.4700044073267099	0.5299955926732901
0.6801506383111781	0.31984936168882194
0.9319223995768515	0.06807760042314852
0.9485160085416062	0.051483991458393816
0.9361591090926868	0.0638408909073132
0.9030981797783266	0.09690182022167335
0.9183046094825917	0.0816953905174083
0.8930850195363136	0.1069149804636864
0.9211321577449375	0.07886784225506252
0.9394026191162607	0.060597380883739345
0.9433936878692298	0.056606312130770164
0.9188695765494049	0.08113042345059507
0.9423089606647014	0.057691039335298656
0.9746181282699609	0.02538187173003916
0.003162726146247463	0.9968372738537525
0.5985643057727829	0.40143569422721714
0.9843163309357027	0.015683669064297308
0.8774044271324732	0.12259557286752681
0.9430931113560905	0.05690688864390947
0.8184849552853058	0.18151504471469418
0.293420069874779	0.706579930125221
0.7049573736951917	0.2950426263048083
0.11050785335167201	0.889492146648328
0.9412892031365672	0.058710796863432835
0.9463182646916688	0.053681735308331154
0.593835867229399	0.40616413277060104
0.6313972981414042	0.3686027018585958
0.9183464821643013	0.08165351783569877
0.7318273484981994	0.2681726515018006
0.007801060420916661	0.9921989395790833
0.9304317776472628	0.06956822235273716
0.03585951323141112	0.9641404867685889
0.8604001911704409	0.13959980882955914
0.008744032890564801	0.9912559671094352
0.32384706421541165	0.6761529357845883
0.7549640517128335	0.2450359482871664
0.6588058008710789	0.34119419912892107
0.4062236320442121	0.5937763679557879
0.030481403241314986	0.969518596758685
0.9589299633990847	0.0410700366009154
0.9494477384038914	0.050552261596108615
0.9398480354523028	0.06015196454769719
0.9652471453939546	0.034752854606045325
0.9124272275642806	0.08757277243571933
0.9202249856864884	0.0797750143135116
0.5033548343129017	0.49664516568709827
0.7638257019479595	0.23617429805204054
0.9618768977702162	0.03812310222978376
0.008950803042634292	0.9910491969573657
0.8675436711749391	0.1324563288250609
0.9705337112149838	0.029466288785016236
0.8490980726508597	0.1509019273491403
0.9098591367931695	0.0901408632068305
0.34252946494732517	0.6574705350526748
0.9870576649404521	0.012942335059547897
0.9443753826808083	0.055624617319191695
0.9637819923386911	0.03621800766130886
0.937963633468941	0.06203636653105905
0.22627764718370258	0.7737223528162974
0.7186556640400095	0.28134433595999053
0.9338516061390301	0.06614839386096992
0.1053900360810659	0.8946099639189341
0.908969331824875	0.091030668175125
0.8972062205058889	0.10279377949411106
0.9466663669410756	0.05333363305892433
0.868713950868341	0.13128604913165895
0.9635465634326811	0.036453436567318934
0.9579495340934733	0.04205046590652672
0.9364515515681393	0.06354844843186074
0.8902850766956936	0.10971492330430649
0.9600480063519041	0.03995199364809586
0.9304472357647373	0.06955276423526265
0.4822172522980207	0.5177827477019793
0.6449062006152633	0.3550937993847367
0.3686769874333635	0.6313230125666365
0.0042594240079442125	0.9957405759920558
0.9216088131044518	0.07839118689554828
0.966243888188977	0.033756111811023025
0.9518529582063772	0.04814704179362287
0.9710924244547595	0.028907575545240535
0.8711248893079183	0.12887511069208168
0.9145115319872618	0.08548846801273824
0.9427205625908086	0.057279437409191426
0.03109514749552933	0.9689048525044707
0.9727637930194399	0.027236206980560115
0.4585451615253394	0.5414548384746606
0.8433035546959032	0.15669644530409677
0.5129241591587232	0.48707584084127675
0.9109519057889776	0.08904809421102247
0.05230079710547075	0.9476992028945292
0.0022799291805922772	0.9977200708194077
0.960440804260032	0.039559195739967974
0.9300061734396745	0.06999382656032545
0.7614064496855243	0.2385935503144757
0.9380413963749062	0.06195860362509373
0.9347080741330113	0.06529192586698872
0.9281131501460873	0.0718868498539127
0.7571678771008222	0.2428321228991778
0.9682777031384975	0.03172229686150251
0.9502602733678928	0.04973972663210719
0.9593595834710493	0.04064041652895073
0.9544483052945751	0.0455516947054249
0.8782467072129653	0.1217532927870347
0.9346126801934967	0.06538731980650321
0.18612175757732852	0.8138782424226715
0.9505559274527293	0.049444072547270665
0.8841524344681937	0.11584756553180627
0.337906156095818	0.662093843904182
0.07891081406773792	0.9210891859322621
0.33899468173085867	0.6610053182691413
0.9254329689478902	0.07456703105210985
0.8863052803965679	0.11369471960343219
0.919233985522041	0.08076601447795893
0.8144212703873562	0.1855787296126438
0.9311476061447795	0.06885239385522042
0.9305462335724992	0.06945376642750078
0.9438592729022277	0.05614072709777231
0.4759856093758005	0.5240143906241995
0.9001317003821686	0.09986829961783139
0.8084187504097777	0.19158124959022232
0.9279937976501861	0.07200620234981395
0.8999403546716608	0.10005964532833918
0.9317435026337912	0.06825649736620877
0.7380056658251583	0.26199433417484175
0.45188674989958433	0.5481132501004157
0.9347874356729855	0.0652125643270145
0.8051446831638991	0.1948553168361009
0.28664104558665215	0.7133589544133478
0.9215759025868542	0.07842409741314584
0.9281192502035113	0.07188074979648872
0.6316387608605207	0.3683612391394793
0.9575883337218544	0.04241166627814559
0.9362287253381707	0.06377127466182936
0.9327774903566326	0.06722250964336736
0.6580819836532089	0.3419180163467911
0.39877303769822325	0.6012269623017767
0.873037340465909	0.12696265953409103
0.8999962964904211	0.10000370350957888
0.954376660354514	0.04562333964548605
0.913052553637267	0.08694744636273302
0.9531849355430305	0.046815064456969466
0.33061331053132914	0.6693866894686709
0.8848346798549644	0.11516532014503551
0.9618064831477083	0.0381935168522917
0.9417365497262407	0.05826345027375932
0.9620161469866486	0.03798385301335143
0.17078603337053178	0.8292139666294682
0.39450780927380624	0.6054921907261938
0.913145683483333	0.08685431651666693
0.961635164738856	0.038364835261144016
0.7546736775918664	0.2453263224081336
0.8968556557461105	0.10314434425388953
0.9169027040560612	0.08309729594393873
0.9269795165557428	0.07302048344425711
0.13352121916782422	0.8664787808321758
0.8165189364362964	0.1834810635637036
0.9345139515747489	0.06548604842525106
0.8080991134125045	0.1919008865874955
0.9650018730891331	0.0349981269108669
0.9456252704726759	0.05437472952732411
0.9601955267415919	0.03980447325840813
0.44180905905964174	0.5581909409403583
0.9172931525353547	0.08270684746464525
0.986342351676807	0.01365764832319301
0.909766978894446	0.09023302110555402
0.9652364669975478	0.03476353300245218
0.9344439926814498	0.06555600731855013
0.626635974698655	0.37336402530134505
0.9004391694849905	0.09956083051500954
0.9297144886176675	0.07028551138233254
0.9364047914591238	0.06359520854087623
0.7407306191248986	0.25926938087510143
0.9074392692802183	0.09256073071978166
0.9150495246446295	0.08495047535537048
0.7435165143883434	0.25648348561165657
0.832613371974066	0.16738662802593396
0.4546637432450442	0.5453362567549558
0.8827596084729451	0.11724039152705489
0.948280781555691	0.05171921844430907
0.929442736868793	0.07055726313120701
0.7917510209074148	0.20824897909258522
0.9849725280001985	0.01502747199980145
0.8915488430660868	0.10845115693391318
0.9857833923881161	0.0142166076118839
0.7236576253950862	0.27634237460491384
0.8935858311616753	0.1064141688383247
0.9033039298933196	0.09669607010668031
0.9409891184368192	0.059010881563180774
0.9404130709236526	0.05958692907634743
0.7992482987797378	0.20075170122026223
0.9469296102027109	0.0530703897972891
0.7416150973686296	0.2583849026313704
0.8963032869561135	0.10369671304388653
0.4186213896929014	0.5813786103070986
0.9288613104576678	0.07113868954233218
0.8839583893325988	0.11604161066740115
0.7602825386026317	0.2397174613973683
0.9043515771674122	0.09564842283258783
0.9547881030211445	0.045211896978855484
0.9738102985339866	0.026189701466013352
0.8487517624292855	0.1512482375707145
0.9283897253849227	0.07161027461507732
0.28364647970189005	0.71635352029811
0.3237524672108606	0.6762475327891394
0.002788170647225585	0.9972118293527744
0.0066097386325632	0.9933902613674368
0.17858623563277887	0.8214137643672211
0.5730582522522255	0.4269417477477745
0.24055903727116923	0.7594409627288308
0.5221945816056139	0.4778054183943861
0.6398030378507258	0.3601969621492742
0.0009155176230537521	0.9990844823769462
0.3838051297654631	0.6161948702345369
0.9701888547088984	0.029811145291101595
0.2360534952824379	0.7639465047175621
0.9575332769414228	0.04246672305857728
0.916589120521641	0.08341087947835904
0.4621514215378554	0.5378485784621446
0.8745772254330958	0.12542277456690418
0.00962134629828193	0.9903786537017181
0.9488327644701016	0.05116723552989845
0.030321998071999312	0.9696780019280007
0.9678162413546837	0.0321837586453163
0.013217909429108832	0.9867820905708912
0.9534044116651581	0.04659558833484184
0.9647167672782279	0.035283232721772126
0.976949061413358	0.023050938586641954
0.9497173169755578	0.050282683024442144
0.6105156712892641	0.38948432871073585
0.9130221129030763	0.08697788709692363
0.9332610184057896	0.06673898159421039
0.042633388511261305	0.9573666114887387
0.0071600865196719266	0.9928399134803281
0.003954498932267736	0.9960455010677323
0.0005756993396122123	0.9994243006603878
0.050260200221273754	0.9497397997787262
0.3459662136544175	0.6540337863455825
0.01244981909212517	0.9875501809078748
0.0045700822124828955	0.9954299177875171
0.17531922092248375	0.8246807790775162
0.21671985406494476	0.7832801459350552
0.3573397042710803	0.6426602957289197
0.00504457818685311	0.9949554218131469
0.8504657672610731	0.14953423273892685
0.92450001792987	0.07549998207012996
0.9025520698089575	0.09744793019104243
0.9142908155692839	0.08570918443071607
0.991880933384162	0.008119066615838055
0.9005413636266179	0.09945863637338215
0.9732558649315347	0.026744135068465336
0.9310613399313743	0.06893866006862566
0.5435650844302712	0.4564349155697288
0.9163773561949534	0.08362264380504658
0.9212925927022074	0.07870740729779258
0.017814150012489427	0.9821858499875106
0.9819200183137272	0.018079981686272794
0.97909958259456	0.020900417405440054
0.9818565870399687	0.018143412960031326
0.9292447279392598	0.07075527206074016
0.22869140831183488	0.7713085916881651
0.910711256786086	0.08928874321391402
0.09036267666762643	0.9096373233323736
0.9573782711241443	0.042621728875855656
0.6210624581617807	0.37893754183821926
0.5057364025485425	0.4942635974514576
0.9196091348654141	0.08039086513458592
0.9404470773072114	0.05955292269278856
0.9364190752786022	0.06358092472139776
0.9283778721615147	0.07162212783848533
0.949039978266078	0.05096002173392201
0.9328778120045855	0.06712218799541442
0.9490252481115883	0.050974751888411725
0.9502615012067827	0.04973849879321737
0.7291383709801349	0.2708616290198651
0.7238856371258151	0.2761143628741849
0.9662854902105502	0.03371450978944982
0.9252696297698052	0.07473037023019481
0.9421663973642395	0.057833602635760505
0.6025680885892848	0.3974319114107152
0.019315471831657827	0.9806845281683422
0.014411251214648035	0.985588748785352
0.07436692630991582	0.9256330736900842
0.10211502456904464	0.8978849754309554
0.41738658868065226	0.5826134113193477
0.02266287093573227	0.9773371290642677
0.4654933678233544	0.5345066321766456
0.5688592231955634	0.4311407768044367
0.12474578522342128	0.8752542147765787
0.9255177089553227	0.07448229104467725
0.9845978596766777	0.015402140323322275
0.9146492215849875	0.08535077841501251
0.956034047504519	0.04396595249548093
0.9204624452737212	0.07953755472627881
0.9679813008791244	0.032018699120875585
0.9763716381188956	0.02362836188110444
0.9292549104260126	0.07074508957398738
0.9351744666973283	0.06482553330267177
0.04756450612078711	0.9524354938792129
0.011741889596066035	0.988258110403934
0.14652747613543804	0.853472523864562
0.7547010554230464	0.24529894457695361
0.938483260356757	0.06151673964324295
0.9549726239741344	0.04502737602586558
0.9482280562488007	0.051771943751199305
0.2462511368248066	0.7537488631751934
0.8244336813195396	0.1755663186804604
0.8953114190340474	0.10468858096595253
0.9281134911020178	0.07188650889798225
0.937427012010426	0.06257298798957396
0.8587312560494613	0.14126874395053862
0.9503872615491364	0.04961273845086352
0.9204833962752058	0.07951660372479415
0.5885011278665495	0.41149887213345043
0.027425419193038203	0.9725745808069618
0.6949670860760284	0.30503291392397164
0.9315284225236128	0.06847157747638725
0.9898333873293043	0.01016661267069574
0.9433423420564228	0.05665765794357725
0.1846838021594297	0.8153161978405703
0.9361291645333326	0.06387083546666736
0.5925541026941203	0.40744589730587966
0.8972332071236463	0.10276679287635372
0.9408773772480666	0.05912262275193341
0.9399368156262161	0.06006318437378392
0.5978901549701152	0.4021098450298848
0.21014797037488775	0.7898520296251123
0.922957453041939	0.07704254695806097
0.7429393378833185	0.2570606621166815
0.9877366077904112	0.01226339220958882
0.9219619071475736	0.07803809285242637
0.9304508275911623	0.06954917240883778
0.8959396870190122	0.1040603129809878
0.9067131834410104	0.09328681655898963
0.9231066865188334	0.07689331348116653
0.8828422385900542	0.11715776140994584
0.940448406877094	0.05955159312290604
0.8787058809270579	0.12129411907294212
0.9781433962756282	0.021856603724371863
0.015487393703410568	0.9845126062965894
0.9424222178189744	0.05757778218102558
0.6519539141809371	0.34804608581906293
0.9732205433761738	0.026779456623826223
0.9213234183398434	0.07867658166015659
0.2427492622307128	0.7572507377692872
0.9272210114883528	0.07277898851164721
0.9402038915552258	0.059796108444774274
0.43959832874911564	0.5604016712508844
0.02272075762643888	0.9772792423735611
0.8960783464180564	0.10392165358194366
0.9137160153591031	0.08628398464089689
0.9271087317343604	0.0728912682656396
0.5710295143432826	0.42897048565671736
0.9599561399338542	0.04004386006614581
0.9617116064333823	0.038288393566617715
0.9276818802092658	0.07231811979073419
0.9883989439911203	0.011601056008879687
0.39448996267099845	0.6055100373290015
0.5489679755189878	0.4510320244810122
0.010464432004988478	0.9895355679950115
0.37576817230467074	0.6242318276953293
0.02857150558463084	0.9714284944153692
0.006702984840510795	0.9932970151594892
0.013029125973887834	0.9869708740261122
0.1194277261467096	0.8805722738532904
0.12268244479912649	0.8773175552008735
0.8957238343319753	0.10427616566802461
0.9910886821885966	0.008911317811403457
0.23560010798935294	0.7643998920106471
0.9340224065697498	0.0659775934302502
0.9418092851477338	0.05819071485226629
0.9600551979542855	0.03994480204571445
0.8694762627810901	0.13052373721890984
0.956915271966341	0.04308472803365898
0.9761293283864483	0.02387067161355173
0.06745446622239692	0.9325455337776031
0.9548118647364695	0.045188135263530514
0.9806560942862118	0.019343905713788214
0.9602369860513694	0.039763013948630535
0.9311870017481666	0.06881299825183336
0.8870590152359037	0.11294098476409628
0.8981626442111231	0.10183735578887684
0.9530539924501783	0.046946007549821735
0.11558619919612023	0.8844138008038798
0.9384232941626176	0.061576705837382346
0.960945665261686	0.03905433473831403
0.9066185134014999	0.09338148659850014
0.9051488813375745	0.09485111866242545
0.9234185680575756	0.07658143194242444
0.98375758495335	0.01624241504665001
0.03126480173390145	0.9687351982660986
0.2978752793792798	0.7021247206207202
0.5578152963398597	0.44218470366014034
0.9192884524294949	0.08071154757050518
0.9306192631707699	0.06938073682923007
0.9330605788910102	0.06693942110898982
0.16685512823578819	0.8331448717642118
0.9795614328088158	0.020438567191184143
0.9239535860909214	0.07604641390907857
0.9216593524522148	0.07834064754778526
0.9352929116075945	0.06470708839240542
0.5425826002438534	0.45741739975614665
0.9168980815562175	0.0831019184437824
0.9106313828012388	0.08936861719876117
0.7248882962264231	0.27511170377357685
0.9558771226794248	0.04412287732057522
0.9210846857978923	0.07891531420210775
0.9126529722718464	0.08734702772815366
0.026887491394983365	0.9731125086050166
0.6922383736908029	0.3077616263091971
0.012262238296006811	0.9877377617039932
0.4326536146651916	0.5673463853348084
0.9274821674406399	0.07251783255936008
0.4306580426491249	0.5693419573508751
0.8282648020995999	0.17173519790040012
0.6914116265707676	0.3085883734292324
0.9319454609015387	0.06805453909846129
0.9401550355137664	0.05984496448623351
0.9317253380687227	0.06827466193127733
0.01583338403659218	0.9841666159634078
0.09401438486401203	0.905985615135988
0.917234286457757	0.0827657135422431
0.9596024130094836	0.04039758699051644
0.9810281055545069	0.018971894445493066
0.9329359191704047	0.06706408082959521
0.9367956679139369	0.06320433208606314
0.8887441523827058	0.11125584761729423
0.02095772909880611	0.9790422709011939
0.0348631541192177	0.9651368458807823
0.915707094740009	0.08429290525999106
0.9540879869436799	0.045912013056320075
0.9374450130436213	0.06255498695637872
0.9357970009155997	0.0642029990844003
0.9109575868578749	0.08904241314212516
0.9147634797796986	0.08523652022030137
0.7969899020574039	0.20301009794259603
0.02827552492622376	0.9717244750737762
0.05849858179562317	0.9415014182043768
0.5549081814623176	0.4450918185376825
0.02292640529526091	0.9770735947047391
0.05644052368814789	0.9435594763118521
0.0013145016564315437	0.9986854983435685
0.016613140875819443	0.9833868591241806
0.9349828228906141	0.0650171771093859
0.7594871497844022	0.24051285021559782
0.9055671899266262	0.09443281007337381
0.9560026702844717	0.04399732971552825
0.6037734030558874	0.39622659694411255
0.6284376068911486	0.3715623931088515
0.9286480990894119	0.07135190091058805
0.48356948856399284	0.5164305114360072
0.775760941319095	0.22423905868090496
0.007876533142571529	0.9921234668574285
0.7626546545505304	0.23734534544946967
0.6949025595565287	0.3050974404434713
0.9445320788933961	0.05546792110660397
0.8083245500009978	0.19167544999900224
0.42748166440204394	0.5725183355979561
0.7692297925674708	0.23077020743252916
0.009413232519756565	0.9905867674802434
0.12314295122352104	0.876857048776479
0.5072991491385659	0.4927008508614341
0.16586139397752508	0.8341386060224749
0.37165131154238995	0.62834868845761
0.2728331919815814	0.7271668080184186
0.9777664283167996	0.022233571683200386
0.9174283656015119	0.08257163439848811
0.9418418368652585	0.058158163134741564
0.00944694778155919	0.9905530522184408
0.12211757621295782	0.8778824237870422
0.010983202164685846	0.9890167978353142
0.05946195646296326	0.9405380435370367
0.9510869369967337	0.048913063003266234
0.8071966812680549	0.19280331873194512
0.7577554618339419	0.24224453816605804
0.07149816611276383	0.9285018338872362
0.22316970466984154	0.7768302953301585
0.9381349592075405	0.061865040792459434
0.24727628947191682	0.7527237105280832
0.9264262204563739	0.07357377954362605
0.34865452521949714	0.6513454747805029
0.9015707641884427	0.09842923581155724
0.9288568816517118	0.07114311834828824
0.5242941543829148	0.4757058456170852
0.919870466164723	0.08012953383527698
0.98822758293368	0.011772417066320045
0.7969992941232189	0.2030007058767811
0.7485588741185019	0.2514411258814982
0.3895833913638226	0.6104166086361774
0.043540855298384695	0.9564591447016153
0.9231841593369304	0.07681584066306954
0.9590609885097844	0.040939011490215636
0.9573996044867501	0.04260039551324986
0.9010332036941733	0.09896679630582672
0.9068942655759328	0.09310573442406724
0.9161015757661284	0.08389842423387163
0.8015105805894138	0.19848941941058612
0.9513195259277311	0.048680474072268894
0.9625518492383067	0.037448150761693284
0.9671352682717922	0.03286473172820776
0.959876250803524	0.04012374919647597
0.508210254296895	0.49178974570310496
0.39885654262460446	0.6011434573753955
0.6499819891762415	0.3500180108237585
0.9034484850214345	0.09655151497856547
0.9386235255243394	0.06137647447566065
0.9691315804675632	0.03086841953243685
0.9660674522320165	0.033932547767983476
0.919124809167586	0.08087519083241403
0.39156829995095166	0.6084317000490483
0.1316529789176366	0.8683470210823634
0.20817971836050975	0.7918202816394903
0.7743842426102168	0.2256157573897833
0.05994895968732539	0.9400510403126746
0.9297117791830093	0.07028822081699072
0.8347195326472411	0.16528046735275895
0.46152067999961643	0.5384793200003836
0.11701674353752478	0.8829832564624752
0.01752931177021433	0.9824706882297857
0.8410914108821753	0.15890858911782466
0.32517390470649454	0.6748260952935055
0.9372925174759372	0.06270748252406277
0.9559345954758636	0.04406540452413644
0.012314499655583733	0.9876855003444163
0.5760720286334517	0.4239279713665483
0.9259754240803011	0.07402457591969888
0.9574176262135514	0.042582373786448566
0.4071166974049403	0.5928833025950597
0.781710212167843	0.218289787832157
0.9151027688804586	0.08489723111954144
0.9379339108696698	0.06206608913033015
0.8313921608793446	0.16860783912065538
0.9662850494554458	0.03371495054455418
0.912324435118024	0.08767556488197598
0.9267808470287617	0.07321915297123827
0.9094167685748279	0.09058323142517206
0.9341110394319754	0.06588896056802468
0.9429809856432926	0.05701901435670738
0.9460527439280002	0.0539472560719998
0.9413515580481525	0.05864844195184752
0.8698972084479151	0.13010279155208487
0.9436876585972699	0.05631234140273012
0.9697378581584634	0.030262141841536597
0.9427451469937281	0.05725485300627189
0.005677899921049279	0.9943221000789507
0.9478336558424071	0.05216634415759291
0.9508800839035344	0.04911991609646556
0.8518624241904293	0.14813757580957068
0.907660910961601	0.09233908903839907
0.9148836218742258	0.0851163781257742
0.08339818631463125	0.9166018136853687
0.9276232071307193	0.07237679286928067
0.9261495795133277	0.0738504204866724
0.9099549405520788	0.09004505944792117
0.955520045258783	0.04447995474121706
0.8985453548707897	0.10145464512921036
0.5578964014981588	0.4421035985018412
0.6608365998911547	0.33916340010884527
0.5654874156631327	0.4345125843368673
0.6636861364555164	0.3363138635444835
0.7694451863817433	0.2305548136182567
0.916460689692411	0.08353931030758899
0.703996198258251	0.29600380174174906
0.9898903547020622	0.010109645297937831
0.9196713608363691	0.08032863916363082
0.31008376662338555	0.6899162333766145
0.010922524517089194	0.9890774754829108
0.7575965693669777	0.24240343063302233
0.9529668201088826	0.04703317989111745
0.8073293758843106	0.1926706241156894
0.5171658105842996	0.4828341894157005
0.020034409938341158	0.9799655900616588
0.8847611620146826	0.11523883798531745
0.04217990044713138	0.9578200995528686
0.9186550384357177	0.08134496156428234
0.004807795796077707	0.9951922042039223
0.005397309628120794	0.9946026903718792
0.032325982407967024	0.967674017592033
0.03715135144943871	0.9628486485505613
0.7576508980786248	0.24234910192137518
0.6748397101059449	0.32516028989405504
0.9464819146305726	0.05351808536942736
0.9587212049713663	0.04127879502863372
0.920831422826613	0.07916857717338698
0.8597709518226241	0.14022904817737591
0.6273081782987264	0.37269182170127363
0.9613908260919677	0.03860917390803227
0.9171623177328191	0.08283768226718087
0.17894483520303872	0.8210551647969613
0.017794657217845233	0.9822053427821548
0.700942234556331	0.29905776544366897
0.8835855436745619	0.11641445632543816
0.9379185508712015	0.06208144912879859
0.9215762692949956	0.07842373070500436
0.9446409147246503	0.055359085275349725
0.9546544934489075	0.04534550655109248
0.021999316717754458	0.9780006832822455
0.01210488518508035	0.9878951148149197
0.2463434511342989	0.7536565488657011
0.9437067120455284	0.05629328795447168
0.9520628414237091	0.04793715857629091
0.9376131701986656	0.06238682980133434
0.9227215284064292	0.0772784715935708
0.8386933498918119	0.16130665010818815
0.15894915279545407	0.8410508472045459
0.1649762438608008	0.8350237561391992
0.9463825509824406	0.05361744901755944
0.9154173539383798	0.0845826460616202
0.6033505066975005	0.39664949330249955
0.4476206277653553	0.5523793722346447
0.15363788228413688	0.8463621177158631
0.9668875576779735	0.03311244232202645
0.9347090289076099	0.06529097109239011
0.886942258497002	0.11305774150299797
0.08405681802007225	0.9159431819799277
0.6292965009880009	0.370703499011999
0.5187436684621372	0.4812563315378628
0.8487255200421031	0.15127447995789683
0.02089129517056809	0.9791087048294319
0.4792463304807675	0.5207536695192325
0.014111185368347545	0.9858888146316525
0.9353316647373708	0.06466833526262922
0.6114792540752074	0.3885207459247926
0.32318428453113934	0.6768157154688607
0.8956245647935499	0.10437543520645004
0.0035466297231255828	0.9964533702768744
0.011549141583944711	0.9884508584160553
0.8406018014552465	0.1593981985447534
0.07982147311989796	0.920178526880102
0.9070382120968019	0.09296178790319806
0.061178005576376426	0.9388219944236236
0.5087900734000719	0.49120992659992807
0.5113285604697066	0.4886714395302933
0.01790900195983891	0.9820909980401611
0.9148415853446755	0.0851584146553245
0.029402192698547158	0.9705978073014528
0.9372282221247703	0.06277177787522974
0.848381422548113	0.15161857745188698
0.525959565375558	0.47404043462444195
0.4886938634777547	0.5113061365222453
0.9108668476572387	0.08913315234276128
0.9552055078273272	0.044794492172672805
0.40148952805861404	0.598510471941386
0.8991426583540922	0.1008573416459078
0.9023423888665025	0.09765761113349741
0.7820173802672227	0.21798261973277733
0.39445663453994373	0.6055433654600563
0.9661892013160057	0.03381079868399428
0.90393168240438	0.09606831759561997
0.9686043847583438	0.03139561524165621
0.9523994525432264	0.04760054745677358
0.8559273265169725	0.1440726734830276
0.0053320704395422025	0.9946679295604578
0.9273252896254731	0.0726747103745269
0.7866587989267104	0.2133412010732896
0.5855313406926225	0.41446865930737753
0.9349021348452647	0.06509786515473524
0.02617034883140068	0.9738296511685993
0.9122145329042872	0.08778546709571275
0.963877600822132	0.03612239917786793
0.9823318370713175	0.017668162928682445
0.04810727534608572	0.9518927246539143
0.6450057474127227	0.3549942525872774
0.8626742983562552	0.13732570164374483
0.6960913143447633	0.30390868565523665
0.6255347331516945	0.37446526684830544
0.03581949646585991	0.9641805035341401
0.5866647259872995	0.4133352740127005
0.9636286350799261	0.03637136492007388
0.19059470576855986	0.8094052942314401
0.6599348953234623	0.3400651046765377
0.9251090182840079	0.07489098171599204
0.23439395504498073	0.7656060449550193
0.900087062749266	0.09991293725073402
0.9057862186908214	0.09421378130917857
0.9186262936370879	0.08137370636291202
0.039017059371223795	0.9609829406287762
0.9428060520998978	0.05719394790010227
0.5725040027970401	0.42749599720295994
0.8951517568626096	0.10484824313739043
0.9248942781379763	0.07510572186202373
0.5826074280602703	0.4173925719397297
0.2168422778296245	0.7831577221703755
0.9227089100865487	0.07729108991345131
0.9509525673350844	0.049047432664915604
0.3424540146094144	0.6575459853905856
0.5044409942441086	0.49555900575589146
0.6052055222752345	0.3947944777247655
0.9263848075702634	0.07361519242973662
0.9287090420791104	0.0712909579208896
0.9101041282920059	0.08989587170799407
0.8960351072084851	0.10396489279151488
0.8520192360826727	0.14798076391732726
0.9562619054296452	0.043738094570354775
0.9266509931902953	0.07334900680970469
0.4764874313388464	0.5235125686611536
0.19186864726288	0.80813135273712
0.7882745363355333	0.21172546366446662
0.9458176187056047	0.054182381294395336
0.9228238924970187	0.07717610750298136
0.9599503835196188	0.040049616480381224
0.9229044751580088	0.07709552484199127
0.38329734386305514	0.6167026561369449
0.2716548758079552	0.7283451241920448
0.9329684791350187	0.06703152086498132
0.8624760651805952	0.1375239348194049
0.2693045428339328	0.7306954571660672
0.004348720908559978	0.99565127909144
0.3822432698789249	0.6177567301210751
0.9318645368639485	0.06813546313605148
0.9339561314004841	0.06604386859951589
0.9663574831140371	0.033642516885962925
0.9663583167076312	0.03364168329236886
0.9187268636240838	0.08127313637591617
0.968512454128389	0.03148754587161097
0.9722679167766716	0.027732083223328437
0.9297222843132638	0.07027771568673627
0.016723530141945497	0.9832764698580545
0.5992405915188159	0.4007594084811841
0.9400881905240295	0.059911809475970475
0.7961062397675236	0.20389376023247646
0.9289165213348984	0.0710834786651016
0.9118933244375003	0.08810667556249976
0.9211242688622491	0.07887573113775094
0.971702832464079	0.028297167535921007
0.9648489211389332	0.03515107886106687
0.9555215462536422	0.044478453746357824
0.9232567975351865	0.07674320246481348
0.8998747520108581	0.10012524798914187
0.3772716002080214	0.6227283997919786
0.9147028272013044	0.08529717279869567
0.7602506559172675	0.23974934408273257
0.975378329496232	0.024621670503767908
0.946385630778255	0.05361436922174501
0.9408848609203755	0.059115139079624485
0.9720747166275444	0.027925283372455548
0.9275512367440054	0.07244876325599457
0.9212806626531538	0.07871933734684626
0.9128857454625202	0.08711425453747978
0.020158897532779885	0.9798411024672201
0.9218799830757853	0.07812001692421465
0.9242421121107058	0.07575788788929413
0.9303927495468278	0.06960725045317213
0.3006881151034059	0.6993118848965941
0.9284658771465086	0.07153412285349138
0.8250670542804994	0.17493294571950052
0.9313647146445665	0.06863528535543349
0.0029041856942010336	0.997095814305799
0.861952831192925	0.13804716880707502
0.24490368172895494	0.7550963182710451
0.826897510629244	0.17310248937075604
0.9286363532738343	0.07136364672616569
0.8476048961912617	0.15239510380873836
0.2294553549828876	0.7705446450171124
0.08345568430236217	0.9165443156976378
0.9393520235323832	0.06064797646761681
0.9848879588181789	0.01511204118182112
0.9521738283648187	0.04782617163518132
0.9335101954278948	0.06648980457210513
0.9391593070894989	0.060840692910501086
0.944017869440552	0.055982130559447965
0.9840882165496312	0.015911783450368786
0.14403300404428399	0.855966995955716
0.95948252632154	0.040517473678460036
0.932069210938419	0.06793078906158104
0.5369493864170896	0.4630506135829104
0.9413255036574658	0.05867449634253424
0.9497507533324434	0.05024924666755654
0.9041514509202966	0.09584854907970342
0.8916717236311144	0.10832827636888566
0.9869261864284709	0.013073813571529138
0.8998248184861193	0.10017518151388072
0.992834918634862	0.007165081365138027
0.9326855279533175	0.06731447204668253
0.9623672759735196	0.03763272402648043
0.9741895658753051	0.025810434124694807
0.13544294382337563	0.8645570561766244
0.9858501120752481	0.014149887924751891
0.9051296910546281	0.09487030894537186
0.9687456608691618	0.031254339130838214
0.13145655434602155	0.8685434456539785
0.48828509352555993	0.5117149064744401
0.9351672630918232	0.0648327369081768
0.9201439758429952	0.07985602415700481
0.8829893936661573	0.1170106063338428
0.6751652896906335	0.32483471030936645
0.838895651111381	0.16110434888861905
0.9570688633988944	0.042931136601105604
0.9596741210369915	0.04032587896300859
0.923608368833876	0.076391631166124
0.16646226354711513	0.8335377364528849
0.9562472876548722	0.04375271234512778
0.9765329506540307	0.02346704934596938
0.9160778440490083	0.0839221559509917
0.27903328345567435	0.7209667165443256
0.7642557131890665	0.2357442868109335
0.9696769843340821	0.030323015665917857
0.729512315865305	0.2704876841346951
0.6269899025184413	0.3730100974815586
0.788385328680036	0.21161467131996403
0.02579123893938462	0.9742087610606154
0.33111551320712407	0.6688844867928759
0.8447719850985129	0.1552280149014871
0.987524068345685	0.012475931654314997
0.48559286235324983	0.5144071376467502
0.9537303026956918	0.04626969730430817
0.5571586601922385	0.4428413398077616
0.9634076325001545	0.03659236749984549
0.9523242957391109	0.04767570426088903
0.9481047282644777	0.05189527173552236
0.9511825382169868	0.04881746178301321
0.9588682202358245	0.04113177976417549
0.9193047722297578	0.08069522777024213
0.9783015524906897	0.02169844750931026
0.7058746394232491	0.29412536057675087
0.9544801304265269	0.04551986957347305
0.7306420326307324	0.2693579673692677
0.9046716609284982	0.0953283390715018
0.5187335053293209	0.48126649467067906
0.90834084487232	0.09165915512768003
0.6811605957026803	0.3188394042973197
0.9378266151717185	0.06217338482828151
0.8877476398734515	0.11225236012654845
0.030213741009927242	0.9697862589900728
0.9125810562765369	0.08741894372346311
0.8600130121876606	0.13998698781233937
0.9836766038999648	0.016323396100035217
0.874338169512676	0.1256618304873241
0.8784335302416512	0.12156646975834887
0.9020543874348327	0.09794561256516728
0.600258421200701	0.39974157879929895
0.9323004331582319	0.06769956684176814
0.927401550526479	0.07259844947352095
0.5126814632872836	0.4873185367127164
0.10216827183108779	0.8978317281689122
0.5226138732579516	0.4773861267420484
0.9205620662751011	0.07943793372489893
0.824313970489762	0.17568602951023798
0.5844102049581688	0.41558979504183124
0.9314423313140223	0.06855766868597767
0.01557286184050477	0.9844271381594952
0.9656132132642344	0.03438678673576555
0.8876476779254683	0.11235232207453176
0.9323656008792444	0.06763439912075563
0.9327326570212093	0.0672673429787907
0.9412638473611457	0.0587361526388544
0.9485270471614183	0.05147295283858169
0.9790658900439383	0.020934109956061698
0.7983095468726396	0.20169045312736042
0.9049119853378045	0.09508801466219548
0.8494059615106228	0.15059403848937727
0.982083677345962	0.017916322654037933
0.9335171126977558	0.06648288730224418
0.5077427342434335	0.49225726575656653
0.9460400875435597	0.05395991245644023
0.9405693711168256	0.059430628883174366
0.9754045420242117	0.02459545797578827
0.005119499767850533	0.9948805002321495
0.8196555408569139	0.18034445914308608
0.3811452608291256	0.6188547391708744
0.8328231272076597	0.16717687279234025
0.9044614034956051	0.09553859650439485
0.86829759979891	0.13170240020109003
0.9336929975931648	0.0663070024068352
0.9132958791603665	0.0867041208396335
0.8532593150487309	0.14674068495126918
0.9282064039372245	0.07179359606277545
0.9201920501529226	0.07980794984707745
0.9386932769680429	0.06130672303195704
0.04315296838124605	0.956847031618754
0.9687561672943287	0.031243832705671278
0.8990305055922994	0.10096949440770067
0.528544743035148	0.471455256964852
0.9607853526074202	0.0392146473925798
0.9557861467769088	0.044213853223091217
0.6032279137742709	0.3967720862257292
0.9899420850201696	0.0100579149798304
0.9435815994652935	0.05641840053470649
0.9456824315428386	0.054317568457161396
0.9796320850701602	0.020367914929839758
0.8856689141033746	0.11433108589662543
0.008496509100841987	0.991503490899158
0.9671212132636077	0.03287878673639238
0.45541518915341417	0.5445848108465858
0.8832941313666546	0.11670586863334538
0.8815949207670806	0.1184050792329194
0.8779334690939189	0.1220665309060811
0.9193300313821395	0.08066996861786041
0.9444577925528849	0.05554220744711514
0.9439253358078594	0.05607466419214058
0.39737096120773685	0.6026290387922631
0.9746225597231982	0.02537744027680177
0.9357850264581693	0.06421497354183076
0.016288302053140025	0.98371169794686
0.012235557173045919	0.9877644428269541
0.6197593400651277	0.3802406599348723
0.9127194236950821	0.08728057630491796
0.9339350316269319	0.06606496837306802
0.9216844692140097	0.07831553078599031
0.9327255412783835	0.06727445872161648
0.015526425816852374	0.9844735741831476
0.6454225613999853	0.3545774386000147
0.9500550446478191	0.049944955352180916
0.934312156716568	0.06568784328343204
0.9109570781164767	0.08904292188352325
0.9328271845810471	0.06717281541895297
0.9172710602166643	0.08272893978333574
0.9268552126878361	0.07314478731216392
0.9744058628583051	0.02559413714169491
0.8604831974528214	0.1395168025471786
0.9523872951336481	0.047612704866351996
0.9503134354033531	0.04968656459664687
0.6755315826294219	0.324468417370578
0.14421551005756117	0.8557844899424388
0.9392427918871475	0.06075720811285244
0.8341951462270206	0.1658048537729794
0.4980770543771591	0.5019229456228409
0.9592563817167403	0.04074361828325967
0.9485002514898985	0.05149974851010153
0.9750760338534571	0.02492396614654286
0.9468589775171712	0.05314102248282885
0.9572024746144988	0.042797525385501196
0.9761253426438181	0.02387465735618194
0.9698422184399701	0.030157781560029902
0.9215342851635949	0.07846571483640506
0.9313894639110706	0.0686105360889294
0.9146642353746379	0.08533576462536203
0.9449221238822475	0.05507787611775255
0.9450278658275338	0.05497213417246615
0.9476154306858322	0.052384569314167795
0.9326415676242679	0.06735843237573211
0.9027605804640663	0.09723941953593371
0.9846315885212699	0.015368411478730106
0.8781034923389934	0.12189650766100657
0.7795630561255362	0.22043694387446378
0.9270007228235626	0.07299927717643741
0.8538130431062977	0.1461869568937023
0.9894976921914668	0.010502307808533194
0.9647208235277024	0.03527917647229763
0.9706556351505594	0.029344364849440592
0.22160133897569756	0.7783986610243024
0.9801976471795997	0.019802352820400302
0.8893591659099808	0.11064083409001925
0.9539229610392259	0.04607703896077404
0.9557354286736274	0.044264571326372584
0.012838445970319912	0.9871615540296801
0.3064991045755414	0.6935008954244586
0.6097225618412639	0.39027743815873606
0.7803610701282154	0.21963892987178454
0.9872684992877125	0.012731500712287418
0.9717634498149118	0.02823655018508815
0.9520987644500003	0.04790123554999967
0.2846182028748514	0.7153817971251486
0.22506546421931528	0.7749345357806847
0.47799007107181235	0.5220099289281876
0.4654364440839358	0.5345635559160642
0.8560954343445099	0.14390456565549015
0.9305706175193125	0.06942938248068753
0.9077058471603726	0.09229415283962736
0.18113144761830857	0.8188685523816914
0.02360251949008041	0.9763974805099196
0.9383694079914056	0.06163059200859443
0.7273146557060443	0.27268534429395574
0.9094281625874984	0.09057183741250163
0.9436323203133805	0.056367679686619473
0.959071945420041	0.04092805457995899
0.8147498421948451	0.18525015780515483
0.9417128349490125	0.0582871650509875
0.8780013250741637	0.12199867492583631
0.03204695391309509	0.9679530460869049
0.9323722833527037	0.06762771664729626
0.9396042583951948	0.0603957416048052
0.9524035322242534	0.04759646777574652
0.9314311559143436	0.06856884408565646
0.9468222654415902	0.05317773455840976
0.9364017905311985	0.06359820946880147
0.9687874872062233	0.031212512793776674
0.894239414154311	0.10576058584568902
0.9345482029256653	0.06545179707433464
0.7795548982525831	0.22044510174741697
0.9283076939163666	0.07169230608363344
0.38961692416116667	0.6103830758388333
0.9301518678508488	0.06984813214915123
0.9516533885839054	0.04834661141609462
0.9372199593879756	0.06278004061202432
0.4941695556482524	0.5058304443517476
0.9562877276965188	0.04371227230348118
0.9075612046760657	0.09243879532393424
0.9363602478640408	0.0636397521359592
0.9161960257899738	0.0838039742100262
0.9338573559395318	0.06614264406046821
0.40435371194575465	0.5956462880542454
0.6251454052672112	0.37485459473278887
0.900993476603795	0.09900652339620498
0.7104737157059626	0.2895262842940373
0.885362244665054	0.11463775533494598
0.9633444916675968	0.036655508332403115
0.7303019071201249	0.26969809287987506
0.8226206884799705	0.17737931152002953
0.9512604845123608	0.04873951548763919
0.9219555589814887	0.07804444101851124
0.9446318011442603	0.055368198855739716
0.5350035508862421	0.46499644911375787
0.9593613627248438	0.040638637275156195
0.9753502720785006	0.024649727921499498
0.7615256712287738	0.23847432877122623
0.9544689069519966	0.04553109304800344
0.9913449931496953	0.008655006850304708
0.9338255204471593	0.06617447955284067
0.925142574982007	0.07485742501799293
0.9510090601078045	0.04899093989219547
0.9268079212763463	0.07319207872365373
0.3701521576045491	0.6298478423954509
0.973494585629936	0.02650541437006408
0.9863926505031284	0.013607349496871549
0.9680064983574848	0.03199350164251524
0.9651960433514691	0.03480395664853091
0.9291098850190861	0.07089011498091391
0.9360360009684772	0.06396399903152279
0.642871839988577	0.357128160011423
0.9100940505502677	0.08990594944973225
0.2044343515966468	0.7955656484033532
0.023185968835400805	0.9768140311645992
0.9632531353439543	0.036746864656045757
0.9417417536870523	0.05825824631294772
0.9079818531689159	0.09201814683108413
0.9369930974517002	0.06300690254829983
0.9262985083989017	0.07370149160109826
0.9862475290536321	0.013752470946367884
0.9351909675404518	0.06480903245954815
0.03454539943203505	0.965454600567965
0.33807350906055866	0.6619264909394413
0.6658201342878021	0.33417986571219793
0.9610481692530137	0.03895183074698622
0.9243299348878021	0.07567006511219784
0.958286113146945	0.04171388685305501
0.9617384342331537	0.03826156576684621
0.9562017185727146	0.04379828142728541
0.5786008771376046	0.4213991228623955
0.9094310933397093	0.09056890666029074
0.9160090668348364	0.08399093316516354
0.9557815605610817	0.044218439438918296
0.9098586634706747	0.09014133652932527
0.9294133357520621	0.0705866642479379
0.642713177253796	0.3572868227462041
0.003393678430022584	0.9966063215699774
0.8638894679062643	0.13611053209373575
0.2944165988467896	0.7055834011532104
0.9193766411692315	0.08062335883076854
0.9438709313869618	0.056129068613038284
0.9850370701051333	0.014962929894866655
0.9270963715721066	0.07290362842789347
0.9358718623295802	0.06412813767041976
0.9592202476262278	0.0407797523737722
0.8221065516927551	0.17789344830724488
0.9517423171175287	0.048257682882471384
0.9354285845282521	0.06457141547174791
0.5462855747908502	0.4537144252091498
0.647320533977091	0.352679466022909
0.9295818532195583	0.07041814678044167
0.012941050218350902	0.9870589497816491
0.9658151484438274	0.03418485155617255
0.2958755753118134	0.7041244246881866
0.9368002588463332	0.06319974115366676
0.855195470127494	0.14480452987250605
0.9901797501519428	0.009820249848057143
0.8902063228077951	0.10979367719220492
0.9048225189964787	0.09517748100352129
0.5682566525255924	0.43174334747440757
0.5957987573845824	0.4042012426154176
0.9263111501791509	0.07368884982084911
0.8332774799481653	0.16672252005183477
0.26821935642737016	0.7317806435726298
0.9288258365977446	0.0711741634022554
0.9399419304647673	0.06005806953523271
0.9516909613893907	0.04830903861060936
0.9343998880792135	0.06560011192078646
0.9361072562472377	0.0638927437527623
0.925596044819625	0.07440395518037496
0.9220032663977457	0.07799673360225431
0.9052944463922502	0.0947055536077498
0.9307913124258644	0.06920868757413555
0.9421265647916107	0.05787343520838928
0.2161688932843271	0.7838311067156729
0.939948840427663	0.06005115957233701
0.8933339488997872	0.1066660511002128
0.9072352549898018	0.09276474501019816
0.9514963765728878	0.04850362342711225
0.8484211968401042	0.15157880315989583
0.9261339643549569	0.0738660356450431
0.9434289107611583	0.0565710892388417
0.0908546458424686	0.9091453541575314
0.7948067369140583	0.2051932630859417
0.8232925979838985	0.17670740201610147
0.7408408279042036	0.2591591720957964
0.49311818778067185	0.5068818122193282
0.4145315491619951	0.5854684508380049
0.9184810633602182	0.08151893663978185
0.940929517006914	0.059070482993086
0.9255052550199449	0.07449474498005514
0.8173058926182499	0.18269410738175007
0.6890834226542115	0.31091657734578854
0.896424346049169	0.10357565395083101
0.8446178465151413	0.1553821534848587
0.9508295419813555	0.049170458018644475
0.32847571080689353	0.6715242891931065
0.4808463386381394	0.5191536613618606
0.8624623582195924	0.13753764178040764
0.7760009406469194	0.22399905935308062
0.916387937027432	0.08361206297256792
0.7625379207965697	0.23746207920343027
0.9332038403760136	0.06679615962398641
0.5730354291057767	0.4269645708942233
0.9872258685021738	0.012774131497826233
0.8249656816538178	0.17503431834618216
0.9310569158962093	0.06894308410379069
0.7938401836233456	0.20615981637665434
0.8957534872672588	0.10424651273274119
0.9283025251607139	0.07169747483928615
0.9405725106886934	0.05942748931130662
0.9107351741790615	0.08926482582093857
0.9266984524290165	0.07330154757098348
0.018574710605003486	0.9814252893949965
0.9096879962575429	0.09031200374245703
0.9893610986906306	0.010638901309369361
0.0973952350405628	0.9026047649594372
0.9563870558707478	0.04361294412925216
0.9361036401437104	0.06389635985628966
0.981826888535105	0.018173111464894934
0.9892061014177347	0.010793898582265267
0.012362511561272216	0.9876374884387278
0.15612993444405188	0.8438700655559481
0.9119063453984351	0.08809365460156494
0.026168930290116577	0.9738310697098834
0.956561437264366	0.04343856273563398
0.06762391255044309	0.9323760874495569
0.09599031743103703	0.904009682568963
0.9076699330129002	0.09233006698709981
0.3972487090337691	0.6027512909662309
0.9234432425455216	0.07655675745447839
0.4837616409767195	0.5162383590232805
0.8091336924851423	0.19086630751485764
0.3359599966274256	0.6640400033725744
0.3079645742409013	0.6920354257590987
0.858482271009092	0.141517728990908
0.92760586383971	0.07239413616028999
0.9575570354419995	0.042442964558000444
0.9288788253614455	0.07112117463855447
0.931990264049722	0.068009735950278
0.9463590065706704	0.05364099342932954
0.9562147712109712	0.04378522878902876
0.33369552630826915	0.6663044736917308
0.9284023271105186	0.07159767288948143
0.041597654338987766	0.9584023456610122
0.7901499619287407	0.20985003807125932
0.9349030886718486	0.06509691132815142
0.8130052723312509	0.18699472766874917
0.01988363426542017	0.9801163657345798
0.974301161567607	0.02569883843239294
0.9631226378886062	0.03687736211139375
0.9373632824910534	0.06263671750894659
0.9495628319033097	0.050437168096690264
0.8286022742715831	0.17139772572841688
0.9269487114019207	0.07305128859807931
0.7906228709010154	0.20937712909898462
0.9271947926133424	0.07280520738665766
0.934266105414986	0.06573389458501398
0.9492926979260659	0.05070730207393413
0.9463779948831865	0.053622005116813434
0.9462017249511038	0.053798275048896234
0.94831221889432	0.05168778110567998
0.07764812633976814	0.9223518736602319
0.8033646971286015	0.19663530287139852
0.8203856144271394	0.17961438557286058
0.9390076938362611	0.060992306163738866
0.08565309338135962	0.9143469066186404
0.25741157830766226	0.7425884216923377
0.9181918955267752	0.08180810447322479
0.01088467234713053	0.9891153276528695
0.9301760001426009	0.06982399985739901
0.9526574122410616	0.04734258775893843
0.9420506570859706	0.0579493429140294
0.953112292667537	0.046887707332463
0.6329475641425842	0.36705243585741576
0.9313561339065205	0.0686438660934795
0.16503326398207863	0.8349667360179214
0.7492548270727841	0.25074517292721593
0.9039524620295493	0.09604753797045072
0.9581913650550844	0.04180863494491564
0.8724761055551802	0.12752389444481987
0.8691422503382822	0.13085774966171784
0.9278695137449575	0.07213048625504243
0.9601161151752602	0.03988388482473981
0.36654283366676466	0.6334571663332353
0.8941163766085292	0.10588362339147078
0.9501202811880637	0.04987971881193632
0.6987767854862624	0.30122321451373757
0.9249756707031271	0.07502432929687285
0.9154371855172964	0.08456281448270361
0.9133217765483022	0.0866782234516978
0.9396261885669354	0.0603738114330646
0.6748556527794058	0.3251443472205941
0.8963874173346358	0.10361258266536416
0.9367419704497799	0.06325802955022014
0.9845414812097285	0.015458518790271452
0.9353164226022672	0.0646835773977328
0.19310490125941515	0.8068950987405848
0.1932577207463574	0.8067422792536426
0.4193039094932063	0.5806960905067937
0.3855692059672996	0.6144307940327004
0.7417756944414942	0.2582243055585058
0.9430240134130392	0.056975986586960736
0.24885888798469302	0.751141112015307
0.953533463890476	0.046466536109524045
0.8283700356182166	0.1716299643817833
0.608352541839889	0.391647458160111
0.9597481972909899	0.04025180270901003
0.8667403236960932	0.1332596763039068
0.524205497098773	0.47579450290122705
0.15468339702083922	0.8453166029791608
0.9267946611210318	0.07320533887896818
0.9592880632650543	0.0407119367349457
0.9559706636088707	0.04402933639112927
0.9697740526590283	0.03022594734097171
0.43587159603834447	0.5641284039616555
0.9261894428968201	0.07381055710317982
0.9449367649687873	0.055063235031212694
0.9300719808121145	0.06992801918788544
0.6400940723837726	0.3599059276162274
0.6450241729073891	0.3549758270926109
0.8028199498148452	0.19718005018515483
0.8393083818988335	0.16069161810116653
0.9185227377737075	0.08147726222629254
0.9792530003197228	0.020746999680277187
0.9308886155391869	0.06911138446081308
0.9495563245559535	0.05044367544404651
0.9338266191701761	0.06617338082982398
0.19024513028725853	0.8097548697127415
0.9246425440561241	0.07535745594387591
0.9856687271145819	0.014331272885418172
0.03163064404296534	0.9683693559570347
0.23802392125483518	0.7619760787451648
0.8583407830038718	0.14165921699612816
0.5607000487134879	0.4392999512865121
0.9458231167126968	0.05417688328730323
0.1649503654498241	0.8350496345501759
0.9246480189350565	0.07535198106494351
0.13723846758297686	0.8627615324170231
0.13404335816194402	0.865956641838056
0.9188859617499735	0.08111403825002651
0.9538457845971505	0.0461542154028495
0.9535277776264417	0.046472222373558254
0.03294259124255505	0.967057408757445
0.9320000078479563	0.0679999921520437
0.89263020042175	0.10736979957824998
0.7711802004170909	0.2288197995829091
0.9642410656276129	0.03575893437238707
0.341802350460234	0.658197649539766
0.329510203476012	0.670489796523988
0.9871565401664895	0.012843459833510576
0.906007314969616	0.09399268503038408
0.9685376725145501	0.031462327485449894
0.9348011325566977	0.06519886744330224
0.8523649351181473	0.14763506488185274
0.3030511512790952	0.6969488487209048
0.971593861039983	0.028406138960016942
0.9820781182881506	0.0179218817118494
0.9425250304437177	0.057474969556282285
0.8969078045417782	0.10309219545822175
0.9394227060105945	0.06057729398940547
0.8792248182763956	0.12077518172360437
0.9518087125413487	0.04819128745865128
0.9131599277815149	0.08684007221848508
0.9300404870488014	0.0699595129511986
0.9177713786184963	0.08222862138150362
0.9371621831089493	0.06283781689105077
0.6530034972202592	0.34699650277974076
0.9307695982991158	0.06923040170088418
0.9341491499765937	0.06585085002340635
0.7685847964873067	0.23141520351269335
0.9192316996761352	0.08076830032386487
0.8843313671535127	0.11566863284648728
0.9836025480291035	0.01639745197089652
0.8309221748498532	0.16907782515014674
0.9839369414177499	0.016063058582250076
0.7603417140740325	0.23965828592596744
0.8504699651283605	0.14953003487163954
0.7447074634128198	0.2552925365871802
0.8557764890337135	0.14422351096628647
0.9857148165492449	0.014285183450755122
0.8192668767138855	0.1807331232861145
0.9722003747658975	0.027799625234102517
0.7759096258336426	0.22409037416635738
0.9486729060923361	0.0513270939076639
0.9392138873761137	0.06078611262388635
0.0065085428447961835	0.9934914571552038
0.2649431440898966	0.7350568559101034
0.9582501794916259	0.04174982050837402
0.8994562314113101	0.10054376858868985
0.22223065579096646	0.7777693442090335
0.9470074379282234	0.052992562071776564
0.9341019892277659	0.06589801077223414
0.9663693225653202	0.033630677434679866
0.9516493362968171	0.0483506637031829
0.4961263905763097	0.5038736094236903
0.9038441091101648	0.09615589088983519
0.010208709681672978	0.989791290318327
0.9521182228185553	0.04788177718144468
0.9910090380385158	0.008990961961484151
0.9326957052019895	0.06730429479801052
0.608185462870376	0.39181453712962394
0.9862751247963453	0.013724875203654688
0.25382065916334906	0.7461793408366509
0.9286364479287983	0.07136355207120165
0.051050055033321495	0.9489499449666785
0.35980180599908085	0.6401981940009192
0.9108460325680428	0.08915396743195726
0.00807821304555556	0.9919217869544444
0.6184858558353281	0.38151414416467194
0.9330479265438507	0.06695207345614933
0.6942989009739994	0.3057010990260006
0.9872424669763855	0.012757533023614464
0.9273965603296344	0.0726034396703656
0.9368406527854313	0.06315934721456869
0.9339359468754281	0.06606405312457184
0.8467460686076718	0.15325393139232818
0.4029608856783513	0.5970391143216487
0.8571638239699638	0.14283617603003615
0.05859563663836809	0.9414043633616319
0.9085436213006548	0.09145637869934517
0.1675189466534922	0.8324810533465078
0.05787101786053417	0.9421289821394658
0.944574195538336	0.05542580446166398
0.9455737341976664	0.054426265802333534
0.39466636788449516	0.6053336321155048
0.8982901334427523	0.10170986655724772
0.9544214565502033	0.04557854344979671
0.3180396775245715	0.6819603224754285
0.8861158304797518	0.11388416952024817
0.6796593808106648	0.32034061918933526
0.02176610695208725	0.9782338930479128
0.841266388032705	0.158733611967295
0.9298584743858724	0.07014152561412755
0.04440055654271635	0.9555994434572836
0.945139901564204	0.054860098435796
0.47652507885546014	0.5234749211445399
0.8839841325394462	0.11601586746055377
0.9338327891662787	0.06616721083372139
0.9038263082941387	0.09617369170586126
0.8122337840175788	0.18776621598242116
0.9007456924880686	0.09925430751193137
0.9386312985984849	0.06136870140151511
0.3722708568434949	0.6277291431565051
0.9699767959634571	0.03002320403654287
0.9099256041206601	0.09007439587933982
0.9573299335524241	0.04267006644757593
0.9256134273668583	0.07438657263314176
0.7445931513663764	0.2554068486336237
0.5556160928534597	0.44438390714654025
0.9216135924226447	0.07838640757735532
0.5879692207979884	0.4120307792020116
0.7925992696221351	0.20740073037786488
0.936181284539972	0.06381871546002808
0.9221747441576464	0.07782525584235357
0.9518494251920941	0.04815057480790588
0.959505356115889	0.04049464388411097
0.00410344071239277	0.9958965592876072
0.03504371094350378	0.9649562890564962
0.21046912436642573	0.7895308756335743
0.9677187359663951	0.03228126403360492
0.6596271858880567	0.34037281411194337
0.17257550750548045	0.8274244924945195
0.39453795303211536	0.6054620469678846
0.33375845608487265	0.6662415439151274
0.282799724730167	0.717200275269833
0.7077201942668945	0.29227980573310547
0.20208393845272898	0.797916061547271
0.11096109443641278	0.8890389055635872
0.15990652980528286	0.8400934701947171
0.7403624631410972	0.25963753685890284
0.028259058737885145	0.9717409412621149
0.0020857901974344895	0.9979142098025655
0.17462292328744122	0.8253770767125588
0.5404045268420341	0.45959547315796595
0.5589531194856376	0.4410468805143623
0.07590243860710832	0.9240975613928917
0.5654504776040261	0.4345495223959739
0.32183448230358425	0.6781655176964158
0.9494558529992284	0.05054414700077163
0.839113188176084	0.16088681182391593
0.9341014929343544	0.06589850706564561
0.06155794489235833	0.9384420551076417
0.9463844724018146	0.05361552759818546
0.9560157674133752	0.0439842325866248
0.2545285516625878	0.7454714483374122
0.6608507438450649	0.3391492561549351
0.03619886988904497	0.963801130110955
0.02239094526005969	0.9776090547399403
0.03093773496345842	0.9690622650365416
0.363163763856284	0.636836236143716
0.8062690768924231	0.19373092310757686
0.9306006695220848	0.06939933047791529
0.45717194227074853	0.5428280577292515
0.0477752387466005	0.9522247612533995
0.20053208185169358	0.7994679181483064
0.22385951890071087	0.7761404810992891
0.7732769227279466	0.22672307727205346
0.17873503203971974	0.8212649679602803
0.6510383699518687	0.34896163004813135
0.002498691457777369	0.9975013085422226
0.15770178552776293	0.8422982144722371
0.9050596574305804	0.09494034256941962
0.5242273131500936	0.4757726868499064
0.9498821711783956	0.050117828821604385
0.9122077531585016	0.0877922468414984
0.2196013061508867	0.7803986938491133
0.10476659116050224	0.8952334088394978
0.8613134140815222	0.13868658591847777
0.9853680481341136	0.014631951865886445
0.3517666205794653	0.6482333794205347
0.20114391922102481	0.7988560807789752
0.05540970436125081	0.9445902956387492
0.009399342554752499	0.9906006574452475
0.4636319584539399	0.5363680415460601
0.5322250112852538	0.46777498871474615
0.007452820193183718	0.9925471798068163
0.3213708196620848	0.6786291803379152
0.16250751841840383	0.8374924815815962
0.1606052623827937	0.8393947376172063
0.22598045110071097	0.774019548899289
0.6311194783442933	0.3688805216557067
0.9901856235593784	0.009814376440621497
0.9579459964139355	0.04205400358606447
0.9870716184566801	0.012928381543319857
0.9183559943297017	0.08164400567029832
0.9274144867895169	0.07258551321048311
0.9448210686441009	0.05517893135589912
0.8086589331763039	0.19134106682369617
0.9435024463599907	0.0564975536400093
0.963062897753148	0.03693710224685202
0.00638765540461228	0.9936123445953877
0.9309373999830961	0.06906260001690392
0.14736522121286622	0.8526347787871338
0.9480667760418635	0.05193322395813651
0.8737931815386897	0.12620681846131038
0.07129966930751397	0.928700330692486
0.5264209748224737	0.4735790251775262
0.9426253911461175	0.05737460885388242
0.9360789893174449	0.06392101068255503
0.45483970445625155	0.5451602955437485
0.9302240509557319	0.06977594904426808
0.9481161793127654	0.05188382068723459
0.5468370854165302	0.4531629145834698
0.9156630185965209	0.08433698140347916
0.8165622980710305	0.1834377019289694
0.9299190898958855	0.07008091010411452
0.9775893906486423	0.02241060935135776
0.9482767565198643	0.0517232434801357
0.9121485471925318	0.08785145280746821
0.957525357783767	0.042474642216233024
0.9322728010213648	0.0677271989786352
0.9029033118551366	0.09709668814486336
0.9316606989148712	0.06833930108512871
0.9242638315753438	0.07573616842465623
0.29628378962238433	0.7037162103776157
0.26666280528695996	0.73333719471304
0.9738681676530462	0.02613183234695386
0.9572949120329598	0.0427050879670402
0.9350521666754201	0.06494783332457985
0.16193850489648098	0.838061495103519
0.9768564616640575	0.023143538335942498
0.8313648763543242	0.16863512364567573
0.932335827480503	0.067664172519497
0.41649483604935233	0.5835051639506477
0.9011759141173261	0.0988240858826739
0.9472038439839285	0.05279615601607149
0.14557302903653457	0.8544269709634654
0.9437741412611632	0.056225858738836836
0.9608078388059413	0.03919216119405864
0.9582013384222415	0.04179866157775851
0.9320255097451466	0.06797449025485336
0.022919931707505947	0.977080068292494
0.914337536381885	0.08566246361811504
0.9639024913298496	0.036097508670150394
0.9373042469471148	0.06269575305288526
0.9258970276691081	0.07410297233089191
0.9468315676054514	0.053168432394548576
0.9634248140428022	0.036575185957197796
0.9336898290547913	0.06631017094520877
0.9157142127548837	0.08428578724511625
0.9400521581490456	0.05994784185095438
0.937212869498528	0.06278713050147205
0.9669763371696709	0.033023662830329086
0.9599093141366924	0.04009068586330753
0.9220756135695171	0.07792438643048291
0.9075815387536152	0.09241846124638478
0.9850154863841581	0.014984513615841872
0.9341757275535665	0.0658242724464335
0.9589716483358645	0.041028351664135536
0.8487578528532591	0.15124214714674095
0.9786307624719239	0.02136923752807607
0.5825584324834285	0.41744156751657147
0.11888926412557055	0.8811107358744295
0.9307495422056979	0.06925045779430201
0.9186120081045577	0.08138799189544231
0.9550766763756073	0.04492332362439271
0.11788462163048719	0.8821153783695128
0.30370825593750983	0.6962917440624902
0.7928312826844235	0.20716871731557654
0.94928925907288	0.05071074092711999
0.9460732150234967	0.05392678497650322
0.9434914242988847	0.056508575701115296
0.9403919695723806	0.05960803042761946
0.9323058385545758	0.06769416144542413
0.7357906953396396	0.2642093046603604
0.891808951502022	0.10819104849797805
0.9274740233374499	0.07252597666255006
0.547661198132825	0.452338801867175
0.8637605742039937	0.13623942579600634
0.9192820893025335	0.08071791069746646
0.9180185442842681	0.0819814557157319
0.8600820049441158	0.13991799505588418
0.9294579298418728	0.07054207015812723
0.9118182528283689	0.08818174717163102
0.9435114388650734	0.05648856113492657
0.385128407588055	0.614871592411945
0.6487869394029149	0.3512130605970851
0.9365275036953039	0.06347249630469606
0.9572199923448941	0.04278000765510591
0.9439476085491518	0.05605239145084817
0.9442386672876919	0.0557613327123081
0.9548157272149591	0.045184272785040884
0.9369944551006663	0.06300554489933374
0.9507405616047235	0.04925943839527645
0.9426571965639824	0.05734280343601756
0.9502442426272306	0.04975575737276938
0.8982939350856503	0.10170606491434975
0.9061267073037234	0.0938732926962766
0.9219708814595938	0.07802911854040617
0.9865293592555879	0.013470640744412041
0.9325034759763212	0.06749652402367876
0.9281505347832779	0.07184946521672206
0.09401770906043272	0.9059822909395673
0.9873703449182885	0.012629655081711579
0.5391377087080726	0.4608622912919273
0.9411780601037613	0.0588219398962387
0.9848964407264718	0.015103559273528272
0.9293697003921575	0.07063029960784252
0.975406333711784	0.024593666288216066
0.9151781600431497	0.08482183995685028
0.6189072747527766	0.38109272524722343
0.8679150634562773	0.1320849365437226
0.5232542175344002	0.4767457824655999
0.20390882358960805	0.796091176410392
0.36658990507013234	0.6334100949298677
0.3344819509827056	0.6655180490172944
0.9238361058224367	0.07616389417756331
0.9434491631498333	0.05655083685016668
0.9909923369352254	0.009007663064774605
0.9255907171657356	0.07440928283426444
0.8796732545948067	0.12032674540519325
0.8411256305113459	0.15887436948865402
0.9501860622940088	0.049813937705991226
0.957919440703527	0.042080559296472975
0.4268602755248284	0.5731397244751716
0.9160516611989137	0.08394833880108629
0.9298742801695001	0.07012571983049982
0.928356410512805	0.07164358948719493
0.955258824314842	0.044741175685158015
0.9850251621321674	0.014974837867832566
0.10108263119393124	0.8989173688060688
0.9527993855082302	0.047200614491769856
0.9435203278731408	0.056479672126859275
0.9625562823438418	0.03744371765615822
0.932240207446253	0.06775979255374702
0.9876131924291729	0.012386807570827153
0.938118637660223	0.06188136233977706
0.4259340052180972	0.5740659947819028
0.9095990569429268	0.09040094305707326
0.9414669071875047	0.058533092812495316
0.9480058422839927	0.0519941577160073
0.9202172176897911	0.07978278231020891
0.8903206131699143	0.10967938683008568
0.9348210131056398	0.06517898689436018
0.8175995989273669	0.18240040107263314
0.9511343520199661	0.04886564798003392
0.9409107286574646	0.05908927134253536
0.9322064266545842	0.06779357334541576
0.9838979903803546	0.01610200961964539
0.9190321940145224	0.08096780598547758
0.3904590982979448	0.6095409017020552
0.957021259756279	0.04297874024372094
0.7286606054142697	0.27133939458573025
0.9295926698847512	0.07040733011524879
0.2107552622404627	0.7892447377595373
0.9653953681971842	0.034604631802815825
0.9378108982733945	0.06218910172660554
0.9744311886191255	0.025568811380874485
0.9032842910552996	0.09671570894470034
0.8844343160495206	0.11556568395047938
0.4767318183656567	0.5232681816343433
0.9277973912195026	0.07220260878049745
0.5166185138677708	0.48338148613222925
0.016634071508474402	0.9833659284915256
0.9206233718240602	0.07937662817593982
0.9884470106056915	0.011552989394308525
0.9651476163750207	0.03485238362497932
0.917951747973916	0.08204825202608405
0.9563648001658239	0.04363519983417611
0.2337960914367846	0.7662039085632154
0.9437451363027035	0.05625486369729647
0.28719442947903095	0.712805570520969
0.8231250476483496	0.17687495235165035
0.034743611449604805	0.9652563885503952
0.4117940116699492	0.5882059883300508
0.5776504446466981	0.42234955535330193
0.8054455556889482	0.19455444431105184
0.9080758247029188	0.09192417529708125
0.984387535137826	0.015612464862174071
0.019511936551038556	0.9804880634489614
0.9425922622011343	0.057407737798865655
0.8262854586183785	0.1737145413816215
0.9635489715802391	0.036451028419760854
0.9565468041195051	0.043453195880494955
0.9841762614260972	0.01582373857390286
0.865377966501186	0.13462203349881402
0.8052387802576002	0.19476121974239977
0.9807932176309545	0.019206782369045484
0.6134030670563437	0.38659693294365627
0.9030278750890208	0.09697212491097919
0.8806029704160607	0.11939702958393925
0.0034970508924832	0.9965029491075168
0.9013705575881747	0.09862944241182524
0.9332161924974135	0.0667838075025865
0.9344719164902285	0.06552808350977142
0.06836826711844446	0.9316317328815555
0.8772798949275064	0.12272010507249363
0.4879945997362698	0.5120054002637302
0.9410763300760031	0.05892366992399689
0.4901212382461173	0.5098787617538827
0.6030129600833055	0.3969870399166945
0.985124904924615	0.014875095075385003
0.9324503442640526	0.06754965573594737
0.09147519308899765	0.9085248069110023
0.694923544636318	0.30507645536368194
0.9104719311485527	0.08952806885144726
0.956677106128714	0.043322893871285933
0.9129270597700375	0.08707294022996247
0.13537580085654666	0.8646241991434533
0.915533074617488	0.084466925382512
0.8332705499454491	0.16672945005455084
0.8651094316891084	0.13489056831089166
0.4837789779983943	0.5162210220016057
0.8134962411775996	0.18650375882240047
0.03559385107387181	0.9644061489261282
0.5594499959786827	0.44055000402131733
0.9633589019568386	0.03664109804316145
0.9869627785118671	0.013037221488132935
0.939666279831043	0.06033372016895704
0.7989289063752181	0.20107109362478198
0.012467524415948672	0.9875324755840513
0.9351434362970865	0.06485656370291353
0.8310516439544633	0.16894835604553674
0.9360306771795126	0.06396932282048745
0.9312963534754773	0.06870364652452264
0.7217093194292539	0.2782906805707461
0.9074599711635849	0.09254002883641514
0.606751649766165	0.393248350233835
0.944605040148423	0.05539495985157709
0.6310409507373584	0.36895904926264156
0.9497172882040787	0.05028271179592125
0.9404520683232046	0.05954793167679537
0.9693141231933239	0.030685876806676164
0.9549797256118204	0.045020274388179536
0.8839225428103422	0.11607745718965776
0.8838342209778254	0.11616577902217468
0.9341130749807462	0.06588692501925375
0.7474687717781576	0.2525312282218424
0.9400519053986475	0.05994809460135251
0.30309245188807943	0.6969075481119206
0.7751528594205433	0.22484714057945662
0.04023420892556129	0.9597657910744387
0.7972148095479895	0.20278519045201046
0.9541900140282185	0.04580998597178154
0.9249308841239876	0.07506911587601237
0.0016164537651849331	0.9983835462348151
0.9674462233203034	0.032553776679696646
0.08973546165534385	0.9102645383446561
0.2763720499456379	0.7236279500543621
0.585971176348334	0.4140288236516661
0.9576516262389572	0.04234837376104289
0.6590568929023515	0.34094310709764847
0.9251081617885306	0.07489183821146936
0.9577142028826467	0.04228579711735326
0.9428617945936242	0.05713820540637587
0.9203125304499993	0.07968746955000067
0.9627549471478479	0.037245052852152044
0.9847446570513777	0.015255342948622283
0.9613480615915097	0.03865193840849038
0.9564631336009999	0.04353686639900016
0.9506019666699811	0.04939803333001887
0.9312481000966152	0.06875189990338483
0.9733773526192198	0.026622647380780205
0.9296483093662743	0.07035169063372575
0.9682939971291437	0.031706002870856384
0.9563020974909939	0.04369790250900607
0.8673314457125165	0.13266855428748342
0.9339883808929267	0.0660116191070733
0.5447173273560064	0.45528267264399364
0.956028251542268	0.043971748457731975
0.5496773726761217	0.4503226273238783
0.7978340915361237	0.20216590846387633
0.43960388205501344	0.5603961179449866
0.9873299015605608	0.012670098439439201
0.9620916711292413	0.03790832887075869
0.9502765816947348	0.04972341830526517
0.45403542611650705	0.545964573883493
0.7749197673994102	0.2250802326005899
0.8985732565274862	0.10142674347251375
0.9159488530278491	0.08405114697215092
0.9107874969530283	0.08921250304697169
0.98907716317772	0.010922836822280032
0.3407939754637074	0.6592060245362926
0.9821772883582023	0.017822711641797686
0.9108212844873467	0.08917871551265331
0.025692267110877576	0.9743077328891224
0.8155337030944967	0.1844662969055033
0.49400955540365654	0.5059904445963435
0.951659577668754	0.04834042233124608
0.775506847576735	0.2244931524232649
0.9153848197178338	0.08461518028216622
0.9064161357728182	0.0935838642271818
0.9294103514957524	0.07058964850424762
0.004001592925534814	0.9959984070744652
0.9382469578783232	0.061753042121676704
0.8986892791918215	0.10131072080817849
0.022479375998740614	0.9775206240012594
0.6850162142916402	0.31498378570835983
0.2295801762574471	0.7704198237425529
0.9376714734400209	0.0623285265599791
0.9250132190007249	0.07498678099927512
0.15181287058048898	0.848187129419511
0.9388851767235866	0.06111482327641334
0.9687202548018914	0.03127974519810862
0.8264575452215988	0.17354245477840125
0.9517905942723572	0.048209405727642735
0.8594946610706216	0.14050533892937841
0.9287732765895452	0.0712267234104548
0.9807828970783649	0.019217102921635174
0.8131326213078185	0.1868673786921815
0.9810815178856606	0.01891848211433939
0.7290722043366697	0.2709277956633302
0.5426473224389343	0.4573526775610656
0.2019424171194263	0.7980575828805737
0.3960231643081936	0.6039768356918064
0.4700681668802358	0.5299318331197642
0.010234476585450625	0.9897655234145494
0.4997512351698966	0.5002487648301034
0.8492034156042249	0.15079658439577515
0.6522069019423191	0.34779309805768094
0.021851698441598733	0.9781483015584013
0.0501112700150369	0.9498887299849631
0.9010345163168555	0.09896548368314448
0.9180317756014181	0.08196822439858187
0.9351017389687352	0.06489826103126488
0.48418003204251303	0.515819967957487
0.943361346807636	0.05663865319236404
0.10176671226247302	0.898233287737527
0.9530068616207352	0.04699313837926482
0.9657989604691104	0.034201039530889626
0.8256357548530187	0.1743642451469814
0.9625757217049067	0.03742427829509335
0.43912726689230974	0.5608727331076903
0.6063929681573814	0.3936070318426186
0.5654033222351929	0.4345966777648072
0.7860836227841479	0.21391637721585208
0.08162317836300614	0.9183768216369939
0.07307082869885906	0.9269291713011409
0.5444695312816008	0.45553046871839914
0.19625742369669485	0.8037425763033051
0.0013713037570644016	0.9986286962429356
0.04044101733426553	0.9595589826657345
0.7886045529490646	0.2113954470509354
0.9507438798365401	0.049256120163459975
0.6099391150305673	0.3900608849694327
0.5276588802677895	0.47234111973221043
0.9341521116909107	0.06584788830908923
0.9348924533311878	0.06510754666881223
0.9300267963783627	0.06997320362163725
0.910115453912469	0.08988454608753109
0.9395396957183885	0.060460304281611525
0.9307890746159101	0.06921092538408992
0.9480982811195701	0.05190171888042993
0.9346702356986858	0.06532976430131426
0.07588643529816363	0.9241135647018364
0.3907808130669378	0.6092191869330622
0.536250564719762	0.463749435280238
0.5461958601330763	0.4538041398669237
0.49549694765412367	0.5045030523458763
0.2130550461745725	0.7869449538254275
0.1600012499544844	0.8399987500455156
0.9364032370146297	0.06359676298537031
0.5682463094879121	0.4317536905120879
0.9237505332715927	0.07624946672840724
0.7533165854412726	0.24668341455872747
0.9058850404655355	0.09411495953446447
0.5632479890045494	0.43675201099545063
0.8942543113495908	0.10574568865040919
0.9310635369318204	0.06893646306817962
0.8690952197406036	0.13090478025939647
0.5013588851413171	0.49864111485868284
0.5617906404654868	0.43820935953451323
0.9523953362490097	0.04760466375099024
0.28676117845140137	0.7132388215485986
0.8285771644118924	0.17142283558810756
0.6687906109953295	0.33120938900467045
0.20603074116486242	0.7939692588351376
0.18017402311150887	0.8198259768884911
0.8768808120451277	0.12311918795487234
0.7389055552589345	0.2610944447410655
0.9164651931054191	0.08353480689458087
0.8523581647721963	0.14764183522780377
0.8903600915406757	0.10963990845932424
0.9008500307149612	0.09914996928503877
0.9106540846672615	0.0893459153327385
0.9139880299625119	0.08601197003748802
0.9077283799529382	0.09227162004706184
0.9047076184154142	0.09529238158458576
0.7149309937540983	0.2850690062459017
0.9795764254202374	0.02042357457976258
0.18824489470974093	0.8117551052902591
0.007540822809660175	0.9924591771903398
0.9572333504779135	0.04276664952208656
0.9387492913491865	0.061250708650813515
0.9294785338679223	0.07052146613207765
0.9301770988744397	0.06982290112556036
0.9256391925388572	0.07436080746114283
0.9152762767957241	0.08472372320427596
0.8856861527783018	0.11431384722169824
0.04834097397463466	0.9516590260253653
0.975169880021007	0.024830119978992968
0.586081151622365	0.413918848377635
0.6837381558560627	0.3162618441439373
0.801055386753738	0.198944613246262
0.9155211665471605	0.08447883345283944
0.38295597529903325	0.6170440247009668
0.8793630117240461	0.12063698827595395
0.8727125529140927	0.1272874470859074
0.05959809711553776	0.9404019028844622
0.756499895215708	0.24350010478429193
0.041702161284977834	0.9582978387150222
0.8991778836053872	0.10082211639461282
0.25373341265002236	0.7462665873499776
0.14547314798824573	0.8545268520117543
0.935546601683847	0.0644533983161531
0.6345769622199288	0.36542303778007124
0.42395555994436074	0.5760444400556393
0.007069303700453	0.992930696299547
0.3538913557745188	0.6461086442254812
0.9191263694395194	0.0808736305604806
0.015282301619725769	0.9847176983802742
0.9319512091398852	0.06804879086011481
0.9712238108956635	0.02877618910433659
0.8856378550571122	0.11436214494288781
0.9426637288614342	0.05733627113856575
0.8843576645132247	0.11564233548677531
0.9427125179917027	0.05728748200829723
0.9272583520376466	0.07274164796235336
0.42866289970794114	0.5713371002920589
0.8218591588090015	0.1781408411909985
0.9301530570448577	0.06984694295514224
0.9886297713068862	0.011370228693113814
0.9182448098494732	0.0817551901505268
0.9056277003706348	0.09437229962936519
0.6438306962443872	0.3561693037556129
0.9265188540486795	0.07348114595132046
0.3568308847694803	0.6431691152305197
0.9363614844922418	0.06363851550775819
0.9449488374247997	0.05505116257520026
0.9248096515404647	0.07519034845953526
0.8770734746397811	0.12292652536021886
0.872567280465202	0.12743271953479796
0.03989493280990564	0.9601050671900944
0.06494768630084546	0.9350523136991545
0.6857492544265112	0.31425074557348875
0.9801343117468168	0.019865688253183297
0.5831833213474631	0.41681667865253685
0.5319682356486464	0.4680317643513536
0.9307934407279453	0.06920655927205469
0.8979127268612503	0.10208727313874971
0.9239196110359442	0.07608038896405576
0.009508838956039711	0.9904911610439603
0.989595280252847	0.010404719747152937
0.9265355466311748	0.0734644533688252
0.9251422731102158	0.07485772688978416
0.01446371838001903	0.985536281619981
0.6935482026525401	0.3064517973474598
0.9677688180288065	0.0322311819711935
0.8349332017007361	0.16506679829926388
0.9105795297242082	0.08942047027579184
0.9461962836426538	0.05380371635734619
0.9458594863300621	0.05414051366993792
0.8472900058412365	0.1527099941587635
0.08837325605628676	0.9116267439437132
0.9193612590241683	0.08063874097583164
0.5419130396392943	0.45808696036070573
0.9214476178434604	0.07855238215653956
0.9131608475923672	0.08683915240763283
0.5856977847734721	0.4143022152265279
0.9703154595209479	0.029684540479052068
0.9121990875694409	0.08780091243055907
0.9152070957397668	0.0847929042602332
0.16020558633809723	0.8397944136619028
0.9661823271925484	0.03381767280745165
0.8983154254000366	0.10168457459996341
0.9317846507870807	0.06821534921291932
0.9676520343778074	0.03234796562219261
0.6085757267375892	0.3914242732624108
0.9727895704681832	0.027210429531816887
0.9502323514870776	0.049767648512922376
0.964123735198978	0.035876264801022066
0.8097572490910954	0.19024275090890463
0.8887545339926465	0.11124546600735351
0.8540654183594755	0.14593458164052453
0.9256410447181241	0.07435895528187585
0.9498714411076409	0.0501285588923591
0.06629702231968915	0.9337029776803109
0.9419474174966698	0.05805258250333027
0.9879354695340995	0.012064530465900473
0.6778739377155691	0.32212606228443086
0.9276603060843974	0.0723396939156026
0.003391530975397461	0.9966084690246025
0.452409675945291	0.547590324054709
0.9144354893671215	0.08556451063287847
0.5393866113368309	0.4606133886631691
0.007088377688055925	0.9929116223119441
0.9538820572025722	0.046117942797427765
0.9243179905322957	0.07568200946770429
0.9421726364023469	0.05782736359765311
0.9279747481000664	0.07202525189993353
0.9112121438316245	0.08878785616837548
0.4447114209789872	0.5552885790210128
0.34458735875091984	0.6554126412490802
0.6083001119736601	0.3916998880263399
0.9905946380293381	0.009405361970661835
0.09717423168426609	0.9028257683157339
0.014760723222265293	0.9852392767777347
0.9416569663116344	0.058343033688365534
0.767885422013865	0.232114577986135
0.8837747788220468	0.1162252211779532
0.04860677120757506	0.9513932287924249
0.9542364154573731	0.04576358454262686
0.9272959605442427	0.07270403945575736
0.9342999830853317	0.06570001691466835
0.9172288888618156	0.08277111113818439
0.9819780038105965	0.018021996189403464
0.9847026640969272	0.015297335903072855
0.7748274100822592	0.2251725899177408
0.9375046263193797	0.06249537368062032
0.9263402515578925	0.07365974844210758
0.9505165260092899	0.049483473990710056
0.9813969741311467	0.018603025868853353
0.9688372986308362	0.03116270136916381
0.9537728923274253	0.04622710767257461
0.1365182674649844	0.8634817325350156
0.9379579945233091	0.06204200547669096
0.8216047033445979	0.17839529665540207
0.8442422238644189	0.15575777613558106
0.9083636241691733	0.09163637583082672
0.9221580878099543	0.07784191219004566
0.4303343827442728	0.5696656172557272
0.9405467886054439	0.05945321139455608
0.590072001911335	0.40992799808866504
0.9268861630158367	0.07311383698416335
0.1715324056318891	0.8284675943681109
0.9480170468730759	0.051982953126924095
0.8875099619712957	0.11249003802870429
0.7335636244937829	0.26643637550621707
0.252841691359597	0.747158308640403
0.09645862932573013	0.9035413706742699
0.6735790639384924	0.32642093606150757
0.9130479056907738	0.08695209430922622
0.9032046063062356	0.0967953936937645
0.9403549999448634	0.05964500005513664
0.0032531335376250192	0.996746866462375
0.25177884063457856	0.7482211593654214
0.9476232224090636	0.05237677759093636
0.9429085405615593	0.05709145943844075
0.9002623683092195	0.09973763169078058
0.9134502502585216	0.08654974974147847
0.9010034354478693	0.09899656455213064
0.9150729090524721	0.08492709094752793
0.8249846368918549	0.1750153631081451
0.5449899162661032	0.4550100837338969
0.9014044239296404	0.0985955760703596
0.9460959180616787	0.053904081938321344
0.6442633549953833	0.3557366450046167
0.9041310692250158	0.09586893077498415
0.8087599434742977	0.1912400565257023
0.9186958335761479	0.08130416642385205
0.9331850719146633	0.06681492808533672
0.8441338078716941	0.1558661921283059
0.9405406277915739	0.05945937220842613
0.9529483859594884	0.04705161404051164
0.9806049378624285	0.019395062137571525
0.27324221355120726	0.7267577864487927
0.942852573096992	0.05714742690300798
0.9318582894252913	0.06814171057470879
0.8992651392955652	0.10073486070443485
0.9178703078839842	0.08212969211601588
0.8418956567188711	0.15810434328112882
0.7905985923143174	0.2094014076856826
0.8560786260185985	0.14392137398140145
0.7398601102248612	0.26013988977513874
0.9788369503345014	0.021163049665498698
0.06745989403951258	0.9325401059604874
0.9387639521625573	0.061236047837442784
0.34422253887329624	0.6557774611267038
0.8838707156577208	0.11612928434227926
0.9166422610487763	0.08335773895122361
0.9207663023144809	0.07923369768551913
0.9050227045713928	0.09497729542860721
0.928722436644165	0.07127756335583502
0.6762762833382936	0.32372371666170646
0.9304338681024134	0.06956613189758663
0.9320714957299108	0.06792850427008917
0.9501535900838316	0.04984640991616843
0.8535093284978531	0.14649067150214692
0.95458376574481	0.045416234255190015
0.6283618320161592	0.3716381679838407
0.1076845160242792	0.8923154839757208
0.018155339781781188	0.9818446602182188
0.007655848779967056	0.9923441512200329
0.291730652765978	0.708269347234022
0.016597220227186682	0.9834027797728133
0.9054514674024643	0.0945485325975357
0.9250084087515833	0.07499159124841667
0.9226475211585228	0.07735247884147722
0.9239978858537418	0.0760021141462582
0.22588801378397383	0.7741119862160262
0.9459366723024163	0.054063327697583735
0.9344367611879202	0.0655632388120798
0.8109724432602516	0.18902755673974833
0.9684768432633176	0.03152315673668236
0.9317203600994188	0.06827963990058121
0.9617886216113875	0.03821137838861256
0.21402911094255594	0.785970889057444
0.17432685043439422	0.8256731495656058
0.5988935222278451	0.4011064777721549
0.9575425609075507	0.042457439092449256
0.6201061156172383	0.37989388438276167
0.9346261478424183	0.06537385215758168
0.03181430097778659	0.9681856990222134
0.9880353398013315	0.011964660198668497
0.8583511122525613	0.1416488877474387
0.49539745924087863	0.5046025407591214
0.5282228086709669	0.47177719132903306
0.7745148746362462	0.22548512536375373
0.9487005770279897	0.051299422972010233
0.4324804492777994	0.5675195507222006
0.9497534121664376	0.05024658783356244
0.41812536359468844	0.5818746364053116
0.9302749565082805	0.06972504349171949
0.024111851764097247	0.9758881482359028
0.007044495252533145	0.9929555047474669
0.9176610835284077	0.08233891647159235
0.6840895213916464	0.31591047860835364
0.06698011704626505	0.933019882953735
0.00552927656890001	0.9944707234311
0.1219009634648559	0.8780990365351441
0.06344472647149724	0.9365552735285028
0.8675853808831657	0.13241461911683422
0.06660510791383667	0.9333948920861633
0.015517613890712934	0.9844823861092871
0.025460688147527888	0.9745393118524721
0.775304528295927	0.22469547170407306
0.12993022245321761	0.8700697775467824
0.6806232739937799	0.31937672600622014
0.5763753678096525	0.4236246321903475
0.5780342809538543	0.4219657190461456
0.7999097947246524	0.20009020527534757
0.9575998884364015	0.042400111563598464
0.8815244852828644	0.11847551471713562
0.9630389288665958	0.03696107113340423
0.9748822412791498	0.025117758720850206
0.9347874113424641	0.06521258865753587
0.9393037527913107	0.060696247208689276
0.953978742193115	0.04602125780688506
0.5875567834316674	0.4124432165683326
0.13899499898519163	0.8610050010148084
0.9109823961270906	0.08901760387290934
0.8803342014503442	0.11966579854965573
0.7330126198909864	0.2669873801090136
0.9541375467071515	0.045862453292848555
0.387571459914715	0.612428540085285
0.7798938093031298	0.22010619069687026
0.9486400830712334	0.05135991692876662
0.937889025060382	0.06211097493961802
0.0901238705607087	0.9098761294392913
0.2942063954375297	0.7057936045624703
0.9034598818077308	0.0965401181922692
0.58529592517288	0.41470407482712
0.8381334805798697	0.16186651942013028
0.8400277838650247	0.15997221613497525
0.944042796387976	0.05595720361202406
0.7437416033769289	0.2562583966230711
0.8366660235578991	0.16333397644210085
0.922906375602377	0.07709362439762296
0.1462888748532486	0.8537111251467514
0.9646829151725979	0.03531708482740217
0.9762576640458284	0.023742335954171585
0.6190397527907692	0.38096024720923083
0.6654319455338701	0.3345680544661299
0.8314162462747539	0.16858375372524614
0.9178277866857899	0.08217221331421012
0.799263373196396	0.20073662680360405
0.057123716243923095	0.9428762837560769
0.9539602729679735	0.04603972703202657
0.6815921701127863	0.3184078298872138
0.9107785965881599	0.08922140341184019
0.9772298336949667	0.022770166305033295
0.029297307282490026	0.97070269271751
0.9290288428903989	0.07097115710960107
0.9082944594622523	0.09170554053774774
0.8620807517667726	0.1379192482332275
0.9468266224052762	0.0531733775947239
0.221631948899094	0.778368051100906
0.9673799681998578	0.032620031800142155
0.9593814668222459	0.040618533177754136
0.4100871818369385	0.5899128181630615
0.9835751073979663	0.01642489260203376
0.9778595336703133	0.022140466329686668
0.9594838924236696	0.04051610757633036
0.8838344803030376	0.11616551969696248
0.004857190946881196	0.9951428090531188
0.8765727505664355	0.12342724943356449
0.9520750529145539	0.04792494708544615
0.7809713579190926	0.21902864208090744
0.9051638865272639	0.09483611347273609
0.8893639428149455	0.11063605718505456
0.830037480741551	0.16996251925844896
0.9496992973118193	0.05030070268818069
0.9247302671113434	0.0752697328886566
0.9633403226983377	0.036659677301662336
0.6673243798589608	0.3326756201410392
0.285558595456594	0.714441404543406
0.890785640586864	0.10921435941313591
0.9129400636732211	0.08705993632677886
0.7585594064252225	0.24144059357477757
0.2971725409666882	0.7028274590333118
0.2774610678122206	0.7225389321877794
0.11519813518899436	0.8848018648110056
0.9560996026125511	0.0439003973874489
0.9872313037106754	0.01276869628932459
0.9584029650842494	0.0415970349157506
0.9662563201690023	0.033743679830997665
0.47959081800621706	0.5204091819937829
0.9257405607996079	0.0742594392003921
0.8998442168912626	0.10015578310873743
0.924913741092982	0.075086258907018
0.9280801585602663	0.07191984143973378
0.9092607684721271	0.09073923152787293
0.9637614942966138	0.03623850570338621
0.8466413514404869	0.15335864855951312
0.9583719971471987	0.041628002852801285
0.9825980673730977	0.017401932626902216
0.9147597138397828	0.08524028616021714
0.5907483515649097	0.4092516484350904
0.9134895361657744	0.0865104638342256
0.9657983581880096	0.03420164181199037
0.0036603739085847575	0.9963396260914152
0.8122777961522365	0.1877222038477635
0.7481246006447702	0.25187539935522985
0.951121573456384	0.048878426543616
0.9040379265607226	0.09596207343927743
0.9482124200022467	0.05178757999775333
0.9060941050739977	0.09390589492600233
0.7829413966668854	0.2170586033331146
0.9572683094887967	0.04273169051120329
0.9452660872981962	0.05473391270180386
0.9106896290778976	0.08931037092210233
0.7308125940249992	0.26918740597500074
0.9476821064309771	0.0523178935690229
0.5453195904611512	0.4546804095388488
0.897408367084863	0.10259163291513698
0.9375655321413646	0.06243446785863537
0.1379827671619147	0.8620172328380853
0.5616680195578813	0.43833198044211874
0.9232044674209218	0.07679553257907826
0.11538889069410818	0.8846111093058918
0.9346328641778389	0.06536713582216114
0.9347433733385219	0.06525662666147809
0.9418881122760479	0.05811188772395215
0.8059351112623383	0.1940648887376617
0.9366825317391185	0.06331746826088144
0.3361744262712347	0.6638255737287653
0.8893260715185843	0.11067392848141569
0.026872162058497517	0.9731278379415025
0.9439047155931323	0.05609528440686773
0.01802242190821679	0.9819775780917832
0.8977921892830976	0.10220781071690241
0.010374483669152723	0.9896255163308473
0.6524662646663208	0.3475337353336791
0.2822501021129	0.7177498978871
0.9482241800756598	0.05177581992434018
0.0993020055197088	0.9006979944802912
0.5929877683254559	0.4070122316745442
0.9255077726805412	0.07449222731945883
0.8153241035726672	0.18467589642733281
0.6178482273557299	0.38215177264427014
0.9676217805274681	0.032378219472531895
0.9842791505704891	0.0157208494295109
0.8406330743114253	0.15936692568857466
0.549575552217775	0.45042444778222496
0.929101401909992	0.07089859809000798
0.23662931473155047	0.7633706852684495
0.9020287751373981	0.09797122486260186
0.9277120078141877	0.07228799218581224
0.9174158436715087	0.08258415632849124
0.9399054200363803	0.06009457996361963
0.9177485683370074	0.08225143166299265
0.7512687297947545	0.2487312702052455
0.952716842318104	0.04728315768189589
0.946687638941226	0.05331236105877402
0.9765467303435056	0.023453269656494406
0.8541476186504255	0.14585238134957448
0.9269738636869801	0.07302613631301992
0.7561412979858069	0.2438587020141931
0.8604169033809008	0.13958309661909918
0.004469813322713123	0.9955301866772869
0.9206034370117553	0.0793965629882447
0.858843801236324	0.141156198763676
0.6557848867068157	0.3442151132931843
0.9431452205069104	0.056854779493089556
0.9644613154396723	0.035538684560327716
0.9595459122850554	0.04045408771494462
0.8931110003473457	0.10688899965265426
0.9123362824841226	0.08766371751587747
0.514559180547125	0.4854408194528749
0.9261201499098254	0.07387985009017459
0.9495787270473811	0.05042127295261888
0.9475089010098775	0.05249109899012249
0.872539758589874	0.12746024141012596
0.14600540654036087	0.8539945934596391
0.9507334646969339	0.04926653530306611
0.9420704179656694	0.05792958203433068
0.9585306421771487	0.04146935782285131
0.8940769179045931	0.10592308209540686
0.09354626992981241	0.9064537300701876
0.9280729565099367	0.07192704349006326
0.9433306074241198	0.05666939257588017
0.14158200429075274	0.8584179957092473
0.9617007421329288	0.03829925786707118
0.8988956495107964	0.10110435048920362
0.9182748924613179	0.08172510753868208
0.8990330164716349	0.10096698352836508
0.8881216993774376	0.11187830062256242
0.9721797592457743	0.02782024075422572
0.9229080846186793	0.07709191538132062
0.9614433326706232	0.038556667329376765
0.2592900843850654	0.7407099156149346
0.1513404170555921	0.8486595829444079
0.9242218486196038	0.07577815138039626
0.5830250850218106	0.41697491497818934
0.0032006794751601175	0.9967993205248399
0.07158385991710858	0.9284161400828914
0.045141920002340075	0.9548580799976599
0.03965877407907015	0.9603412259209299
0.9081888647507349	0.0918111352492651
0.6285019559717404	0.37149804402825964
0.0419806675614689	0.9580193324385311
0.01707573676926122	0.9829242632307388
0.07817728018686965	0.9218227198131304
0.6146210360066706	0.3853789639933294
0.0031806827455904685	0.9968193172544095
0.010603321578283809	0.9893966784217162
0.6356041745966912	0.3643958254033088
0.8063713035880024	0.19362869641199765
0.07847119401766156	0.9215288059823384
0.0027791401191401555	0.9972208598808598
0.2965333800029091	0.7034666199970909
0.101985975748632	0.898014024251368
0.2163706065296993	0.7836293934703007
0.29175860784836505	0.708241392151635
0.21878012521955048	0.7812198747804495
0.04681202661351358	0.9531879733864864
0.8182984991001161	0.18170150089988388
0.001110881536094177	0.9988891184639058
0.031239521565564865	0.9687604784344351
0.6649651895277442	0.33503481047225586
0.5907152040788309	0.40928479592116906
0.958472621334749	0.04152737866525099
0.9296137124097397	0.07038628759026039
0.8552309839938408	0.14476901600615918
0.8837085228436953	0.11629147715630474
0.3496548279408044	0.6503451720591956
0.4487002483452728	0.5512997516547272
0.9423891083797468	0.05761089162025323
0.8613703050624579	0.13862969493754204
0.9697312544960148	0.030268745503985225
0.9525870234684239	0.047412976531576036
0.9137060206353242	0.08629397936467573
0.8244671281654967	0.17553287183450325
0.9155163922122938	0.08448360778770625
0.0731014460087428	0.9268985539912572
0.9196001796560772	0.08039982034392275
0.5038728638207899	0.49612713617921017
0.9519760748477014	0.04802392515229861
0.07473616490433888	0.9252638350956611
0.4638251844480461	0.5361748155519539
0.8773944252057002	0.12260557479429977
0.015401313730477706	0.9845986862695223
0.5936534465293059	0.40634655347069415
0.9379060098134018	0.0620939901865982
0.9104637721391445	0.08953622786085547
0.970005392040324	0.029994607959676053
0.8359098061375648	0.16409019386243515
0.6915105218425256	0.3084894781574744
0.002298107324016918	0.9977018926759831
0.8443976929418984	0.15560230705810166
0.917115558575048	0.08288444142495198
0.8810978875754365	0.11890211242456347
0.842373552131856	0.15762644786814395
0.8704491349689253	0.12955086503107474
0.7432178653942787	0.25678213460572136
0.960187476439679	0.03981252356032095
0.31818423840288956	0.6818157615971104
0.948328367185425	0.05167163281457494
0.0567215569572036	0.9432784430427964
0.9141172757899585	0.0858827242100415
0.9556693031824127	0.04433069681758724
0.9307821650378685	0.06921783496213156
0.00948088737421049	0.9905191126257895
0.9570631765014974	0.042936823498502585
0.12630063097928446	0.8736993690207155
0.7305882077870209	0.26941179221297906
0.9391171973424476	0.060882802657552464
0.8028311795103876	0.19716882048961235
0.9389037579758204	0.06109624202417966
0.9467881220537706	0.05321187794622938
0.9595507623472944	0.04044923765270558
0.5005396620988609	0.4994603379011391
0.9354448067811594	0.06455519321884065
0.9439583377082774	0.05604166229172257
0.012045087195757809	0.9879549128042422
0.947736057623777	0.05226394237622302
0.016241389963366992	0.983758610036633
0.009454508939810369	0.9905454910601896
0.21647304593168615	0.7835269540683139
0.931667947428434	0.06833205257156608
0.0446954367928063	0.9553045632071937
0.0775532210064468	0.9224467789935532
0.03289886654476981	0.9671011334552302
0.8412719275437616	0.15872807245623846
0.0053026645836440345	0.994697335416356
0.005422597482309888	0.9945774025176901
0.0684466852465686	0.9315533147534314
0.2733216796590193	0.7266783203409807
0.6256642082500565	0.3743357917499434
0.16328590452317948	0.8367140954768205
0.8301635669000553	0.16983643309994467
0.12944048047533707	0.8705595195246629
0.4205667992775389	0.5794332007224611
0.20651641755249506	0.7934835824475049
0.017984806558398292	0.9820151934416017
0.39827146105873534	0.6017285389412647
0.6616436442371191	0.3383563557628809
0.8422980512116108	0.15770194878838917
0.9449352380806528	0.05506476191934717
0.9388171220304804	0.06118287796951963
0.9466073179973804	0.05339268200261965
0.934044437377915	0.06595556262208503
0.9763815992412892	0.023618400758710745
0.9227587581119182	0.07724124188808176
0.9333867625077296	0.06661323749227045
0.3369257869239024	0.6630742130760976
0.32507971841150995	0.67492028158849
0.9201969480599328	0.07980305194006722
0.8670521122039817	0.13294788779601832
0.9694123455818543	0.03058765441814574
0.11700067745750942	0.8829993225424906
0.9116151914904127	0.08838480850958727
0.9860009650186298	0.013999034981370269
0.5449169379520369	0.45508306204796317
0.9132885890669669	0.0867114109330332
0.6533464025764641	0.3466535974235359
0.7347260220730767	0.2652739779269233
0.012202645725347794	0.9877973542746522
0.8082738787802755	0.19172612121972452
0.985526763640993	0.014473236359007002
0.9524052903296698	0.047594709670330214
0.9385856764143776	0.06141432358562233
0.9159138525966843	0.08408614740331563
0.003955247917942217	0.9960447520820578
0.9414758064531147	0.05852419354688535
0.8806343730010113	0.1193656269989887
0.9805983938391435	0.01940160616085653
0.9236910738575934	0.07630892614240657
0.8344550071848214	0.16554499281517865
0.4798892915811189	0.5201107084188811
0.3312912882011275	0.6687087117988725
0.9397916610395739	0.06020833896042612
0.9691315561514415	0.03086844384855851
0.9234986665797683	0.07650133342023166
0.9181315342085727	0.08186846579142731
0.060616195020674835	0.9393838049793252
0.16598295940825647	0.8340170405917435
0.010442903934283265	0.9895570960657167
0.507130291333795	0.4928697086662051
0.043694363831848104	0.9563056361681519
0.6129234381592261	0.3870765618407739
0.9773978777039328	0.022602122296067173
0.9589744920943085	0.04102550790569146
0.955870356094768	0.04412964390523198
0.8940645783165673	0.10593542168343277
0.08997093483202834	0.9100290651679717
0.02098139964782053	0.9790186003521795
0.9240968944015125	0.0759031055984875
0.662738902036895	0.33726109796310494
0.2643557838078162	0.7356442161921838
0.1575066593496821	0.8424933406503179
0.8620887042092926	0.13791129579070732
0.6351319590850566	0.36486804091494335
0.9493677647100512	0.05063223528994874
0.9256972804885714	0.0743027195114286
0.8529401745313274	0.14705982546867255
0.9291279933681709	0.07087200663182915
0.1325874155374338	0.8674125844625662
0.868754150873134	0.131245849126866
0.966965052459728	0.033034947540272
0.9906887613657337	0.009311238634266267
0.49621604374234973	0.5037839562576503
0.3519817031516258	0.6480182968483742
0.9210655973234524	0.07893440267654758
0.9869590214732399	0.01304097852676014
0.5660844403262995	0.4339155596737005
0.7862218981030337	0.21377810189696633
0.04916774567607429	0.9508322543239257
0.006578372922064646	0.9934216270779354
0.006397890696097419	0.9936021093039026
0.8625575075319382	0.1374424924680618
0.9425359804641139	0.05746401953588612
0.9390545553683288	0.06094544463167113
0.0043359167270601295	0.9956640832729399
0.0315598765094347	0.9684401234905653
0.9533452232476147	0.04665477675238523
0.9863782634297689	0.01362173657023113
0.37331104862471187	0.6266889513752881
0.9424900292246082	0.05750997077539178
0.5682573550718153	0.43174264492818476
0.95296949473735	0.047030505262649944
0.9261895749174883	0.07381042508251164
0.9864346374203923	0.013565362579607694
0.9484907220207263	0.051509277979273724
0.5419407929826763	0.45805920701732367
0.9264064055423211	0.0735935944576789
0.9739291798378664	0.026070820162133607
0.012474606246083653	0.9875253937539163
0.5891104149761162	0.4108895850238839
0.8423384305004842	0.15766156949951587
0.956710641050656	0.043289358949344
0.9240211784106462	0.07597882158935372
0.9401427910911487	0.059857208908851316
0.9406708934269493	0.05932910657305068
0.9140047478852278	0.0859952521147722
0.9636067698854347	0.036393230114565314
0.9087514346755518	0.09124856532444825
0.9551149327508069	0.04488506724919307
0.4151949501884731	0.5848050498115269
0.9190157164678924	0.0809842835321076
0.8795989131242707	0.12040108687572931
0.4708436145912276	0.5291563854087724
0.9353273341994084	0.06467266580059162
0.3807325993653804	0.6192674006346196
0.9758958973803642	0.02410410261963581
0.9499715852924653	0.05002841470753471
0.5086185642410637	0.4913814357589364
0.9700488336685952	0.029951166331404856
0.8078360197036439	0.19216398029635604
0.9550699608973647	0.04493003910263522
0.7297529913994172	0.2702470086005828
0.8622785333990524	0.13772146660094764
0.9877350916477159	0.012264908352284073
0.5996144329484154	0.40038556705158457
0.9827563108794897	0.017243689120510303
0.9470699761550719	0.052930023844928085
0.7498812715673854	0.2501187284326146
0.8881433447396496	0.11185665526035037
0.9287145393848513	0.07128546061514868
0.9542214216746744	0.04577857832532566
0.9474709558667759	0.05252904413322417
0.9484838956210204	0.05151610437897959
0.46724135884422124	0.5327586411557788
0.6365401241982946	0.3634598758017053
0.7273902508423208	0.2726097491576792
0.8998661400357488	0.10013385996425113
0.7960812422434995	0.2039187577565005
0.9574637000089503	0.04253629999104963
0.9303650505970603	0.0696349494029397
0.9301024501307914	0.06989754986920863
0.8678644700556275	0.13213552994437247
0.8265503580632226	0.17344964193677734
0.922364169373631	0.07763583062636903
0.9474058207833673	0.05259417921663266
0.5737026643380206	0.42629733566197936
0.9608550130541537	0.03914498694584639
0.9239307134389789	0.07606928656102108
0.9135582571094155	0.08644174289058448
0.9862209506967272	0.013779049303272835
0.9728965430450099	0.02710345695499008
0.9709202053816027	0.029079794618397242
0.8917360090564147	0.10826399094358531
0.0052317300316325754	0.9947682699683674
0.8726697484132203	0.12733025158677966
0.9271779218480565	0.07282207815194353
0.8168024829025414	0.1831975170974586
0.9273535830682443	0.0726464169317557
0.06678201730921585	0.9332179826907842
0.884027082274752	0.115972917725248
0.5236316985221271	0.4763683014778729
0.16947401716009625	0.8305259828399038
0.016210469590764887	0.9837895304092351
0.7936088717614833	0.20639112823851669
0.15059726059518008	0.8494027394048199
0.09415316156806575	0.9058468384319343
0.956183543693151	0.043816456306849084
0.8750242820757252	0.12497571792427481
0.6708289693114851	0.32917103068851494
0.9074414138093099	0.09255858619069007
0.9499082285874589	0.05009177141254102
0.9789461887407801	0.021053811259219863
0.8694765446089623	0.13052345539103766
0.8453113036351347	0.15468869636486526
0.9837646883361364	0.016235311663863657
0.9428853334684322	0.05711466653156779
0.8261088715668652	0.17389112843313484
0.6971951478395483	0.3028048521604517
0.9139526228626533	0.08604737713734673
0.9190999752671682	0.08090002473283175
0.9161110907279625	0.08388890927203753
0.9746382215368569	0.025361778463143175
0.9791528253766187	0.020847174623381218
0.7868819388032079	0.21311806119679214
0.6263179408691919	0.37368205913080815
0.8249073855457877	0.17509261445421234
0.542702150449653	0.4572978495503471
0.9249761459941294	0.07502385400587061
0.9633487513234733	0.036651248676526665
0.8200208647520411	0.17997913524795892
0.9198252018860448	0.08017479811395525
0.35834677219624567	0.6416532278037543
0.9300373267108666	0.06996267328913341
0.7484345032006128	0.2515654967993873
0.5998569562664751	0.40014304373352494
0.9537600196090655	0.04623998039093448
0.950646460523341	0.04935353947665899
0.6062418203960986	0.3937581796039013
0.9411978427008817	0.05880215729911828
0.8157250585891453	0.18427494141085463
0.9480219521459394	0.051978047854060516
0.2512381042046258	0.7487618957953742
0.9408128880607267	0.05918711193927333
0.8511830354646538	0.14881696453534624
0.9219859362059428	0.07801406379405723
0.8832204357434771	0.11677956425652287
0.026382061306631455	0.9736179386933685
0.05168581828265095	0.948314181717349
0.857283400283898	0.142716599716102
0.5492876351428835	0.4507123648571166
0.9206215946282731	0.07937840537172687
0.9489710612945916	0.05102893870540834
0.9846784070341148	0.015321592965885157
0.9281257171062479	0.07187428289375213
0.6515750983747881	0.34842490162521195
0.8423336615787068	0.15766633842129316
0.9532400068965733	0.04675999310342667
0.9367340724732977	0.06326592752670233
0.010686915192344326	0.9893130848076557
0.9366048264130897	0.06339517358691026
0.9283672516825285	0.07163274831747146
0.6216410514627779	0.3783589485372221
0.006010020293397922	0.9939899797066021
0.9338456333084044	0.06615436669159558
0.9841178158244063	0.015882184175593683
0.9037033737721147	0.09629662622788523
0.949211155338753	0.05078884466124706
0.15151616147370128	0.8484838385262987
0.9243593593283618	0.07564064067163818
0.9372348621991292	0.06276513780087074
0.9343335819918988	0.0656664180081012
0.01759162302095474	0.9824083769790453
0.9424068633520208	0.05759313664797916
0.9161968424503619	0.0838031575496381
0.4727192786494038	0.5272807213505962
0.9729732653267319	0.027026734673268098
0.09070341552785055	0.9092965844721494
0.9841223184306193	0.01587768156938073
0.4709065397079488	0.5290934602920512
0.6495087578038661	0.350491242196134
0.9423769433946532	0.05762305660534679
0.968371665326437	0.03162833467356299
0.8852988699143512	0.11470113008564872
0.9397325245924528	0.06026747540754723
0.006778879646440639	0.9932211203535594
0.910490019493662	0.08950998050633796
0.025771137813955125	0.9742288621860449
0.9646020738102111	0.035397926189788854
0.03544477362851839	0.9645552263714816
0.18779724548512555	0.8122027545148744
0.937274387382908	0.06272561261709202
0.4806846461394664	0.5193153538605336
0.7051140269953253	0.29488597300467473
0.00821230376787574	0.9917876962321243
0.002400974526647337	0.9975990254733527
0.9813218801434401	0.018678119856559924
0.5588096106966575	0.44119038930334253
0.923369606254737	0.07663039374526306
0.012598529870191277	0.9874014701298087
0.9238369443985245	0.07616305560147556
0.1722121675171311	0.8277878324828689
0.8903443782437128	0.10965562175628721
0.9212864302887925	0.07871356971120742
0.6243821904121921	0.3756178095878079
0.9831876854937078	0.016812314506292215
0.06187432221824807	0.9381256777817519
0.017864801201387448	0.9821351987986126
0.7865054463271638	0.2134945536728362
0.9553289954581098	0.044671004541890234
0.2731399003752125	0.7268600996247875
0.06886823716707091	0.9311317628329291
0.959359425390608	0.040640574609391994
0.9332904799977794	0.06670952000222063
0.03625185646758933	0.9637481435324107
0.020234898787821143	0.9797651012121789
0.036335063855262084	0.9636649361447379
0.42660941795509943	0.5733905820449006
0.04319522413573629	0.9568047758642637
0.30074001447169796	0.699259985528302
0.9383099627347156	0.06169003726528444
0.9246818417494085	0.0753181582505915
0.48232172247112404	0.517678277528876
0.03624544573586341	0.9637545542641366
0.008341552691820242	0.9916584473081798
0.9212038291914717	0.07879617080852831
0.9461283191729314	0.0538716808270686
0.9084921954137417	0.09150780458625832
0.9856212443866009	0.014378755613399031
0.9144559549867812	0.08554404501321872
0.7939502211406455	0.2060497788593545
0.2797005251648593	0.7202994748351407
0.9608472547440071	0.03915274525599287
0.895744423077945	0.10425557692205496
0.898758195884597	0.10124180411540296
0.9352116572306112	0.06478834276938883
0.060603140119861454	0.9393968598801385
0.004208099760466433	0.9957919002395336
0.9301546675920189	0.06984533240798102
0.005307802538472517	0.9946921974615275
0.03255412925267709	0.9674458707473229
0.9256480297717959	0.0743519702282041
0.8950916618300433	0.10490833816995665
0.8026080631151771	0.19739193688482295
0.9378216349801854	0.06217836501981453
0.9503513498954411	0.04964865010455886
0.929187639730711	0.07081236026928903
0.9357222656299818	0.06427773437001817
0.5815611889921677	0.41843881100783226
0.9587189547479675	0.041281045252032474
0.2234671813837873	0.7765328186162127
0.00969816865835349	0.9903018313416465
0.9471754397511573	0.052824560248842696
0.9654803029609409	0.034519697039059084
0.9582815762146266	0.041718423785373354
0.007951634838631483	0.9920483651613685
0.5299883206498729	0.4700116793501271
0.44001309641804687	0.5599869035819531
0.8549784736703633	0.1450215263296367
0.7054931908928277	0.29450680910717225
0.8914586175515355	0.1085413824484645
0.053531034957362	0.946468965042638
0.7999749377317452	0.2000250622682548
0.0029882427969567527	0.9970117572030432
0.008376482187297585	0.9916235178127024
0.01082560987479686	0.9891743901252031
0.7646309275143504	0.2353690724856496
0.08583587255482994	0.9141641274451701
0.08169467448196066	0.9183053255180393
0.03793902731658072	0.9620609726834193
0.02231257081394622	0.9776874291860538
0.0044446570867198165	0.9955553429132802
0.14542904273847013	0.8545709572615299
0.6922522335363028	0.3077477664636972
0.6078709773164888	0.3921290226835112
0.9202166536520007	0.07978334634799933
0.744465787409329	0.25553421259067094
0.9145032306960764	0.08549676930392361
0.9236752261032998	0.07632477389670027
0.05194230742124617	0.9480576925787538
0.9449024838064128	0.05509751619358721
0.9483569825989953	0.0516430174010047
0.03057215728039897	0.969427842719601
0.9718639776152902	0.028136022384709757
0.9003816110162747	0.09961838898372537
0.9409337439575277	0.05906625604247228
0.9492252651084738	0.05077473489152615
0.9248276048723562	0.07517239512764388
0.9597572819491947	0.04024271805080531
0.8921067796712803	0.10789322032871972
0.9322330628454918	0.06776693715450825
0.9602499665644982	0.03975003343550172
0.9590814200653026	0.040918579934697406
0.9209024503926099	0.07909754960739013
0.9566601109422305	0.04333988905776952
0.9258473701360392	0.07415262986396076
0.9146602636235805	0.08533973637641941
0.6333233818077803	0.36667661819221975
0.9407858665498822	0.05921413345011783
0.9747795047009838	0.025220495299016113
0.9561371991473364	0.043862800852663586
0.14865982673529954	0.8513401732647005
0.9606007058208097	0.039399294179190324
0.9359698634737513	0.06403013652624866
0.9282610679381131	0.07173893206188688
0.8447666771669936	0.15523332283300637
0.7871682759825842	0.21283172401741582
0.9533125654940878	0.04668743450591215
0.8059949982683394	0.1940050017316606
0.9832855253411117	0.01671447465888826
0.7218470567910076	0.2781529432089924
0.7830021398365201	0.21699786016347988
0.9464234868690721	0.05357651313092792
0.9579682750263099	0.042031724973690114
0.820922517218919	0.1790774827810811
0.5642166292973784	0.43578337070262163
0.9795506979000481	0.020449302099951876
0.9136706571093831	0.08632934289061686
0.9629573652749022	0.03704263472509783
0.9478913665660638	0.05210863343393623
0.895529901875175	0.10447009812482504
0.12643951801327613	0.8735604819867239
0.9069181383388332	0.09308186166116683
0.9737077434718612	0.026292256528138783
0.9514106351920061	0.04858936480799388
0.6749315703284199	0.3250684296715801
0.9659823759432612	0.03401762405673884
0.0791364543560763	0.9208635456439237
0.3460713870626687	0.6539286129373313
0.1897508327150299	0.8102491672849701
0.9149872426248857	0.08501275737511428
0.9322508170819886	0.06774918291801131
0.9403652727666176	0.059634727233382354
0.6217813138069436	0.37821868619305643
0.48725254875221236	0.5127474512477876
0.9288347348557883	0.07116526514421169
0.5294316771846961	0.470568322815304
0.9831474028203594	0.01685259717964059
0.9147559503173862	0.08524404968261375
0.3518913308930094	0.6481086691069906
0.8298113989664873	0.17018860103351272
0.7433159610322531	0.2566840389677469
0.9926090467539316	0.007390953246068476
0.005553105830795824	0.9944468941692042
0.29559579258656077	0.7044042074134392
0.8607438620901722	0.13925613790982788
0.9390196508064023	0.060980349193597704
0.8158386054007832	0.1841613945992168
0.9643537355153082	0.035646264484691825
0.955486329987031	0.04451367001296902
0.9161979349524954	0.0838020650475046
0.8714531513231831	0.1285468486768169
0.5117724174447773	0.48822758255522264
0.9081769514214658	0.09182304857853416
0.981828612347309	0.018171387652690985
0.014156739080123493	0.9858432609198765
0.17023649507522276	0.8297635049247772
0.9493650588793298	0.05063494112067027
0.39578210187012075	0.6042178981298792
0.9027567666751193	0.09724323332488076
0.5579461650498825	0.4420538349501176
0.9621921178430268	0.037807882156973144
0.9057868398020388	0.09421316019796126
0.01764225166375666	0.9823577483362433
0.7338883920906651	0.2661116079093349
0.9337061334377689	0.0662938665622311
0.8850946213967367	0.11490537860326333
0.9300947431794923	0.06990525682050779
0.07301405134496197	0.926985948655038
0.04085210706189757	0.9591478929381024
0.7988763216900292	0.2011236783099708
0.26836147996445947	0.7316385200355405
0.9766918672623669	0.02330813273763309
0.9449848036119683	0.05501519638803161
0.6525416589404215	0.3474583410595785
0.9014935070801662	0.09850649291983386
0.1660930853179925	0.8339069146820075
0.9481263495058229	0.051873650494177165
0.7126604754450319	0.2873395245549682
0.8724418195928914	0.1275581804071086
0.26670791660740034	0.7332920833925997
0.9054043921732727	0.09459560782672725
0.016346285355456347	0.9836537146445437
0.4932788120250634	0.5067211879749366
0.9467071253829002	0.05329287461709977
0.9259555875763361	0.07404441242366386
0.887569400674261	0.11243059932573897
0.969152047428718	0.030847952571282002
0.9634885675924696	0.03651143240753044
0.9422026517884345	0.0577973482115655
0.8899751324339781	0.11002486756602194
0.9812580889948649	0.018741911005135097
0.9588447577055015	0.041155242294498524
0.927058722529833	0.07294127747016704
0.9601020358036279	0.0398979641963721
0.9860300040345008	0.01396999596549918
0.9286485832820458	0.07135141671795422
0.9009821814052735	0.09901781859472648
0.958397479450501	0.04160252054949902
0.8089449105853947	0.19105508941460522
0.9550856847048914	0.04491431529510859
0.23293642204117293	0.7670635779588271
0.3298934677941786	0.6701065322058214
0.49457488908357516	0.5054251109164248
0.9673374672581385	0.032662532741861525
0.9388263652099129	0.06117363479008709
0.6407926399245442	0.35920736007545584
0.7007633413675458	0.29923665863245424
0.03489535450840242	0.9651046454915976
0.010214639472538978	0.989785360527461
0.9149969080304253	0.08500309196957465
0.8936023087517798	0.10639769124822016
0.9521634412147328	0.04783655878526711
0.9236002556320696	0.07639974436793037
0.9137841344576614	0.08621586554233862
0.5155589997275268	0.48444100027247317
0.8046915807759114	0.19530841922408862
0.915332957032012	0.08466704296798798
0.9461092818921524	0.053890718107847624
0.164600970796988	0.835399029203012
0.14967712136011613	0.8503228786398839
0.8913471458216355	0.10865285417836441
0.6731097406926985	0.3268902593073016
0.654084278703641	0.34591572129635895
0.92179626722131	0.07820373277868992
0.8375254755472736	0.16247452445272634
0.9322605317453823	0.06773946825461775
0.9236686477505001	0.07633135224949988
0.9922353162895028	0.0077646837104972605
0.8701391297384371	0.1298608702615629
0.9245899351323863	0.07541006486761365
0.7425150861243734	0.25748491387562655
0.8838469093009353	0.11615309069906467
0.9236467752485653	0.07635322475143469
0.9289591737126657	0.07104082628733435
0.5828255860656253	0.4171744139343747
0.9350222936736488	0.0649777063263512
0.2140882743833773	0.7859117256166227
0.06545888245210241	0.9345411175478976
0.008202817983477106	0.9917971820165229
0.057255204714338204	0.9427447952856618
0.33766114807029246	0.6623388519297075
0.25202291026886003	0.74797708973114
0.9727997377731824	0.02720026222681761
0.9220544288923576	0.07794557110764247
0.0183193830853009	0.9816806169146991
0.2530599801766553	0.7469400198233447
0.9205979410250452	0.07940205897495474
0.9557625694116793	0.044237430588320796
0.9165646037377471	0.08343539626225291
0.3689506621566353	0.6310493378433647
0.14633012021391067	0.8536698797860893
0.9502260964422914	0.049773903557708596
0.6086001106812072	0.39139988931879277
0.9617368525320659	0.038263147467934085
0.9589385157065211	0.041061484293478896
0.2921242380074651	0.7078757619925349
0.9250170075605855	0.07498299243941457
0.20497872794655092	0.7950212720534491
0.09934249274576168	0.9006575072542383
0.16913172715513136	0.8308682728448686
0.028137816770328117	0.9718621832296719
0.058340154254919785	0.9416598457450802
0.03633354645627729	0.9636664535437227
0.9179476079838561	0.0820523920161439
0.9499350067947112	0.05006499320528878
0.9744164471455563	0.025583552854443692
0.981982974804366	0.018017025195633994
0.06282539323017278	0.9371746067698272
0.6701775573309224	0.32982244266907756
0.0742778779787664	0.9257221220212336
0.05686786258171894	0.9431321374182811
0.9205811444948067	0.0794188555051933
0.9502730601446455	0.04972693985535445
0.9498038324201739	0.0501961675798262
0.8186063824811401	0.18139361751885988
0.9196924159372307	0.08030758406276928
0.21980582047342256	0.7801941795265774
0.8372940956902801	0.1627059043097199
0.09606971349197713	0.9039302865080229
0.8162484424400113	0.18375155755998876
0.9577390352661553	0.042260964733844705
0.9314711878925637	0.06852881210743628
0.13526839660326762	0.8647316033967324
0.9506087202127783	0.04939127978722167
0.5394638921207325	0.46053610787926746
0.3206719599550518	0.6793280400449482
0.2428908690450523	0.7571091309549477
0.7724920103969491	0.22750798960305085
0.32417282650041324	0.6758271734995868
0.9340122071881065	0.06598779281189354
0.6873857120897435	0.3126142879102565
0.6077012196530414	0.3922987803469587
0.8581295208887438	0.14187047911125614
0.8201841810534717	0.17981581894652834
0.9400447093696237	0.05995529063037631
0.9550455829189693	0.044954417081030616
0.9395617233187825	0.060438276681217526
0.16897480811834864	0.8310251918816514
0.9553467020904668	0.044653297909533235
0.9714608211807032	0.02853917881929679
0.9818586048714015	0.018141395128598484
0.8747891546751709	0.12521084532482904
0.368219943102855	0.631780056897145
0.8765599725450092	0.12344002745499084
0.016866403278659514	0.9831335967213405
0.12680364285397505	0.873196357146025
0.9779468412848173	0.022053158715182625
0.9362242185874767	0.06377578141252326
0.9451821230733791	0.05481787692662087
0.12877693710867832	0.8712230628913217
0.8992510409224606	0.10074895907753942
0.9619151955248072	0.03808480447519282
0.7245103130458421	0.2754896869541579
0.9538300789020089	0.04616992109799108
0.9554993584677562	0.04450064153224379
0.48098725306161816	0.5190127469383818
0.9145799380212295	0.08542006197877051
0.857562200651387	0.142437799348613
0.8987307720710153	0.10126922792898477
0.7587801688657974	0.24121983113420264
0.9089896018700387	0.09101039812996131
0.9105487846995481	0.08945121530045183
0.8766175889829583	0.12338241101704171
0.10559792184354777	0.8944020781564522
0.9599345467715998	0.04006545322840013
0.23782450164162394	0.7621754983583761
0.8112587148190036	0.18874128518099648
0.961028844759347	0.03897115524065302
0.947740874634664	0.05225912536533597
0.902681068397824	0.09731893160217597
0.9650173077250962	0.03498269227490381
0.9332369397470546	0.06676306025294543
0.9444538390401898	0.055546160959810215
0.8883728183814825	0.11162718161851748
0.0045102953289034575	0.9954897046710965
0.7623995780413038	0.23760042195869618
0.08833043432809551	0.9116695656719045
0.9283063213043562	0.07169367869564382
0.4867395116402117	0.5132604883597883
0.3333202128222481	0.6666797871777519
0.9505042445235544	0.04949575547644562
0.9503524626552392	0.049647537344760795
0.9166695741303093	0.08333042586969071
0.9612016707533129	0.038798329246687094
0.9460741972976634	0.05392580270233664
0.9217448155647063	0.07825518443529365
0.5738150329002316	0.4261849670997684
0.16266713040997283	0.8373328695900272
0.9869217306830597	0.013078269316940387
0.3012994715666194	0.6987005284333806
0.0034731021197329515	0.996526897880267
0.07590502390511655	0.9240949760948834
0.012182421858779158	0.9878175781412208
0.9285513404855373	0.0714486595144627
0.21076338099631275	0.7892366190036872
0.23939651416917918	0.7606034858308208
0.9638377846585672	0.03616221534143284
0.6427008558380805	0.3572991441619196
0.9077188648983909	0.09228113510160903
0.5593048122440323	0.44069518775596767
0.012356578045626065	0.9876434219543739
0.7932381499841056	0.20676185001589442
0.4685529115286946	0.5314470884713054
0.4381405781074559	0.5618594218925441
0.6924970072249709	0.3075029927750291
0.6639302074122635	0.33606979258773656
0.05688438673077201	0.943115613269228
0.006814369382547758	0.9931856306174522
0.0010796169519347032	0.9989203830480653
0.02010070317378232	0.9798992968262177
0.7849524702319394	0.21504752976806063
0.08867181193023077	0.9113281880697692
0.1767415912502165	0.8232584087497835
0.8685217725697174	0.1314782274302826
0.043699783673041837	0.9563002163269582
0.23754856889884512	0.7624514311011549
0.10080054300593344	0.8991994569940666
0.6934704266552092	0.30652957334479075
0.7246729214698928	0.27532707853010724
0.7907971233202966	0.2092028766797034
0.2858494552684959	0.7141505447315041
0.9428400628171656	0.057159937182834464
0.9266490758653846	0.07335092413461539
0.8682225302174575	0.1317774697825424
0.8931115192885505	0.10688848071144955
0.9489657455637307	0.05103425443626935
0.945099859277738	0.05490014072226203
0.45694876405628404	0.543051235943716
0.9355810613776963	0.06441893862230377
0.9191739929759722	0.08082600702402779
0.9359723402132025	0.06402765978679742
0.9144775688698139	0.08552243113018604
0.032058326978134044	0.967941673021866
0.22526729399624112	0.7747327060037589
0.9577503051822016	0.042249694817798354
0.8338691284529668	0.1661308715470332
0.9523281728853985	0.04767182711460151
0.9061363701977139	0.09386362980228616
0.1853339313126675	0.8146660686873325
0.7221681543229738	0.27783184567702623
0.940382011933013	0.05961798806698699
0.6787440649461611	0.32125593505383887
0.523219143506858	0.476780856493142
0.14990860514582638	0.8500913948541736
0.9235821858397986	0.07641781416020142
0.02324748040891167	0.9767525195910883
0.10987056144276586	0.8901294385572341
0.050253174958316604	0.9497468250416834
0.9407430961130077	0.05925690388699238
0.9269408529382831	0.07305914706171686
0.9413683978356033	0.05863160216439669
0.9628854087609456	0.03711459123905432
0.1740880110926396	0.8259119889073604
0.41434834014807587	0.5856516598519241
0.9851108782027183	0.014889121797281754
0.016557264640769453	0.9834427353592305
0.9527553770958573	0.04724462290414262
0.9819575272000008	0.018042472799999112
0.7673011795953174	0.2326988204046826
0.2349021293580379	0.7650978706419621
0.9469116476205196	0.05308835237948042
0.8459696165197035	0.1540303834802965
0.9528125390393638	0.04718746096063616
0.9575278734173389	0.04247212658266104
0.01373108331272288	0.9862689166872771
0.12892449373797743	0.8710755062620226
0.9277695695681897	0.07223043043181032
0.9166590744171476	0.0833409255828524
0.9721443407833854	0.027855659216614634
0.0077158483670665134	0.9922841516329335
0.4488286240725371	0.5511713759274629
0.26790347377010826	0.7320965262298917
0.24683423031223428	0.7531657696877657
0.809518584375797	0.1904814156242029
0.9651509856221171	0.03484901437788288
0.9336077339838911	0.06639226601610891
0.9872868599536343	0.012713140046365732
0.6851007097793984	0.3148992902206016
0.5612306960342932	0.43876930396570685
0.7347010016926867	0.2652989983073133
0.6158552400323188	0.38414475996768116
0.8479047375385267	0.15209526246147326
0.05630629738747306	0.9436937026125269
0.928440349013984	0.07155965098601602
0.13815240379955407	0.8618475962004459
0.7490750156138268	0.2509249843861731
0.0695779359762484	0.9304220640237516
0.0386759183690899	0.9613240816309101
0.21071608269547215	0.7892839173045278
0.9273833650024691	0.07261663499753095
0.2837856274014823	0.7162143725985177
0.9470317730542418	0.05296822694575823
0.00945155750896809	0.9905484424910319
0.9905430755654008	0.00945692443459924
0.9403501708676336	0.05964982913236643
0.9577640929519431	0.042235907048056895
0.3183991718611363	0.6816008281388637
0.9286328577099691	0.07136714229003091
0.8390235086370343	0.16097649136296563
0.260697617762359	0.739302382237641
0.009085196625585379	0.9909148033744146
0.9288396604520217	0.07116033954797825
0.6385372072661464	0.3614627927338536
0.9259461962738079	0.0740538037261921
0.5139118783248384	0.4860881216751615
0.9266053892139028	0.07339461078609723
0.9548667761697865	0.045133223830213454
0.9159051246190228	0.08409487538097715
0.16858528282007368	0.8314147171799263
0.021719644503625735	0.9782803554963743
0.761966230560613	0.238033769439387
0.13431188602920974	0.8656881139707903
0.03707169243191033	0.9629283075680897
0.6737779298699211	0.3262220701300789
0.5889532454163627	0.41104675458363726
0.007794348979917931	0.9922056510200821
0.010980856275339068	0.9890191437246609
0.798109722320274	0.201890277679726
0.3026512680960246	0.6973487319039754
0.0025733115875204993	0.9974266884124795
0.32766705316881417	0.6723329468311858
0.20329337733533426	0.7967066226646657
0.3122220594624002	0.6877779405375998
0.6331156019011119	0.3668843980988881
0.004278719297994282	0.9957212807020057
0.9181403423722558	0.08185965762774418
0.93074028015253	0.06925971984747002
0.9364684347165944	0.06353156528340567
0.953819291277488	0.04618070872251204
0.9122082396016852	0.08779176039831481
0.7636998520708183	0.23630014792918178
0.7043953874240654	0.2956046125759346
0.8864506191504651	0.11354938084953498
0.02062510373807891	0.9793748962619211
0.9594215835087114	0.04057841649128855
0.9412743164157908	0.05872568358420914
0.75939586867548	0.2406041313245199
0.9628472135409835	0.03715278645901653
0.3198058435589358	0.6801941564410642
0.03955723119282939	0.9604427688071706
0.9618067981637102	0.0381932018362898
0.9603444905095727	0.03965550949042731
0.9282391685430912	0.07176083145690881
0.8195864125608112	0.1804135874391888
0.9298220877196561	0.07017791228034387
0.03373739105199902	0.966262608948001
0.8612037529030101	0.13879624709698984
0.8777704259830237	0.12222957401697628
0.34028287787759504	0.659717122122405
0.9618782418903741	0.03812175810962592
0.6627149504686158	0.33728504953138416
0.9578178641289465	0.042182135871053496
0.00576109112805534	0.9942389088719447
0.842422096421513	0.15757790357848706
0.5181771374798251	0.4818228625201749
0.02481990177827542	0.9751800982217246
0.9303636890289507	0.06963631097104929
0.9695018661010427	0.030498133898957294
0.9010891165943847	0.09891088340561524
0.012015354399062539	0.9879846456009375
0.29010831087197464	0.7098916891280254
0.6387402633949315	0.3612597366050685
0.68562506454724	0.31437493545275996
0.9093462490317328	0.09065375096826726
0.9437329820869123	0.05626701791308773
0.12022223401892429	0.8797777659810757
0.6069874700558604	0.3930125299441396
0.06134140326751436	0.9386585967324856
0.8622765252737975	0.13772347472620253
0.8898471885218533	0.1101528114781467
0.8996382993789129	0.10036170062108711
0.865493272042349	0.13450672795765098
0.9022570959941003	0.09774290400589969
0.000950072963674109	0.9990499270363259
0.5560757149197196	0.44392428508028037
0.017400451328676847	0.9825995486713232
0.9896818335298538	0.0103181664701462
0.9498897670437434	0.050110232956256655
0.795034905617082	0.204965094382918
0.9306367670810644	0.0693632329189356
0.9075492509037143	0.09245074909628566
0.9670036703296119	0.03299632967038814
0.2041132849863847	0.7958867150136153
0.6334811838792734	0.36651881612072656
0.9579577013686849	0.04204229863131515
0.9846614774973262	0.015338522502673783
0.9258433629157311	0.07415663708426894
0.9637936661530625	0.03620633384693751
0.8187606818563199	0.18123931814368013
0.8072461580591371	0.19275384194086284
0.9679669732374269	0.032033026762573184
0.8417226205850872	0.15827737941491282
0.21868170195117342	0.7813182980488266
0.9360820909312818	0.06391790906871818
0.8520893659999431	0.1479106340000569
0.9115463271921908	0.08845367280780927
0.9226121123720066	0.0773878876279934
0.9227873228107758	0.07721267718922424
0.9870355035950892	0.012964496404910793
0.6480952906168018	0.3519047093831982
0.9423157148608327	0.057684285139167374
0.9245083016696422	0.07549169833035782
0.5844437969868913	0.4155562030131087
0.8802605125750794	0.11973948742492062
0.9599161424564362	0.04008385754356383
0.9836098042002756	0.01639019579972446
0.9381346663108354	0.0618653336891646
0.9303289402241322	0.06967105977586785
0.9043712729226825	0.09562872707731754
0.9209028395143982	0.07909716048560182
0.6106207734666422	0.3893792265333577
0.5042877017361356	0.4957122982638645
0.8252167427661774	0.17478325723382263
0.9447078696175617	0.05529213038243831
0.945025183524761	0.05497481647523904
0.9796624758258924	0.020337524174107623
0.8823706046113771	0.11762939538862295
0.9311512067545595	0.06884879324544041
0.9276614423755505	0.07233855762444948
0.9217561748092159	0.07824382519078409
0.9259145383036351	0.07408546169636486
0.7003605014532447	0.2996394985467553
0.9262705165542582	0.07372948344574176
0.9307005929378065	0.06929940706219354
0.9169641173624746	0.08303588263752534
0.5492803239929864	0.4507196760070135
0.11265105647156526	0.8873489435284347
0.9433435173138247	0.056656482686175236
0.002872197511640362	0.9971278024883596
0.9850509030835057	0.014949096916494282
0.9242785915183263	0.07572140848167377
0.8496363000100899	0.15036369998991003
0.9360971137254183	0.06390288627458175
0.8202712263730658	0.1797287736269342
0.9201054770197734	0.07989452298022658
0.5053381043147114	0.4946618956852886
0.8748967507087807	0.12510324929121933
0.7181223162056956	0.28187768379430445
0.3850901534680833	0.6149098465319167
0.6182361946096198	0.3817638053903802
0.9319574302817533	0.06804256971824672
0.5563669468782849	0.4436330531217151
0.9472407973245085	0.05275920267549148
0.9195510298659595	0.08044897013404047
0.8450698727299688	0.15493012727003116
0.3377105655199708	0.6622894344800292
0.23443686431081756	0.7655631356891824
0.889219776463981	0.110780223536019
0.9252690661928684	0.07473093380713157
0.9846787586119811	0.015321241388018957
0.9327955326474565	0.06720446735254347
0.9534888782992994	0.04651112170070063
0.47170393700972035	0.5282960629902796
0.1781796088547467	0.8218203911452533
0.8457421812919677	0.15425781870803237
0.9409875425150741	0.05901245748492592
0.038662780038999145	0.9613372199610009
0.9606302659088781	0.03936973409112182
0.6392814567026275	0.3607185432973726
0.8105407756509467	0.18945922434905324
0.9371563774393015	0.06284362256069856
0.6615931530742868	0.3384068469257132
0.8008041945164621	0.19919580548353785
0.9784987283610749	0.021501271638925068
0.9813406420469026	0.018659357953097342
0.9543319577643952	0.045668042235604854
0.9536761770366573	0.04632382296334273
0.9225417794213537	0.07745822057864626
0.4717112008187059	0.5282887991812941
0.9504061484512991	0.049593851548700926
0.23211659179976385	0.7678834082002362
0.9436342310830286	0.05636576891697144
0.943432046229751	0.05656795377024907
0.9401739155774989	0.05982608442250116
0.9358268642963858	0.06417313570361417
0.9545766162473893	0.04542338375261063
0.9803687077596387	0.019631292240361267
0.45944115418167	0.54055884581833
0.7766152378604768	0.22338476213952319
0.9473592029929024	0.05264079700709758
0.8759468453905038	0.12405315460949616
0.17985093468552327	0.8201490653144767
0.9187872507225634	0.08121274927743657
0.9777085728454832	0.02229142715451677
0.9659841974771406	0.03401580252285938
0.64256189395239	0.3574381060476099
0.9205899201358436	0.07941007986415632
0.9293097826757836	0.07069021732421642
0.12367253260392996	0.87632746739607
0.10236065008943263	0.8976393499105674
0.9161906283613535	0.08380937163864655
0.02862359056773922	0.9713764094322608
0.7391949141818295	0.2608050858181706
0.4810333183376788	0.5189666816623212
0.22240016041012667	0.7775998395898733
0.06610808344713126	0.9338919165528687
0.921290224797455	0.078709775202545
0.9838298193032881	0.016170180696711927
0.03566409872968068	0.9643359012703193
0.019483840325775215	0.9805161596742248
0.01752680767800563	0.9824731923219944
0.0073573893183050965	0.9926426106816949
0.7866516920053267	0.21334830799467328
0.2447333644827926	0.7552666355172074
0.001616990630326387	0.9983830093696736
0.3092918659431382	0.6907081340568618
0.4094927970040383	0.5905072029959617
0.9155134703607042	0.08448652963929586
0.5567292560064978	0.4432707439935022
0.10254975604626104	0.897450243953739
0.9098785162211356	0.09012148377886443
0.9334837506378635	0.06651624936213649
0.738543892675642	0.261456107324358
0.9610784131891722	0.03892158681082784
0.5451600592231998	0.45483994077680023
0.9228065445407371	0.07719345545926294
0.9237261572780279	0.07627384272197214
0.9231761328896007	0.07682386711039933
0.5240597141936054	0.47594028580639464
0.007232045248234065	0.9927679547517659
0.7861666251564723	0.21383337484352768
0.9356913522028478	0.06430864779715216
0.5478808543310331	0.45211914566896694
0.946122908736761	0.05387709126323908
0.9250193204080318	0.07498067959196822
0.432394786918439	0.567605213081561
0.8113259205654028	0.1886740794345972
0.11083460059723826	0.8891653994027617
0.2767277943130576	0.7232722056869424
0.954473921122145	0.04552607887785493
0.9422063184297059	0.05779368157029411
0.8231597088104627	0.1768402911895373
0.7231178952278454	0.2768821047721546
0.9711595311645322	0.028840468835467772
0.26364070443007237	0.7363592955699276
0.8403083028918321	0.15969169710816794
0.11914918002370845	0.8808508199762916
0.9447752864037801	0.05522471359621993
0.9403774335003582	0.05962256649964184
0.9629092370969048	0.03709076290309516
0.07379753223174623	0.9262024677682538
0.9197959338510611	0.08020406614893895
0.4773697218202049	0.5226302781797951
0.9151698180894361	0.0848301819105639
0.8689550975746011	0.13104490242539893
0.9812738778199905	0.018726122180009408
0.9284468739910362	0.07155312600896378
0.860166334925264	0.139833665074736
0.25102134407109433	0.7489786559289057
0.9260976883941381	0.0739023116058619
0.8924598578271705	0.10754014217282952
0.35788349143251597	0.642116508567484
0.7835920253642972	0.2164079746357028
0.17335867885707246	0.8266413211429275
0.9136088372171459	0.08639116278285407
0.9111315136721652	0.08886848632783484
0.4113820130985394	0.5886179869014606
0.9570593682711075	0.04294063172889249
0.9719277702509839	0.02807222974901609
0.9691835957289685	0.03081640427103152
0.9636147348415048	0.036385265158495175
0.006967917188127171	0.9930320828118728
0.16029281842503762	0.8397071815749624
0.937825203726467	0.062174796273532916
0.908355707243871	0.09164429275612897
0.044532512599432694	0.9554674874005673
0.9917643294045885	0.008235670595411483
0.8597292209905361	0.140270779009464
0.9775239047459039	0.02247609525409611
0.024141065350199775	0.9758589346498002
0.15555514407386684	0.8444448559261332
0.5377297870287019	0.4622702129712981
0.9422517896156322	0.05774821038436782
0.9077112997108043	0.09228870028919561
0.1255099044055351	0.8744900955944649
0.8559483600309029	0.14405163996909706
0.06748861588739563	0.9325113841126044
0.2778370448533596	0.7221629551466404
0.016507323494422854	0.9834926765055771
0.5929140649727829	0.4070859350272172
0.9859385097452731	0.01406149025472686
0.9433940751079725	0.05660592489202755
0.510401831314585	0.4895981686854149
0.9328835345713162	0.06711646542868374
0.2744017938357731	0.7255982061642269
0.8150300267794819	0.1849699732205181
0.28710604315745847	0.7128939568425415
0.9523277424339651	0.04767225756603492
0.9627336751821657	0.03726632481783428
0.8865877737556215	0.11341222624437848
0.9041517969402074	0.09584820305979262
0.9526035248846554	0.047396475115344616
0.9223514117722842	0.07764858822771582
0.9513066742964646	0.04869332570353536
0.9324010348471728	0.06759896515282715
0.9629113616080175	0.03708863839198246
0.9159907315953889	0.08400926840461105
0.8956552729777062	0.10434472702229378
0.8829554743760388	0.11704452562396116
0.7984234497206304	0.20157655027936955
0.9660379061877865	0.03396209381221346
0.9208529891903869	0.07914701080961307
0.9356024813207315	0.06439751867926849
0.9353668094417571	0.06463319055824293
0.46570210588542194	0.5342978941145781
0.9479109457309057	0.052089054269094236
0.9366902184470173	0.06330978155298271
0.010138629370552987	0.989861370629447
0.950828774320178	0.049171225679822
0.19321661791776956	0.8067833820822304
0.5264510745838695	0.47354892541613053
0.8377366010493319	0.16226339895066805
0.9380830486007331	0.061916951399266895
0.6480118149988231	0.3519881850011769
0.9311529176229196	0.06884708237708033
0.7885096322173105	0.21149036778268945
0.916492437017622	0.08350756298237806
0.910638305575658	0.08936169442434208
0.6780077181963077	0.3219922818036923
0.028254242168641475	0.9717457578313585
0.9877943691649065	0.012205630835093545
0.9418500374149235	0.05814996258507653
0.6076188740107218	0.39238112598927827
0.819765682535086	0.18023431746491403
0.6965390789535029	0.3034609210464971
0.04259079228116225	0.9574092077188378
0.9601271097412195	0.03987289025878044
0.015878761946819697	0.9841212380531803
0.2652298809816106	0.7347701190183894
0.5995901146964859	0.400409885303514
0.01657996590621602	0.983420034093784
0.04598963681888346	0.9540103631811165
0.8166713811074884	0.1833286188925116
0.6668151461693497	0.33318485383065033
0.7635574175366782	0.2364425824633218
0.8802619076732674	0.11973809232673266
0.905540204232835	0.094459795767165
0.5019096765288462	0.49809032347115373
0.9252630504855238	0.07473694951447615
0.7864184065757843	0.21358159342421568
0.4212717632449561	0.5787282367550439
0.8052984327375126	0.1947015672624874
0.8557495066481833	0.14425049335181667
0.9187507631074787	0.0812492368925213
0.13800089490520395	0.861999105094796
0.5602487644359948	0.43975123556400514
0.9308189425170148	0.06918105748298518
0.9487019958795794	0.05129800412042059
0.5447985106536564	0.45520148934634364
0.603829580335991	0.39617041966400907
0.11323261693781339	0.8867673830621866
0.855968377571476	0.14403162242852396
0.010636750324007016	0.989363249675993
0.9832754231410128	0.01672457685898724
0.017496789437074667	0.9825032105629253
0.9183928320839639	0.08160716791603605
0.6925522405314554	0.30744775946854463
0.8967877867574042	0.1032122132425958
0.027049925482354964	0.972950074517645
0.062006110693866634	0.9379938893061334
0.6444233421709622	0.3555766578290378
0.5091035410156677	0.4908964589843324
0.031857351590876215	0.9681426484091238
0.38380952295734627	0.6161904770426537
0.05388881354359043	0.9461111864564096
0.03149076477949386	0.9685092352205061
0.0010882171091809445	0.998911782890819
0.061498340683884045	0.938501659316116
0.010390964604159447	0.9896090353958406
0.006128164612889564	0.9938718353871104
0.3332756652893345	0.6667243347106655
0.06270362210512215	0.9372963778948779
0.9161814322451198	0.08381856775488021
0.9447978497963767	0.0552021502036233
0.950610322756973	0.04938967724302706
0.9319191318458645	0.06808086815413548
0.9476785107702967	0.0523214892297032
0.9575191292527683	0.0424808707472317
0.9406117936903939	0.059388206309606104
0.9197227415169502	0.08027725848304976
0.9491513133667634	0.05084868663323662
0.9171947105476723	0.08280528945232768
0.8078729477029699	0.19212705229703006
0.9021280276813795	0.09787197231862056
0.9444326909108417	0.0555673090891583
0.9210655097070574	0.07893449029294265
0.933810136857156	0.06618986314284407
0.9353811715045534	0.06461882849544665
0.23405089832709858	0.7659491016729014
0.27745572006272035	0.7225442799372797
0.9840515207230582	0.01594847927694176
0.8757331666524187	0.12426683334758129
0.8649492617437651	0.13505073825623498
0.20596168347184607	0.7940383165281539
0.9197037714258701	0.08029622857412991
0.9290679728542581	0.07093202714574187
0.9274636789041445	0.07253632109585549
0.9126175922998997	0.08738240770010028
0.0795215413407262	0.9204784586592738
0.876911563765443	0.12308843623455697
0.9143289002891986	0.08567109971080139
0.8801901952694204	0.1198098047305795
0.014795678159410297	0.9852043218405897
0.9818502964526233	0.018149703547376668
0.9208990199224774	0.07910098007752264
0.6243539841454699	0.3756460158545301
0.06718854418847131	0.9328114558115287
0.9641359389609397	0.03586406103906028
0.8964105306017758	0.10358946939822418
0.9568263013194336	0.043173698680566454
0.9156308311123929	0.08436916888760716
0.6060056143743517	0.39399438562564826
0.05369193048361309	0.9463080695163869
0.8633328325337077	0.13666716746629232
0.15681652268678437	0.8431834773132156
0.9190553111311612	0.0809446888688388
0.9084094030179329	0.09159059698206708
0.9582256073534619	0.04177439264653817
0.6788013122865826	0.3211986877134174
0.9648864571248829	0.03511354287511717
0.894775078867696	0.10522492113230401
0.6376628639264745	0.3623371360735254
0.9295605889782955	0.07043941102170445
0.7771331555720316	0.22286684442796847
0.40778719208146774	0.5922128079185323
0.36411133411663277	0.6358886658833672
0.04622631709808156	0.9537736829019184
0.05638994572500544	0.9436100542749946
0.9274628278878052	0.07253717211219485
0.9849928226816647	0.015007177318335315
0.9041980750578938	0.09580192494210615
0.913379581349147	0.08662041865085303
0.1680210166709183	0.8319789833290817
0.9871219181878903	0.012878081812109655
0.12415987078282176	0.8758401292171782
0.9364675739447039	0.06353242605529605
0.9438538035421882	0.05614619645781185
0.940937651939701	0.05906234806029895
0.9607802760992237	0.039219723900776285
0.49263177624363297	0.507368223756367
0.9414745074456694	0.05852549255433057
0.9608483898266953	0.03915161017330466
0.4701984906747755	0.5298015093252245
0.9655095633690642	0.034490436630935734
0.8069036140554642	0.19309638594453576
0.3468010979467039	0.6531989020532961
0.9507917220550652	0.049208277944934736
0.9482916409562516	0.05170835904374833
0.9583218644182777	0.04167813558172226
0.036843451666022986	0.963156548333977
0.06103295866745784	0.9389670413325422
0.2826771215590713	0.7173228784409287
0.9238371942760436	0.07616280572395642
0.9268105213870069	0.07318947861299308
0.9370806152253673	0.06291938477463263
0.9128556910335325	0.08714430896646755
0.9339021994116171	0.06609780058838285
0.08434857846775656	0.9156514215322434
0.07781670491944814	0.9221832950805519
0.9256858183721957	0.0743141816278043
0.0726600108367329	0.9273399891632671
0.19929080306686764	0.8007091969331324
0.9722689542552194	0.027731045744780605
0.9590198077021335	0.04098019229786657
0.9243777027154018	0.07562229728459822
0.8531389570783268	0.1468610429216733
0.868578967165242	0.1314210328347581
0.9491929561345083	0.05080704386549168
0.5330594802871624	0.4669405197128376
0.9441675598062974	0.055832440193702614
0.9454611191174273	0.05453888088257271
0.9443376919574117	0.05566230804258833
0.9616015679861557	0.038398432013844255
0.9524941019221237	0.047505898077876356
0.14174858545068558	0.8582514145493144
0.6122791566703125	0.38772084332968754
0.9274419947569884	0.07255800524301155
0.9016316775027094	0.09836832249729051
0.12691985428499297	0.873080145715007
0.9160860178138979	0.08391398218610208
0.9735797242100057	0.026420275789994317
0.9096124848336176	0.09038751516638242
0.011040510570419992	0.98895948942958
0.9208747694899875	0.07912523051001251
0.9284891688805107	0.07151083111948929
0.912977885623962	0.08702211437603806
0.9228522711673814	0.0771477288326186
0.9739179207370144	0.026082079262985586
0.9431217823306741	0.05687821766932591
0.8804432809924498	0.11955671900755013
0.9562108972510405	0.043789102748959495
0.8356091099371971	0.16439089006280297
0.4339875562809189	0.5660124437190811
0.8653008138206875	0.13469918617931256
0.48431442347141795	0.515685576528582
0.5905948153536233	0.4094051846463766
0.9341236399513905	0.06587636004860954
0.12705602191452692	0.8729439780854731
0.920499608452611	0.07950039154738893
0.8086506805014049	0.19134931949859513
0.896162481900832	0.10383751809916791
0.9181547485337526	0.0818452514662474
0.9041213610864088	0.09587863891359118
0.9550749596994983	0.044925040300501665
0.9879371580666987	0.012062841933301292
0.8423161389276475	0.15768386107235258
0.9474184391439678	0.05258156085603218
0.9357531670003749	0.06424683299962514
0.9500526724424014	0.04994732755759856
0.9265773260453307	0.07342267395466934
0.9637524028284397	0.0362475971715604
0.0026929966497669655	0.997307003350233
0.9290285428550308	0.07097145714496926
0.9478262062731772	0.052173793726822876
0.8920984044397886	0.10790159556021141
0.23044584951676772	0.7695541504832323
0.9704615901413215	0.029538409858678498
0.9184290683086098	0.08157093169139014
0.9454395452136357	0.054560454786364336
0.5987410015496052	0.4012589984503948
0.5296150649828466	0.47038493501715345
0.7818342710937813	0.21816572890621863
0.8447169270532441	0.1552830729467559
0.6627804979176413	0.33721950208235874
0.9823626429622885	0.017637357037711573
0.9322549809649732	0.0677450190350268
0.2137239418638588	0.7862760581361412
0.4438506456246639	0.5561493543753361
0.6356822602996395	0.3643177397003606
0.9494065505522118	0.05059344944778816
0.9345613855355474	0.06543861446445265
0.9436303251789905	0.05636967482100952
0.8931592354419863	0.10684076455801371
0.9399904790886493	0.06000952091135074
0.9462336690157316	0.05376633098426836
0.38756727453798556	0.6124327254620144
0.9912006399663671	0.00879936003363287
0.8815125259579091	0.11848747404209094
0.9570468543909612	0.04295314560903881
0.8620954104152592	0.1379045895847409
0.9449251361142175	0.05507486388578255
0.9836351601242681	0.016364839875731885
0.2795242731207678	0.7204757268792322
0.9730694714849628	0.026930528515037154
0.8687824304877523	0.13121756951224767
0.055058132604477006	0.944941867395523
0.4079930418973001	0.5920069581026999
0.1174726680717656	0.8825273319282344
0.2022342629943097	0.7977657370056903
0.9186700120814881	0.08132998791851186
0.9340690461670879	0.06593095383291214
0.13620388213052137	0.8637961178694786
0.4046789120584098	0.5953210879415902
0.027229827468996715	0.9727701725310033
0.28401061565117136	0.7159893843488286
0.39711817908316993	0.6028818209168301
0.11402196753401128	0.8859780324659887
0.08176648109279794	0.9182335189072021
0.015261263045413975	0.984738736954586
0.6064357993981206	0.3935642006018793
0.961324111885017	0.03867588811498299
0.9103707974827948	0.08962920251720521
0.8724180006046388	0.12758199939536122
0.9856318059416668	0.014368194058333235
0.006483801339668083	0.9935161986603319
0.006029683964017596	0.9939703160359824
0.718384541416539	0.28161545858346104
0.008494479240358954	0.991505520759641
0.07759473492291336	0.9224052650770866
0.3357995548537286	0.6642004451462714
0.11747358678991782	0.8825264132100822
0.005971846901623223	0.9940281530983768
0.29704735882581446	0.7029526411741855
0.08165163231480532	0.9183483676851947
0.2313209515459087	0.7686790484540913
0.000893238415108244	0.9991067615848918
0.02623711050579225	0.9737628894942078
0.24338628875565038	0.7566137112443496
0.17165332872619044	0.8283466712738096
0.6137064718018794	0.38629352819812063
0.9353500754146662	0.06464992458533377
0.4847820581370398	0.5152179418629602
0.9394190943274224	0.06058090567257758
0.9138044026731542	0.08619559732684579
0.584389810054736	0.41561018994526405
0.9024276464759574	0.09757235352404255
0.9373859810479529	0.06261401895204714
0.6056878858007968	0.39431211419920315
0.7069407112207705	0.2930592887792295
0.472409771960857	0.527590228039143
0.9429145656975252	0.057085434302474834
0.6995634475175121	0.30043655248248796
0.8106752865654239	0.18932471343457616
0.9508996155875327	0.04910038441246738
0.07685170922681461	0.9231482907731854
0.8286194098489452	0.17138059015105483
0.9087095809494501	0.09129041905054987
0.9573021602079258	0.04269783979207422
0.918724158854836	0.08127584114516401
0.014494752733215988	0.985505247266784
0.8286899430567392	0.17131005694326082
0.009296138226359218	0.9907038617736408
0.8977021998111642	0.10229780018883584
0.9445218794989306	0.05547812050106934
0.9394421628594006	0.06055783714059935
0.9516178819197694	0.04838211808023066
0.9601748585443916	0.0398251414556084
0.7442728414729594	0.2557271585270407
0.9628531633107279	0.03714683668927206
0.9576160693721815	0.042383930627818575
0.3073736621333788	0.6926263378666212
0.709416985920269	0.290583014079731
0.9262278976500722	0.07377210234992782
0.9478348256251814	0.052165174374818594
0.9482482131867322	0.05175178681326776
0.895674108308788	0.10432589169121204
0.8428679456870296	0.15713205431297042
0.8521735792025664	0.14782642079743363
0.9365667927733815	0.06343320722661847
0.9570617480921806	0.04293825190781947
0.6631306318177419	0.33686936818225816
0.38892778299665665	0.6110722170033434
0.879408303070539	0.12059169692946105
0.3457727526243257	0.6542272473756743
0.6357503954959749	0.36424960450402505
0.2934541160979327	0.7065458839020673
0.08224280083018765	0.9177571991698124
0.2057843899851184	0.7942156100148816
0.021086170535467796	0.9789138294645322
0.011577041272415878	0.9884229587275841
0.9107131095632978	0.08928689043670224
0.3391486697114403	0.6608513302885597
0.039814604847894564	0.9601853951521054
0.9481560464503971	0.051843953549602945
0.7533076800739276	0.2466923199260724
0.5999593752809511	0.40004062471904894
0.052370714176304234	0.9476292858236958
0.468385744566409	0.531614255433591
0.0042210129117682404	0.9957789870882318
0.9357756038304437	0.06422439616955634
0.050120832500705426	0.9498791674992946
0.9547103905735235	0.045289609426476585
0.6940178503851127	0.3059821496148873
0.06844754173789669	0.9315524582621033
0.147657569646633	0.852342430353367
0.9051075498149994	0.09489245018500053
0.2012160430468971	0.7987839569531029
0.09870797342860482	0.9012920265713952
0.3749550506490634	0.6250449493509366
0.2017757515423343	0.7982242484576657
0.06572745794952872	0.9342725420504713
0.9811698007448048	0.018830199255195215
0.024316378653557957	0.975683621346442
0.9370042496866595	0.06299575031334054
0.023399412303627853	0.9766005876963721
0.2879461385357237	0.7120538614642763
0.07113636380013533	0.9288636361998647
0.9017820933878149	0.0982179066121851
0.9271841750694448	0.07281582493055518
0.09372739654938633	0.9062726034506137
0.9556959294178397	0.044304070582160314
0.9114772490409723	0.0885227509590277
0.4215501270965477	0.5784498729034523
0.02006216781051795	0.979937832189482
0.017896108055056925	0.9821038919449431
0.670549633994364	0.3294503660056361
0.39172034775165865	0.6082796522483414
0.8144356115281721	0.18556438847182788
0.2644229667947041	0.7355770332052959
0.003445968963060708	0.9965540310369393
0.027148936513509914	0.9728510634864901
0.004037928858680706	0.9959620711413193
0.5605211028513517	0.4394788971486483
0.009388764627108137	0.9906112353728919
0.3407916659798246	0.6592083340201754
0.9664637996332522	0.03353620036674777
0.4582822186542783	0.5417177813457217
0.9374674341270268	0.06253256587297322
0.9166001793887915	0.08339982061120849
0.9612869278816806	0.03871307211831947
0.9426742050182426	0.05732579498175743
0.9042574204672209	0.09574257953277908
0.03305059741483196	0.966949402585168
0.6605216389905637	0.3394783610094363
0.8070793600195098	0.19292063998049025
0.5185658407625129	0.4814341592374871
0.9561833888480492	0.043816611151950804
0.9453182958729066	0.054681704127093354
0.9345119862419818	0.0654880137580182
0.9794032165610267	0.020596783438973323
0.9614812285122739	0.03851877148772609
0.9830287347489876	0.016971265251012415
0.564965465443378	0.43503453455662205
0.8962087521874075	0.10379124781259257
0.0050963248491651125	0.9949036751508349
0.9162049610661368	0.08379503893386324
0.9077190053328307	0.0922809946671693
0.3017577628514416	0.6982422371485584
0.6815038530926734	0.3184961469073266
0.8061879175141824	0.19381208248581766
0.9304270713952951	0.06957292860470485
0.8730800870475599	0.12691991295244007
0.048713727449328226	0.9512862725506718
0.9206577868376603	0.07934221316233968
0.8603124136525682	0.1396875863474318
0.8453397401251277	0.15466025987487234
0.824306731104891	0.17569326889510894
0.8234469687527415	0.17655303124725846
0.9449829634034486	0.055017036596551425
0.5792168310283639	0.4207831689716362
0.9234427470513359	0.0765572529486641
0.9614474065652154	0.03855259343478453
0.341927832564637	0.658072167435363
0.7406462396481268	0.25935376035187324
0.8904349623121087	0.1095650376878913
0.9677041877070316	0.03229581229296838
0.8936763965114765	0.10632360348852354
0.9050202104045034	0.09497978959549662
0.662967130906271	0.33703286909372904
0.7836880885713955	0.2163119114286045
0.987577215781018	0.01242278421898197
0.996151138069292	0.0038488619307079637
0.9273077422973769	0.07269225770262311
0.781317142909354	0.218682857090646
0.9893661680209872	0.010633831979012744
0.8738081807719552	0.1261918192280448
0.864029900265565	0.135970099734435
0.9501387950005529	0.04986120499944709
0.0841976896643063	0.9158023103356937
0.5981296292926672	0.40187037070733284
0.9735299947997097	0.02647000520029033
0.855837620541069	0.14416237945893098
0.8832423384683354	0.1167576615316645
0.9859081630338298	0.01409183696617019
0.8356351500895851	0.1643648499104149
0.9439028793087083	0.056097120691291635
0.8434304690247453	0.15656953097525475
0.9866311169847886	0.013368883015211441
0.9162874689091106	0.08371253109088934
0.45858352958623305	0.541416470413767
0.007714459324428713	0.9922855406755713
0.9712662686155821	0.02873373138441796
0.9770679905766665	0.022932009423333493
0.08799071857618612	0.9120092814238139
0.969744267295379	0.03025573270462103
0.9428884128506896	0.05711158714931043
0.852860981594789	0.147139018405211
0.9175746098108863	0.08242539018911368
0.1530484793802167	0.8469515206197833
0.46082199082986286	0.5391780091701371
0.9200034409577413	0.07999655904225862
0.9857794882375915	0.014220511762408503
0.20040288565697917	0.7995971143430208
0.7398718981961583	0.26012810180384166
0.5986740848060557	0.40132591519394434
0.3681790779877707	0.6318209220122293
0.6738267730827161	0.32617322691728384
0.19428095519560185	0.8057190448043982
0.8657042963029409	0.13429570369705918
0.010352379436149417	0.9896476205638506
0.6203615224750672	0.37963847752493285
0.8547039933593614	0.14529600664063858
0.9842955994434128	0.0157044005565872
0.014826488586163311	0.9851735114138367
0.6451599534140936	0.3548400465859064
0.0186185695315072	0.9813814304684928
0.17093068722250127	0.8290693127774987
0.5290180688444299	0.4709819311555701
0.3071063357923819	0.6928936642076181
0.8562880737299047	0.14371192627009532
0.9277450259042539	0.07225497409574606
0.9414485799760552	0.05855142002394474
0.6749238049393979	0.32507619506060215
0.026490626096411507	0.9735093739035885
0.9350563152750453	0.06494368472495467
0.48595838268406777	0.5140416173159322
0.9750653492708877	0.024934650729112322
0.9636364934193379	0.036363506580662126
0.9641147973814843	0.03588520261851564
0.9346897661470155	0.0653102338529845
0.9366399638010614	0.0633600361989386
0.9302801507158839	0.0697198492841161
0.9883775731109057	0.0116224268890943
0.9164082051807523	0.08359179481924776
0.9863970014515093	0.013602998548490642
0.8340608019593596	0.16593919804064045
0.9158760561787266	0.08412394382127346
0.9546949918796986	0.04530500812030137
0.4574631502405805	0.5425368497594195
0.9357782136288807	0.06422178637111935
0.9086300393885972	0.09136996061140276
0.7441612870935812	0.2558387129064188
0.9213826081116815	0.07861739188831851
0.3496780972691471	0.6503219027308529
0.9622626813452659	0.037737318654734106
0.9920832212694	0.007916778730599988
0.9629179326159881	0.03708206738401186
0.9502173242867348	0.04978267571326523
0.13015767097164976	0.8698423290283502
0.8616771913874193	0.1383228086125807
0.7069199755378246	0.29308002446217535
0.9401498004633213	0.05985019953667868
0.9329850045395485	0.06701499546045156
0.6096496006771825	0.39035039932281745
0.9184000438271284	0.08159995617287166
0.09799127488990433	0.9020087251100957
0.9159217676361403	0.08407823236385974
0.015757820462579453	0.9842421795374205
0.9186054739608348	0.08139452603916518
0.9274807166924974	0.07251928330750262
0.3429367773837938	0.6570632226162062
0.8657787216653077	0.13422127833469236
0.9600321394720088	0.0399678605279912
0.9156565469569649	0.08434345304303514
0.9173657635088877	0.08263423649111236
0.41779552700942346	0.5822044729905765
0.7774460329962202	0.2225539670037798
0.8021397590479746	0.19786024095202537
0.934707748392301	0.06529225160769908
0.5391003444036896	0.4608996555963104
0.9113096709216703	0.08869032907832973
0.013563866658855561	0.9864361333411444
0.251040889793931	0.748959110206069
0.767161943997074	0.23283805600292595
0.8119423059673865	0.18805769403261346
0.9362948626636447	0.06370513733635527
0.012915271781626658	0.9870847282183733
0.9838673906528506	0.016132609347149468
0.016147911623705102	0.9838520883762949
0.8831262495719641	0.116873750428036
0.9690619127721439	0.030938087227856074
0.8271032338760758	0.1728967661239243
0.9485461090258028	0.051453890974197176
0.6539778961332448	0.3460221038667552
0.8385293844659636	0.16147061553403638
0.9423692212118391	0.057630778788160975
0.9349150632047407	0.06508493679525924
0.9438846650789622	0.05611533492103777
0.10197399503853066	0.8980260049614693
0.0007421216856695612	0.9992578783143304
0.8345680906469028	0.16543190935309718
0.047850424044378115	0.9521495759556219
0.09100678827633446	0.9089932117236655
0.0018555539349798256	0.9981444460650202
0.0442136263204308	0.9557863736795692
0.00045811661134853576	0.9995418833886515
0.08422145488395816	0.9157785451160418
0.004013316022265734	0.9959866839777343
0.0049118685804164786	0.9950881314195835
0.04264535995114327	0.9573546400488567
0.05445233044267139	0.9455476695573286
0.2927209404409842	0.7072790595590158
0.0008443746944037933	0.9991556253055962
0.6160069208741173	0.38399307912588265
0.9323816646051938	0.06761833539480626
0.3450437383441509	0.6549562616558491
0.665434669594649	0.33456533040535097
0.8012463360355732	0.19875366396442687
0.9491348445775812	0.05086515542241874
0.44859620333706396	0.551403796662936
0.931656334916805	0.06834366508319495
0.8358662435407131	0.16413375645928682
0.925871379478147	0.07412862052185298
0.9313903373724821	0.06860966262751783
0.9270764054876723	0.0729235945123277
0.9900894275659602	0.009910572434039836
0.9564063037099322	0.043593696290067784
0.8682142530096828	0.1317857469903172
0.9580156467647244	0.0419843532352756
0.9017503784521232	0.09824962154787671
0.9409513520971193	0.05904864790288064
0.9458353768591337	0.0541646231408663
0.9461579198634609	0.05384208013653907
0.9142279934571934	0.0857720065428066
0.9562975601516479	0.04370243984835206
0.9517262513961682	0.048273748603831795
0.9016706446748449	0.0983293553251551
0.9170027323266783	0.08299726767332168
0.9146672524819034	0.0853327475180966
0.9918854328611132	0.008114567138886768
0.5563523607041454	0.44364763929585466
0.6831420167952972	0.3168579832047028
0.9212821012533478	0.07871789874665225
0.9787131259156934	0.021286874084306587
0.9409752097738698	0.059024790226130115
0.9406118970285235	0.05938810297147643
0.6207178960482851	0.37928210395171486
0.9119895834982058	0.08801041650179421
0.0964585049009723	0.9035414950990277
0.9226367933460191	0.07736320665398083
0.983032122443584	0.016967877556415992
0.9108567054312507	0.0891432945687493
0.11136634568933057	0.8886336543106694
0.9080201499161588	0.09197985008384123
0.9532955515320879	0.046704448467912114
0.9434861405449133	0.05651385945508673
0.18389760467639882	0.8161023953236012
0.9705118360854393	0.029488163914560633
0.9837431838879604	0.016256816112039586
0.5087725341064588	0.4912274658935412
0.4848304316069073	0.5151695683930927
0.010721970244357726	0.9892780297556423
0.7735583144843877	0.22644168551561228
0.562393263841424	0.437606736158576
0.061698996707974296	0.9383010032920257
0.9217518683789676	0.07824813162103239
0.854853108123105	0.14514689187689503
0.47902368190104927	0.5209763180989507
0.9208644863790177	0.07913551362098221
0.2997156235133105	0.7002843764866895
0.9604209110434603	0.039579088956539735
0.9358312617921306	0.06416873820786938
0.23856961833873203	0.761430381661268
0.06519350031262139	0.9348064996873786
0.9463052002371812	0.053694799762818796
0.9802950380488609	0.019704961951139077
0.024014041436332123	0.9759859585636679
0.9569234001037902	0.04307659989620982
0.9875770354385459	0.012422964561454076
0.918215516720993	0.081784483279007
0.16930025142542526	0.8306997485745747
0.2776559227076034	0.7223440772923966
0.006418269527655784	0.9935817304723442
0.038669001741350684	0.9613309982586493
0.7656714000965519	0.23432859990344815
0.24914608837633068	0.7508539116236693
0.24660127359287065	0.7533987264071293
0.004954363494583558	0.9950456365054164
0.05881490536650846	0.9411850946334915
0.15585700386843315	0.8441429961315668
0.9510478711963437	0.04895212880365628
0.9710372645632263	0.02896273543677374
0.9126527074192777	0.08734729258072225
0.8678209269736128	0.13217907302638715
0.4696226637168802	0.5303773362831198
0.044763235077105	0.955236764922895
0.06465550678747178	0.9353444932125282
0.8162454680641444	0.1837545319358555
0.9838998855700493	0.016100114429950702
0.98054350725204	0.019456492747959974
0.09149018341989457	0.9085098165801054
0.9223348246449614	0.07766517535503857
0.6028616280099489	0.3971383719900511
0.5663968030195428	0.43360319698045724
0.7956879706044794	0.20431202939552065
0.6304325855858273	0.36956741441417273
0.20346388503798551	0.7965361149620145
0.7431317386457025	0.2568682613542975
0.15057654382316876	0.8494234561768312
0.015706770627076705	0.9842932293729233
0.13644489535170623	0.8635551046482938
0.0068193020684101935	0.9931806979315898
0.5107864941083586	0.48921350589164136
0.19537652785040915	0.8046234721495908
0.10334040921032361	0.8966595907896764
0.8578193470883433	0.14218065291165677
0.6680366578908976	0.3319633421091024
0.9283783764428127	0.07162162355718725
0.9052053141789016	0.09479468582109837
0.02307595572269161	0.9769240442773084
0.3786363001226265	0.6213636998773735
0.020322438193375536	0.9796775618066245
0.3438024252738796	0.6561975747261204
0.007356294032930699	0.9926437059670693
0.5881037589304136	0.41189624106958644
0.8332053745118781	0.1667946254881218
0.020598576006208957	0.979401423993791
0.916934674752106	0.08306532524789399
0.9601492502638043	0.03985074973619573
0.8300406318489716	0.16995936815102844
0.3145822238346332	0.6854177761653668
0.4127690372862014	0.5872309627137986
0.007113680979631609	0.9928863190203684
0.038471478045146945	0.961528521954853
0.09509752019008655	0.9049024798099135
0.8120281427641441	0.18797185723585585
0.9470513978190287	0.05294860218097136
0.009844947704752194	0.9901550522952478
0.008656155297167123	0.9913438447028329
0.9882602024231372	0.011739797576862882
0.7874807539898228	0.21251924601017727
0.4889972056450689	0.5110027943549311
0.938698197417308	0.061301802582692036
0.9258620277347094	0.07413797226529066
0.499124846905156	0.500875153094844
0.6470657613357369	0.35293423866426304
0.910225116190968	0.08977488380903197
0.9425746510306436	0.057425348969356325
0.9829487393476085	0.017051260652391514
0.2986825297178083	0.7013174702821917
0.7995755130203984	0.2004244869796016
0.9268623142163057	0.0731376857836943
0.9135648184611627	0.08643518153883734
0.016541889790213204	0.9834581102097868
0.9031488446960104	0.09685115530398958
0.9182246244919393	0.08177537550806073
0.9115152358794906	0.08848476412050939
0.15040303643995656	0.8495969635600434
0.8305037707875256	0.16949622921247445
0.07203995620114223	0.9279600437988578
0.9195378218824888	0.08046217811751125
0.8308452840019999	0.1691547159980001
0.5455187206664365	0.4544812793335635
0.08333734158412553	0.9166626584158745
0.5392850401246636	0.46071495987533634
0.029580634395120375	0.9704193656048796
0.9300427003220912	0.06995729967790876
0.18181231313510005	0.8181876868649
0.38858567001533173	0.6114143299846683
0.11195061502498538	0.8880493849750146
0.932813617556007	0.06718638244399298
0.7660673813864357	0.2339326186135643
0.27582383106644004	0.72417616893356
0.7994605844059126	0.20053941559408744
0.048208438892146654	0.9517915611078533
0.9886208311984858	0.011379168801514248
0.037500633484718326	0.9624993665152817
0.02418706208047927	0.9758129379195207
0.05784317553898721	0.9421568244610128
0.5614527163715751	0.4385472836284249
0.02862633432789674	0.9713736656721033
0.09227526296486477	0.9077247370351352
0.8805497726765703	0.11945022732342972
0.922348800111735	0.077651199888265
0.7849981751617559	0.21500182483824412
0.9552356649158651	0.04476433508413488
0.9288002202204816	0.07119977977951841
0.9292884142454783	0.07071158575452176
0.8504527395042141	0.14954726049578587
0.93892273205241	0.061077267947590046
0.7712773200126082	0.22872267998739185
0.9329987377716654	0.06700126222833457
0.8738741793011983	0.12612582069880174
0.48140252352164337	0.5185974764783566
0.9307412365167671	0.06925876348323291
0.9098537505599178	0.09014624944008225
0.23286455476923795	0.767135445230762
0.9387145608643177	0.06128543913568234
0.9286643351059891	0.07133566489401086
0.8905469194857412	0.10945308051425888
0.9458166532411241	0.054183346758875914
0.004653868470927192	0.9953461315290728
0.46599663167145833	0.5340033683285417
0.8706918151748275	0.12930818482517248
0.07981329747445742	0.9201867025255426
0.11978856983951525	0.8802114301604848
0.715466010490101	0.2845339895098991
0.07370916545540684	0.9262908345445932
0.9746574577422787	0.02534254225772126
0.9286077521733294	0.07139224782667059
0.9407970212122582	0.059202978787741806
0.9255700551695903	0.07442994483040963
0.9576748187125979	0.04232518128740219
0.10997949517126093	0.8900205048287391
0.539176322182872	0.4608236778171279
0.6487341006468812	0.3512658993531188
0.6445402088027896	0.35545979119721033
0.6841966509068164	0.31580334909318364
0.9449438093273832	0.055056190672616745
0.9455719884353312	0.05442801156466881
0.33175489741692543	0.6682451025830746
0.837468786361548	0.16253121363845197
0.9314857121896886	0.06851428781031146
0.9690008810366235	0.030999118963376485
0.21121639159077776	0.7887836084092222
0.28285774257433505	0.717142257425665
0.9548063333535272	0.04519366664647288
0.27603191760606394	0.7239680823939361
0.8844782547502825	0.11552174524971745
0.8987349819729837	0.10126501802701621
0.47822979132143795	0.521770208678562
0.9659516404939958	0.03404835950600418
0.9434535672321346	0.05654643276786545
0.9441241584330419	0.0558758415669581
0.9388811855137845	0.0611188144862155
0.9277336901680093	0.07226630983199073
0.9151984403736368	0.08480155962636311
0.9332050282966053	0.06679497170339464
0.06636168713778812	0.9336383128622119
0.27277711172077335	0.7272228882792267
0.01722857553902213	0.9827714244609779
0.9440269931924994	0.05597300680750066
0.9204293750517174	0.07957062494828257
0.9286515257862632	0.07134847421373683
0.8330968548401867	0.16690314515981336
0.9384166360791675	0.06158336392083256
0.7912832403080573	0.20871675969194267
0.7767852801193045	0.22321471988069555
0.9344941409170822	0.06550585908291782
0.952774444790317	0.04722555520968301
0.9462168273516018	0.0537831726483981
0.8375248364552101	0.16247516354478983
0.9215555615845871	0.07844443841541295
0.9511985481832302	0.04880145181676974
0.2743702633657239	0.7256297366342761
0.6348895180008718	0.36511048199912816
0.9556506717720177	0.044349328227982376
0.9493261563145541	0.0506738436854459
0.8540470340085439	0.1459529659914561
0.8343678553095037	0.1656321446904963
0.956361666282628	0.04363833371737202
0.863286895181601	0.13671310481839907
0.9243972101126564	0.07560278988734359
0.9131430683896453	0.0868569316103547
0.2920519184848639	0.7079480815151361
0.037220763808673785	0.9627792361913262
0.9886724494866039	0.011327550513396047
0.9528081335793016	0.04719186642069836
0.961560020451582	0.03843997954841804
0.9168072211376197	0.08319277886238031
0.9556261966803197	0.044373803319680334
0.9008534409297617	0.09914655907023825
0.9289534250320997	0.0710465749679003
0.8250346990220014	0.1749653009779985
0.9140930678606145	0.08590693213938544
0.8391869753341947	0.16081302466580527
0.9860522586986757	0.013947741301324253
0.9266881375059722	0.0733118624940278
0.018600582079726036	0.981399417920274
0.9478087570452629	0.052191242954737115
0.7943315755208475	0.2056684244791524
0.6652170175106239	0.3347829824893761
0.014691537164816304	0.9853084628351837
0.02859419291096299	0.971405807089037
0.9019860173783589	0.09801398262164107
0.912974944855619	0.08702505514438101
0.9621904920722408	0.03780950792775912
0.8613777854880176	0.13862221451198242
0.9577987601015109	0.04220123989848916
0.9292092068267996	0.07079079317320038
0.9848878543751702	0.01511214562482976
0.5663624001538174	0.4336375998461825
0.9533725790194755	0.04662742098052452
0.9489080820535347	0.05109191794646527
0.939644097289252	0.06035590271074797
0.556678319096267	0.4433216809037331
0.9345946254306096	0.06540537456939045
0.9818783011735588	0.018121698826441192
0.9381666337037501	0.0618333662962499
0.7882354436898927	0.21176455631010727
0.9309853610776411	0.06901463892235889
0.9452399989154397	0.054760001084560236
0.9301576800233928	0.06984231997660713
0.9839133403189035	0.01608665968109646
0.895108955333581	0.10489104466641894
0.9542956461014316	0.04570435389856845
0.6373956645635465	0.36260433543645354
0.897538152058641	0.10246184794135899
0.22136815165006396	0.778631848349936
0.9190274937574795	0.08097250624252054
0.15733301375350628	0.8426669862464937
0.8708552965474545	0.12914470345254542
0.2381770831414861	0.7618229168585139
0.07664962649420748	0.9233503735057925
0.962065356060255	0.03793464393974496
0.9441775028684093	0.05582249713159066
0.8588249872447804	0.14117501275521954
0.9245291717987646	0.07547082820123538
0.01679918755018106	0.9832008124498189
0.7545504163362281	0.24544958366377193
0.11374482875099223	0.8862551712490078
0.18220241896336453	0.8177975810366355
0.6491280712959978	0.3508719287040022
0.005126311682386642	0.9948736883176134
0.8670358057524825	0.13296419424751754
0.907589116177273	0.09241088382272702
0.229480910018108	0.770519089981892
0.9139682056110132	0.08603179438898684
0.9280468441656405	0.07195315583435949
0.9625761513838748	0.037423848616125216
0.9455930439331104	0.05440695606688965
0.9429495489179961	0.05705045108200392
0.9799393767150125	0.020060623284987464
0.5472969151064547	0.45270308489354527
0.9211148030465538	0.07888519695344616
0.36178465577403296	0.638215344225967
0.9178861606941505	0.08211383930584949
0.06274317044360522	0.9372568295563948
0.8798152892576524	0.12018471074234756
0.7675313855138366	0.2324686144861634
0.8994138050431897	0.10058619495681036
0.9345541108113496	0.06544588918865031
0.523318001999567	0.476681998000433
0.37771046130908714	0.6222895386909129
0.9274163154382196	0.07258368456178042
0.9417842902605887	0.05821570973941131
0.9058744483352442	0.09412555166475577
0.5175464796924353	0.4824535203075647
0.5583299031148132	0.44167009688518677
0.8712785267315755	0.12872147326842454
0.9249370094531247	0.07506299054687525
0.9158676891667556	0.08413231083324439
0.4315387800811935	0.5684612199188065
0.05882513462125538	0.9411748653787446
0.9678683419590622	0.032131658040937774
0.9093502627401766	0.09064973725982338
0.03062830660359761	0.9693716933964024
0.9149478850060411	0.08505211499395897
0.9720318239618323	0.02796817603816775
0.8345228902840433	0.16547710971595678
0.978481341102435	0.021518658897565015
0.8100357715406792	0.1899642284593208
0.8503187418252679	0.1496812581747321
0.9802699994046878	0.01973000059531214
0.8016095358341828	0.19839046416581713
0.832668664826116	0.167331335173884
0.12829105934500673	0.8717089406549933
0.547686243948011	0.4523137560519889
0.9422793541478554	0.05772064585214467
0.8615729825013001	0.13842701749869984
0.5940253815443675	0.40597461845563254
0.09882394548910989	0.9011760545108901
0.9333155512137372	0.06668444878626281
0.018448947600188892	0.9815510523998111
0.22415011845023425	0.7758498815497658
0.034508303018260134	0.9654916969817399
0.5432202568873603	0.4567797431126397
0.7374903386577497	0.2625096613422503
0.9759949300091393	0.024005069990860713
0.8645546275352325	0.1354453724647675
0.2393364062530844	0.7606635937469156
0.987278909767507	0.012721090232492991
0.8468859599077969	0.15311404009220314
0.4395829049445328	0.5604170950554672
0.006275855577039691	0.9937241444229603
0.1938087198636944	0.8061912801363056
0.018074232260513745	0.9819257677394863
0.0018078336324752753	0.9981921663675247
0.06291879002099654	0.9370812099790035
0.7345516677549648	0.2654483322450351
0.24796644598602102	0.752033554013979
0.011981033184942258	0.9880189668150577
0.3767969271646596	0.6232030728353404
0.1683135135056537	0.8316864864943463
0.003297047791046892	0.9967029522089531
0.0009280799759552316	0.9990719200240448
0.014419401315653224	0.9855805986843468
0.005481140532235251	0.9945188594677647
0.20515204075274007	0.7948479592472599
0.7849432307862098	0.21505676921379027
0.6689586942044919	0.33104130579550806
0.9358040625971668	0.06419593740283328
0.7553400656308101	0.2446599343691899
0.9278807351316245	0.07211926486837555
0.9297988372223067	0.07020116277769324
0.0012110290025071357	0.9987889709974929
0.9201875081844518	0.07981249181554814
0.27966875031935534	0.7203312496806447
0.9436902990061772	0.0563097009938228
0.23687877632558363	0.7631212236744164
0.9622738062112146	0.037726193788785355
0.3771751877636087	0.6228248122363913
0.9389762243753906	0.06102377562460935
0.9139471063634379	0.08605289363656209
0.48568762476053173	0.5143123752394683
0.837662113638214	0.16233788636178606
0.9301030346821993	0.06989696531780061
0.9501667605040707	0.049833239495929285
0.7813759472421717	0.21862405275782829
0.3877294761517436	0.6122705238482564
0.9243276527157027	0.07567234728429734
0.9502671344489603	0.04973286555103971
0.018647700456078553	0.9813522995439214
0.9231145134085098	0.07688548659149022
0.9160090757730152	0.08399092422698484
0.7196903679417543	0.2803096320582457
0.0438560762542326	0.9561439237457674
0.07208603683904102	0.927913963160959
0.9426302256810396	0.057369774318960426
0.010962288173861134	0.9890377118261389
0.6376137373329389	0.36238626266706114
0.7978645793340411	0.2021354206659589
0.7694339820193867	0.23056601798061324
0.4762231050778205	0.5237768949221795
0.5319243967325585	0.46807560326744146
0.9476272664307365	0.05237273356926348
0.7234293584278959	0.2765706415721041
0.2840976020154409	0.7159023979845591
0.22369266672232346	0.7763073332776765
0.9000742881507524	0.09992571184924756
0.8134636810569918	0.18653631894300818
0.795637164755681	0.20436283524431903
0.15709157338474822	0.8429084266152518
0.6122398988798142	0.3877601011201858
0.7108338746251108	0.2891661253748892
0.8186993423969247	0.18130065760307532
0.933311112975208	0.06668888702479205
0.08385316707798285	0.9161468329220172
0.6448218687204389	0.3551781312795611
0.07516659493857458	0.9248334050614254
0.6445240726703485	0.35547592732965155
0.04809767948834587	0.9519023205116541
0.9546053348458752	0.045394665154124825
0.9592807834937923	0.04071921650620766
0.854860604701761	0.14513939529823908
0.913551495760393	0.08644850423960704
0.8773117353723395	0.1226882646276605
0.9310914090528865	0.06890859094711356
0.916164668636599	0.08383533136340103
0.003297559562791541	0.9967024404372085
0.9370210130059657	0.06297898699403427
0.8701067463164289	0.12989325368357113
0.483542817671748	0.516457182328252
0.906113252204655	0.09388674779534496
0.28121862464439285	0.7187813753556072
0.9150826979283553	0.08491730207164472
0.11953423820878295	0.880465761791217
0.46714553283070137	0.5328544671692986
0.9184301271480416	0.0815698728519584
0.18487380444661816	0.8151261955533818
0.823883888953599	0.17611611104640104
0.9520307342437775	0.047969265756222554
0.9132510083895533	0.08674899161044675
0.924757861052665	0.07524213894733495
0.948386866871082	0.05161313312891801
0.9029569006525632	0.09704309934743682
0.8655864472935817	0.1344135527064183
0.8465439637241177	0.1534560362758823
0.9060847184078803	0.09391528159211969
0.009747390522698574	0.9902526094773014
0.058533359920141304	0.9414666400798587
0.870157489788414	0.12984251021158602
0.517909355447445	0.48209064455255507
0.5497607610901704	0.45023923890982964
0.009921393060063899	0.9900786069399361
0.1061389750587578	0.8938610249412422
0.2321982044836497	0.7678017955163503
0.9646751402836855	0.03532485971631449
0.5606664229934852	0.43933357700651476
0.4259655244045695	0.5740344755954305
0.8528570615377251	0.14714293846227494
0.9291256569456153	0.0708743430543847
0.027477497995717637	0.9725225020042824
0.9153761657442	0.08462383425579996
0.7844789625002218	0.21552103749977825
0.28820044282123813	0.7117995571787619
0.9399570175855925	0.060042982414407475
0.36097932668489363	0.6390206733151064
0.9396186122479795	0.060381387752020496
0.9363027569819334	0.0636972430180666
0.710855244840031	0.28914475515996896
0.27638816451440507	0.7236118354855949
0.9171792128223611	0.08282078717763883
0.4172264371842622	0.5827735628157378
0.6064638778078942	0.39353612219210576
0.9308281368167993	0.06917186318320064
0.9385931816707139	0.061406818329286086
0.8197637654777535	0.18023623452224644
0.9111301190055935	0.08886988099440653
0.9209326324230797	0.0790673675769203
0.912688408497847	0.08731159150215294
0.960164788629442	0.039835211370558
0.8113976021008775	0.18860239789912242
0.9253432234997961	0.07465677650020387
0.9633370585814658	0.03666294141853417
0.09491266046173852	0.9050873395382615
0.8124747542558084	0.18752524574419155
0.8638532841000068	0.13614671589999314
0.8424895594088856	0.15751044059111444
0.9896097716835752	0.010390228316424787
0.5646412468479571	0.43535875315204287
0.9132811009283225	0.08671889907167755
0.942588454622767	0.05741154537723304
0.9034938321089954	0.09650616789100468
0.9258793947912183	0.07412060520878173
0.8733306314504516	0.1266693685495484
0.5105369278656744	0.4894630721343256
0.9220018491016834	0.07799815089831667
0.03573104096232649	0.9642689590376735
0.964776642150005	0.03522335784999496
0.9316616513826853	0.06833834861731472
0.9309305832981649	0.06906941670183508
0.9221282349665275	0.07787176503347246
0.9864520352059188	0.013547964794081128
0.9541130216551628	0.045886978344837286
0.8681739442443844	0.13182605575561557
0.2260634399696293	0.7739365600303707
0.9256597662136876	0.07434023378631235
0.926097885875408	0.07390211412459205
0.9187371388731043	0.0812628611268957
0.8988821847527927	0.10111781524720734
0.3348303308887922	0.6651696691112078
0.515152991551138	0.48484700844886197
0.9005955217587369	0.09940447824126308
0.9493213899524194	0.050678610047580515
0.7216341901744867	0.27836580982551323
0.9636771359215293	0.03632286407847075
0.9313440584167793	0.06865594158322073
0.04976447065646883	0.9502355293435312
0.8901648701275416	0.10983512987245833
0.8065541548137201	0.19344584518627997
0.984037604131655	0.015962395868345053
0.3289565476584563	0.6710434523415437
0.9608958974766051	0.03910410252339486
0.9513507657832346	0.04864923421676534
0.9311648929889128	0.06883510701108717
0.6946933813049159	0.3053066186950841
0.9439799053398132	0.05602009466018676
0.8557446127519249	0.14425538724807507
0.8952847901332757	0.10471520986672432
0.9332310207175095	0.06676897928249045
0.5689912321654167	0.43100876783458325
0.5752885241638797	0.42471147583612034
0.909270157548184	0.09072984245181602
0.8340728138671127	0.16592718613288723
0.3949039045099575	0.6050960954900425
0.8861579020745496	0.1138420979254504
0.9143780566801664	0.08562194331983365
0.4860655720210494	0.5139344279789506
0.9178720969140923	0.08212790308590771
0.9327654830746057	0.06723451692539428
0.013157026368558089	0.9868429736314419
0.028801803563356154	0.9711981964366438
0.4746206185590922	0.5253793814409078
0.4576974493100554	0.5423025506899446
0.5582167475045319	0.4417832524954681
0.8936036414735544	0.10639635852644559
0.6978016415855326	0.30219835841446746
0.07875516502460156	0.9212448349753984
0.5534764659488204	0.4465235340511796
0.02504484235321769	0.9749551576467823
0.2339725146125453	0.7660274853874547
0.08790706884752031	0.9120929311524797
0.6639673954036334	0.3360326045963667
0.8818218976252146	0.11817810237478543
0.9312295756205837	0.06877042437941626
0.010635553054855418	0.9893644469451446
0.919688956580933	0.08031104341906703
0.9446550627438822	0.055344937256117756
0.924357482284088	0.075642517715912
0.46638413279041435	0.5336158672095856
0.36049146744148874	0.6395085325585113
0.9231308934850375	0.07686910651496245
0.010017252453530023	0.98998274754647
0.9476870912294908	0.05231290877050923
0.9349480952497823	0.06505190475021767
0.02478791673772618	0.9752120832622738
0.8119143085139892	0.18808569148601081
0.9619721743859309	0.03802782561406911
0.8418374678413615	0.15816253215863849
0.8070199298614542	0.19298007013854585
0.8937617128410392	0.10623828715896082
0.931224656904408	0.06877534309559195
0.9586239998418266	0.04137600015817342
0.9361216227185705	0.06387837728142949
0.9531330764318293	0.04686692356817071
0.9503688304981804	0.04963116950181954
0.9105668884543371	0.0894331115456629
0.7346072297312831	0.2653927702687169
0.923062172059109	0.07693782794089096
0.9082757348306209	0.09172426516937912
0.3124296026318194	0.6875703973681806
0.9824016979442168	0.01759830205578312
0.8726941108671695	0.12730588913283047
0.8541858664674442	0.14581413353255582
0.5962688207324762	0.40373117926752383
0.09429466236475137	0.9057053376352486
0.9319203984207108	0.0680796015792892
0.029293785106925374	0.9707062148930746
0.9117969021984612	0.08820309780153879
0.8661740990008616	0.1338259009991384
0.8984518765579059	0.10154812344209413
0.4368173728647865	0.5631826271352135
0.5601901616234943	0.43980983837650567
0.9060270510056779	0.09397294899432211
0.30677563973069166	0.6932243602693083
0.003373431619365541	0.9966265683806345
0.3971222859450233	0.6028777140549767
0.9305160061271947	0.0694839938728054
0.9830358772958051	0.01696412270419491
0.01822960175310917	0.9817703982468908
0.9460087249109967	0.0539912750890033
0.06303584773150495	0.936964152268495
0.4228409849300909	0.5771590150699091
0.9407902638513463	0.05920973614865365
0.9157918204947149	0.08420817950528509
0.9423656488968312	0.05763435110316884
0.9862061996549236	0.013793800345076424
0.9144838188153555	0.0855161811846446
0.6541712593539264	0.34582874064607355
0.8225971169212416	0.17740288307875846
0.9184155065132107	0.08158449348678931
0.020239765254009057	0.9797602347459909
0.026839581574863103	0.9731604184251369
0.9630336336151626	0.036966366384837385
0.930331649563908	0.069668350436092
0.24936224876965762	0.7506377512303424
0.95899921612496	0.04100078387504004
0.9124565602293547	0.08754343977064526
0.44302635304308324	0.5569736469569168
0.0030777335721130505	0.996922266427887
0.10640435436675555	0.8935956456332445
0.9772700957682836	0.02272990423171642
0.982301693624629	0.017698306375370947
0.9316475826053704	0.06835241739462958
0.10320881206182497	0.896791187938175
0.9441848680811319	0.055815131918868076
0.9616341794277116	0.03836582057228848
0.9385808925186285	0.061419107481371506
0.15741165236730814	0.8425883476326919
0.9129789200885301	0.08702107991146989
0.061926114117830444	0.9380738858821696
0.9372512243846844	0.06274877561531561
0.9316190056578995	0.0683809943421005
0.02332944724332975	0.9766705527566703
0.9420524105350928	0.057947589464907204
0.8195657785913167	0.18043422140868326
0.9102963434679148	0.08970365653208526
0.9477756318807838	0.052224368119216186
0.9550713354707931	0.04492866452920688
0.9741462270037264	0.025853772996273575
0.9120213026827042	0.08797869731729574
0.05585605576534569	0.9441439442346543
0.018199050870992495	0.9818009491290075
0.3195930951632364	0.6804069048367636
0.8581105964242303	0.14188940357576973
0.26788828744350857	0.7321117125564914
0.09962399999164862	0.9003760000083514
0.40289856945146485	0.5971014305485352
0.08581262744262264	0.9141873725573774
0.31205430783447485	0.6879456921655251
0.45359280184447937	0.5464071981555206
0.44235639678929795	0.557643603210702
0.8549371705041612	0.1450628294958388
0.9626167079037379	0.037383292096262115
0.6112958491937641	0.3887041508062359
0.6861830489431666	0.3138169510568334
0.9379166585580084	0.06208334144199158
0.940283565839042	0.059716434160957906
0.9389857029367912	0.061014297063208836
0.09101749864795672	0.9089825013520433
0.8103900561637088	0.18960994383629112
0.9660827590907994	0.03391724090920054
0.9600678083763036	0.03993219162369645
0.9305551552209103	0.06944484477908977
0.9545251057045513	0.04547489429544875
0.9423257647609339	0.05767423523906611
0.9289588645403783	0.07104113545962167
0.5721747955367986	0.4278252044632014
0.6206854218999079	0.37931457810009206
0.848985219916376	0.15101478008362404
0.03898400212458175	0.9610159978754182
0.9490574973902096	0.050942502609790434
0.8015027609512357	0.1984972390487643
0.9306823949254929	0.06931760507450713
0.9315511540344988	0.0684488459655012
0.46927609720716745	0.5307239027928325
0.7860973475311843	0.21390265246881568
0.9405123209993693	0.059487679000630685
0.9780042931622628	0.021995706837737192
0.9279100383545285	0.07208996164547157
0.9473324192133962	0.05266758078660383
0.8656141737897202	0.13438582621027986
0.9468641269546735	0.053135873045326555
0.5697098333769541	0.4302901666230458
0.9525546919839216	0.047445308016078325
0.017695636042925345	0.9823043639570747
0.7835165740808157	0.21648342591918437
0.5996480186509936	0.40035198134900635
0.5974925532588449	0.4025074467411552
0.8058892252061498	0.1941107747938502
0.914242715365346	0.08575728463465405
0.8351347781357658	0.16486522186423425
0.9844670884033665	0.015532911596633487
0.9238106847553063	0.07618931524469379
0.026213613593381035	0.973786386406619
0.7249672485462579	0.275032751453742
0.7938364140965822	0.20616358590341774
0.9100667078708028	0.0899332921291972
0.9099819701024536	0.09001802989754636
0.8661561019427662	0.1338438980572338
0.8678504319033034	0.1321495680966967
0.8973468038344944	0.10265319616550561
0.7829181124213968	0.21708188757860325
0.003996296938599486	0.9960037030614005
0.8429695598079352	0.1570304401920648
0.9212111029974237	0.07878889700257632
0.9195554481766972	0.08044455182330282
0.9452077411997168	0.05479225880028314
0.9252781054731976	0.07472189452680245
0.8024166846262445	0.1975833153737555
0.5347091864091998	0.46529081359080016
0.6997752378522548	0.30022476214774513
0.4826928990204523	0.5173071009795477
0.23424246197673526	0.7657575380232647
0.5049087723499284	0.4950912276500716
0.012958250366351676	0.9870417496336483
0.7694223326642751	0.23057766733572488
0.5927819832721045	0.4072180167278955
0.7707927127511108	0.22920728724888914
0.48766733100267823	0.5123326689973218
0.11804221053125175	0.8819577894687483
0.9422782762673148	0.0577217237326853
0.9318149879539754	0.06818501204602458
0.9573677810253198	0.04263221897468019
0.9104200115805318	0.08957998841946826
0.9076162184157555	0.09238378158424455
0.8607720748722614	0.13922792512773866
0.9367403640174199	0.06325963598258014
0.9376026131637025	0.062397386836297454
0.8541549860869906	0.14584501391300936
0.961504453950622	0.03849554604937802
0.029374058067436537	0.9706259419325635
0.9848451834965778	0.01515481650342221
0.005609882867943727	0.9943901171320563
0.939332751375733	0.06066724862426702
0.3971234293934066	0.6028765706065934
0.9119565990402525	0.08804340095974746
0.9469955008804094	0.05300449911959057
0.9494600502778259	0.05053994972217418
0.9017469668939517	0.09825303310604823
0.005930991658285367	0.9940690083417146
0.9400911788544545	0.05990882114554556
0.5098247481415246	0.49017525185847544
0.9468112138957991	0.05318878610420083
0.907347093796755	0.09265290620324493
0.9156386565525143	0.08436134344748569
0.9383857054240602	0.06161429457593978
0.9431480230355371	0.0568519769644629
0.9362761679272285	0.06372383207277155
0.8911958949076656	0.1088041050923344
0.8701555209341875	0.1298444790658125
0.37578574096738593	0.6242142590326141
0.7847570131076173	0.21524298689238275
0.5440911427259267	0.4559088572740732
0.9623394197442415	0.03766058025575842
0.34323339127669616	0.6567666087233038
0.8645978682311901	0.1354021317688099
0.9300267974603135	0.06997320253968656
0.043855990359980446	0.9561440096400196
0.8682253544431576	0.13177464555684235
0.9473317768458666	0.05266822315413342
0.9000981316416028	0.09990186835839722
0.9898269454900227	0.0101730545099773
0.9486783910196822	0.05132160898031783
0.9889963827569073	0.011003617243092715
0.9355804126658982	0.06441958733410186
0.010518674564576891	0.9894813254354231
0.9230919949696328	0.07690800503036718
0.24497095144626735	0.7550290485537327
0.035986645685236684	0.9640133543147633
0.6009487882566238	0.3990512117433762
0.947356797459809	0.05264320254019094
0.0011038437879353769	0.9988961562120646
0.8594056227544749	0.14059437724552512
0.898122101144692	0.10187789885530794
0.96768779301276	0.03231220698724002
0.9228301554446496	0.07716984455535034
0.92388236651601	0.07611763348399006
0.9528211818437884	0.04717881815621157
0.9413995183474837	0.05860048165251631
0.8899771753793995	0.11002282462060048
0.6415501880788947	0.35844981192110525
0.6519245958356901	0.34807540416430993
0.9306044873207788	0.06939551267922117
0.962508592738898	0.03749140726110202
0.9296077555190198	0.07039224448098022
0.9351235642580155	0.06487643574198458
0.982036912174928	0.017963087825072086
0.6249550815017169	0.3750449184982831
0.9219446643379624	0.0780553356620376
0.7913214088570961	0.20867859114290385
0.9481855906288549	0.05181440937114515
0.7195185832493629	0.2804814167506371
0.049493624745038045	0.950506375254962
0.9407511440352058	0.05924885596479426
0.7163266551026519	0.2836733448973481
0.9537070306884813	0.046292969311518745
0.15514660382613932	0.8448533961738607
0.6967318680506034	0.3032681319493966
0.00885471062953791	0.9911452893704621
0.9289673141004148	0.07103268589958518
0.9270445565512537	0.0729554434487463
0.9873126839812749	0.012687316018725105
0.9311339413276054	0.06886605867239463
0.9133238983175858	0.08667610168241428
0.9103485776241175	0.08965142237588257
0.9169271045766783	0.0830728954233217
0.9103567603415208	0.08964323965847926
0.6580509682424207	0.3419490317575793
0.9294114477660186	0.07058855223398137
0.9735325625828991	0.026467437417100937
0.8169234648104289	0.18307653518957107
0.9459125393152283	0.0540874606847717
0.9602070764776542	0.0397929235223458
0.9413215579485362	0.058678442051463754
0.40014559814821116	0.5998544018517888
0.6640726520127909	0.33592734798720914
0.6457315232770867	0.3542684767229133
0.9211725573439948	0.0788274426560052
0.9353074092805913	0.06469259071940868
0.9232696064463858	0.0767303935536142
0.9471028614092727	0.05289713859072733
0.889850053477141	0.11014994652285907
0.0010984461330295625	0.9989015538669704
0.8951041034469144	0.10489589655308566
0.03247911970572892	0.9675208802942711
0.8399336242365409	0.16006637576345903
0.9519677587592177	0.048032241240782356
0.006594524317178219	0.9934054756828218
0.5263138405680332	0.47368615943196674
0.5244469590001002	0.4755530409998998
0.7953922018988897	0.20460779810111035
0.8247505353778447	0.17524946462215532
0.9699942924057016	0.030005707594298485
0.5961835162425801	0.4038164837574199
0.932159356936622	0.06784064306337806
0.8055454346545078	0.19445456534549221
0.9534499166248489	0.04655008337515114
0.9295346529093286	0.07046534709067144
0.9342733629362114	0.0657266370637885
0.9147177771632751	0.08528222283672493
0.9624805729759266	0.03751942702407338
0.935257239811428	0.06474276018857196
0.8062110857197266	0.19378891428027345
0.31850674120961187	0.6814932587903881
0.9495119009964863	0.05048809900351375
0.9501147734029812	0.04988522659701879
0.9436119998091687	0.05638800019083136
0.5719622518642586	0.4280377481357414
0.6691138553296074	0.33088614467039257
0.7717241883970546	0.2282758116029454
0.7580058806634582	0.2419941193365418
0.021787716452961292	0.9782122835470387
0.9157282456361426	0.08427175436385737
0.018455445557511663	0.9815445544424883
0.9490810891527979	0.05091891084720208
0.9419732656524226	0.0580267343475774
0.9350942478457849	0.06490575215421515
0.8512822541811168	0.1487177458188832
0.924581225179175	0.0754187748208251
0.8455065683562143	0.1544934316437857
0.9327289216062147	0.06727107839378538
0.26354642940514916	0.7364535705948508
0.05615862622993395	0.943841373770066
0.9045422407869842	0.09545775921301577
0.9883030598063003	0.011696940193699658
0.28630263892994945	0.7136973610700506
0.5873050044188299	0.4126949955811701
0.8510965565464037	0.14890344345359632
0.8767752203458872	0.12322477965411287
0.9752391162025537	0.024760883797446304
0.7892122594478013	0.2107877405521987
0.025835103623939593	0.9741648963760604
0.002109902657361329	0.9978900973426387
0.9069993718429608	0.09300062815703929
0.939386368778283	0.06061363122171703
0.9215070199475094	0.07849298005249065
0.012353493062577492	0.9876465069374225
0.9626383033438153	0.037361696656184704
0.8641765142374067	0.13582348576259326
0.008571088915784064	0.9914289110842159
0.7381061975198322	0.26189380248016775
0.01721340265848814	0.9827865973415119
0.04011865024109462	0.9598813497589054
0.03429320074599351	0.9657067992540065
0.05493516196199666	0.9450648380380033
0.07264416285552311	0.9273558371444769
0.0332464565289885	0.9667535434710115
0.15259928788233446	0.8474007121176655
0.320798859569309	0.679201140430691
0.6197315143358197	0.3802684856641802
0.7606402548585542	0.23935974514144576
0.020881276917141367	0.9791187230828586
0.44263052354782917	0.5573694764521708
0.9466543997118041	0.05334560028819587
0.08479240380633513	0.9152075961936649
0.9039442367758328	0.09605576322416723
0.9771909135237126	0.02280908647628746
0.9029317141096148	0.09706828589038517
0.8418917842243401	0.15810821577565992
0.958189097255042	0.04181090274495802
0.45295765804725896	0.547042341952741
0.8515994728259136	0.14840052717408636
0.6400846980649322	0.35991530193506777
0.8659248641381896	0.1340751358618104
0.9541173106465124	0.04588268935348762
0.1171118642870983	0.8828881357129017
0.8842949120029615	0.11570508799703853
0.9715119055145006	0.028488094485499403
0.9062103771052007	0.09378962289479928
0.8524068184755762	0.14759318152442386
0.92144960077943	0.07855039922057004
0.9286177113903525	0.07138228860964745
0.6436570437811748	0.3563429562188251
0.03298003822329321	0.9670199617767068
0.9200918351435726	0.07990816485642738
0.5513182604455653	0.44868173955443463
0.9104334307619644	0.0895665692380356
0.5350817082614197	0.4649182917385804
0.8887450579869377	0.1112549420130623
0.9126626778830758	0.0873373221169243
0.7659698688758072	0.23403013112419285
0.5674566968470944	0.4325433031529055
0.8344177367937216	0.16558226320627847
0.9622482847531835	0.03775171524681652
0.8275772776430013	0.17242272235699874
0.9165518949712663	0.08344810502873362
0.9886016471307072	0.011398352869292843
0.5497924552356493	0.45020754476435065
0.9354230111260265	0.06457698887397348
0.07062467541062989	0.9293753245893701
0.27129841834859625	0.7287015816514038
0.8794196638306809	0.12058033616931908
0.8116040599301071	0.1883959400698929
0.9881450153339305	0.011854984666069459
0.75993490423844	0.24006509576156004
0.9045230042886098	0.09547699571139022
0.7928256803003412	0.20717431969965885
0.6883842811093948	0.3116157188906053
0.5961321602042756	0.4038678397957244
0.9300176935542624	0.0699823064457376
0.645609488900543	0.3543905110994569
0.8182872117330204	0.1817127882669795
0.7449148422834861	0.2550851577165139
0.9602496320350629	0.039750367964937194
0.08976883522904366	0.9102311647709563
0.5140046128438858	0.48599538715611423
0.9795598811998047	0.020440118800195195
0.4454336509941389	0.5545663490058611
0.9260655428683395	0.07393445713166048
0.05910319208190795	0.940896807918092
0.9802779830687283	0.019722016931271753
0.8077158660901648	0.19228413390983523
0.5140129193169611	0.4859870806830388
0.7301899435411034	0.2698100564588965
0.6658513603294556	0.33414863967054437
0.006259350628282867	0.9937406493717171
0.6575754621120287	0.34242453788797134
0.95020089756457	0.04979910243542999
0.9642800804090786	0.035719919590921384
0.9886521404686308	0.011347859531369233
0.03814645191701416	0.9618535480829858
0.910897660609459	0.08910233939054107
0.9657210729032208	0.03427892709677913
0.085003514575821	0.914996485424179
0.9122637458700545	0.08773625412994547
0.954611245860763	0.045388754139237
0.928306992265751	0.07169300773424907
0.929492489960388	0.07050751003961196
0.966855855253825	0.033144144746175004
0.577804000899454	0.422195999100546
0.050082584874521	0.949917415125479
0.46263833016215405	0.537361669837846
0.04304784935490613	0.9569521506450939
0.8970018057519306	0.10299819424806943
0.01183492618256965	0.9881650738174304
0.9302950240129579	0.06970497598704209
0.9097847936588479	0.09021520634115211
0.9245057506878557	0.07549424931214435
0.9573545137356658	0.04264548626433417
0.5318975888972085	0.4681024111027915
0.5338885422135602	0.4661114577864398
0.554383363695944	0.445616636304056
0.9205358415567131	0.07946415844328686
0.6162346587246534	0.38376534127534656
0.9016923618486651	0.09830763815133489
0.8841931098467829	0.11580689015321714
0.02161881313388614	0.9783811868661139
0.009938474618139348	0.9900615253818607
0.9095618001985535	0.09043819980144657
0.9364971975925142	0.06350280240748589
0.9053856020586234	0.09461439794137658
0.31393115243039926	0.6860688475696007
0.9249934194332697	0.0750065805667303
0.47263285652500164	0.5273671434749984
0.9342742251859983	0.0657257748140016
0.8087371526094131	0.19126284739058683
0.9046052197090959	0.09539478029090405
0.9442144158245787	0.055785584175421385
0.9284203475963844	0.07157965240361559
0.6762200936782724	0.3237799063217276
0.6713588158321699	0.32864118416783006
0.9390011143080191	0.06099888569198084
0.003727965724361404	0.9962720342756386
0.48557655488623075	0.5144234451137693
0.9360442462893706	0.0639557537106295
0.06083907477469619	0.9391609252253038
0.67612218824795	0.32387781175205
0.9587839566981025	0.041216043301897556
0.913547535181203	0.08645246481879698
0.9595593210011232	0.040440678998876815
0.28473813526873903	0.715261864731261
0.9409903144539993	0.05900968554600073
0.942118934773648	0.05788106522635199
0.13940113714037572	0.8605988628596243
0.03443917300341914	0.9655608269965809
0.9580356159491652	0.041964384050834795
0.8558932913113526	0.14410670868864733
0.015464706527716254	0.9845352934722837
0.8538634890092536	0.14613651099074648
0.9661143295198309	0.033885670480169154
0.8607122201984828	0.1392877798015172
0.4613305001077118	0.5386694998922882
0.01119632673956128	0.9888036732604387
0.9661529936155298	0.033847006384470205
0.9023703639458402	0.09762963605415981
0.8923195902616958	0.10768040973830419
0.852110256072517	0.147889743927483
0.42972196473065216	0.5702780352693478
0.08000139687035146	0.9199986031296485
0.6575561237147465	0.3424438762852535
0.9308512260930535	0.06914877390694656
0.9237259385863319	0.07627406141366816
0.23645338641427072	0.7635466135857293
0.6408488061150481	0.3591511938849519
0.6236571755212544	0.37634282447874556
0.8119631455511923	0.18803685444880772
0.7294669388749067	0.27053306112509334
0.9466733537449541	0.05332664625504592
0.9165425356816246	0.08345746431837547
0.95648867626153	0.04351132373847002
0.9624241890959752	0.037575810904024794
0.8014391515444735	0.19856084845552646
0.9331785315281775	0.06682146847182242
0.784820650504537	0.21517934949546305
0.9643033072129734	0.03569669278702654
0.8962056157484	0.10379438425160006
0.8944163700712593	0.10558362992874076
0.9164193368228664	0.08358066317713359
0.7573576112682444	0.2426423887317556
0.8289473748095391	0.17105262519046097
0.6103370642372075	0.38966293576279254
0.1584032275190106	0.8415967724809894
0.9299932629095972	0.07000673709040284
0.8932298756123588	0.10677012438764125
0.928397580502204	0.07160241949779601
0.8866361023768328	0.11336389762316723
0.9447006208073448	0.05529937919265514
0.544401996113309	0.455598003886691
0.9419336709309662	0.058066329069033806
0.9231839758459255	0.07681602415407456
0.9257332413350166	0.07426675866498347
0.9339645092243275	0.06603549077567246
0.5425457543050412	0.4574542456949588
0.10207533863540164	0.8979246613645984
0.864650722901566	0.13534927709843403
0.9556529573271191	0.04434704267288089
0.5769420473091408	0.4230579526908592
0.9702457106170231	0.029754289382976855
0.9223840879001246	0.07761591209987538
0.48299853971445905	0.517001460285541
0.7614573345931863	0.23854266540681368
0.4943793553948287	0.5056206446051713
0.9414234020632409	0.05857659793675906
0.9418901802299471	0.05810981977005293
0.6938268949319037	0.3061731050680963
0.0010735367328554846	0.9989264632671445
0.4164471219623658	0.5835528780376342
0.6117215990955546	0.38827840090444543
0.10787540628354941	0.8921245937164506
0.5132410763217867	0.48675892367821333
0.973759880025149	0.026240119974850998
0.6969980625637036	0.3030019374362965
0.922869160684429	0.077130839315571
0.9629256178011435	0.03707438219885649
0.8053562222096661	0.1946437777903339
0.9363304832487683	0.06366951675123171
0.983184516943833	0.016815483056166987
0.9318175975533523	0.06818240244664776
0.0029663595962565736	0.9970336404037434
0.9284078559809888	0.07159214401901111
0.9414452964647152	0.058554703535284795
0.6738243753020186	0.32617562469798145
0.13795820245378343	0.8620417975462166
0.7656647063941071	0.23433529360589295
0.867623511667998	0.132376488332002
0.9597684942169552	0.04023150578304477
0.953727416126955	0.04627258387304504
0.9066901612258443	0.09330983877415569
0.061390619500314214	0.9386093804996858
0.9525942140899528	0.04740578591004717
0.9438211995808488	0.05617880041915119
0.005894697419514983	0.994105302580485
0.003992597439441581	0.9960074025605584
0.8292774390470893	0.17072256095291072
0.9579004161797714	0.042099583820228555
0.9387267011208212	0.061273298879178796
0.951901615474202	0.048098384525797976
0.9330880531519022	0.06691194684809774
0.5568859096878234	0.44311409031217663
0.2754964814888613	0.7245035185111387
0.32472554722016955	0.6752744527798304
0.012531178975648927	0.9874688210243511
0.05196359882602941	0.9480364011739706
0.0619690369652075	0.9380309630347925
0.20821180543001283	0.7917881945699872
0.10163089064418696	0.898369109355813
0.06318898201256073	0.9368110179874393
0.22848615495266444	0.7715138450473356
0.007730573298924459	0.9922694267010755
0.26340257481044493	0.7365974251895551
0.6462985228238711	0.35370147717612893
0.195621608010505	0.804378391989495
0.02696704179019227	0.9730329582098077
0.055881532996043926	0.9441184670039561
0.9268996103913231	0.07310038960867693
0.9587445546379308	0.04125544536206912
0.9858072158496636	0.014192784150336368
0.9139929456802138	0.08600705431978622
0.9543636960617612	0.04563630393823881
0.9486951408414175	0.05130485915858255
0.9209084969271659	0.07909150307283411
0.9853246216190031	0.014675378380996877
0.901219821802907	0.09878017819709299
0.9515691398523438	0.04843086014765617
0.9223038596214478	0.07769614037855226
0.9370260644243552	0.06297393557564478
0.9602598727390809	0.03974012726091916
0.9435235065046307	0.05647649349536933
0.960833180226207	0.03916681977379297
0.8631749683878293	0.13682503161217077
0.9541383268991726	0.045861673100827414
0.9168194993372704	0.0831805006627296
0.8398898028713644	0.16011019712863556
0.9487956801316209	0.05120431986837918
0.8879261479002909	0.11207385209970909
0.35981279510324715	0.6401872048967528
0.8766511792621058	0.12334882073789424
0.030328684960592156	0.9696713150394078
0.9488239180142046	0.05117608198579534
0.6928219522991221	0.30717804770087787
0.6434571608744134	0.3565428391255866
0.9317931711153236	0.0682068288846764
0.5407162947878821	0.4592837052121179
0.7709253104881524	0.22907468951184756
0.38794577580467215	0.6120542241953278
0.9292677157420983	0.07073228425790165
0.9435073850421747	0.05649261495782526
0.8831562322358293	0.11684376776417077
0.9279228160991579	0.07207718390084211
0.7062706231884184	0.2937293768115817
0.8848047611969726	0.11519523880302737
0.013609370076377525	0.9863906299236225
0.009255002676955337	0.9907449973230447
0.8996940883300331	0.10030591166996691
0.41218282411757334	0.5878171758824267
0.30784877701597446	0.6921512229840255
0.9476517050191133	0.05234829498088668
0.4965289603854438	0.5034710396145562
0.9449343197252951	0.05506568027470489
0.20157088213868257	0.7984291178613174
0.021315558348524055	0.978684441651476
0.9716177201200651	0.028382279879934868
0.0039496399575820185	0.996050360042418
0.8412446483701677	0.15875535162983237
0.9376072631266003	0.062392736873399766
0.8775669535922057	0.12243304640779426
0.12729596406303945	0.8727040359369606
0.08597534102081439	0.9140246589791856
0.9385705114408147	0.06142948855918531
0.3942648159456602	0.6057351840543398
0.027799864593086587	0.9722001354069134
0.8397373299240202	0.16026267007597983
0.0052532177518680445	0.994746782248132
0.06969252773178913	0.9303074722682109
0.019836760443447954	0.980163239556552
0.5600474545442269	0.43995254545577306
0.9505535802037683	0.0494464197962317
0.9186193621084411	0.08138063789155893
0.012213810126629032	0.987786189873371
0.8931502025629772	0.1068497974370228
0.6625078621269498	0.3374921378730502
0.92142106287083	0.07857893712916997
0.6178355467614014	0.38216445323859854
0.9145661355737106	0.08543386442628942
0.7892224023490708	0.21077759765092913
0.021438807827846018	0.978561192172154
0.04251165212690422	0.9574883478730958
0.029224619895309445	0.9707753801046906
0.025187148935697068	0.9748128510643029
0.01264084154950651	0.9873591584504935
0.049029835603326744	0.9509701643966733
0.004652362612034278	0.9953476373879657
0.9134896015255465	0.08651039847445352
0.9365551914002006	0.06344480859979935
0.6080803607164343	0.39191963928356566
0.11206246180696766	0.8879375381930323
0.08610488978948061	0.9138951102105194
0.13561887787096316	0.8643811221290368
0.03991933844585416	0.9600806615541458
0.09404403859209776	0.9059559614079022
0.03189236815027896	0.968107631849721
0.010502418398102287	0.9894975816018977
0.011426676234048472	0.9885733237659515
0.01048134404480805	0.989518655955192
0.4951528184254481	0.5048471815745519
0.01692003483705784	0.9830799651629422
0.08296322204307294	0.9170367779569271
0.009410045878977202	0.9905899541210228
0.9341197863026565	0.06588021369734355
0.002583707497019083	0.9974162925029809
0.001134459011297162	0.9988655409887028
0.5737059206781094	0.4262940793218906
0.3510770995862075	0.6489229004137925
0.07562207040930813	0.9243779295906919
0.9500384293617535	0.04996157063824642
0.9248896179649545	0.07511038203504548
0.9381830525800121	0.06181694741998792
0.698779054509032	0.301220945490968
0.37199722613614583	0.6280027738638542
0.9514240418764713	0.048575958123528634
0.9445237473320637	0.055476252667936314
0.9856556777040977	0.014344322295902311
0.9418125974147525	0.05818740258524747
0.6681466153471601	0.33185338465283987
0.0026795913236619118	0.9973204086763381
0.009909452027900612	0.9900905479720994
0.016330932549958876	0.9836690674500411
0.020487427455179508	0.9795125725448205
0.01387148362069035	0.9861285163793096
0.014350668958768353	0.9856493310412316
0.004420447820224771	0.9955795521797752
0.014683460286899375	0.9853165397131006
0.3021461493410781	0.6978538506589219
0.46674154553995373	0.5332584544600463
0.5532559018120711	0.44674409818792893
0.08578559402982644	0.9142144059701736
0.10024602824279971	0.8997539717572003
0.28441435332167897	0.715585646678321
0.11191421686723546	0.8880857831327645
0.8253506278831656	0.17464937211683443
0.3626277501478232	0.6373722498521768
0.9503405502614211	0.04965944973857899
0.9324660934180857	0.06753390658191424
0.955647281922311	0.044352718077689084
0.5164905478760686	0.4835094521239313
0.9359611754931781	0.06403882450682181
0.9195243942647746	0.08047560573522541
0.9651238386036013	0.034876161396398715
0.9288658672380607	0.07113413276193929
0.9424751958712929	0.057524804128707044
0.9240135126634664	0.07598648733653353
0.046260779196560575	0.9537392208034394
0.0035332840520526654	0.9964667159479473
0.7904146937850158	0.20958530621498422
0.896752968567396	0.10324703143260407
0.9629620371651245	0.03703796283487545
0.9046089547643216	0.09539104523567843
0.28985093465395595	0.710149065346044
0.03022893726807163	0.9697710627319284
0.4822539176178201	0.5177460823821799
0.029340989193233802	0.9706590108067662
0.12095662191133705	0.879043378088663
0.6833223418572427	0.3166776581427572
0.9051550625659363	0.0948449374340637
0.9675427424551041	0.03245725754489589
0.9234100509819179	0.07658994901808218
0.9666166637397051	0.03338333626029488
0.5580646363334174	0.44193536366658265
0.8607521754972404	0.13924782450275963
0.009673586486199537	0.9903264135138005
0.9443187768028541	0.05568122319714585
0.03470824036027842	0.9652917596397216
0.8007122267328101	0.1992877732671899
0.9395668299803749	0.060433170019625115
0.9458410216328661	0.05415897836713391
0.01245322413200578	0.9875467758679942
0.9081142645738154	0.09188573542618467
0.9289715973164351	0.07102840268356495
0.5482539537885416	0.45174604621145836
0.9338219951613479	0.06617800483865215
0.9098772988354675	0.09012270116453251
0.9265048647581445	0.07349513524185551
0.9596421386695493	0.04035786133045067
0.9616202428021183	0.03837975719788166
0.926807313722344	0.07319268627765592
0.9064249015413132	0.0935750984586868
0.7397966520873727	0.2602033479126273
0.803476581846052	0.19652341815394805
0.026576667931740627	0.9734233320682594
0.7091155633892146	0.2908844366107855
0.5571593448480204	0.44284065515197957
0.09388174863423338	0.9061182513657666
0.961284931627992	0.038715068372008006
0.911706067087804	0.08829393291219602
0.5337643865721513	0.46623561342784875
0.8841804981980621	0.11581950180193795
0.8190874381600903	0.18091256183990967
0.9314568657125928	0.0685431342874072
0.9573482971001117	0.04265170289988826
0.061878830519674466	0.9381211694803255
0.951147775006153	0.048852224993847025
0.9255139119797158	0.07448608802028427
0.0024668788008255227	0.9975331211991745
0.1004835699349731	0.8995164300650269
0.8925955595018931	0.10740444049810695
0.9751938244832172	0.02480617551678279
0.6236146377664574	0.3763853622335426
0.9339152672968682	0.06608473270313178
0.8363056450889372	0.16369435491106282
0.9439856300761613	0.05601436992383865
0.003548108730466848	0.9964518912695332
0.8089298520404942	0.19107014795950578
0.08168671544807427	0.9183132845519257
0.009680951428193474	0.9903190485718065
0.8032180951153304	0.19678190488466962
0.9464427593414688	0.053557240658531166
0.9372521671456958	0.0627478328543042
0.1695336901858263	0.8304663098141737
0.9570046958497779	0.0429953041502221
0.922668054981571	0.07733194501842904
0.8275143204954931	0.17248567950450688
0.9157322876922611	0.08426771230773893
0.7073250477611215	0.2926749522388785
0.9581528250488924	0.041847174951107596
0.9136692556462708	0.08633074435372924
0.9317108957759414	0.06828910422405866
0.9477633288725043	0.05223667112749571
0.40074086852695223	0.5992591314730478
0.8848170441322185	0.11518295586778145
0.9203278714952676	0.0796721285047324
0.9479367603779723	0.05206323962202778
0.9127806152323804	0.08721938476761956
0.1601608843913025	0.8398391156086975
0.31726127018357986	0.6827387298164201
0.9284254349217292	0.0715745650782708
0.9649538660760322	0.03504613392396788
0.3194852457911038	0.6805147542088962
0.9096313737688588	0.09036862623114113
0.9188931173135156	0.08110688268648436
0.9830521437979248	0.01694785620207518
0.4194030767973689	0.5805969232026311
0.7587051606208739	0.24129483937912616
0.07382736539086487	0.9261726346091351
0.7767371452220964	0.22326285477790359
0.0028473864648848046	0.9971526135351152
0.9444358825072005	0.05556411749279959
0.893371220677878	0.10662877932212202
0.5971736802953911	0.40282631970460886
0.912792606192985	0.08720739380701502
0.6236981121148348	0.37630188788516516
0.9789202498693587	0.02107975013064135
0.9536555694986171	0.046344430501382976
0.9061342203939968	0.09386577960600322
0.9212127442409964	0.07878725575900358
0.3355040127551786	0.6644959872448214
0.9148695360756736	0.08513046392432648
0.9466434076926123	0.05335659230738762
0.9174726133989103	0.0825273866010897
0.09319698345966276	0.9068030165403372
0.9843363577890617	0.01566364221093829
0.9128069495821548	0.0871930504178452
0.4305805185804643	0.5694194814195357
0.984774857941682	0.015225142058318037
0.9465227173235964	0.05347728267640366
0.022902603929927268	0.9770973960700727
0.921617240908185	0.07838275909181498
0.8956938657455851	0.10430613425441487
0.8472765754325446	0.15272342456745533
0.23578244234216716	0.7642175576578328
0.8690980607259169	0.1309019392740831
0.9575532011024875	0.042446798897512496
0.9419858107643431	0.05801418923565688
0.05014790291903648	0.9498520970809635
0.6212185589310752	0.37878144106892475
0.03415244469264467	0.9658475553073553
0.9372356550575225	0.06276434494247753
0.9324365531371335	0.0675634468628665
0.5596802340382705	0.44031976596172956
0.9594247254939884	0.040575274506011574
0.5547308837074498	0.4452691162925502
0.9099086083616559	0.09009139163834408
0.9746917196274347	0.02530828037256531
0.9206154695370755	0.07938453046292444
0.928325287858656	0.07167471214134406
0.8811417441885194	0.1188582558114806
0.8836684967652986	0.1163315032347014
0.5199265600996548	0.4800734399003453
0.5180519476584748	0.4819480523415252
0.29141834962627233	0.7085816503737277
0.9380363350343264	0.06196366496567368
0.9492937594352578	0.0507062405647422
0.7602856674321956	0.23971433256780436
0.9563493966670847	0.043650603332915275
0.8868967518027652	0.11310324819723482
0.7590291952902575	0.2409708047097425
0.26131999628705527	0.7386800037129447
0.9327029720404615	0.06729702795953847
0.7768686262930307	0.22313137370696937
0.3670875917750438	0.6329124082249562
0.9447644943878296	0.05523550561217039
0.7852678522152037	0.2147321477847963
0.8830089241584764	0.11699107584152353
0.6269543805102843	0.3730456194897157
0.9233511544561366	0.07664884554386345
0.9670993909795006	0.03290060902049941
0.939528307244014	0.06047169275598601
0.9287259165630395	0.07127408343696048
0.8833635038204585	0.11663649617954154
0.953149612385588	0.04685038761441196
0.9840111513902314	0.01598884860976858
0.32344209344221386	0.6765579065577861
0.9651691750832718	0.034830824916728176
0.7602891015506827	0.2397108984493172
0.056359388206795535	0.9436406117932045
0.654289654310244	0.345710345689756
0.9253336584976923	0.0746663415023077
0.25305268982946505	0.746947310170535
0.781317622472819	0.21868237752718103
0.9184602987678463	0.08153970123215373
0.9540156864177933	0.045984313582206726
0.9691155706426182	0.03088442935738179
0.5349290867145684	0.4650709132854316
0.7959295647127599	0.20407043528724014
0.2557593562778713	0.7442406437221287
0.8440366871107946	0.1559633128892054
0.21650706991155966	0.7834929300884403
0.6897241753387056	0.3102758246612945
0.9378677345308516	0.06213226546914844
0.80861324816619	0.19138675183381001
0.9340817578182761	0.0659182421817239
0.7980111148140625	0.20198888518593752
0.9554708933023711	0.0445291066976289
0.022892252399916435	0.9771077476000836
0.9213335131735579	0.07866648682644205
0.3688099925564451	0.6311900074435549
0.6040498634494467	0.3959501365505534
0.31843003223314914	0.6815699677668509
0.5488141927471251	0.4511858072528749
0.9476035804854641	0.052396419514535886
0.953167290881138	0.046832709118861976
0.9546354892137201	0.045364510786279844
0.5662228236317993	0.4337771763682007
0.6225640857748154	0.37743591422518463
0.2478175337281654	0.7521824662718346
0.9821872300375235	0.01781276996247651
0.7097992445185906	0.29020075548140944
0.7965887651171198	0.20341123488288018
0.856315757549732	0.14368424245026795
0.9426292232697097	0.05737077673029037
0.9221865365060068	0.07781346349399323
0.826595931113738	0.17340406888626203
0.8583143902194749	0.14168560978052516
0.8957782722330447	0.10422172776695522
0.9625652096625206	0.03743479033747945
0.02097441195274441	0.9790255880472556
0.9333382090298299	0.06666179097017007
0.8868466194333335	0.1131533805666665
0.897363161292391	0.10263683870760894
0.044879694590657215	0.9551203054093428
0.948577649875296	0.051422350124704
0.8574601428166841	0.1425398571833159
0.9198899214780891	0.08011007852191084
0.9309520048874462	0.0690479951125538
0.7219425392495493	0.2780574607504507
0.001038416094276906	0.9989615839057231
0.9898301023597076	0.010169897640292457
0.9874468587815044	0.012553141218495618
0.4344134596420389	0.5655865403579611
0.8327615756052397	0.1672384243947603
0.8316798763816017	0.1683201236183983
0.9812454084155164	0.01875459158448357
0.0035247418207468018	0.9964752581792532
0.9286913007026198	0.0713086992973801
0.8386782395268886	0.16132176047311136
0.333135550702751	0.666864449297249
0.04289772076904508	0.9571022792309549
0.9075569686827518	0.09244303131724817
0.744630556198334	0.2553694438016661
0.9617290166087156	0.038270983391284395
0.9418616704293488	0.05813832957065126
0.9254357769031236	0.07456422309687634
0.9250212328564238	0.07497876714357625
0.8387602917113967	0.16123970828860332
0.8171191584497904	0.1828808415502096
0.9401998389433489	0.05980016105665112
0.9253080591862829	0.07469194081371712
0.8983986666940127	0.10160133330598735
0.9178694326086915	0.08213056739130851
0.9127814358208319	0.08721856417916808
0.9482068009578123	0.051793199042187696
0.8644624589146243	0.13553754108537575
0.9844181782028302	0.015581821797169878
0.9563400590614335	0.043659940938566455
0.9607260880399684	0.039273911960031584
0.07177089448876062	0.9282291055112394
0.956181524057545	0.043818475942455005
0.9402881656928287	0.05971183430717131
0.33077720709581426	0.6692227929041857
0.9149857918051016	0.0850142081948983
0.8712308600655733	0.1287691399344267
0.911223341452042	0.08877665854795803
0.9153496975934212	0.08465030240657874
0.9468330294319369	0.05316697056806309
0.9902706940681418	0.009729305931858142
0.7878735246389367	0.2121264753610633
0.4706672589309484	0.5293327410690516
0.6334494795009703	0.3665505204990297
0.9053834156899832	0.09461658431001686
0.9905527854501543	0.009447214549845668
0.4251079770521736	0.5748920229478264
0.5254606763798635	0.47453932362013646
0.9347084054254132	0.06529159457458682
0.5874463454960859	0.4125536545039141
0.9404448654412899	0.059555134558710116
0.9031881963654714	0.09681180363452858
0.45557417422179747	0.5444258257782025
0.0031685712533245924	0.9968314287466754
0.9205267203113949	0.07947327968860501
0.9282048981745951	0.07179510182540498
0.9552193654615654	0.044780634538434595
0.9004854408871817	0.09951455911281823
0.8599242245328819	0.1400757754671181
0.9625547200549025	0.037445279945097464
0.9740833960768093	0.025916603923190725
0.6987294065813636	0.3012705934186364
0.007961553892016693	0.9920384461079833
0.9539099908119935	0.046090009188006535
0.692108090723051	0.30789190927694904
0.8981462199630813	0.1018537800369187
0.7116424681668565	0.2883575318331435
0.1929208135795144	0.8070791864204856
0.9034178142122333	0.0965821857877667
0.005226894035364249	0.9947731059646358
0.11394460246155425	0.8860553975384458
0.047637120261712296	0.9523628797382877
0.8933138640119427	0.10668613598805733
0.06624648884087747	0.9337535111591225
0.16049824394365808	0.8395017560563419
0.03368448602884844	0.9663155139711516
0.016147824562749102	0.9838521754372509
0.06437715527228682	0.9356228447277132
0.0016774276258856302	0.9983225723741144
0.023402091460574148	0.9765979085394259
0.24163158179439448	0.7583684182056055
0.9582751824280048	0.04172481757199515
0.9657261886819077	0.03427381131809221
0.9142114129369503	0.08578858706304966
0.15041469807052366	0.8495853019294763
0.0028418658689237652	0.9971581341310762
0.045387282513334015	0.954612717486666
0.9563623729115536	0.04363762708844638
0.6028514867707584	0.3971485132292416
0.9127585927972361	0.08724140720276387
0.049770301635324365	0.9502296983646756
0.9508948066820071	0.04910519331799291
0.9571806199501226	0.0428193800498774
0.9385930733306261	0.06140692666937385
0.8148447416486876	0.18515525835131244
0.9202663117513613	0.07973368824863866
0.9194562423094841	0.08054375769051589
0.950704693269952	0.04929530673004796
0.9162186066939898	0.08378139330601024
0.9335113286915314	0.06648867130846856
0.23002104913549548	0.7699789508645045
0.9364761027806656	0.06352389721933438
0.9792191558591673	0.02078084414083273
0.9394486179915386	0.06055138200846139
0.4044845922488137	0.5955154077511863
0.9086063179053714	0.09139368209462856
0.06910320480358678	0.9308967951964132
0.9674929800887518	0.03250701991124821
0.9481842631839071	0.05181573681609287
0.9349989314540723	0.06500106854592765
0.7173974868110717	0.2826025131889283
0.44841542515569	0.55158457484431
0.9276749377210585	0.07232506227894156
0.9787885424882673	0.02121145751173269
0.9519925105517751	0.04800748944822491
0.9886711676576477	0.011328832342352255
0.8990380035003935	0.10096199649960644
0.8272683096548377	0.1727316903451623
0.9383385213029415	0.06166147869705854
0.8577313209750557	0.14226867902494433
0.07121258535336938	0.9287874146466306
0.5599990457060405	0.44000095429395947
0.8387738778403748	0.16122612215962515
0.02702026129827817	0.9729797387017218
0.9242029318005358	0.07579706819946413
0.8854299388194329	0.11457006118056717
0.969839531525548	0.03016046847445196
0.21735688791805374	0.7826431120819463
0.9532151419838457	0.046784858016154285
0.909211092983636	0.09078890701636395
0.5875975864921936	0.41240241350780643
0.9225939684701072	0.07740603152989273
0.31976124508648207	0.6802387549135179
0.0302596005728637	0.9697403994271363
0.6889038802584571	0.31109611974154294
0.9265626323389374	0.07343736766106257
0.8449115473856544	0.15508845261434556
0.9425554467761964	0.05744455322380358
0.14523981092329874	0.8547601890767013
0.9095562322771604	0.09044376772283963
0.1929300437828091	0.8070699562171909
0.05530992041663463	0.9446900795833654
0.963121524347598	0.03687847565240198
0.9722542387991217	0.02774576120087834
0.8633126136167949	0.13668738638320513
0.06246109174233638	0.9375389082576636
0.9033079799208512	0.09669202007914876
0.92366251419286	0.0763374858071399
0.011717820175359384	0.9882821798246406
0.0062725264343203024	0.9937274735656797
0.8990199034708378	0.10098009652916215
0.08686112678623092	0.9131388732137691
0.006812514040921092	0.9931874859590789
0.03185208419398344	0.9681479158060166
0.01370377295878944	0.9862962270412106
0.009652056721208169	0.9903479432787918
0.7164909712339991	0.283509028766001
0.6877598950583549	0.3122401049416451
0.021407560155167316	0.9785924398448327
0.11798323823244727	0.8820167617675527
0.0010809230256607627	0.9989190769743392
0.8355101021983068	0.16448989780169324
0.41071205327262117	0.5892879467273788
0.8242753663846962	0.1757246336153038
0.8003909867603258	0.19960901323967417
0.9727826664377028	0.027217333562297136
0.9797127727618649	0.020287227238135166
0.9089981925443755	0.09100180745562444
0.8954221449939528	0.10457785500604717
0.9619524929670146	0.038047507032985435
0.9652998269344586	0.03470017306554142
0.6366701659417099	0.3633298340582901
0.7905006580703172	0.20949934192968278
0.023474892132478442	0.9765251078675216
0.5686724281890416	0.43132757181095843
0.8796318882902016	0.12036811170979848
0.9641997404970718	0.03580025950292817
0.9311900450669155	0.06880995493308449
0.9591366809934416	0.040863319006558416
0.9418908421809128	0.05810915781908725
0.2117638058362067	0.7882361941637933
0.3937460712103492	0.6062539287896508
0.890895292637068	0.10910470736293199
0.26329628419172846	0.7367037158082715
0.9372828326367334	0.06271716736326656
0.004450160408550841	0.9955498395914492
0.8762233110636468	0.12377668893635314
0.9355810673981123	0.0644189326018877
0.9028562001283543	0.0971437998716457
0.524931227285182	0.4750687727148179
0.9221829552050871	0.07781704479491287
0.6989093089338915	0.30109069106610853
0.6120912782714354	0.3879087217285646
0.8069990908040972	0.19300090919590282
0.8691932800813711	0.13080671991862894
0.923291214194222	0.07670878580577804
0.5914175219393794	0.4085824780606207
0.9365075472643435	0.0634924527356565
0.09237639079779336	0.9076236092022066
0.9343662734510811	0.06563372654891887
0.8525511936396277	0.14744880636037228
0.9215905005910555	0.07840949940894447
0.9684793137849127	0.03152068621508735
0.23866674094129436	0.7613332590587056
0.9309799001653182	0.06902009983468184
0.5385388831746744	0.46146111682532565
0.24321319632443228	0.7567868036755677
0.6819160271750198	0.3180839728249803
0.7587392019158642	0.24126079808413578
0.4998475857381448	0.5001524142618552
0.9465990863452551	0.05340091365474492
0.9456031711175005	0.05439682888249953
0.14152560712978812	0.8584743928702119
0.027757600187872877	0.9722423998121271
0.7732026267117849	0.22679737328821517
0.9073759433656464	0.09262405663435355
0.6703326664777465	0.32966733352225347
0.9126820387109138	0.08731796128908616
0.9327169177250959	0.06728308227490408
0.033697375685675324	0.9663026243143247
0.899872304955851	0.10012769504414894
0.9688206373455942	0.03117936265440575
0.8746692518804497	0.12533074811955022
0.01495444491459974	0.9850455550854003
0.02052051444614844	0.9794794855538516
0.09468053904975238	0.9053194609502476
0.8961827670967528	0.10381723290324724
0.9898057618866652	0.010194238113334727
0.9442398153713938	0.05576018462860621
0.9114146479064128	0.0885853520935872
0.7026829543229756	0.29731704567702444
0.9361422989282043	0.06385770107179564
0.9610620296549856	0.03893797034501448
0.7472994666670929	0.25270053333290715
0.9132768891121662	0.08672311088783383
0.9509080160083139	0.04909198399168607
0.9430355896641843	0.056964410335815646
0.9637742961315902	0.03622570386840979
0.9548120120149454	0.045187987985054606
0.9231526348869045	0.07684736511309555
0.9829186047649837	0.01708139523501626
0.9209087570029937	0.07909124299700637
0.8191028959092586	0.18089710409074147
0.5223324606275508	0.4776675393724492
0.7634730001588769	0.23652699984112316
0.8502358522560851	0.14976414774391486
0.9386360610984585	0.06136393890154151
0.022593692043403557	0.9774063079565964
0.9452609964961797	0.0547390035038203
0.37974042580766265	0.6202595741923373
0.14825293863431255	0.8517470613656875
0.6165819217696579	0.38341807823034213
0.9130580145060609	0.08694198549393901
0.42085425707762125	0.5791457429223787
0.9240130160310194	0.07598698396898064
0.9867582546635432	0.01324174533645683
0.9735390236618537	0.026460976338146282
0.8976745235224273	0.10232547647757276
0.9481200107015794	0.05187998929842066
0.918938922250471	0.08106107774952895
0.883208597086437	0.1167914029135631
0.8446401390229581	0.15535986097704188
0.9712757144568094	0.02872428554319066
0.6486836991425411	0.3513163008574589
0.24108878613792306	0.7589112138620769
0.9153157069093781	0.08468429309062189
0.9269939913696266	0.07300600863037338
0.011702463053260281	0.9882975369467397
0.9610465966990517	0.03895340330094828
0.9301095021457992	0.06989049785420082
0.8288233738872812	0.17117662611271883
0.9358289253454085	0.06417107465459153
0.6041952442183708	0.3958047557816292
0.9570146176484671	0.04298538235153294
0.9412063996577472	0.05879360034225278
0.9291259280375915	0.07087407196240844
0.9418333239964618	0.05816667600353814
0.9666601252891678	0.03333987471083226
0.9355113093254379	0.06448869067456206
0.8538529184284654	0.14614708157153455
0.4188565330432552	0.5811434669567448
0.9265979874949185	0.07340201250508151
0.9213315079412295	0.07866849205877044
0.5335515569134841	0.4664484430865159
0.8896021435376726	0.11039785646232732
0.9827705135198581	0.017229486480141856
0.7383738316572489	0.2616261683427511
0.5163833365996429	0.4836166634003572
0.8723761116013942	0.1276238883986058
0.8903749546256075	0.10962504537439258
0.9291087815518115	0.07089121844818852
0.8046608298554541	0.195339170144546
0.9045310049091002	0.09546899509089975
0.9157892568543594	0.08421074314564056
0.9884596817369082	0.011540318263091777
0.8808131263856485	0.11918687361435158
0.920227928203558	0.079772071796442
0.9467916823492927	0.05320831765070731
0.924181934188462	0.07581806581153809
0.9692452805767716	0.030754719423228404
0.8972203878852746	0.10277961211472546
0.46491372805694775	0.5350862719430522
0.9466475407951634	0.05335245920483658
0.945091487580397	0.05490851241960304
0.9601377762539606	0.03986222374603942
0.9894332237984815	0.010566776201518413
0.940153800832334	0.059846199167665974
0.9270417994103866	0.07295820058961339
0.582218840305701	0.41778115969429896
0.009913552292714622	0.9900864477072854
0.9285209926875319	0.07147900731246815
0.003623245200957803	0.9963767547990422
0.024725881491976853	0.9752741185080231
0.9882049851865135	0.011795014813486515
0.26749370061338906	0.7325062993866109
0.7678379965879745	0.23216200341202556
0.0405901394855005	0.9594098605144995
0.9450902026338074	0.054909797366192614
0.9585045992709517	0.04149540072904837
0.8621701942972986	0.1378298057027014
0.9209752063715844	0.07902479362841561
0.9437410609026927	0.05625893909730723
0.9319471611180972	0.06805283888190278
0.9764588242588146	0.023541175741185454
0.8761639786726565	0.12383602132734356
0.9051082907422404	0.09489170925775962
0.949229296319142	0.05077070368085803
0.9630576138525045	0.03694238614749545
0.2633068207091771	0.7366931792908229
0.7977017643741005	0.20229823562589952
0.982468722736073	0.01753127726392702
0.8055899322919066	0.19441006770809344
0.4263644966736726	0.5736355033263274
0.3780877444437758	0.6219122555562242
0.8651542965869639	0.1348457034130362
0.8861754051112649	0.11382459488873505
0.4990584711773157	0.5009415288226843
0.8490726131698008	0.15092738683019927
0.8397987595260415	0.16020124047395842
0.7704812472475067	0.2295187527524933
0.9230365863329613	0.07696341366703872
0.040581662364337245	0.9594183376356628
0.7959226356715778	0.20407736432842213
0.5109259916740925	0.4890740083259075
0.9263532813222751	0.07364671867772483
0.6519381356634382	0.3480618643365619
0.9257768689605121	0.07422313103948791
0.9436774091192779	0.05632259088072213
0.9175967439061045	0.08240325609389555
0.3656618753033498	0.6343381246966502
0.9401468452702288	0.05985315472977112
0.9371393253273685	0.0628606746726314
0.041609329973197995	0.958390670026802
0.7854702634545871	0.2145297365454129
0.007875607096589743	0.9921243929034103
0.8572596773872404	0.1427403226127596
0.9108274595427353	0.0891725404572648
0.9298254748164272	0.07017452518357276
0.837260555548363	0.16273944445163696
0.049101426938944814	0.9508985730610552
0.5803884571704417	0.41961154282955826
0.9487693195485424	0.05123068045145765
0.00949857617026828	0.9905014238297317
0.9316787793996545	0.06832122060034555
0.1707727120128809	0.8292272879871191
0.9863337522051748	0.013666247794825214
0.9555036106007989	0.04449638939920109
0.8332531969266346	0.16674680307336542
0.9282091876193744	0.07179081238062554
0.8821955764675832	0.11780442353241684
0.9900054279579917	0.009994572042008267
0.7238489162727009	0.2761510837272992
0.909422937564773	0.09057706243522697
0.8102480350238979	0.18975196497610208
0.38809193937757214	0.6119080606224279
0.9449082382715793	0.05509176172842072
0.01171858361871636	0.9882814163812836
0.9901985951108685	0.00980140488913146
0.7764042260898912	0.2235957739101088
0.9433756378841344	0.05662436211586565
0.4536180055581889	0.5463819944418111
0.9389479204196692	0.061052079580330806
0.10875816903193503	0.891241830968065
0.46630361160363665	0.5336963883963634
0.13423024313425247	0.8657697568657475
0.06250660481128967	0.9374933951887103
0.0395879031208326	0.9604120968791674
0.07147331333696383	0.9285266866630362
0.006099043786138902	0.9939009562138611
0.9153427848154227	0.08465721518457724
0.8272793898152431	0.17272061018475698
0.33938218105200657	0.6606178189479934
0.10435654266679117	0.8956434573332088
0.0022455708333827262	0.9977544291666173
0.38405949752160207	0.6159405024783979
0.012669285199960023	0.98733071480004
0.9792909920842906	0.02070900791570936
0.3951402153404949	0.6048597846595051
0.0033143108012142486	0.9966856891987858
0.03195626698129006	0.9680437330187099
0.5214584425261144	0.47854155747388566
0.8401259504773698	0.1598740495226302
0.9331522543479953	0.06684774565200467
0.748497619745605	0.25150238025439503
0.9237997590523098	0.07620024094769022
0.8811360554918053	0.11886394450819465
0.5975177549819759	0.40248224501802415
0.9256216508397608	0.07437834916023918
0.9498163038264374	0.050183696173562574
0.9071122951251813	0.09288770487481869
0.02260297419366808	0.9773970258063319
0.9426072843128165	0.05739271568718355
0.9263531082348406	0.07364689176515934
0.9012993933213547	0.09870060667864532
0.969222542025159	0.03077745797484104
0.946539243288119	0.05346075671188094
0.8459487724644572	0.15405122753554282
0.01566950500102582	0.9843304949989742
0.2330683686234729	0.7669316313765271
0.4473799440415782	0.5526200559584218
0.9692672413479962	0.030732758652003703
0.6058088544999507	0.3941911455000493
0.9851497855006226	0.014850214499377358
0.40646470011055025	0.5935352998894498
0.6896501739019505	0.31034982609804956
0.15096380973264556	0.8490361902673544
0.9701518030107904	0.02984819698920961
0.9592015089066995	0.04079849109330051
0.006012474571380877	0.9939875254286191
0.7977538864261924	0.20224611357380765
0.921680655320787	0.07831934467921295
0.5515088714185534	0.44849112858144663
0.8719769572002575	0.12802304279974255
0.8989427613290466	0.10105723867095337
0.7493560605545793	0.25064393944542074
0.014800439870871096	0.9851995601291289
0.7198308969164444	0.28016910308355564
0.9598537102687273	0.04014628973127261
0.011027743745025687	0.9889722562549743
0.6350152854312499	0.3649847145687501
0.930475755104874	0.06952424489512596
0.035375173026744866	0.9646248269732551
0.9254859765568342	0.07451402344316582
0.12343708625763261	0.8765629137423674
0.05299066934157737	0.9470093306584226
0.9260605320916203	0.07393946790837967
0.16009398928691043	0.8399060107130896
0.031724587005402705	0.9682754129945973
0.5135056383602808	0.48649436163971915
0.2100222520111953	0.7899777479888047
0.19757619990540565	0.8024238000945944
0.010503195136088994	0.989496804863911
0.0060817044453240765	0.9939182955546759
0.7983186358357188	0.20168136416428112
0.7225637219890582	0.27743627801094184
0.23434181676746546	0.7656581832325345
0.002492445126687226	0.9975075548733128
0.36823411210483625	0.6317658878951637
0.906008826766307	0.09399117323369302
0.8122941379770686	0.18770586202293135
0.9319454278006046	0.06805457219939541
0.02612216582999005	0.97387783417001
0.9891456997105665	0.010854300289433473
0.8845025138149054	0.11549748618509462
0.9798316938218973	0.020168306178102693
0.9636818362084362	0.03631816379156378
0.9189967872716253	0.08100321272837471
0.34105629947404803	0.658943700525952
0.9309634956483376	0.06903650435166242
0.9558806511036052	0.04411934889639477
0.9196059680694176	0.08039403193058237
0.1902511526146462	0.8097488473853538
0.6077579961363093	0.3922420038636906
0.12178435633149776	0.8782156436685022
0.9509938310317725	0.04900616896822747
0.9366998052036265	0.0633001947963735
0.9571607390921443	0.042839260907855684
0.1067224795540741	0.8932775204459259
0.9364298352415997	0.0635701647584003
0.853718536752714	0.14628146324728594
0.05805019156325131	0.9419498084367487
0.6447657677573315	0.35523423224266854
0.0989765552274291	0.9010234447725709
0.5415276201375576	0.45847237986244244
0.5923331545193928	0.4076668454806071
0.01209717599408544	0.9879028240059146
0.3178156358387172	0.6821843641612828
0.09667399327018888	0.9033260067298111
0.26535807233261133	0.7346419276673887
0.005166523777881182	0.9948334762221188
0.01759006657998441	0.9824099334200156
0.3290446727216646	0.6709553272783354
0.25311692797470897	0.746883072025291
0.004951294798036354	0.9950487052019636
0.002189199004727138	0.9978108009952729
0.20858147416645456	0.7914185258335454
0.9252679705633412	0.07473202943665881
0.41480839425449323	0.5851916057455068
0.9862186339611198	0.013781366038880196
0.9271846706635712	0.07281532933642879
0.4234707229109672	0.5765292770890328
0.9147315872073554	0.08526841279264458
0.9362564335961355	0.06374356640386446
0.9326179847077503	0.06738201529224971
0.9084803430977214	0.09151965690227855
0.05637214328739748	0.9436278567126025
0.7338399997743283	0.26616000022567166
0.9248246011030207	0.07517539889697931
0.0012944432872706857	0.9987055567127293
0.971694544358298	0.028305455641701966
0.9532645635999489	0.04673543640005109
0.8856643799264302	0.1143356200735698
0.9556002644678382	0.04439973553216181
0.7754038824714081	0.2245961175285919
0.20573671348433142	0.7942632865156686
0.0029956742898048505	0.9970043257101951
0.15575888074789357	0.8442411192521064
0.45118687529915413	0.5488131247008459
0.930634016031086	0.06936598396891405
0.9600075014942409	0.03999249850575912
0.9906373002622036	0.009362699737796378
0.7803603789233416	0.21963962107665835
0.9245837056248412	0.07541629437515883
0.9376064236180799	0.06239357638192008
0.9662069108645291	0.033793089135470904
0.5728062396596441	0.4271937603403559
0.9193493609024763	0.08065063909752365
0.4260261610974885	0.5739738389025115
0.5464952665186543	0.4535047334813457
0.5460011356390702	0.4539988643609299
0.008102766815757168	0.9918972331842428
0.11784071132764784	0.8821592886723522
0.39694760202775325	0.6030523979722467
0.5375123999294502	0.46248760007054973
0.9316643822684946	0.06833561773150539
0.4576540435637457	0.5423459564362543
0.6619375043139262	0.3380624956860739
0.2550754531536491	0.7449245468463509
0.02811429001396737	0.9718857099860326
0.004873139906066526	0.9951268600939335
0.32962032991787227	0.6703796700821277
0.19956102375537943	0.8004389762446206
0.03668575933082319	0.9633142406691768
0.768255431157947	0.23174456884205294
0.028387025884655137	0.9716129741153449
0.07701018776611424	0.9229898122338858
0.0024508409605433767	0.9975491590394566
0.009717346525601411	0.9902826534743986
0.672181097159881	0.327818902840119
0.9283337795421289	0.07166622045787104
0.9305840152248321	0.06941598477516787
0.9447447007819696	0.05525529921803046
0.9325369786678644	0.06746302133213553
0.9363925684731718	0.06360743152682823
0.1727345604104139	0.8272654395895861
0.9767628101822705	0.023237189817729445
0.9873292282091297	0.012670771790870308
0.6747558292874529	0.325244170712547
0.9436077808350825	0.05639221916491754
0.9000554660056658	0.0999445339943342
0.9385957933204356	0.06140420667956436
0.10578098114780943	0.8942190188521906
0.8935547053735748	0.10644529462642516
0.9103649479314175	0.08963505206858252
0.9512258950268746	0.04877410497312545
0.941880330883382	0.05811966911661806
0.05558283379028672	0.9444171662097133
0.9676364385951693	0.032363561404830606
0.06776636411532111	0.9322336358846789
0.3020559315103176	0.6979440684896824
0.9237129860132225	0.07628701398677747
0.9300378034462746	0.0699621965537254
0.4609623671262829	0.5390376328737171
0.6916660849235508	0.3083339150764493
0.9725397202083117	0.027460279791688302
0.5227170527598634	0.47728294724013665
0.6633368126627736	0.33666318733722644
0.8757138118645923	0.12428618813540773
0.22530345355334735	0.7746965464466526
0.901019158199048	0.098980841800952
0.9903251010669436	0.00967489893305644
0.024399809951233586	0.9756001900487664
0.9395793328928298	0.060420667107170194
0.7036097378190278	0.2963902621809722
0.9343392740747988	0.06566072592520122
0.016360386885905687	0.9836396131140943
0.9260072275966084	0.07399277240339168
0.9211069576647533	0.0788930423352468
0.21025832052488347	0.7897416794751165
0.47349550722777967	0.5265044927722203
0.9330549888864836	0.06694501111351638
0.256920334228532	0.743079665771468
0.030696225154024592	0.9693037748459754
0.0033092173643728406	0.9966907826356272
0.8241811210367435	0.17581887896325657
0.7169287330788878	0.2830712669211121
0.45700372451908855	0.5429962754809115
0.8924255471845587	0.10757445281544131
0.9708747089259386	0.029125291074061324
0.9398600302507975	0.06013996974920251
0.9441714718062364	0.055828528193763556
0.9098872321383065	0.0901127678616935
0.8647525146516307	0.13524748534836925
0.1990531601420047	0.8009468398579953
0.450630196120272	0.549369803879728
0.38184992863902845	0.6181500713609716
0.003820326075309577	0.9961796739246904
0.3044001224367803	0.6955998775632197
0.02536634116324754	0.9746336588367525
0.03073467582749212	0.9692653241725079
0.04354183674231138	0.9564581632576886
0.41219031414872354	0.5878096858512765
0.016482654682630438	0.9835173453173696
0.7993824434127982	0.20061755658720182
0.9606555012178747	0.03934449878212534
0.9188057293416464	0.08119427065835357
0.8933262767511395	0.10667372324886051
0.9141506831350811	0.08584931686491896
0.9678862683472202	0.03211373165277971
0.9619280769966915	0.03807192300330857
0.9501143193593671	0.0498856806406329
0.14683334216911903	0.853166657830881
0.9542126714286542	0.04578732857134579
0.9501905905750084	0.04980940942499162
0.7026152438688984	0.29738475613110166
0.5990362003591707	0.40096379964082923
0.965834335243408	0.034165664756592024
0.9455084133460149	0.0544915866539851
0.7590014839104853	0.24099851608951475
0.9529018924475146	0.04709810755248544
0.9222713948658177	0.07772860513418234
0.9380085916692704	0.06199140833072961
0.5068640924678263	0.4931359075321738
0.9504546650719781	0.04954533492802199
0.9489661303213461	0.05103386967865388
0.07726978872550516	0.9227302112744948
0.8579027622233507	0.14209723777664932
0.21824764207503455	0.7817523579249654
0.47954896237918265	0.5204510376208173
0.06569798416780614	0.9343020158321939
0.9423058484894967	0.05769415151050325
0.29217696350533984	0.7078230364946602
0.7561493527872596	0.24385064721274036
0.9434430910791374	0.056556908920862646
0.7955232104795539	0.20447678952044612
0.1448492775459973	0.8551507224540027
0.21926660198787784	0.7807333980121222
0.9178792046756287	0.08212079532437132
0.009041471091288722	0.9909585289087113
0.9014897973879272	0.09851020261207279
0.13324968351210464	0.8667503164878954
0.3704962033829976	0.6295037966170024
0.0848194661531827	0.9151805338468173
0.2694221483859739	0.7305778516140261
0.9579310117203118	0.042068988279688226
0.12409667569784089	0.8759033243021591
0.9336556119765307	0.06634438802346927
0.4547158554463211	0.5452841445536789
0.33663965046824684	0.6633603495317532
0.8126042184072966	0.1873957815927034
0.5121130675344512	0.4878869324655489
0.5614876895638273	0.43851231043617267
0.8013386954487091	0.19866130455129094
0.30235371498332675	0.6976462850166733
0.5185329157561064	0.4814670842438936
0.22745905510459696	0.772540944895403
0.5143475526557112	0.4856524473442888
0.18575583852660182	0.8142441614733982
0.08371236102664614	0.9162876389733539
0.33281725617847213	0.6671827438215279
0.9441042946119704	0.05589570538802961
0.007010688339185167	0.9929893116608148
0.007840010778262463	0.9921599892217375
0.04814913052170933	0.9518508694782907
0.22274773018733607	0.7772522698126639
0.979350955660437	0.020649044339563057
0.27306717098787014	0.7269328290121299
0.170320965769287	0.829679034230713
0.03744960345227266	0.9625503965477273
0.615344140107893	0.3846558598921071
0.9299623314921684	0.07003766850783158
0.5187254793021905	0.48127452069780946
0.5406416824271548	0.4593583175728452
0.9538353204038493	0.04616467959615065
0.9704686636451978	0.029531336354802207
0.8810339704756274	0.11896602952437259
0.9829272321033041	0.017072767896695925
0.9529265886636771	0.047073411336322965
0.1810098756548978	0.8189901243451022
0.930804070006259	0.06919592999374104
0.8126284429717735	0.18737155702822653
0.9844370579350852	0.015562942064914778
0.9001320753653299	0.09986792463467004
0.14080345525360027	0.8591965447463997
0.5724366213153582	0.42756337868464184
0.9135863440141888	0.08641365598581122
0.6233943432330501	0.3766056567669499
0.20228472494130267	0.7977152750586973
0.5282119497391553	0.4717880502608447
0.9382367860024933	0.06176321399750669
0.7406502740196965	0.2593497259803035
0.029432439431205992	0.970567560568794
0.9272079387317056	0.07279206126829443
0.9292617029772031	0.07073829702279691
0.43161785718700474	0.5683821428129953
0.9480561902909651	0.05194380970903491
0.9219140987312774	0.07808590126872263
0.9300689072344835	0.0699310927655165
0.16238594313748422	0.8376140568625158
0.011352199954627551	0.9886478000453724
0.9513895010647037	0.04861049893529637
0.4761779612930207	0.5238220387069793
0.9357627563604392	0.06423724363956085
0.7530957867335564	0.24690421326644357
0.9529762137659565	0.04702378623404342
0.4323575694097648	0.5676424305902352
0.2689832305949402	0.7310167694050598
0.09778716077250849	0.9022128392274915
0.010175706041152477	0.9898242939588475
0.1684396133241478	0.8315603866758522
0.9299399335410973	0.07006006645890273
0.03834938965127743	0.9616506103487226
0.6733033329562097	0.3266966670437903
0.018463634267856688	0.9815363657321433
0.8651589673450628	0.13484103265493713
0.814928300215615	0.18507169978438495
0.8041312200443627	0.19586877995563728
0.001242173598376084	0.9987578264016239
0.8324332778573013	0.16756672214269877
0.10615332854159298	0.893846671458407
0.02721993866697947	0.9727800613330205
0.9476757950270391	0.0523242049729609
0.6456030026291091	0.354396997370891
0.8798108336485682	0.12018916635143179
0.9373448003753996	0.06265519962460044
0.8145781832219252	0.18542181677807482
0.44396355208007554	0.5560364479199245
0.9869626640759129	0.013037335924087028
0.9429035256847478	0.05709647431525223
0.40620596139513643	0.5937940386048636
0.20512603645271166	0.7948739635472883
0.9217253206370811	0.07827467936291883
0.9882235535935177	0.011776446406482396
0.9832360347169415	0.016763965283058454
0.9058169797336012	0.09418302026639878
0.909506305406512	0.09049369459348804
0.48546928199812056	0.5145307180018794
0.9077824109210378	0.0922175890789622
0.8727415219954651	0.127258478004535
0.9393932894553362	0.0606067105446638
0.9528310834290274	0.047168916570972524
0.031037968565492235	0.9689620314345078
0.3835755496620519	0.6164244503379481
0.9218635896203496	0.07813641037965036
0.8784502663243169	0.12154973367568313
0.9469465608217708	0.05305343917822922
0.5370923396694438	0.46290766033055625
0.8383092449499591	0.16169075505004094
0.44642291042425275	0.5535770895757472
0.9856935412166802	0.014306458783319808
0.9021621438304467	0.09783785616955334
0.7245024614691344	0.2754975385308656
0.8088684629218267	0.1911315370781733
0.9180384353087117	0.08196156469128833
0.9314677449936579	0.06853225500634211
0.922756009587242	0.07724399041275797
0.9834472583009218	0.01655274169907816
0.9449338700760239	0.05506612992397609
0.9232186634145592	0.0767813365854408
0.9277303728385832	0.07226962716141687
0.9588114948477882	0.041188505152211854
0.9609629910682157	0.039037008931784314
0.7948573757753064	0.20514262422469362
0.9165684294806978	0.08343157051930213
0.9233163452731672	0.07668365472683279
0.8039363209455105	0.19606367905448951
0.9855528600142923	0.014447139985707711
0.9178968299669671	0.08210317003303293
0.41363031685189766	0.5863696831481023
0.945374979223	0.05462502077700009
0.901824163267234	0.09817583673276593
0.7652532494435433	0.23474675055645666
0.010196565813315628	0.9898034341866844
0.12680197017837647	0.8731980298216235
0.8511134488969841	0.14888655110301585
0.007243065458577669	0.9927569345414223
0.7505404993025413	0.2494595006974587
0.03735744256142559	0.9626425574385744
0.3227440928972485	0.6772559071027515
0.005453194634976399	0.9945468053650236
0.02846086081530874	0.9715391391846913
0.04377787282724155	0.9562221271727585
0.10674865457529625	0.8932513454247037
0.010886995761206997	0.989113004238793
0.002089539166303611	0.9979104608336964
0.003553139121468152	0.9964468608785318
0.006566404715733665	0.9934335952842663
0.2733428499899754	0.7266571500100246
0.907975593262417	0.09202440673758301
0.5182100847777431	0.48178991522225684
0.9267927101405229	0.07320728985947707
0.9240161207893778	0.07598387921062218
0.8951372616848391	0.1048627383151609
0.9408105847660563	0.059189415233943686
0.1552147547590359	0.8447852452409641
0.7054492344267405	0.2945507655732595
0.825801571267867	0.17419842873213293
0.8676679736697303	0.13233202633026975
0.8740982890983348	0.12590171090166521
0.6484275686923937	0.35157243130760635
0.823275453248965	0.17672454675103494
0.9563371668563554	0.0436628331436446
0.9492452659194344	0.05075473408056567
0.9677932309516486	0.03220676904835142
0.9609409050056612	0.03905909499433885
0.9434975940817955	0.0565024059182045
0.879669199706599	0.12033080029340107
0.9302751219660534	0.0697248780339465
0.6643154630343723	0.3356845369656277
0.06946424960779807	0.9305357503922019
0.38395449656338776	0.6160455034366122
0.9098115771710608	0.09018842282893923
0.6839831478865281	0.3160168521134718
0.002740716823111722	0.9972592831768883
0.895127423753725	0.10487257624627505
0.09801084787118308	0.9019891521288169
0.927163412515724	0.07283658748427599
0.9482602650783247	0.051739734921675225
0.023217506762388207	0.9767824932376118
0.8307434859415813	0.16925651405841868
0.9442219437738516	0.05577805622614835
0.9406581907318811	0.05934180926811897
0.47468215846812256	0.5253178415318774
0.8705742443137653	0.1294257556862347
0.8765566819251117	0.12344331807488824
0.9487079103713584	0.0512920896286416
0.5129100807652482	0.4870899192347517
0.9055275175695413	0.09447248243045873
0.9396332017160041	0.06036679828399589
0.1938855816288435	0.8061144183711565
0.6312779627815284	0.36872203721847163
0.3815481746580799	0.6184518253419201
0.9281681786377662	0.07183182136223376
0.00482702481415942	0.9951729751858406
0.9498682216233798	0.05013177837662024
0.1042949639684786	0.8957050360315214
0.058017987376718594	0.9419820126232814
0.8492795146228685	0.15072048537713142
0.9849793779168197	0.01502062208318039
0.9023891248799334	0.09761087512006665
0.939227122768659	0.06077287723134098
0.11658100806750915	0.8834189919324908
0.8353421754046472	0.16465782459535286
0.9365311201626463	0.06346887983735369
0.9594809761567902	0.04051902384320986
0.6279930785811688	0.3720069214188312
0.9523630474567265	0.047636952543273485
0.14158858696823706	0.8584114130317629
0.9570299867341878	0.04297001326581214
0.9372578358994124	0.06274216410058761
0.9240116115160252	0.07598838848397484
0.9319404326422009	0.0680595673577991
0.9400097556445676	0.059990244355432425
0.95341520246195	0.04658479753805001
0.044061164147208065	0.9559388358527919
0.9346438693272406	0.06535613067275932
0.7927997105310393	0.20720028946896077
0.14902642277957057	0.8509735772204294
0.9830861882636871	0.016913811736312935
0.033548768424351616	0.9664512315756484
0.1744457330015935	0.8255542669984065
0.9639790543451657	0.036020945654834255
0.6921256600996375	0.3078743399003625
0.8203887588507865	0.17961124114921342
0.8934816857234816	0.1065183142765184
0.8922019786409162	0.10779802135908378
0.9233497771497887	0.07665022285021134
0.7827917185341797	0.21720828146582025
0.9393890591653714	0.06061094083462862
0.923023098774609	0.07697690122539105
0.005136358819225695	0.9948636411807743
0.9316694964776486	0.06833050352235136
0.9442857109983352	0.05571428900166472
0.9085925642833823	0.09140743571661768
0.9214250105283442	0.0785749894716558
0.961083059492102	0.03891694050789797
0.9482641677819142	0.05173583221808576
0.9197116278713905	0.08028837212860952
0.9394010205285305	0.060598979471469555
0.023437756095996853	0.9765622439040031
0.11669407230315587	0.8833059276968441
0.01499977681332576	0.9850002231866742
0.8308534470394846	0.16914655296051537
0.29578300374200384	0.7042169962579962
0.6161765963309787	0.3838234036690214
0.9896422734259274	0.010357726574072605
0.5064607342846397	0.4935392657153604
0.9501962144595174	0.049803785540482544
0.8181900057530965	0.18180999424690344
0.9646635543787901	0.035336445621209904
0.32545927674073505	0.674540723259265
0.9467918593560946	0.05320814064390542
0.9211117588351497	0.07888824116485026
0.9638157929810258	0.036184207018974235
0.933322503430914	0.06667749656908589
0.9091196516761944	0.09088034832380563
0.001804606389449681	0.9981953936105503
0.9515907507925871	0.0484092492074128
0.11994560295178425	0.8800543970482158
0.4530351138143367	0.5469648861856633
0.3337216876723825	0.6662783123276175
0.9291103662972738	0.07088963370272618
0.8904772585598691	0.1095227414401309
0.9506790082268345	0.049320991773165505
0.9612426229756168	0.038757377024383186
0.9546886377310241	0.045311362268975884
0.9354779833815032	0.06452201661849674
0.8839125782973968	0.11608742170260318
0.9240286280254411	0.07597137197455892
0.94609062565737	0.05390937434263004
0.8255525722742595	0.17444742772574048
0.9177439287717181	0.08225607122828198
0.9302916464998175	0.06970835350018244
0.9854330480571221	0.0145669519428779
0.9218925627941293	0.07810743720587068
0.6807331967258877	0.3192668032741123
0.007593918725631421	0.9924060812743686
0.012948972361347733	0.9870510276386523
0.049742828973224684	0.9502571710267753
0.021416302563450174	0.9785836974365498
0.9299885595649509	0.07001144043504914
0.037362797261156766	0.9626372027388432
0.2559536394359807	0.7440463605640193
0.7419888870514757	0.25801111294852436
0.6352596858166484	0.3647403141833516
0.9424119411424399	0.05758805885756008
0.9314876658631555	0.06851233413684453
0.9376615799156267	0.0623384200843733
0.45338853459348816	0.5466114654065118
0.9719898226918818	0.02801017730811817
0.9466278401061781	0.0533721598938219
0.9763147937447301	0.023685206255269906
0.9274713181393321	0.07252868186066784
0.9351728047952603	0.06482719520473963
0.4580917850058698	0.5419082149941302
0.9465772559140653	0.05342274408593477
0.9345902582363094	0.06540974176369066
0.9367861494284915	0.06321385057150848
0.5512484046102405	0.4487515953897595
0.32756978999180764	0.6724302100081924
0.9518984117661725	0.048101588233827444
0.7268556058126701	0.27314439418732994
0.9997062835066012	0.0002937164933988024
0.7050335587839363	0.2949664412160637
0.8692696282774461	0.13073037172255392
0.5044616630190365	0.4955383369809635
0.9192554917217601	0.08074450827823983
0.8828777520439229	0.11712224795607705
0.9627916300272765	0.03720836997272352
0.13004779951795453	0.8699522004820455
0.9263277073006946	0.0736722926993054
0.8972891401551107	0.10271085984488929
0.915505516275057	0.0844944837249429
0.675749417974595	0.324250582025405
0.456969969460579	0.543030030539421
0.954505245332688	0.04549475466731196
0.9622677390142633	0.0377322609857367
0.9582493719370696	0.04175062806293038
0.14020158138290806	0.8597984186170919
0.877974582433555	0.12202541756644501
0.9224199826447406	0.07758001735525949
0.7352070589567361	0.26479294104326384
0.955031832541139	0.044968167458861036
0.8985916760336626	0.10140832396633735
0.8039226538005961	0.19607734619940384
0.9384451974111827	0.06155480258881735
0.9388889614976104	0.06111103850238966
0.13582434110461805	0.864175658895382
0.9204007700375052	0.07959922996249476
0.9874474921740197	0.01255250782598032
0.9444738564994728	0.055526143500527245
0.4528025012220891	0.5471974987779109
0.915189811347028	0.08481018865297196
0.7992054348909075	0.20079456510909258
0.730063271878038	0.26993672812196196
0.934382074004766	0.06561792599523393
0.5503237377035277	0.44967626229647234
0.9100637012692263	0.08993629873077369
0.002719787249516936	0.9972802127504831
0.938380620962803	0.06161937903719703
0.0004971114871252791	0.9995028885128747
0.9154800203352469	0.08451997966475305
0.9285497074454568	0.07145029255454313
0.9347510985660809	0.06524890143391916
0.8815448065935485	0.11845519340645153
0.5529183723329771	0.44708162766702286
0.968160228006729	0.03183977199327103
0.671277119440995	0.32872288055900495
0.8698911107806723	0.13010888921932773
0.005897511703304659	0.9941024882966953
0.7922905548320663	0.2077094451679337
0.1253281603808527	0.8746718396191473
0.04220240318776314	0.9577975968122369
0.926911605128327	0.07308839487167296
0.8003124811414716	0.19968751885852842
0.9649637693879559	0.035036230612044104
0.45607295226522204	0.543927047734778
0.9211508898113361	0.07884911018866393
0.9196806981545738	0.08031930184542621
0.1928181703508668	0.8071818296491332
0.8288292274533418	0.17117077254665827
0.54998004771361	0.45001995228639
0.9044294276194166	0.09557057238058345
0.9424811120428022	0.05751888795719784
0.9755540625887331	0.02444593741126684
0.9485209612557897	0.05147903874421031
0.7824198531217554	0.2175801468782445
0.08665405250980096	0.913345947490199
0.8998653810269588	0.10013461897304121
0.9105122962983551	0.08948770370164495
0.913743041848718	0.08625695815128195
0.13289219901654814	0.8671078009834519
0.09200666207589825	0.9079933379241018
0.913860382765292	0.086139617234708
0.6677544859949278	0.33224551400507224
0.5103211046664844	0.48967889533351555
0.9258153746060481	0.07418462539395188
0.05736721540091472	0.9426327845990853
0.928760139684866	0.07123986031513398
0.9234091000694441	0.07659089993055589
0.9644060393216305	0.03559396067836951
0.8453886234548533	0.1546113765451467
0.8873033002439494	0.11269669975605062
0.8543212671597761	0.1456787328402239
0.9759804285412695	0.02401957145873047
0.8993098227401878	0.10069017725981222
0.4603417446834984	0.5396582553165016
0.6810571234514557	0.3189428765485442
0.9314195059026941	0.06858049409730597
0.3997716341746794	0.6002283658253206
0.8417431176659429	0.15825688233405705
0.9537496264770502	0.04625037352294975
0.7018868256116846	0.29811317438831536
0.8566672388144212	0.14333276118557875
0.9344010205425552	0.0655989794574447
0.9612202446876786	0.03877975531232139
0.9235069906791382	0.07649300932086174
0.2718425353230608	0.7281574646769392
0.913046993685186	0.08695300631481395
0.6262612822076814	0.3737387177923186
0.9168533458102319	0.08314665418976809
0.699097361285333	0.30090263871466705
0.9635589250390341	0.03644107496096596
0.9375367951387822	0.06246320486121782
0.8468340083848311	0.1531659916151688
0.8945851931470138	0.1054148068529862
0.06174986754094369	0.9382501324590563
0.874475449720661	0.12552455027933898
0.012749848172234346	0.9872501518277657
0.9688388073155836	0.03116119268441637
0.9316446017415858	0.0683553982584142
0.7587596891985908	0.24124031080140915
0.9061976865943083	0.09380231340569169
0.7109364808622004	0.2890635191377996
0.8386812257492381	0.16131877425076188
0.8184604380010331	0.18153956199896693
0.10200003911013611	0.8979999608898639
0.16149658613699724	0.8385034138630028
0.9640458434197985	0.03595415658020151
0.8772693705851093	0.12273062941489067
0.9573021004302248	0.042697899569775224
0.8679322843865773	0.13206771561342265
0.9312009804779031	0.06879901952209688
0.6493870277232126	0.35061297227678745
0.9300932776061188	0.06990672239388121
0.9832152033689208	0.016784796631079266
0.9466042997385794	0.05339570026142062
0.8987163436623656	0.10128365633763435
0.9088263359400148	0.09117366405998513
0.7814207627365573	0.21857923726344275
0.5787121911732509	0.42128780882674904
0.05526212453694512	0.9447378754630549
0.7790468176504255	0.22095318234957453
0.9309422328790414	0.06905776712095858
0.5412784394563681	0.45872156054363183
0.8951884235763401	0.10481157642365985
0.9299828383987581	0.07001716160124188
0.8838480573210119	0.11615194267898807
0.9048976482203389	0.09510235177966113
0.40130035839343103	0.598699641606569
0.9127066149055907	0.08729338509440926
0.19482009803300593	0.8051799019669941
0.6008377408536498	0.3991622591463501
0.7728215832754705	0.2271784167245295
0.9546435708538763	0.04535642914612365
0.9284634972199611	0.0715365027800389
0.29307630185866373	0.7069236981413363
0.928430410691751	0.07156958930824901
0.9742427997640303	0.025757200235969765
0.5363115231222748	0.4636884768777252
0.8663773773471972	0.13362262265280284
0.5610014427239844	0.43899855727601556
0.9220268621013363	0.07797313789866372
0.9474199399439738	0.05258006005602623
0.6346217864510193	0.36537821354898065
0.9359225750488807	0.06407742495111933
0.5089633346478453	0.4910366653521548
0.0964286652403038	0.9035713347596962
0.9571358668912281	0.04286413310877188
0.9492421270570904	0.05075787294290957
0.923652745562402	0.07634725443759802
0.9718785384948201	0.02812146150517996
0.8103051651110758	0.18969483488892427
0.6356558963418873	0.36434410365811265
0.0981512061272859	0.9018487938727141
0.9237428022042239	0.07625719779577608
0.9192525192733664	0.08074748072663364
0.7155211514393666	0.28447884856063343
0.8642402674405032	0.13575973255949678
0.9198623400058574	0.08013765999414262
0.8726285541061417	0.12737144589385826
0.9726643391943539	0.027335660805646055
0.706905760801444	0.29309423919855604
0.09615016360250539	0.9038498363974946
0.7650521926480796	0.23494780735192045
0.7428629695986041	0.2571370304013959
0.5522883133979004	0.4477116866020996
0.9181320984814662	0.08186790151853389
0.9223405099109446	0.07765949008905536
0.9356133519206532	0.06438664807934684
0.9365179315352246	0.06348206846477544
0.9077482997680496	0.09225170023195041
0.012799372208168958	0.987200627791831
0.9498341724100785	0.05016582758992146
0.9312444281518806	0.06875557184811948
0.07663794016207437	0.9233620598379256
0.5293496878885198	0.4706503121114803
0.794220962839519	0.20577903716048096
0.6039847264111351	0.39601527358886496
0.9393248528158572	0.060675147184142804
0.47932755469330135	0.5206724453066987
0.9633770499979344	0.03662295000206567
0.5295432930459943	0.47045670695400565
0.9646990764857748	0.03530092351422521
0.9419444794118996	0.05805552058810041
0.022737790890138165	0.9772622091098618
0.9029476445120815	0.09705235548791849
0.856330976505471	0.1436690234945291
0.8937856495806988	0.10621435041930115
0.12658911090602543	0.8734108890939746
0.4439196960241327	0.5560803039758673
0.45504738242854836	0.5449526175714516
0.8230906099120542	0.17690939008794584
0.9182527026596565	0.08174729734034351
0.9809852208094644	0.019014779190535597
0.9141805748449813	0.08581942515501871
0.9859931359464081	0.014006864053591842
0.8948190911437817	0.10518090885621835
0.7271175355901354	0.2728824644098647
0.8158664107105087	0.18413358928949128
0.7867312130025248	0.2132687869974752
0.9793315966011221	0.020668403398877922
0.0010293317228345922	0.9989706682771654
0.9626647475159035	0.037335252484096505
0.9767815715276256	0.023218428472374476
0.9639001576582943	0.03609984234170576
0.0038592057875496133	0.9961407942124504
0.5423019821907211	0.45769801780927893
0.9216172223664235	0.07838277763357644
0.9256190591375228	0.07438094086247711
0.0751867174114107	0.9248132825885893
0.31159276347352605	0.688407236526474
0.31176060607231026	0.6882393939276897
0.12856433743272777	0.8714356625672722
0.003033059336662536	0.9969669406633375
0.08189200677629549	0.9181079932237045
0.9670072347596367	0.032992765240363285
0.0044739390704275905	0.9955260609295724
0.016132715011493493	0.9838672849885065
0.4601892235851699	0.5398107764148301
0.556317839991005	0.44368216000899496
0.35635808024017324	0.6436419197598268
0.006871079122700463	0.9931289208772995
0.2918744546427434	0.7081255453572566
0.14760501219969102	0.852394987800309
0.6864677887855086	0.31353221121449143
0.003138571088049047	0.996861428911951
0.0062186312627999785	0.9937813687372
0.018523113856890316	0.9814768861431097
0.019238174711380007	0.98076182528862
0.9665403124874244	0.03345968751257559
0.5503064725246463	0.4496935274753538
0.3822762560222953	0.6177237439777047
0.8067603757159915	0.19323962428400854
0.9531204338732288	0.04687956612677121
0.961599657315172	0.03840034268482799
0.9605386639018318	0.03946133609816821
0.9862990262072352	0.013700973792764758
0.5334750938666475	0.4665249061333525
0.8804014564933939	0.11959854350660613
0.8554075543288713	0.14459244567112878
0.8975479485807891	0.10245205141921089
0.050772659317910085	0.9492273406820899
0.19299619238885857	0.8070038076111414
0.7899087226652348	0.2100912773347652
0.9404719488464001	0.059528051153599916
0.027920520218730704	0.9720794797812693
0.4238700451636884	0.5761299548363116
0.5331724497863608	0.46682755021363914
0.5330741320583079	0.46692586794169216
0.7046310520953376	0.29536894790466245
0.6233145326487335	0.3766854673512665
0.9023440161855547	0.09765598381444535
0.9241405532398749	0.07585944676012514
0.6424821114256227	0.3575178885743772
0.0799575220706309	0.9200424779293691
0.022614616572645185	0.9773853834273548
0.5787727549135301	0.4212272450864699
0.35851605831414934	0.6414839416858507
0.03676588183325313	0.9632341181667469
0.26739030089407345	0.7326096991059265
0.9396990266442391	0.060300973355760956
0.6285583343645818	0.37144166563541825
0.0020171083795439415	0.9979828916204561
0.13346487031179588	0.8665351296882041
0.022266140410410418	0.9777338595895896
0.8119565917684581	0.1880434082315418
0.0011546194017161282	0.9988453805982839
0.8572970242721539	0.14270297572784604
0.5040560030566226	0.49594399694337743
0.9344645462535074	0.06553545374649257
0.9321573781456016	0.06784262185439842
0.4453623579146785	0.5546376420853215
0.9276962852248544	0.0723037147751456
0.7102905745162263	0.28970942548377365
0.8960216401356269	0.10397835986437307
0.9073220548669998	0.09267794513300026
0.004768887844279646	0.9952311121557204
0.00573034219995372	0.9942696578000463
0.009971084806874586	0.9900289151931254
0.07799302013568243	0.9220069798643176
0.2958434733458154	0.7041565266541846
0.012897159313370321	0.9871028406866297
0.061125135846360146	0.9388748641536399
0.2076634027656118	0.7923365972343882
0.1432913571504314	0.8567086428495686
0.8426489844861486	0.15735101551385142
0.017100154684041913	0.9828998453159581
0.39882269894419753	0.6011773010558025
0.6293664869265997	0.3706335130734003
0.44770827549120806	0.5522917245087919
0.21095078980422888	0.7890492101957711
0.004599346286452977	0.995400653713547
0.12348287566830696	0.876517124331693
0.2780576762952188	0.7219423237047812
0.24619375142428923	0.7538062485757108
0.14820148120389864	0.8517985187961014
0.3032742049137279	0.6967257950862721
0.32259313208191487	0.6774068679180851
0.9266629575912397	0.07333704240876023
0.9429498098353017	0.057050190164698304
0.5535772884154606	0.44642271158453944
0.13193807548659708	0.8680619245134029
0.9232354887279409	0.0767645112720591
0.9162308750687616	0.08376912493123848
0.9303443583026789	0.06965564169732105
0.8580053133920904	0.14199468660790962
0.9402670641369848	0.0597329358630152
0.5487792610746869	0.45122073892531306
0.5489882285609354	0.45101177143906457
0.9474505631765228	0.05254943682347722
0.397381405409446	0.602618594590554
0.9667432809801094	0.03325671901989062
0.9498343469344426	0.05016565306555745
0.793134403694028	0.20686559630597198
0.5702911870706866	0.4297088129293134
0.9027703915538035	0.0972296084461965
0.5089004393721736	0.49109956062782645
0.5000116614141903	0.49998833858580966
0.9463826956182197	0.053617304381780306
0.6192085962999839	0.3807914037000161
0.9295428412337707	0.07045715876622924
0.9515387146741345	0.04846128532586542
0.9881402485871763	0.011859751412823718
0.9847253668130032	0.015274633186996817
0.9488401095546573	0.05115989044534272
0.9336510162187722	0.06634898378122776
0.8980540890367064	0.10194591096329358
0.8952102393181818	0.10478976068181825
0.9642800947585979	0.03571990524140213
0.937337630730499	0.06266236926950092
0.9243321634560303	0.07566783654396966
0.9830182271043026	0.01698177289569739
0.8526542114497662	0.1473457885502338
0.9313056509933005	0.06869434900669943
0.5065413019550935	0.49345869804490644
0.7929985303096407	0.20700146969035924
0.8492966357392543	0.15070336426074574
0.18010706911830254	0.8198929308816975
0.22147387026774457	0.7785261297322554
0.9182633127646528	0.08173668723534726
0.7833322620659133	0.2166677379340866
0.9437471158087571	0.056252884191242865
0.9261200633766464	0.0738799366233536
0.5546282262203566	0.4453717737796434
0.04061991248534691	0.9593800875146531
0.7034069392836373	0.2965930607163627
0.06485906327923419	0.9351409367207658
0.23948921397763245	0.7605107860223675
0.821055656365393	0.17894434363460704
0.9449984078396066	0.055001592160393346
0.9275696705645649	0.07243032943543509
0.8811706309388784	0.11882936906112161
0.9178327339834901	0.08216726601650994
0.3022580595621337	0.6977419404378663
0.031108657180235255	0.9688913428197647
0.050201336143552155	0.9497986638564478
0.013769135015209155	0.9862308649847908
0.8965174036156923	0.10348259638430769
0.925193087439781	0.074806912560219
0.8934426695215288	0.10655733047847113
0.28280391287692996	0.71719608712307
0.05182440096656782	0.9481755990334322
0.8812071961211448	0.11879280387885514
0.006378719544347433	0.9936212804556526
0.004645428310834476	0.9953545716891655
0.004275575496498818	0.9957244245035012
0.055494903875491386	0.9445050961245086
0.008591638616341934	0.9914083613836581
0.00348836736549607	0.9965116326345039
0.6811820053412666	0.3188179946587334
0.007507514642735247	0.9924924853572648
0.9057661916503722	0.09423380834962783
0.411768378413056	0.588231621586944
0.9671151751234773	0.03288482487652264
0.4537101940390992	0.5462898059609008
0.9582306537022511	0.04176934629774889
0.9546060120695944	0.04539398793040557
0.030934584200667636	0.9690654157993324
0.9842024754173618	0.01579752458263822
0.6686359458856818	0.33136405411431824
0.9179372716512644	0.08206272834873561
0.5095512607444295	0.4904487392555705
0.5738153501683549	0.42618464983164506
0.9642995185592722	0.03570048144072779
0.9387925020296772	0.06120749797032271
0.9058211147149395	0.09417888528506044
0.0037955718178670494	0.996204428182133
0.922517858130897	0.07748214186910297
0.9443949465231918	0.05560505347680824
0.9226651206502086	0.07733487934979145
0.9471740517982907	0.05282594820170927
0.9038567517120978	0.09614324828790224
0.9387330458858159	0.06126695411418417
0.9811928895781749	0.018807110421825157
0.7721908908945214	0.22780910910547852
0.9184831017080067	0.08151689829199324
0.9857220062955175	0.014277993704482475
0.0026218439583690634	0.9973781560416309
0.9135839578095752	0.08641604219042479
0.6168799931192773	0.3831200068807227
0.7535496157083071	0.24645038429169286
0.9461521000471304	0.0538478999528697
0.8553907426785573	0.14460925732144267
0.007434347948745312	0.9925656520512547
0.8776806879860178	0.12231931201398213
0.9196634675793698	0.08033653242063027
0.024644152802259178	0.9753558471977408
0.07224137065685043	0.9277586293431496
0.9567297241019805	0.043270275898019496
0.30484668033863493	0.6951533196613651
0.7596424834536663	0.24035751654633378
0.9466613824747373	0.05333861752526274
0.9796535226667231	0.02034647733327692
0.9418372931427528	0.05816270685724726
0.4789926706312946	0.5210073293687054
0.9854097753396394	0.014590224660360696
0.06334522217430116	0.9366547778256988
0.007720285806763427	0.9922797141932366
0.0019503440554724527	0.9980496559445275
0.24540757349057862	0.7545924265094214
0.08898551832540647	0.9110144816745935
0.1154481953803157	0.8845518046196843
0.009420200795502542	0.9905797992044975
0.0016413061440605503	0.9983586938559394
0.9690015743937614	0.030998425606238583
0.941230126150799	0.058769873849200994
0.9136853073805741	0.08631469261942593
0.8609607782498958	0.1390392217501042
0.9458606213374138	0.054139378662586245
0.9534012761803459	0.04659872381965408
0.9440690847436971	0.05593091525630286
0.9301068630900687	0.06989313690993125
0.9192420927769689	0.08075790722303108
0.9322803193066052	0.06771968069339482
0.9298473630525466	0.07015263694745343
0.8990834690319964	0.10091653096800353
0.9802731989137536	0.019726801086246405
0.5663198096047803	0.4336801903952197
0.9378638206504624	0.06213617934953767
0.23525120831860147	0.7647487916813985
0.8424136440768368	0.15758635592316317
0.9343679066244704	0.06563209337552951
0.1971728964362831	0.8028271035637169
0.8311047186362577	0.16889528136374238
0.9376074906595759	0.06239250934042411
0.6938207129353866	0.30617928706461334
0.9618412330495973	0.03815876695040271
0.9874895642168132	0.012510435783186747
0.9034212906910195	0.09657870930898044
0.9349381687836597	0.06506183121634038
0.012396360525121053	0.987603639474879
0.5195928876480413	0.4804071123519586
0.25319833869480046	0.7468016613051995
0.9229773514458288	0.07702264855417118
0.6268849890102708	0.3731150109897292
0.9591367005650092	0.04086329943499078
0.564171436576493	0.43582856342350695
0.85402375963203	0.14597624036796994
0.7878274000494829	0.21217259995051713
0.9048683683660621	0.09513163163393792
0.4122443465149057	0.5877556534850943
0.9194122721770106	0.08058772782298937
0.9244405476267694	0.07555945237323056
0.026417947261769048	0.973582052738231
0.36967540624091677	0.6303245937590832
0.1937334587726336	0.8062665412273664
0.39221742553903804	0.607782574460962
0.04573073570746711	0.9542692642925329
0.9115540120955747	0.0884459879044253
0.9365223743789506	0.06347762562104936
0.31774125558783617	0.6822587444121638
0.8407353890668919	0.1592646109331081
0.6842223987858617	0.31577760121413834
0.930406418512723	0.06959358148727701
0.9685251630508664	0.03147483694913352
0.5305101114963617	0.4694898885036382
0.3047093239280225	0.6952906760719775
0.8562112546260231	0.14378874537397693
0.08214945282833208	0.9178505471716679
0.9885888918196226	0.01141110818037742
0.9425782692549252	0.05742173074507483
0.1531999362011044	0.8468000637988956
0.9491694060235809	0.05083059397641907
0.9846134716875978	0.01538652831240213
0.9354361988523308	0.0645638011476692
0.7926057881367763	0.20739421186322374
0.9430677810151402	0.0569322189848598
0.9191931147828079	0.08080688521719212
0.9360495524064292	0.0639504475935708
0.001400124256474844	0.9985998757435252
0.9539252791319226	0.046074720868077394
0.656628638163695	0.34337136183630496
0.7980066787547645	0.20199332124523553
0.8788665327629619	0.12113346723703813
0.9339487423929778	0.06605125760702228
0.9231567035051731	0.07684329649482688
0.8347431698751954	0.16525683012480463
0.5864250726365958	0.41357492736340423
0.4396756821143806	0.5603243178856194
0.8626924885787761	0.13730751142122388
0.4990847395272222	0.5009152604727778
0.011868703566244365	0.9881312964337556
0.7598233462772286	0.24017665372277142
0.914816119814223	0.08518388018577708
0.9040560600861672	0.09594393991383275
0.00920070186678501	0.990799298133215
0.8998670332069503	0.10013296679304975
0.9282281860916904	0.07177181390830958
0.35865933784680937	0.6413406621531906
0.926902567387178	0.07309743261282199
0.9349622282108035	0.06503777178919642
0.9212286487457606	0.07877135125423934
0.9521311784055438	0.047868821594456205
0.08700816006249812	0.9129918399375019
0.3493974129973322	0.6506025870026678
0.9298416870837889	0.0701583129162111
0.10274183219640032	0.8972581678035997
0.042033600728663245	0.9579663992713368
0.04416203060351798	0.955837969396482
0.11605798906877718	0.8839420109312228
0.007533582422970531	0.9924664175770295
0.04975731796489824	0.9502426820351018
0.1391561777579794	0.8608438222420206
0.00659733295160847	0.9934026670483915
0.3476008054149877	0.6523991945850123
0.052435866113752394	0.9475641338862476
0.831542280600565	0.16845771939943494
0.9890109841885195	0.010989015811480431
0.12133574315820894	0.8786642568417911
0.46651144724774907	0.5334885527522509
0.9492087415603679	0.05079125843963201
0.7304781020203417	0.2695218979796583
0.009950135038765628	0.9900498649612344
0.052950142449308735	0.9470498575506913
0.0259901906114145	0.9740098093885855
0.9317567824731676	0.0682432175268324
0.3572537404570777	0.6427462595429223
0.01213904269929178	0.9878609573007082
0.34429311436830157	0.6557068856316984
0.008681020725967437	0.9913189792740326
0.007504412048339848	0.9924955879516602
0.9173638817751546	0.08263611822484543
0.23537079784187698	0.764629202158123
0.4294236401679181	0.5705763598320819
0.041713366661127904	0.9582866333388721
0.0028222497677018454	0.9971777502322982
0.5835474934182	0.4164525065818
0.9041582586775113	0.09584174132248864
0.8020724853343726	0.19792751466562744
0.9788953541695989	0.021104645830401083
0.9682849130168543	0.0317150869831457
0.9846948983968303	0.015305101603169616
0.9477155372216255	0.05228446277837447
0.8118775389562786	0.1881224610437214
0.8117928129057499	0.18820718709425013
0.7162421143577145	0.28375788564228555
0.9515484865382754	0.04845151346172457
0.9468752831954185	0.05312471680458151
0.930578373640317	0.06942162635968302
0.9854658024436421	0.0145341975563579
0.9442022923166405	0.05579770768335941
0.9839821172431281	0.016017882756871882
0.8896188433386122	0.11038115666138783
0.10187917838851213	0.8981208216114879
0.9862582727008296	0.013741727299170444
0.5427442167801082	0.45725578321989174
0.9471303627592007	0.052869637240799315
0.9433115413189509	0.05668845868104913
0.5027139316387674	0.4972860683612325
0.24265306594231129	0.7573469340576887
0.8235441771692181	0.17645582283078187
0.00762389756405879	0.9923761024359412
0.9086844175796263	0.09131558242037373
0.9339360597352415	0.0660639402647585
0.5591755560844035	0.4408244439155965
0.028153810540665347	0.9718461894593347
0.92883556857059	0.07116443142941001
0.9444877164562588	0.05551228354374113
0.9564365735994337	0.043563426400566346
0.933986563572381	0.06601343642761902
0.8759736509389957	0.12402634906100428
0.6937101685416129	0.30628983145838706
0.86602008909393	0.13397991090607
0.19733387538258185	0.8026661246174182
0.7853831406236358	0.21461685937636418
0.9339936670916361	0.0660063329083639
0.10395191716886198	0.896048082831138
0.9420416548619658	0.057958345138034266
0.9250525104297246	0.0749474895702754
0.9488922545131312	0.05110774548686878
0.8913595616871253	0.10864043831287476
0.9754634768028706	0.02453652319712936
0.9470794577768858	0.05292054222311419
0.9659031765207627	0.03409682347923729
0.4798598285687139	0.5201401714312861
0.9472216232257552	0.05277837677424483
0.9252839922014156	0.07471600779858444
0.9872856754498994	0.012714324550100598
0.12656800478168095	0.873431995218319
0.49227738729985304	0.507722612700147
0.9432721743081771	0.05672782569182294
0.9723461258028685	0.02765387419713153
0.9286986777015329	0.07130132229846706
0.7269728250966287	0.2730271749033712
0.9509593719977286	0.04904062800227138
0.9240535669064752	0.07594643309352478
0.29951067018693667	0.7004893298130633
0.9626221162970405	0.037377883702959414
0.8180417477276444	0.18195825227235565
0.9616699299655428	0.03833007003445719
0.011331675034138455	0.9886683249658615
0.9593574326386625	0.04064256736133753
0.0814221594812009	0.9185778405187991
0.8602244566484145	0.13977554335158549
0.963409331203533	0.03659066879646696
0.9482453302908324	0.05175466970916762
0.9152688753931746	0.08473112460682546
0.8840789912932204	0.11592100870677957
0.7140378758405888	0.2859621241594113
0.01649875492706465	0.9835012450729353
0.9110364397566677	0.08896356024333228
0.22126416982314645	0.7787358301768535
0.9233362214406602	0.07666377855933984
0.8787531014363625	0.12124689856363742
0.8388046475042101	0.16119535249578987
0.9075617535973722	0.09243824640262774
0.9520944693722828	0.04790553062771724
0.6221202236467249	0.377879776353275
0.8875379847128755	0.11246201528712456
0.6076986382723524	0.39230136172764757
0.9451531808956372	0.054846819104362864
0.937210549583465	0.06278945041653504
0.5447939147368828	0.4552060852631173
0.9162977004561929	0.08370229954380715
0.9211335609863012	0.07886643901369887
0.947679013183009	0.052320986816991065
0.9535239305278569	0.046476069472143146
0.9349702872340389	0.0650297127659612
0.18387550155720145	0.8161244984427986
0.9264929410712585	0.07350705892874157
0.9742212057680499	0.025778794231950026
0.9255789617388767	0.07442103826112337
0.8956583978691937	0.10434160213080634
0.9110312128932341	0.08896878710676598
0.4391840028050433	0.5608159971949567
0.7045941460927563	0.2954058539072437
0.9283842560277994	0.07161574397220061
0.955306627382633	0.044693372617367076
0.40628431665565845	0.5937156833443415
0.5675202486663709	0.4324797513336291
0.9357591163798078	0.0642408836201922
0.9079232901799694	0.0920767098200306
0.724379379051822	0.2756206209481779
0.6456617548876433	0.35433824511235673
0.06168170620433577	0.9383182937956642
0.9098859703121379	0.09011402968786209
0.282461142576089	0.717538857423911
0.6471037853966777	0.3528962146033223
0.41213926523916533	0.5878607347608347
0.4431484968376229	0.5568515031623771
0.9829401068948733	0.01705989310512672
0.44280930938465546	0.5571906906153445
0.09607554806140706	0.9039244519385929
0.9215637671321713	0.07843623286782875
0.9084117778864139	0.09158822211358604
0.9180894626598478	0.08191053734015219
0.7751098214187109	0.22489017858128918
0.9322446197642617	0.06775538023573831
0.02985217221247838	0.9701478277875216
0.9335863652202899	0.06641363477971006
0.34264972324181053	0.6573502767581895
0.976702836810586	0.02329716318941404
0.8857435586028757	0.11425644139712436
0.09160520680829443	0.9083947931917056
0.4708906635458604	0.5291093364541396
0.009018730323567037	0.990981269676433
0.05036845852758853	0.9496315414724115
0.7421403865921905	0.25785961340780955
0.9821925247859664	0.017807475214033593
0.06265728540681026	0.9373427145931897
0.39459844098250485	0.6054015590174951
0.009127223797630646	0.9908727762023694
0.925697999581826	0.07430200041817407
0.008594752791784233	0.9914052472082158
0.8422598346943574	0.15774016530564264
0.004639294997140886	0.9953607050028591
0.9569578839321629	0.043042116067837095
0.0077027572866246174	0.9922972427133754
0.5158125187721896	0.48418748122781047
0.04406537447563752	0.9559346255243625
0.015781702659909635	0.9842182973400904
0.029950977019955638	0.9700490229800444
0.08803265675789806	0.9119673432421019
0.0025740654163726173	0.9974259345836274
0.2644535634107156	0.7355464365892844
0.11078638486689385	0.8892136151331061
0.002830189599240973	0.997169810400759
0.567047593212049	0.432952406787951
0.5413390889689524	0.45866091103104756
0.9655106633373244	0.03448933666267558
0.9364555305708226	0.0635444694291774
0.4167807365721311	0.5832192634278689
0.6530204424631137	0.34697955753688625
0.954353723005095	0.045646276994905
0.9184750117078792	0.08152498829212089
0.09094955609306943	0.9090504439069306
0.9499514615047272	0.05004853849527285
0.9220575767931376	0.07794242320686236
0.005068240772630128	0.9949317592273699
0.3834511027581412	0.6165488972418588
0.8321873682836541	0.1678126317163459
0.13867464608565971	0.8613253539143403
0.8713873387311994	0.1286126612688005
0.8627823877776839	0.13721761222231607
0.9386678531544329	0.06133214684556714
0.78786936234854	0.21213063765146
0.9571553476692385	0.042844652330761526
0.933386271230399	0.06661372876960103
0.9238306496556492	0.07616935034435085
0.9188309766393857	0.08116902336061425
0.934067714135752	0.06593228586424807
0.9311282708236104	0.06887172917638965
0.012531819925617027	0.987468180074383
0.961366233183911	0.038633766816089016
0.8120655320724856	0.18793446792751448
0.970808316248825	0.02919168375117499
0.10723522063093849	0.8927647793690615
0.9102158135895766	0.08978418641042335
0.9092646995992317	0.09073530040076833
0.9160133709663143	0.08398662903368569
0.46419333607926627	0.5358066639207337
0.00524236008023149	0.9947576399197685
0.9672063262375503	0.03279367376244974
0.9678993117857442	0.032100688214255796
0.9264448805554453	0.07355511944455477
0.9400580803061575	0.05994191969384256
0.9464020244572979	0.053597975542702035
0.9529626988566426	0.047037301143357385
0.9465993748340189	0.053400625165981104
0.9740716692712098	0.025928330728790156
0.9614605792947264	0.03853942070527363
0.9579039272287369	0.042096072771263135
0.7999643065101294	0.20003569348987055
0.061763099667021204	0.9382369003329788
0.9692108606717448	0.030789139328255267
0.9279745306331119	0.07202546936688815
0.9060164675498379	0.09398353245016212
0.9294451693249813	0.07055483067501862
0.9271510671370574	0.07284893286294261
0.04436539705814868	0.9556346029418513
0.9781340643628031	0.021865935637196868
0.9417694200855307	0.05823057991446937
0.9507564023540833	0.04924359764591667
0.8357001452641194	0.1642998547358806
0.12428702187482032	0.8757129781251797
0.03072621766025596	0.969273782339744
0.8999477108103157	0.1000522891896843
0.9057043645211463	0.09429563547885368
0.9304359106906599	0.06956408930934009
0.9628900327531834	0.03710996724681655
0.9438080602481387	0.05619193975186127
0.22766504898892848	0.7723349510110715
0.4615391547631885	0.5384608452368115
0.07014847299586147	0.9298515270041385
0.9217313001662373	0.07826869983376274
0.9242873869604481	0.07571261303955187
0.014056475764613996	0.985943524235386
0.9648682018473713	0.035131798152628645
0.7306006920142893	0.2693993079857106
0.9120028894864008	0.08799711051359918
0.586312649213893	0.4136873507861069
0.8854939696045688	0.11450603039543121
0.059662722596843576	0.9403372774031564
0.9444091285119415	0.055590871488058496
0.9032218481291723	0.09677815187082772
0.9910724712139585	0.00892752878604155
0.06907032710297734	0.9309296728970227
0.8712634660312669	0.1287365339687331
0.04213943928447128	0.9578605607155287
0.9273075303112821	0.07269246968871795
0.9241757819568549	0.07582421804314506
0.007138975858101526	0.9928610241418985
0.34852613957789247	0.6514738604221075
0.39574012561858063	0.6042598743814194
0.3312851624489448	0.6687148375510552
0.09922754425453406	0.9007724557454659
0.3100191528929074	0.6899808471070926
0.008900643978453915	0.9910993560215461
0.8998119524394868	0.1001880475605133
0.9288094947545528	0.07119050524544727
0.5237986497144227	0.47620135028557736
0.06520229987958304	0.934797700120417
0.2206204535825803	0.7793795464174197
0.9875989100264343	0.012401089973565677
0.7332682407680079	0.2667317592319921
0.9431866047400808	0.056813395259919235
0.9210421432419614	0.07895785675803853
0.04135756433892834	0.9586424356610717
0.1731390795847184	0.8268609204152816
0.009047917963499241	0.9909520820365008
0.005239325842752995	0.994760674157247
0.9368473130797368	0.06315268692026324
0.9234846914818017	0.07651530851819832
0.009887240650630846	0.9901127593493692
0.8677493356020346	0.13225066439796543
0.6289683665677464	0.3710316334322537
0.9015903568255441	0.09840964317445594
0.28074981917986164	0.7192501808201384
0.9881398597566212	0.011860140243378762
0.9629054229404657	0.03709457705953434
0.9433642884110732	0.056635711588926815
0.8844714344696488	0.11552856553035122
0.9500103703633433	0.049989629636656686
0.9286276304263932	0.07137236957360688
0.41690426723957974	0.5830957327604203
0.436944231986935	0.563055768013065
0.9765117798427897	0.023488220157210322
0.9431221497163061	0.0568778502836939
0.9307890197852475	0.06921098021475246
0.9260494940780646	0.07395050592193547
0.9130055584660963	0.08699444153390362
0.9735651273490139	0.02643487265098607
0.250610386633515	0.749389613366485
0.9776239682901483	0.02237603170985166
0.10887842960117611	0.8911215703988239
0.9441261763062495	0.05587382369375049
0.8147654133682007	0.18523458663179931
0.6143376410474934	0.3856623589525065
0.13798723253726564	0.8620127674627344
0.9521624679364067	0.04783753206359332
0.9126449088225884	0.08735509117741157
0.9314210054926237	0.06857899450737626
0.006547495243017898	0.9934525047569821
0.09023974305776739	0.9097602569422326
0.9201394253097679	0.07986057469023206
0.9622845738400365	0.0377154261599635
0.9089922348894174	0.09100776511058258
0.9078992022978445	0.09210079770215546
0.9748785418261297	0.025121458173870372
0.9829070911938703	0.01709290880612967
0.9643187282045184	0.035681271795481605
0.9560972031099015	0.04390279689009846
0.7679627761952879	0.2320372238047121
0.6336551891732187	0.3663448108267812
0.8931476360925439	0.10685236390745614
0.9198161679525418	0.08018383204745821
0.8107827221446622	0.18921727785533785
0.9634156505338419	0.036584349466158045
0.9375002580873423	0.06249974191265769
0.9229619182444381	0.07703808175556195
0.9824069693318471	0.017593030668152893
0.9572095522015097	0.042790447798490276
0.12501120810479371	0.8749887918952063
0.938501465076787	0.06149853492321304
0.9263277443537203	0.07367225564627962
0.9100905065238853	0.08990949347611468
0.9630273104993318	0.03697268950066824
0.8094220970120883	0.19057790298791163
0.658349529359503	0.341650470640497
0.9685697752095777	0.0314302247904224
0.9314823104956578	0.0685176895043422
0.9277104054363999	0.07228959456360005
0.9378933831988805	0.06210661680111946
0.9134858635063503	0.08651413649364972
0.9177600997279041	0.08223990027209593
0.9324887554764061	0.06751124452359397
0.930051889120854	0.06994811087914594
0.548660962312097	0.4513390376879029
0.8112712807281371	0.18872871927186285
0.9298578631126315	0.07014213688736845
0.9833120549428542	0.016687945057145735
0.761038583065669	0.23896141693433107
0.985641624160429	0.014358375839570975
0.9819746627253303	0.018025337274669723
0.13762468851269272	0.8623753114873073
0.8362387623934757	0.1637612376065243
0.9006278737415282	0.09937212625847182
0.9510904899500283	0.04890951004997163
0.21497856661126635	0.7850214333887336
0.7788757257531533	0.22112427424684664
0.5997499632343968	0.4002500367656032
0.8939906532911406	0.1060093467088594
0.9513127072607966	0.048687292739203324
0.9543132651927123	0.04568673480728769
0.9680198342246445	0.0319801657753554
0.9140146010630247	0.08598539893697532
0.28069072469619083	0.7193092753038092
0.829950129672773	0.17004987032722693
0.3236911757887172	0.6763088242112828
0.9302043584168023	0.0697956415831977
0.8981324861708221	0.10186751382917794
0.8528129774249	0.1471870225750999
0.9010084561219369	0.09899154387806304
0.9427066636572252	0.0572933363427748
0.9430411348474287	0.056958865152571335
0.47170318010769274	0.5282968198923073
0.8417923759981905	0.15820762400180957
0.9090324457769347	0.09096755422306532
0.0507340651430781	0.9492659348569219
0.9023505936225901	0.09764940637740994
0.9662513897951683	0.03374861020483166
0.4330935225061471	0.5669064774938529
0.9597454468267004	0.04025455317329963
0.012926205080477815	0.9870737949195222
0.6120695418367592	0.38793045816324084
0.0023686833616272107	0.9976313166383728
0.6446870479402445	0.3553129520597555
0.9742258774758032	0.025774122524196703
0.6047858717361673	0.39521412826383273
0.09814131815530824	0.9018586818446918
0.5184311071386475	0.4815688928613525
0.9569792639074562	0.043020736092543733
0.7466790730794226	0.25332092692057734
0.09802601333404026	0.9019739866659597
0.5393569627416726	0.4606430372583274
0.9014342507953925	0.09856574920460753
0.932355181673881	0.06764481832611904
0.13246191307602595	0.867538086923974
0.8730876097566835	0.1269123902433165
0.5708137328694727	0.42918626713052727
0.928662887982694	0.07133711201730596
0.5910714997009419	0.4089285002990582
0.9858864807823322	0.014113519217667781
0.7882528276757952	0.2117471723242048
0.06287152664424567	0.9371284733557543
0.5746876345406042	0.4253123654593957
0.9484969771914304	0.05150302280856955
0.6023766324816956	0.3976233675183044
0.9247484182202751	0.0752515817797249
0.6743142902000148	0.3256857097999852
0.9374740256802255	0.06252597431977447
0.9347011545204211	0.06529884547957884
0.9766401745645589	0.023359825435441142
0.9752834231111196	0.0247165768888804
0.31270405703082904	0.687295942969171
0.9893558917026126	0.010644108297387425
0.8873732272680386	0.11262677273196145
0.2710665623606926	0.7289334376393074
0.03168126664578619	0.9683187333542138
0.6855298560192425	0.31447014398075746
0.9237572008174649	0.07624279918253506
0.9259949366845935	0.07400506331540649
0.8340071476890255	0.1659928523109745
0.8367913793101863	0.1632086206898137
0.7325030844363367	0.26749691556366334
0.855880139643642	0.1441198603563581
0.901028866426719	0.09897113357328102
0.9449079653515084	0.0550920346484915
0.94467129455649	0.05532870544350998
0.4876898420234883	0.5123101579765117
0.6681055617001013	0.3318944382998988
0.6968581984807194	0.30314180151928055
0.21063476037844708	0.7893652396215529
0.9096446812316282	0.09035531876837173
0.9498760764081241	0.05012392359187591
0.5237244255455262	0.4762755744544738
0.5673294872424504	0.4326705127575496
0.9052857992583313	0.09471420074166866
0.8473180096944303	0.15268199030556973
0.947864007184553	0.05213599281544695
0.5160063604819742	0.4839936395180258
0.9097201115203601	0.09027988847963983
0.2473773516519342	0.7526226483480658
0.9339298208698255	0.06607017913017453
0.9317432254948745	0.06825677450512546
0.9119304654193496	0.08806953458065041
0.9190134834665222	0.08098651653347781
0.9426948076703947	0.057305192329605285
0.9259823861679606	0.07401761383203946
0.5691879285272974	0.4308120714727027
0.9322792283670311	0.06772077163296887
0.9346621409310684	0.06533785906893164
0.8325992555038145	0.16740074449618547
0.08012352120482502	0.919876478795175
0.9258799227506038	0.07412007724939612
0.8776798382291547	0.12232016177084526
0.8783811974299007	0.12161880257009922
0.9505718596830264	0.04942814031697368
0.9390310904302868	0.06096890956971321
0.938898669489949	0.06110133051005094
0.9413390921038827	0.05866090789611738
0.9295564025279239	0.07044359747207601
0.9243115054233654	0.0756884945766346
0.9450336721813484	0.05496632781865162
0.9471678588451108	0.05283214115488924
0.9443832751828245	0.05561672481717554
0.9400217408024031	0.059978259197596945
0.8591254051554147	0.14087459484458534
0.0077863022813200455	0.99221369771868
0.9060505960658126	0.09394940393418734
0.9453429587072931	0.05465704129270687
0.973045762369014	0.026954237630985995
0.9046392264240182	0.09536077357598184
0.8541796074491655	0.14582039255083445
0.5836464809917621	0.4163535190082379
0.9364391317587638	0.06356086824123619
0.313708570363634	0.686291429636366
0.8910380317896222	0.10896196821037783
0.9183989155986281	0.08160108440137188
0.8805564021073942	0.11944359789260585
0.2547461094505784	0.7452538905494216
0.967830138728727	0.032169861271273
0.5059372018822745	0.4940627981177255
0.35340734325960466	0.6465926567403953
0.9124888763875768	0.08751112361242318
0.9201076471415203	0.0798923528584797
0.9598950117530615	0.0401049882469385
0.9316494279129295	0.06835057208707049
0.6408628448869341	0.3591371551130659
0.9386009903480756	0.06139900965192438
0.9643654137309183	0.03563458626908169
0.9913559557206852	0.008644044279314788
0.9057444709197778	0.09425552908022214
0.8633502911493369	0.1366497088506631
0.9222033136244967	0.0777966863755033
0.9109576887139824	0.08904231128601761
0.9372776987967398	0.0627223012032602
0.7630767075496117	0.23692329245038832
0.8052566292613961	0.19474337073860395
0.9411497408526768	0.058850259147323204
0.8004712736149567	0.19952872638504324
0.8844040970289359	0.11559590297106412
0.29112606475706704	0.708873935242933
0.9109383594396575	0.08906164056034248
0.9318319150098352	0.06816808499016482
0.7367661299851127	0.2632338700148873
0.8072071797991148	0.19279282020088515
0.39995255333233015	0.6000474466676698
0.9557306047162325	0.0442693952837675
0.9211968701301658	0.07880312986983418
0.9073200665036312	0.09267993349636885
0.8084116924534441	0.19158830754655584
0.10243603360949316	0.8975639663905068
0.909588414513717	0.09041158548628299
0.985450952280441	0.014549047719558972
0.9237344140627142	0.07626558593728587
0.978942316076981	0.021057683923019
0.9360634042208562	0.06393659577914376
0.9191279764114536	0.08087202358854642
0.29216713547236917	0.7078328645276308
0.9570449206741286	0.04295507932587143
0.8957384529139554	0.10426154708604463
0.7369358981582326	0.2630641018417674
0.939460536348946	0.06053946365105404
0.9207421744424653	0.07925782555753468
0.9807620325120887	0.019237967487911282
0.9224807783255198	0.07751922167448028
0.9850236550713314	0.014976344928668613
0.9415664951883067	0.058433504811693245
0.07178153586525293	0.9282184641347471
0.90091869937364	0.09908130062636002
0.9063541776187279	0.0936458223812721
0.9730296237990023	0.026970376200997744
0.9855936701310365	0.014406329868963454
0.0037944835013223877	0.9962055164986776
0.6451617365357747	0.35483826346422526
0.9441569017065334	0.05584309829346653
0.9162003640079932	0.08379963599200677
0.750491879687704	0.249508120312296
0.11772079808705904	0.882279201912941
0.4171120318145838	0.5828879681854162
0.9179455606344721	0.08205443936552789
0.5459303073866792	0.4540696926133208
0.9696029347419097	0.030397065258090234
0.4397149505908484	0.5602850494091516
0.9676810641875703	0.032318935812429735
0.32621931908241386	0.6737806809175861
0.7198917841508994	0.2801082158491007
0.009838265519374167	0.9901617344806258
0.19531593280349668	0.8046840671965033
0.010224673627031167	0.9897753263729688
0.909712585742209	0.09028741425779092
0.15868815524480728	0.8413118447551927
0.962325776200046	0.03767422379995403
0.8443400537955652	0.15565994620443485
0.0054029063377240005	0.994597093662276
0.9205958917082125	0.07940410829178743
0.9464065300619391	0.05359346993806088
0.0035001019121032595	0.9964998980878967
0.05858398257401343	0.9414160174259866
0.9227860265485226	0.07721397345147736
0.9191692753449943	0.08083072465500568
0.1547148895665439	0.8452851104334561
0.953586486421697	0.04641351357830309
0.8146142711482015	0.18538572885179846
0.9822022977587429	0.017797702241257127
0.9623156853283787	0.037684314671621234
0.9041282431139475	0.09587175688605254
0.8793638316364043	0.12063616836359566
0.5054175512315002	0.4945824487684998
0.9472046849184705	0.05279531508152945
0.9200513237057145	0.07994867629428544
0.9457760775237039	0.054223922476296135
0.03607609917175425	0.9639239008282457
0.529124131859472	0.47087586814052795
0.06108257763121816	0.9389174223687818
0.924005518825886	0.07599448117411406
0.2845453113080174	0.7154546886919826
0.7474218530314306	0.2525781469685694
0.9167156411136332	0.08328435888636673
0.43591441815689214	0.5640855818431079
0.9191847394236943	0.08081526057630574
0.9501228747910689	0.04987712520893106
0.780510243769636	0.219489756230364
0.9894553221155398	0.010544677884460264
0.8522102485872557	0.14778975141274428
0.9411136383214304	0.05888636167856964
0.940422914653179	0.05957708534682108
0.9315170648277761	0.06848293517222395
0.08616353008357969	0.9138364699164203
0.9331265256211452	0.06687347437885481
0.47481947967342497	0.525180520326575
0.9443297458786656	0.05567025412133442
0.5610000165944018	0.4389999834055982
0.9017908132015655	0.09820918679843445
0.9598015800541344	0.04019841994586564
0.9379520931013574	0.06204790689864263
0.9452246452351274	0.054775354764872664
0.6910809529160693	0.3089190470839307
0.9229477015831815	0.07705229841681853
0.03955715700475004	0.96044284299525
0.015254150891198082	0.9847458491088019
0.10704579079006671	0.8929542092099333
0.1805328755670338	0.8194671244329662
0.0022663950287050705	0.9977336049712949
0.7255915961545807	0.27440840384541926
0.04336792453578775	0.9566320754642123
0.992199094639379	0.007800905360620948
0.9346774685098185	0.06532253149018155
0.45942248779144224	0.5405775122085578
0.006325453697558325	0.9936745463024417
0.9407789607255712	0.059221039274428774
0.9381825304593754	0.06181746954062464
0.954707092633737	0.045292907366263055
0.915096049298428	0.08490395070157193
0.8013008244028426	0.19869917559715744
0.9558681642757247	0.04413183572427524
0.9764152113076954	0.02358478869230458
0.9080250251018764	0.09197497489812351
0.9326878631541338	0.06731213684586622
0.2769268951108539	0.7230731048891461
0.8998552796942137	0.10014472030578628
0.9147660390909556	0.0852339609090445
0.9843625968570809	0.01563740314291901
0.8975627041164138	0.10243729588358624
0.9816158328887257	0.018384167111274365
0.9845599500093659	0.015440049990634135
0.9097670517433339	0.09023294825666603
0.317059057668428	0.682940942331572
0.8175500333373025	0.18244996666269747
0.9134117772076278	0.08658822279237226
0.9432533408903792	0.05674665910962083
0.9198603245542332	0.08013967544576686
0.9114732207126198	0.08852677928738013
0.9870669944700768	0.01293300552992311
0.8084768465699094	0.19152315343009066
0.42667970968123203	0.573320290318768
0.9999999911238652	8.876134851953275e-09
0.811127873521848	0.188872126478152
0.9506378607834535	0.0493621392165465
0.3133698192361626	0.6866301807638374
0.926127942495705	0.07387205750429508
0.8953928149273435	0.1046071850726565
0.9343177332063016	0.06568226679369842
0.9021164480695659	0.09788355193043405
0.7240348894105417	0.2759651105894583
0.976658069692355	0.023341930307644955
0.04132401153371357	0.9586759884662864
0.48300422313891533	0.5169957768610847
0.011450646022290178	0.9885493539777098
0.9486720627388965	0.05132793726110356
0.9522420618933373	0.04775793810666273
0.32472389122844747	0.6752761087715525
0.0030766066546222826	0.9969233933453777
0.04036331109581026	0.9596366889041897
0.10200083733015053	0.8979991626698495
0.11372945114336941	0.8862705488566306
0.9011834196927353	0.09881658030726471
0.03838987986378706	0.9616101201362129
0.41352013703580726	0.5864798629641927
0.14111332446903369	0.8588866755309663
0.05129160101683383	0.9487083989831662
0.8037653238768234	0.19623467612317658
0.8334621165683181	0.16653788343168185
0.08242798218442637	0.9175720178155736
0.05239514047498872	0.9476048595250113
0.001435807225185215	0.9985641927748148
0.07924736166552482	0.9207526383344752
0.06889406188703084	0.9311059381129692
0.07563013488961479	0.9243698651103852
0.3936713381631848	0.6063286618368152
0.08866269439862995	0.91133730560137
0.5425583535520896	0.4574416464479104
0.27700317477779945	0.7229968252222005
0.005835702601197368	0.9941642973988026
0.2926896695715532	0.7073103304284468
0.9166312543866305	0.08336874561336946
0.6429311187119457	0.35706888128805425
0.9362660596922434	0.06373394030775656
0.8813815313941488	0.11861846860585125
0.061507165902874195	0.9384928340971258
0.16012961528712732	0.8398703847128727
0.7347834777426728	0.26521652225732717
0.5182599923485263	0.4817400076514737
0.08622807123823062	0.9137719287617694
0.3905459989904282	0.6094540010095718
0.5585647109287895	0.4414352890712106
0.4325596368333008	0.5674403631666992
0.22221101510383778	0.7777889848961622
0.3060761288396462	0.6939238711603538
0.0729769910530228	0.9270230089469772
0.26754324847983024	0.7324567515201698
0.941064999189823	0.05893500081017695
0.9385485253533601	0.06145147464663997
0.9190036864070434	0.08099631359295655
0.6642611174741128	0.33573888252588724
0.9740863600182779	0.025913639981722154
0.635133813096024	0.364866186903976
0.9137149317174162	0.08628506828258374
0.42741978167323647	0.5725802183267635
0.965679758492058	0.03432024150794194
0.9047351766455519	0.0952648233544481
0.40043696871349954	0.5995630312865005
0.9487414753521208	0.05125852464787913
0.771854084108791	0.22814591589120903
0.889981757198046	0.11001824280195406
0.19050326385769134	0.8094967361423087
0.9837532180882445	0.016246781911755544
0.9694939643988152	0.03050603560118486
0.05848087609266894	0.9415191239073311
0.9164023707048793	0.0835976292951207
0.8654303552443429	0.13456964475565716
0.9491333403478232	0.05086665965217683
0.9614730060110952	0.03852699398890482
0.13121497661846326	0.8687850233815367
0.9583168550699084	0.041683144930091655
0.9525991087109831	0.04740089128901698
0.9445882913622978	0.055411708637702214
0.3763583375712125	0.6236416624287875
0.9847776601791884	0.015222339820811524
0.8165536563938927	0.18344634360610737
0.9313361756445321	0.06866382435546796
0.9854458241014143	0.014554175898585668
0.8866853901411899	0.11331460985881016
0.907878487380082	0.09212151261991797
0.9730646683350066	0.02693533166499339
0.7438072791293533	0.25619272087064676
0.9653281787973584	0.03467182120264162
0.8525671667316913	0.14743283326830872
0.9028751865112256	0.09712481348877448
0.9089379625632013	0.09106203743679873
0.19932990898106573	0.8006700910189343
0.9107858358789728	0.08921416412102719
0.9084792450962219	0.09152075490377812
0.9373504928521841	0.06264950714781595
0.9374617724167331	0.06253822758326683
0.10063189384915594	0.8993681061508441
0.9356901968668586	0.0643098031331414
0.8402594484498789	0.15974055155012115
0.9634699897058266	0.036530010294173326
0.9559575877107476	0.04404241228925244
0.9799205878630373	0.020079412136962762
0.9242869161498484	0.07571308385015159
0.8795618984738189	0.12043810152618104
0.4016548628724268	0.5983451371275732
0.9483360647592313	0.051663935240768684
0.05552705365341237	0.9444729463465876
0.9232110430263727	0.07678895697362732
0.2930003948075337	0.7069996051924663
0.010874816895877437	0.9891251831041226
0.1688886619414791	0.8311113380585209
0.038415178863634325	0.9615848211363657
0.012902192613788666	0.9870978073862113
0.9411479787595123	0.05885202124048774
0.9175670646530566	0.08243293534694343
0.8576429724565555	0.14235702754344443
0.8425597086785908	0.15744029132140921
0.9821428270348793	0.01785717296512072
0.5802982690837033	0.4197017309162967
0.8818759699988817	0.11812403000111829
0.950715528249109	0.049284471750890964
0.9188576340313835	0.08114236596861645
0.9320286462452047	0.06797135375479538
0.9604051351085884	0.039594864891411584
0.6410904930639256	0.35890950693607443
0.5386809466468269	0.46131905335317314
0.9326141874475423	0.06738581255245764
0.9475393016915896	0.052460698308410415
0.9045325657736162	0.0954674342263838
0.9469434967818973	0.053056503218102735
0.9327731162209277	0.06722688377907227
0.9285404683817743	0.07145953161822571
0.7510880890939629	0.24891191090603718
0.21244817811365413	0.7875518218863459
0.9451027258670757	0.05489727413292439
0.8196388465883566	0.18036115341164338
0.5520546347741868	0.44794536522581313
0.10887201451382778	0.8911279854861722
0.9008621357675847	0.09913786423241529
0.905436711228341	0.09456328877165898
0.9815451901270932	0.01845480987290677
0.8570813084723736	0.14291869152762637
0.9155966233709146	0.0844033766290854
0.715105414148831	0.284894585851169
0.9754662663549968	0.024533733645003237
0.9050585453010782	0.09494145469892176
0.9590505692574812	0.04094943074251881
0.9205184556116364	0.07948154438836369
0.9515748427282619	0.04842515727173809
0.7433577196365347	0.25664228036346526
0.9307274235846899	0.06927257641531011
0.9175316670908916	0.08246833290910842
0.022161805085503694	0.9778381949144963
0.9104960326932839	0.08950396730671602
0.9482431164885942	0.05175688351140588
0.347961467161219	0.652038532838781
0.9277049526672067	0.07229504733279335
0.39819949299903656	0.6018005070009634
0.9319639831905566	0.06803601680944334
0.037534419961872234	0.9624655800381278
0.4461370804725784	0.5538629195274216
0.7896557312421126	0.21034426875788742
0.9620696888579877	0.03793031114201224
0.9440983749605456	0.05590162503945441
0.9627255997243769	0.037274400275623114
0.5047165955498818	0.49528340445011826
0.8434466696913125	0.15655333030868743
0.9467549071464249	0.0532450928535752
0.9475593701897982	0.052440629810201776
0.48649739237526446	0.5135026076247355
0.9300247457791386	0.06997525422086136
0.9249640033110478	0.07503599668895222
0.9333144336437397	0.0666855663562603
0.9598869152709448	0.040113084729055185
0.11552656127387262	0.8844734387261274
0.9106004436232147	0.08939955637678533
0.9431243709217741	0.0568756290782259
0.983778327935775	0.01622167206422502
0.9610524002282745	0.03894759977172546
0.8984706204594451	0.10152937954055481
0.9527753991390092	0.047224600860990826
0.7612524177200944	0.23874758227990556
0.9663553773221729	0.033644622677827044
0.927858193284534	0.07214180671546598
0.6893389247733069	0.31066107522669306
0.43290361898225505	0.567096381017745
0.8935617883078809	0.10643821169211908
0.9270083231185473	0.07299167688145265
0.9159647435999038	0.08403525640009621
0.9216202072989845	0.07837979270101549
0.9563202261664305	0.04367977383356945
0.936483622097044	0.06351637790295596
0.9686519763750796	0.03134802362492041
0.9237061582584065	0.07629384174159348
0.9889499368527003	0.01105006314729969
0.05023306995623189	0.9497669300437681
0.58006405978629	0.4199359402137099
0.9274373380528536	0.07256266194714647
0.9029394028712768	0.09706059712872314
0.9493490691158141	0.05065093088418594
0.5334426129984116	0.4665573870015884
0.667808905095034	0.33219109490496596
0.8799364099515508	0.12006359004844921
0.8944314027262004	0.10556859727379965
0.4259942768010363	0.5740057231989637
0.9208958317769883	0.07910416822301168
0.17178314730718847	0.8282168526928115
0.312908324893174	0.687091675106826
0.7327360070186852	0.2672639929813148
0.5959974674250972	0.4040025325749029
0.9867093926126684	0.01329060738733154
0.9603284212704917	0.03967157872950831
0.9333341421994938	0.06666585780050611
0.9726037057498133	0.027396294250186796
0.49010266281017756	0.5098973371898224
0.9135238096862679	0.08647619031373212
0.9195048939523315	0.08049510604766856
0.7061433779206601	0.2938566220793399
0.9020196168965846	0.09798038310341543
0.0878576925935699	0.9121423074064301
0.9531822591995094	0.046817740800490615
0.9664548587366489	0.03354514126335102
0.8104258837722753	0.18957411622772466
0.5999072847019469	0.4000927152980531
0.915980190172613	0.08401980982738703
0.9678513518037721	0.032148648196227855
0.9491062653177867	0.05089373468221329
0.6724677575627482	0.3275322424372518
0.4675651102723979	0.5324348897276021
0.18188440516600568	0.8181155948339943
0.9660528573442505	0.0339471426557495
0.9683943051277076	0.03160569487229241
0.9381040444998449	0.06189595550015516
0.9493468070797882	0.05065319292021173
0.8984824096574572	0.10151759034254285
0.8849722421480472	0.11502775785195284
0.07574909664343144	0.9242509033565686
0.9529892982917031	0.04701070170829689
0.9252170879260069	0.07478291207399315
0.8396295611678857	0.16037043883211435
0.49349820553416746	0.5065017944658325
0.9859180912487338	0.01408190875126629
0.7439099294274135	0.2560900705725865
0.5891051865314787	0.41089481346852125
0.9214950961932551	0.0785049038067449
0.9641750112153243	0.035824988784675625
0.0780024599930853	0.9219975400069147
0.8941667708062055	0.10583322919379447
0.9542719515798649	0.04572804842013512
0.9374142730873476	0.06258572691265245
0.9509202048052272	0.04907979519477283
0.15724384730724972	0.8427561526927503
0.9496741660301774	0.050325833969822605
0.0058921593483379775	0.994107840651662
0.8912680417630525	0.10873195823694752
0.953012915580504	0.046987084419496
0.8077189580034462	0.19228104199655385
0.9636531694143642	0.0363468305856358
0.9423802568044052	0.05761974319559477
0.7264754376751303	0.27352456232486966
0.9632603251087591	0.036739674891240894
0.9160559609185216	0.0839440390814784
0.9195859330280878	0.08041406697191228
0.4191525791935653	0.5808474208064347
0.9865178984335042	0.013482101566495737
0.9497942795156781	0.05020572048432197
0.9548181478612161	0.045181852138783854
0.7776985861586974	0.2223014138413026
0.8581020214943189	0.14189797850568114
0.3847998323530135	0.6152001676469865
0.03694438049562787	0.9630556195043721
0.9474639896900084	0.05253601030999151
0.9069919223805848	0.09300807761941518
0.061521978349760365	0.9384780216502396
0.34273726004432614	0.6572627399556739
0.8856551411662246	0.1143448588337754
0.24532348858352027	0.7546765114164797
0.33445701700884933	0.6655429829911507
0.001325039041503162	0.9986749609584968
0.3358822375970454	0.6641177624029546
0.022705475975085765	0.9772945240249142
0.9368969725709287	0.06310302742907122
0.8291120142455215	0.17088798575447844
0.10708748560146819	0.8929125143985318
0.4047600009588649	0.5952399990411351
0.9592165958414915	0.040783404158508396
0.9840249059296973	0.01597509407030274
0.8363592718192042	0.16364072818079578
0.9267151184669316	0.07328488153306839
0.9484512705026245	0.05154872949737557
0.4527498181152211	0.5472501818847789
0.3359131128491044	0.6640868871508956
0.9907906083959049	0.009209391604095077
0.3735955101495103	0.6264044898504897
0.863243141436812	0.13675685856318795
0.693838079070429	0.3061619209295709
0.7117013875381791	0.28829861246182087
0.9185635600469714	0.08143643995302861
0.6848220772980302	0.3151779227019697
0.24585529226591663	0.7541447077340834
0.944298204801605	0.055701795198395056
0.03302042752807621	0.9669795724719238
0.9215441486200933	0.07845585137990671
0.9459764454143283	0.054023554585671624
0.9796634225558867	0.020336577444113352
0.8135335042608309	0.18646649573916912
0.9106601242080685	0.08933987579193152
0.78967232584891	0.21032767415109
0.9795264822627945	0.020473517737205543
0.005205788586253535	0.9947942114137465
0.02573835261034485	0.9742616473896551
0.5210707543440085	0.47892924565599143
0.4096345919730596	0.5903654080269404
0.7111198999918775	0.28888010000812253
0.9366032869638201	0.06339671303617984
0.07942724779065902	0.920572752209341
0.9027112487515173	0.09728875124848267
0.8868133967359206	0.11318660326407942
0.9403851448622851	0.05961485513771494
0.9619444984426466	0.03805550155735336
0.0008512176832955465	0.9991487823167045
0.009294678009864055	0.990705321990136
0.8749984841771516	0.12500151582284835
0.6717657522409495	0.3282342477590506
0.688337387459045	0.311662612540955
0.831358370233255	0.168641629766745
0.9611243745056586	0.038875625494341426
0.6576188226013072	0.3423811773986928
0.01012634068749152	0.9898736593125085
0.8624835308917747	0.13751646910822535
0.8437461322836179	0.15625386771638208
0.909576635619411	0.09042336438058893
0.9327361743879286	0.06726382561207145
0.9533095283468781	0.046690471653121866
0.9292245854823429	0.07077541451765715
0.20361321596818438	0.7963867840318156
0.02335177717867587	0.9766482228213241
0.8902251320211161	0.10977486797888394
0.9815287327275418	0.018471267272458135
0.9504469755602778	0.04955302443972221
0.6959067164562518	0.30409328354374826
0.5579340377928578	0.4420659622071422
0.93753168204908	0.06246831795092006
0.9317762261540805	0.06822377384591949
0.964287831485001	0.03571216851499904
0.48776826680815377	0.5122317331918462
0.9734149952700073	0.02658500472999265
0.9379391951634641	0.06206080483653581
0.8702048201393976	0.12979517986060243
0.9505607166982266	0.0494392833017734
0.917253675273139	0.0827463247268611
0.9347915328042755	0.06520846719572453
0.8330120888801797	0.1669879111198202
0.9562689640594877	0.043731035940512336
0.041885759416854795	0.9581142405831452
0.8316331960154939	0.16836680398450612
0.5794649597796274	0.4205350402203726
0.759894880284251	0.24010511971574897
0.5971797353334332	0.40282026466656684
0.937046948383223	0.06295305161677703
0.525783233721305	0.474216766278695
0.967776362254345	0.032223637745654954
0.24977894193327654	0.7502210580667235
0.9625284710424551	0.03747152895754492
0.8992993147955772	0.10070068520442277
0.1366069084101127	0.8633930915898873
0.5205173431633077	0.47948265683669233
0.25921685714814524	0.7407831428518548
0.9376537080076575	0.06234629199234258
0.19578970090503356	0.8042102990949664
0.8439778270250647	0.15602217297493523
0.023824684530954432	0.9761753154690456
0.9428135272142465	0.057186472785753555
0.9494454983729327	0.050554501627067316
0.720495852930406	0.27950414706959403
0.9446588148659051	0.05534118513409489
0.04102447701702161	0.9589755229829784
0.21535271557140467	0.7846472844285953
0.809792578460844	0.1902074215391561
0.9194596344631204	0.08054036553687961
0.010004223883885333	0.9899957761161147
0.6007505152076276	0.39924948479237243
0.9668621132239464	0.03313788677605352
0.9921464476272341	0.007853552372765847
0.9571628218376617	0.04283717816233833
0.7737018010542611	0.22629819894573883
0.465868868704886	0.534131131295114
0.7968312306536596	0.20316876934634037
0.9361769098665836	0.06382309013341635
0.9662175704137523	0.03378242958624762
0.9470813203406919	0.05291867965930812
0.9067430361569161	0.09325696384308386
0.922662764201952	0.07733723579804792
0.4765217637505468	0.5234782362494532
0.9608672251618485	0.03913277483815148
0.7495524716246353	0.2504475283753646
0.4057628932767906	0.5942371067232094
0.7880945802729016	0.21190541972709845
0.9148250368712796	0.08517496312872043
0.9260019069973862	0.07399809300261388
0.9108052174483313	0.08919478255166866
0.5159273797560358	0.4840726202439642
0.9332749724756194	0.06672502752438061
0.9886357123906584	0.011364287609341597
0.9163382263855874	0.08366177361441263
0.8125667837239232	0.18743321627607684
0.963010559260308	0.03698944073969204
0.01886402519224173	0.9811359748077583
0.881416155106004	0.11858384489399598
0.9520971361459919	0.04790286385400814
0.9447184266453302	0.05528157335466977
0.771489381104708	0.228510618895292
0.8996141814991037	0.10038581850089634
0.930086950236003	0.06991304976399709
0.9655147982832897	0.034485201716710316
0.9355284323986391	0.06447156760136082
0.9766466613976094	0.023353338602390642
0.024180194499727636	0.9758198055002724
0.9049736567349924	0.09502634326500763
0.9199866991919488	0.0800133008080512
0.9583441994008912	0.04165580059910884
0.9064489566890226	0.09355104331097744
0.8099272958533079	0.19007270414669214
0.9310413448029063	0.06895865519709367
0.9882809029115517	0.011719097088448342
0.9113948033575838	0.08860519664241615
0.9181081591551015	0.08189184084489859
0.06148571717779461	0.9385142828222054
0.9861842886159068	0.01381571138409319
0.7883629326778339	0.2116370673221661
0.9387845768913117	0.06121542310868837
0.9703526951365944	0.029647304863405614
0.9339696878329462	0.06603031216705385
0.7069004042639013	0.29309959573609873
0.032859247133747216	0.9671407528662528
0.9509796939089771	0.049020306091022973
0.5633357042431546	0.43666429575684546
0.8732978372839639	0.12670216271603602
0.24764048047449905	0.752359519525501
0.22521446513245513	0.7747855348675449
0.0028349715475506354	0.9971650284524494
0.6920651757965555	0.30793482420344453
0.056880551886899666	0.9431194481131003
0.9044685751035355	0.0955314248964645
0.06606475307656501	0.933935246923435
0.11623906334498002	0.88376093665502
0.9246133471972159	0.07538665280278414
0.9543406815140921	0.04565931848590787
0.008888330556552915	0.9911116694434471
0.30245220963037256	0.6975477903696274
0.9200740956753888	0.07992590432461116
0.9666015738894913	0.03339842611050867
0.8656213153511171	0.13437868464888292
0.49872484542577633	0.5012751545742237
0.5232921423712744	0.4767078576287256
0.938615748475212	0.061384251524787936
0.9256537722654375	0.07434622773456248
0.008221422527694644	0.9917785774723054
0.946585969574578	0.053414030425422046
0.9412317183915186	0.05876828160848131
0.9190700358964663	0.08092996410353373
0.07886887863355518	0.9211311213664448
0.03167114176118979	0.9683288582388102
0.9179225028766327	0.08207749712336726
0.9250964300492761	0.07490356995072395
0.9620929121990945	0.03790708780090546
0.48610867568322547	0.5138913243167745
0.7333010379403195	0.2666989620596805
0.9450057209108987	0.05499427908910124
0.6692957521919292	0.3307042478080708
0.9195186716593788	0.08048132834062116
0.9562868672694588	0.04371313273054118
0.9504717612190388	0.04952823878096129
0.4750836216130768	0.5249163783869232
0.015129831330610632	0.9848701686693894
0.9663569003803529	0.03364309961964704
0.8243334895524659	0.1756665104475341
0.024259865631911737	0.9757401343680883
0.37199947373506725	0.6280005262649327
0.6740940480677657	0.32590595193223426
0.8459768137173104	0.1540231862826896
0.7107383816289562	0.2892616183710438
0.949694352890728	0.05030564710927203
0.9324482187168175	0.06755178128318257
0.28451602252008923	0.7154839774799108
0.4693067303702808	0.5306932696297192
0.9545571506873957	0.04544284931260439
0.9153467863670012	0.08465321363299882
0.9479061771775972	0.05209382282240277
0.9275357058239369	0.0724642941760632
0.32728811155477855	0.6727118884452215
0.9219511415263003	0.07804885847369972
0.950469983199025	0.04953001680097499
0.8843391456444728	0.11566085435552721
0.1860935301351283	0.8139064698648717
0.9333604068076355	0.06663959319236443
0.7025080381303077	0.29749196186969223
0.9244670626532375	0.07553293734676252
0.9377105100335837	0.06228948996641625
0.8720170352718213	0.1279829647281787
0.024662207637967115	0.9753377923620329
0.8790804043368743	0.1209195956631257
0.013486168583920488	0.9865138314160795
0.9117076855954556	0.08829231440454438
0.3221720811586106	0.6778279188413894
0.21736217759924292	0.7826378224007571
0.004923939153201662	0.9950760608467983
0.9468014260741424	0.05319857392585758
0.9444865828288146	0.0555134171711854
0.07112235645152587	0.9288776435484741
0.929225911595639	0.07077408840436099
0.16870810838236516	0.8312918916176348
0.9196394102707866	0.08036058972921345
0.8117084497601833	0.18829155023981672
0.5224337882929727	0.4775662117070273
0.9484487143954875	0.05155128560451254
0.987363685506117	0.01263631449388305
0.9516492557423882	0.04835074425761173
0.9203501229810679	0.07964987701893213
0.9318290062051954	0.06817099379480461
0.9096779349363402	0.0903220650636598
0.9634000514739421	0.03659994852605781
0.7857333770266208	0.2142666229733792
0.9206769415366567	0.07932305846334332
0.9165996058907393	0.08340039410926074
0.4619504581280216	0.5380495418719784
0.917010598151297	0.08298940184870299
0.860461775759243	0.13953822424075701
0.9200208822006928	0.07997911779930728
0.9213093356835036	0.07869066431649638
0.9463432238417533	0.05365677615824671
0.9252013011277324	0.07479869887226766
0.7226731129145927	0.27732688708540737
0.8900752188264475	0.10992478117355255
0.6564485852246336	0.34355141477536644
0.9201999572684726	0.07980004273152738
0.1497590460910605	0.8502409539089395
0.41546550545386873	0.5845344945461313
0.25667961489510827	0.7433203851048917
0.6477184907887588	0.35228150921124124
0.9552756662555106	0.04472433374448932
0.7816821537362673	0.2183178462637327
0.9665641873305936	0.03343581266940638
0.982454813624153	0.017545186375846983
0.9495959644393346	0.0504040355606654
0.05974367381535339	0.9402563261846466
0.8864789789863319	0.11352102101366811
0.9481092038676093	0.05189079613239069
0.8157081298769728	0.18429187012302717
0.9416827926895366	0.05831720731046337
0.9901760451116883	0.009823954888311618
0.7888011715518084	0.21119882844819163
0.9495206521560201	0.050479347843979845
0.4315408413615015	0.5684591586384985
0.47576228006008237	0.5242377199399176
0.9247109619889966	0.07528903801100334
0.9313627000230343	0.06863729997696563
0.9410859040569127	0.05891409594308727
0.9179682483592673	0.08203175164073279
0.47502772574121455	0.5249722742587855
0.08012817140060713	0.9198718285993929
0.9505097108431054	0.049490289156894615
0.23938013468735697	0.760619865312643
0.976471200876863	0.023528799123136976
0.6578614110947238	0.3421385889052762
0.018325821877570148	0.9816741781224299
0.9420143717862032	0.05798562821379682
0.9724222100396456	0.027577789960354437
0.6607095532055072	0.33929044679449283
0.9057478400623289	0.09425215993767116
0.9509852011674733	0.04901479883252673
0.9225011525155147	0.07749884748448531
0.846957230328016	0.1530427696719841
0.8496636556405799	0.15033634435942012
0.00300990749133756	0.9969900925086624
0.8947045415035252	0.10529545849647481
0.33269355438860493	0.6673064456113951
0.6925448314326983	0.30745516856730176
0.6178291360780634	0.38217086392193655
0.25956255918352045	0.7404374408164796
0.046338728468413026	0.953661271531587
0.11387738371861511	0.8861226162813849
0.005068331534058168	0.9949316684659418
0.011609647629368114	0.9883903523706319
0.1612711289856189	0.8387288710143811
0.8143090531977305	0.1856909468022695
0.3178479643473956	0.6821520356526044
0.05691424744052598	0.943085752559474
0.05895675606415596	0.941043243935844
0.0037093259210795315	0.9962906740789205
0.04317028944293688	0.9568297105570631
0.12443978842500847	0.8755602115749915
0.21466347270400832	0.7853365272959917
0.6780343985199939	0.321965601480006
0.6837702405365347	0.3162297594634653
0.13348253531339105	0.866517464686609
0.0030648881908235115	0.9969351118091765
0.5273391950772395	0.4726608049227605
0.9089591345407267	0.09104086545927323
0.11699101573739024	0.8830089842626098
0.1485973370246083	0.8514026629753917
0.9258917598922395	0.07410824010776056
0.9565325565974342	0.04346744340256581
0.026480748246430652	0.9735192517535693
0.9625293820143563	0.03747061798564361
0.9328019659948629	0.06719803400513717
0.957987260745623	0.04201273925437696
0.932535729879227	0.067464270120773
0.10537664584888273	0.8946233541511173
0.6673358570522294	0.3326641429477706
0.3503993883324631	0.6496006116675369
0.9267023293336956	0.07329767066630438
0.9797558957602084	0.020244104239791574
0.5800565833962685	0.4199434166037314
0.9566431393631518	0.04335686063684815
0.09197355161515564	0.9080264483848444
0.9326058701083527	0.06739412989164725
0.9300964026994581	0.06990359730054181
0.18835965840174673	0.8116403415982533
0.9384829993356619	0.06151700066433806
0.15123065887313325	0.8487693411268667
0.19360598663848982	0.8063940133615102
0.6204241595656057	0.3795758404343943
0.9935030761149186	0.0064969238850814065
0.5310527765701257	0.46894722342987427
0.870051819928378	0.12994818007162195
0.8304684323466991	0.16953156765330088
0.9843599423348536	0.01564005766514643
0.9347106834728404	0.06528931652715965
0.8343277658737424	0.16567223412625767
0.9885033401056198	0.011496659894380153
0.9406498474719467	0.05935015252805336
0.9907741124117044	0.009225887588295595
0.9209760730795787	0.07902392692042125
0.524728519582759	0.475271480417241
0.1574364111126686	0.8425635888873314
0.9496508444940076	0.05034915550599241
0.5112155564033158	0.48878444359668416
0.27920340670414245	0.7207965932958575
0.8766168945400235	0.12338310545997654
0.5544983948678119	0.44550160513218806
0.9278658107020418	0.07213418929795824
0.17634213919016672	0.8236578608098333
0.9392722201762613	0.060727779823738684
0.5501269008713254	0.4498730991286746
0.8481625934564623	0.15183740654353767
0.8617509633013476	0.1382490366986524
0.9853170208952633	0.014682979104736715
0.926275874058928	0.07372412594107206
0.9667242300338568	0.03327576996614327
0.8940569019850558	0.10594309801494417
0.16236237853404545	0.8376376214659546
0.9165006726452236	0.08349932735477639
0.929308781418134	0.07069121858186599
0.7802775799030156	0.2197224200969844
0.9526755860908919	0.0473244139091081
0.7806548755946244	0.21934512440537557
0.9835365810485194	0.016463418951480614
0.954863228260631	0.045136771739369065
0.9270751209125946	0.07292487908740537
0.9680895861642157	0.03191041383578431
0.9470023291323358	0.052997670867664194
0.9698240920631226	0.030175907936877456
0.8283778402822721	0.17162215971772793
0.02037850479561787	0.9796214952043821
0.9333062082065832	0.06669379179341685
0.9399725742623276	0.0600274257376724
0.8273972665357365	0.17260273346426352
0.2607392457501715	0.7392607542498285
0.5291525035672202	0.47084749643277984
0.939981753914936	0.06001824608506405
0.9310404025394861	0.06895959746051389
0.9441448433575819	0.05585515664241809
0.9641491253530976	0.035850874646902446
0.9474958647517268	0.05250413524827327
0.7524246086168935	0.24757539138310647
0.9196535926027168	0.08034640739728313
0.6475270766304682	0.3524729233695319
0.3858465737126805	0.6141534262873195
0.24541209053541457	0.7545879094645854
0.9719461442275308	0.02805385577246927
0.7131666872056819	0.2868333127943182
0.5532731753857816	0.4467268246142184
0.8442710356360437	0.1557289643639564
0.9329257578125559	0.06707424218744405
0.9419113874703197	0.05808861252968037
0.9641932672097625	0.03580673279023747
0.9503954056545261	0.04960459434547388
0.8347013620522974	0.16529863794770264
0.932175255252456	0.06782474474754399
0.8929927979863425	0.10700720201365758
0.9542654600047258	0.04573453999527418
0.9636515417279354	0.03634845827206455
0.9265948385403803	0.07340516145961969
0.9451326417442537	0.05486735825574634
0.9627085624483457	0.03729143755165433
0.9290038054154656	0.07099619458453439
0.7537677543784898	0.2462322456215103
0.895997520451604	0.10400247954839603
0.9448148927724545	0.055185107227545604
0.8285955772667435	0.17140442273325657
0.9218038347035328	0.07819616529646724
0.9217885607561315	0.0782114392438685
0.9203221262029351	0.07967787379706487
0.012096394018767498	0.9879036059812325
0.19977179309555992	0.8002282069044401
0.9315914627032282	0.06840853729677181
0.9469485842667099	0.05305141573329012
0.9685124343871959	0.03148756561280413
0.9484301948261908	0.051569805173809116
0.8810857052204433	0.11891429477955676
0.8881483178213061	0.11185168217869393
0.9305678814460001	0.06943211855399992
0.9876297819487578	0.012370218051242136
0.9881178092655833	0.011882190734416636
0.8489286049125655	0.15107139508743447
0.9063389920037099	0.09366100799629001
0.9537728988163882	0.046227101183611875
0.827633438095511	0.1723665619044889
0.907870682990835	0.092129317009165
0.9414974872416719	0.0585025127583281
0.9220484976018073	0.07795150239819276
0.9149149161962489	0.08508508380375115
0.9586474203435371	0.041352579656462905
0.8228672445558133	0.17713275544418672
0.947781686907687	0.05221831309231296
0.5491635248444136	0.4508364751555865
0.9612578507116436	0.03874214928835635
0.9353353404329624	0.0646646595670376
0.9331725879163374	0.06682741208366261
0.955314171321754	0.04468582867824601
0.919553913211757	0.08044608678824301
0.9232482802470596	0.07675171975294041
0.908941198820545	0.09105880117945493
0.8982910155745256	0.10170898442547432
0.44296025338371525	0.5570397466162847
0.6313446646764036	0.36865533532359634
0.9296846999163841	0.0703153000836158
0.5334254138307808	0.46657458616921915
0.9162852554286862	0.08371474457131375
0.9496133559329443	0.05038664406705578
0.8947768768137111	0.10522312318628887
0.5045037078449682	0.49549629215503177
0.0187315606973133	0.9812684393026867
0.4440160362360024	0.5559839637639976
0.9596196049197134	0.040380395080286555
0.2741814634102271	0.7258185365897729
0.9129060151382458	0.08709398486175425
0.7548326054319254	0.24516739456807463
0.4090988621549284	0.5909011378450716
0.9728284773154172	0.027171522684582797
0.6081227991591989	0.3918772008408011
0.0679133087191518	0.9320866912808482
0.931936719309134	0.06806328069086598
0.7377774981796491	0.2622225018203509
0.915723931501211	0.08427606849878902
0.9249000328359808	0.07509996716401927
0.9227924719297306	0.07720752807026947
0.18242047738934541	0.8175795226106546
0.9279763594596143	0.0720236405403857
0.47356109629640986	0.5264389037035901
0.38471127735946087	0.6152887226405391
0.9266275918493264	0.07337240815067363
0.9453360886596894	0.0546639113403106
0.9499232498167095	0.05007675018329048
0.8953472730947825	0.10465272690521754
0.17621535575019964	0.8237846442498004
0.4609586266423312	0.5390413733576688
0.8292859282591615	0.17071407174083852
0.8846795593548098	0.1153204406451902
0.944057658363585	0.05594234163641503
0.44864407122362304	0.551355928776377
0.9239400539523881	0.07605994604761196
0.9291044823101529	0.0708955176898472
0.3596613508247455	0.6403386491752545
0.6290167721639414	0.37098322783605864
0.9416444769695859	0.05835552303041415
0.9198494323450247	0.08015056765497529
0.9416352974328944	0.05836470256710557
0.17381480299411323	0.8261851970058868
0.9790124273113116	0.02098757268868843
0.797559810391612	0.202440189608388
0.9691153743292911	0.030884625670708904
0.9238325178610141	0.07616748213898593
0.08325734915890837	0.9167426508410916
0.8784509638544731	0.12154903614552688
0.921432119238285	0.07856788076171498
0.39322420215348275	0.6067757978465173
0.911486999944459	0.08851300005554097
0.7162912519249993	0.2837087480750006
0.9195484318526738	0.08045156814732624
0.7874678869134704	0.2125321130865296
0.5226332421095341	0.47736675789046595
0.12067008893221731	0.8793299110677827
0.15385979640375536	0.8461402035962446
0.19731661854277727	0.8026833814572227
0.12128961174975061	0.8787103882502494
0.6352473705467498	0.3647526294532502
0.01041693010694067	0.9895830698930593
0.14109414196842507	0.8589058580315749
0.3411225311520718	0.6588774688479282
0.0013887880852566648	0.9986112119147433
0.8120932769219942	0.18790672307800577
0.007995175884696781	0.9920048241153032
0.5349667440804493	0.46503325591955075
0.018547539788357437	0.9814524602116426
0.0008555794603408717	0.9991444205396591
0.1055847087126689	0.8944152912873311
0.8071249402975565	0.19287505970244342
0.49194808761950237	0.5080519123804976
0.31497340901982984	0.6850265909801702
0.22767127389704966	0.7723287261029503
0.1474265014557794	0.8525734985442206
0.009331343287283467	0.9906686567127165
0.9853124662191596	0.014687533780840404
0.5671812715873631	0.4328187284126369
0.9090344091655884	0.09096559083441161
0.2339271000755283	0.7660728999244717
0.009571279868773042	0.990428720131227
0.08056245913604176	0.9194375408639582
0.9519899409632963	0.04801005903670373
0.781462688366365	0.21853731163363496
0.035390392866570086	0.9646096071334299
0.6802260830186888	0.31977391698131125
0.7813383162612062	0.2186616837387938
0.2000265815631913	0.7999734184368087
0.906015603169268	0.093984396830732
0.9194359718919434	0.08056402810805664
0.4901549412686399	0.5098450587313601
0.23811424269140424	0.7618857573085958
0.4141693282981216	0.5858306717018784
0.9304923612006063	0.06950763879939369
0.7386579926127976	0.2613420073872024
0.022152849396707697	0.9778471506032923
0.8908922386331195	0.1091077613668805
0.2038521499058602	0.7961478500941398
0.826252977787249	0.17374702221275098
0.3316866263314542	0.6683133736685458
0.8178352975803345	0.18216470241966554
0.9860951548521509	0.013904845147849077
0.9473490960001401	0.05265090399985999
0.0029871168999062725	0.9970128831000937
0.9439066477787156	0.05609335222128438
0.939584130767492	0.06041586923250801
0.925690204195759	0.07430979580424105
0.937864764196777	0.062135235803223034
0.9464874200271064	0.053512579972893576
0.9377034262989603	0.06229657370103974
0.9861603459857501	0.013839654014249877
0.021110575580847946	0.978889424419152
0.9272194538394786	0.0727805461605214
0.012706178661433087	0.9872938213385669
0.012844639720637208	0.9871553602793628
0.9585721949828462	0.04142780501715387
0.9663832031349608	0.03361679686503921
0.9495354184605411	0.050464581539458896
0.007938382702207258	0.9920616172977927
0.45787630990276795	0.542123690097232
0.933482107349266	0.06651789265073407
0.9365282406402844	0.06347175935971557
0.2259962050591081	0.7740037949408919
0.5572064466371	0.44279355336290005
0.9250626886095276	0.07493731139047247
0.9304329292960405	0.06956707070395945
0.03158525107832699	0.968414748921673
0.39302985361064946	0.6069701463893505
0.8496741101507936	0.15032588984920633
0.930426462450472	0.06957353754952803
0.9575633252323479	0.042436674767652095
0.9229091532528252	0.07709084674717481
0.6269648652041595	0.37303513479584055
0.9799504561664433	0.020049543833556695
0.9561280883922952	0.04387191160770477
0.6012705210811624	0.39872947891883753
0.21715944200392734	0.7828405579960727
0.9321064363808677	0.06789356361913236
0.01759130010111498	0.982408699898885
0.9694333989366801	0.030566601063319827
0.9138115497618247	0.08618845023817534
0.9892859844590616	0.010714015540938423
0.9217211672364409	0.07827883276355911
0.9262213925171567	0.0737786074828432
0.9501997943573873	0.04980020564261267
0.46457315145233535	0.5354268485476646
0.9387202831109469	0.061279716889053086
0.8397010932596091	0.1602989067403909
0.0914495004780993	0.9085504995219007
0.6587437822589571	0.34125621774104287
0.8087121414650961	0.19128785853490396
0.9668492481685459	0.03315075183145415
0.5828464276638925	0.41715357233610756
0.9577452489764887	0.04225475102351132
0.9141928619595622	0.08580713804043785
0.9041714140712096	0.0958285859287904
0.942411698790024	0.057588301209976
0.9253460946667904	0.07465390533320958
0.14598929824624518	0.8540107017537548
0.97080461955308	0.02919538044692008
0.8290077805541356	0.17099221944586435
0.9289190054786802	0.07108099452131983
0.9563390687332558	0.043660931266744155
0.10323384305550387	0.8967661569444961
0.0107561780258838	0.9892438219741162
0.947446438880704	0.05255356111929598
0.9452629066114696	0.05473709338853034
0.9176823640999281	0.0823176359000719
0.9524317269052113	0.04756827309478873
0.9487212152202787	0.05127878477972123
0.9372871060529424	0.06271289394705754
0.8066126438242482	0.19338735617575173
0.8520497081444716	0.1479502918555285
0.872951534573693	0.127048465426307
0.9461542098950398	0.053845790104960156
0.9590916196427229	0.04090838035727705
0.9474789340813955	0.05252106591860451
0.9497168637806683	0.050283136219331635
0.08878512224612423	0.9112148777538758
0.9040463808791224	0.09595361912087763
0.033713716647918335	0.9662862833520817
0.07631909022232819	0.9236809097776718
0.7804724976149977	0.2195275023850023
0.6096199507353492	0.3903800492646508
0.13345583937721517	0.8665441606227848
0.11938205345007247	0.8806179465499275
0.24061080009118863	0.7593891999088114
0.006644888060420406	0.9933551119395796
0.004831228951765465	0.9951687710482345
0.11035375777774592	0.8896462422222541
0.9608042143251774	0.03919578567482264
0.004149050075239469	0.9958509499247605
0.7529641577329225	0.2470358422670775
0.7161711867935505	0.2838288132064495
0.05366243799525494	0.9463375620047451
0.9332929967301793	0.06670700326982067
0.9171211301904357	0.08287886980956426
0.9567844502644992	0.04321554973550075
0.9441218761719458	0.055878123828054266
0.3060924795260205	0.6939075204739795
0.9805999334820517	0.01940006651794834
0.9219974128791691	0.0780025871208309
0.9657385412950766	0.034261458704923385
0.9623973846112305	0.037602615388769564
0.9310466957151015	0.06895330428489858
0.945021580889251	0.05497841911074902
0.9819545354660973	0.018045464533902676
0.4876821443137669	0.5123178556862331
0.9546644616966913	0.04533553830330871
0.6228385909430065	0.37716140905699347
0.923601995725958	0.07639800427404203
0.9100497551503726	0.08995024484962749
