[2026/04/21-19:06:04.401] [FT-TrainWorkThread-Ke94I2dm-1275] [INFO] [dku.analysis.prediction]  - [ct: 0] ******************************************
[2026/04/21-19:06:04.402] [FT-TrainWorkThread-Ke94I2dm-1275] [INFO] [dku.analysis.prediction]  - [ct: 1] ** Start train session s2
[2026/04/21-19:06:04.402] [FT-TrainWorkThread-Ke94I2dm-1275] [INFO] [dku.analysis.prediction]  - [ct: 1] ******************************************
[2026/04/21-19:06:04.404] [FT-TrainWorkThread-Ke94I2dm-1275] [INFO] [dku.shaker.data] T-Nq4dYPRo - [ct: 3] Need to compute sampleId before checking memory cache
[2026/04/21-19:06:04.405] [FT-TrainWorkThread-Ke94I2dm-1275] [DEBUG] [dip.shaker.runner] T-Nq4dYPRo - [ct: 4] Computed required sample id=786ffda183522c083f6582253ec19b88-NA-67d2d4a7bb9f68bd5a120c6956099c590--d751713988987e9331980363e24189ce
[2026/04/21-19:06:04.406] [FT-TrainWorkThread-Ke94I2dm-1275] [DEBUG] [dku.shaker.cache] T-Nq4dYPRo - Shaker MemoryCache get on dataset PROJET_CHURN_BANQUE.product_holdings_info_prepared_joined key=ds=8fb282ad0acceb9d46fbbbb527b0ed06--scr=010307c8f8b47093afd1fd2d3ce09123--samp=786ffda183522c083f6582253ec19b88-NA-67d2d4a7bb9f68bd5a120c6956099c590--d751713988987e9331980363e24189ce: hit
[2026/04/21-19:06:04.407] [FT-TrainWorkThread-Ke94I2dm-1275] [INFO] [dku.shaker.schema] T-Nq4dYPRo - [ct: 6] Column customer_id meaning=LongMeaning fail=0
[2026/04/21-19:06:04.407] [FT-TrainWorkThread-Ke94I2dm-1275] [INFO] [dku.shaker.schema] T-Nq4dYPRo - [ct: 6] Column product meaning=Text fail=0
[2026/04/21-19:06:04.408] [FT-TrainWorkThread-Ke94I2dm-1275] [INFO] [dku.shaker.schema] T-Nq4dYPRo - [ct: 7] Column product_type meaning=Text fail=0
[2026/04/21-19:06:04.408] [FT-TrainWorkThread-Ke94I2dm-1275] [INFO] [dku.shaker.schema] T-Nq4dYPRo - [ct: 7] Column start_date meaning=Date fail=0
[2026/04/21-19:06:04.409] [FT-TrainWorkThread-Ke94I2dm-1275] [INFO] [dku.shaker.schema] T-Nq4dYPRo - [ct: 8] Column product_id meaning=LongMeaning fail=0
[2026/04/21-19:06:04.409] [FT-TrainWorkThread-Ke94I2dm-1275] [INFO] [dku.shaker.schema] T-Nq4dYPRo - [ct: 8] Column end_date meaning=Date fail=0
[2026/04/21-19:06:04.410] [FT-TrainWorkThread-Ke94I2dm-1275] [INFO] [dku.shaker.schema] T-Nq4dYPRo - [ct: 9] Column is_churn meaning=Text fail=0
[2026/04/21-19:06:04.410] [FT-TrainWorkThread-Ke94I2dm-1275] [INFO] [dku.shaker.schema] T-Nq4dYPRo - [ct: 9] Column balance_min meaning=DoubleMeaning fail=0
[2026/04/21-19:06:04.411] [FT-TrainWorkThread-Ke94I2dm-1275] [INFO] [dku.shaker.schema] T-Nq4dYPRo - [ct: 10] Column balance_max meaning=DoubleMeaning fail=0
[2026/04/21-19:06:04.411] [FT-TrainWorkThread-Ke94I2dm-1275] [INFO] [dku.shaker.schema] T-Nq4dYPRo - [ct: 10] Column balance_distinct meaning=LongMeaning fail=0
[2026/04/21-19:06:04.412] [FT-TrainWorkThread-Ke94I2dm-1275] [INFO] [dku.shaker.schema] T-Nq4dYPRo - [ct: 11] Column balance_avg meaning=DoubleMeaning fail=0
[2026/04/21-19:06:04.412] [FT-TrainWorkThread-Ke94I2dm-1275] [INFO] [dku.shaker.schema] T-Nq4dYPRo - [ct: 11] Column balance_stddev meaning=DoubleMeaning fail=0
[2026/04/21-19:06:04.413] [FT-TrainWorkThread-Ke94I2dm-1275] [INFO] [dku.shaker.schema] T-Nq4dYPRo - [ct: 12] Column count meaning=LongMeaning fail=0
[2026/04/21-19:06:04.413] [FT-TrainWorkThread-Ke94I2dm-1275] [INFO] [dku.shaker.schema] T-Nq4dYPRo - [ct: 12] Column revenue_avg meaning=DoubleMeaning fail=0
[2026/04/21-19:06:04.414] [FT-TrainWorkThread-Ke94I2dm-1275] [INFO] [dku.shaker.schema] T-Nq4dYPRo - [ct: 13] Column revenue_sum meaning=DoubleMeaning fail=0
[2026/04/21-19:06:04.414] [FT-TrainWorkThread-Ke94I2dm-1275] [INFO] [dku.shaker.schema] T-Nq4dYPRo - [ct: 13] Column in_person_interaction_sum meaning=DoubleMeaning fail=0
[2026/04/21-19:06:04.415] [FT-TrainWorkThread-Ke94I2dm-1275] [INFO] [dku.shaker.schema] T-Nq4dYPRo - [ct: 14] Column atm_withdrawals_sum meaning=DoubleMeaning fail=0
[2026/04/21-19:06:04.415] [FT-TrainWorkThread-Ke94I2dm-1275] [INFO] [dku.shaker.schema] T-Nq4dYPRo - [ct: 14] Column atm_withdrawals_sum_sum meaning=DoubleMeaning fail=0
[2026/04/21-19:06:04.416] [FT-TrainWorkThread-Ke94I2dm-1275] [INFO] [dku.shaker.schema] T-Nq4dYPRo - [ct: 15] Column physical_services_sum meaning=DoubleMeaning fail=0
[2026/04/21-19:06:04.416] [FT-TrainWorkThread-Ke94I2dm-1275] [INFO] [dku.shaker.schema] T-Nq4dYPRo - [ct: 15] Column physical_services_sum_sum meaning=DoubleMeaning fail=0
[2026/04/21-19:06:04.417] [FT-TrainWorkThread-Ke94I2dm-1275] [INFO] [dku.shaker.schema] T-Nq4dYPRo - [ct: 16] Column digital_services_sum meaning=DoubleMeaning fail=0
[2026/04/21-19:06:04.417] [FT-TrainWorkThread-Ke94I2dm-1275] [INFO] [dku.shaker.schema] T-Nq4dYPRo - [ct: 16] Column fx_services_sum meaning=DoubleMeaning fail=0
[2026/04/21-19:06:04.418] [FT-TrainWorkThread-Ke94I2dm-1275] [INFO] [dku.shaker.schema] T-Nq4dYPRo - [ct: 17] Column gender meaning=Gender fail=0
[2026/04/21-19:06:04.418] [FT-TrainWorkThread-Ke94I2dm-1275] [INFO] [dku.shaker.schema] T-Nq4dYPRo - [ct: 17] Column creation_date meaning=Date fail=0
[2026/04/21-19:06:04.419] [FT-TrainWorkThread-Ke94I2dm-1275] [INFO] [dku.shaker.schema] T-Nq4dYPRo - [ct: 18] Column region meaning=LongMeaning fail=0
[2026/04/21-19:06:04.419] [FT-TrainWorkThread-Ke94I2dm-1275] [INFO] [dku.shaker.schema] T-Nq4dYPRo - [ct: 18] Column income meaning=DoubleMeaning fail=0
[2026/04/21-19:06:04.420] [FT-TrainWorkThread-Ke94I2dm-1275] [INFO] [dku.shaker.schema] T-Nq4dYPRo - [ct: 19] Column tier meaning=Text fail=0
[2026/04/21-19:06:04.420] [FT-TrainWorkThread-Ke94I2dm-1275] [INFO] [dku.shaker.schema] T-Nq4dYPRo - [ct: 19] Column birth_date meaning=Date fail=0
[2026/04/21-19:06:04.421] [FT-TrainWorkThread-Ke94I2dm-1275] [INFO] [dku.shaker.schema] T-Nq4dYPRo - [ct: 20] Column first_name meaning=Text fail=0
[2026/04/21-19:06:04.421] [FT-TrainWorkThread-Ke94I2dm-1275] [INFO] [dku.shaker.schema] T-Nq4dYPRo - [ct: 20] Column last_name meaning=Text fail=0
[2026/04/21-19:06:04.422] [FT-TrainWorkThread-Ke94I2dm-1275] [INFO] [dku.shaker.schema] T-Nq4dYPRo - [ct: 21] Column segment meaning=Text fail=0
[2026/04/21-19:06:04.424] [FT-TrainWorkThread-Ke94I2dm-1275] [INFO] [dku.datasets.bloblike] T-Nq4dYPRo - [ct: 23] Enumerating blob-like dataset PROJET_CHURN_BANQUE.product_holdings_info_prepared_joined prefix=
[2026/04/21-19:06:04.425] [FT-TrainWorkThread-Ke94I2dm-1275] [DEBUG] [dku.datasets.fsbased] T-Nq4dYPRo - [ct: 24] Building FS provider for dataset handler: PROJET_CHURN_BANQUE.product_holdings_info_prepared_joined
[2026/04/21-19:06:04.425] [FT-TrainWorkThread-Ke94I2dm-1275] [DEBUG] [dku.fs.s3] T-Nq4dYPRo - [ct: 24] No S3 client found, creating one
[2026/04/21-19:06:04.426] [FT-TrainWorkThread-Ke94I2dm-1275] [INFO] [dku.fs.s3] T-Nq4dYPRo - [ct: 25] Using region for S3 client instantiation: eu-west-3
[2026/04/21-19:06:04.427] [FT-TrainWorkThread-Ke94I2dm-1275] [INFO] [dku.aws.credentials] T-Nq4dYPRo - [ct: 26] AWS connection=dataiku-managed-storage authCtx=karunakaranrishikaran@gmail.com assuming role=arn:aws:iam::538701811630:role/GIS/euwest3/dku/s3-space-1e09aade-dku-eu-west-3-dku
[2026/04/21-19:06:04.427] [FT-TrainWorkThread-Ke94I2dm-1275] [DEBUG] [dku.aws.credentials] T-Nq4dYPRo - [ct: 26] Credentials cache miss
[2026/04/21-19:06:04.428] [FT-TrainWorkThread-Ke94I2dm-1275] [DEBUG] [dku.aws.credentials] T-Nq4dYPRo - [ct: 27] Using context creds access=ASIAX23JBJ6XDSCWCQ4R
[2026/04/21-19:06:04.431] [FT-TrainWorkThread-Ke94I2dm-1275] [DEBUG] [dku.aws.credentials] T-Nq4dYPRo - [ct: 30] Truncated/slugified session name to 64 chars: dss-conn-dataiku-managed-storage-assumed-for-karunakara-NXPTkXz7
[2026/04/21-19:06:04.474] [FT-TrainWorkThread-Ke94I2dm-1275] [DEBUG] [dku.aws.credentials] T-Nq4dYPRo - [ct: 73] Got assumed role credentials from STS
[2026/04/21-19:06:04.474] [FT-TrainWorkThread-Ke94I2dm-1275] [DEBUG] [dku.aws.credentials] T-Nq4dYPRo - [ct: 73] Caching assumed STS credential
[2026/04/21-19:06:04.478] [FT-TrainWorkThread-Ke94I2dm-1275] [DEBUG] [dku.fs.s3] T-Nq4dYPRo - [ct: 77] Done creating S3 client
[2026/04/21-19:06:04.479] [FT-TrainWorkThread-Ke94I2dm-1275] [INFO] [dku.fs.s3] T-Nq4dYPRo - [ct: 78] Created S3 FS provider bucket=gis-data-eu-west-3 path=/space-1e09aade-dku/node-56800c84/managed-dss-data/PROJET_CHURN_BANQUE/product_holdings_info_prepared_joined
[2026/04/21-19:06:04.479] [FT-TrainWorkThread-Ke94I2dm-1275] [DEBUG] [dku.datasets.fsbased] T-Nq4dYPRo - [ct: 78] FS Provider built
[2026/04/21-19:06:04.520] [FT-TrainWorkThread-Ke94I2dm-1275] [INFO] [dku.fs.s3] T-Nq4dYPRo - [ct: 119] Start S3 Enumeration ON bucketPath=space-1e09aade-dku/node-56800c84/managed-dss-data/PROJET_CHURN_BANQUE/product_holdings_info_prepared_joined/ prefix= fullPath=space-1e09aade-dku/node-56800c84/managed-dss-data/PROJET_CHURN_BANQUE/product_holdings_info_prepared_joined/
[2026/04/21-19:06:04.543] [FT-TrainWorkThread-Ke94I2dm-1275] [INFO] [dku.fs.s3] T-Nq4dYPRo - [ct: 142] S3 enumeration done, found 1 items, 16505091 bytes
[2026/04/21-19:06:04.543] [FT-TrainWorkThread-Ke94I2dm-1275] [INFO] [dku.input.push] T-Nq4dYPRo - USTP: push selection.method=HEAD_SEQUENTIAL records=100000 ratio=0.02 col=null
[2026/04/21-19:06:04.544] [FT-TrainWorkThread-Ke94I2dm-1275] [INFO] [dku.format] T-Nq4dYPRo - [ct: 143] Extractor run: limit={"maxBytes":-1,"maxRecords":100000,"samplingMethod":"HEAD_SEQUENTIAL","samplingRatio":0.02,"samplingSeed":1337,"ordering":{"enabled":false,"rules":[]}} totalRecords=0
[2026/04/21-19:06:04.545] [FT-TrainWorkThread-Ke94I2dm-1275] [INFO] [dku.fs.s3] T-Nq4dYPRo - [ct: 144] Getting S3 stream on space-1e09aade-dku/node-56800c84/managed-dss-data/PROJET_CHURN_BANQUE/product_holdings_info_prepared_joined/out-s0.csv
[2026/04/21-19:06:04.564] [FT-TrainWorkThread-Ke94I2dm-1275] [INFO] [dku.fs.s3] T-Nq4dYPRo - [ct: 163] Path to read /space-1e09aade-dku/node-56800c84/managed-dss-data/PROJET_CHURN_BANQUE/product_holdings_info_prepared_joined|/out-s0.csv -> space-1e09aade-dku/node-56800c84/managed-dss-data/PROJET_CHURN_BANQUE/product_holdings_info_prepared_joined/out-s0.csv
[2026/04/21-19:06:04.580] [FT-TrainWorkThread-Ke94I2dm-1275] [INFO] [dku.fs.s3] T-Nq4dYPRo - [ct: 179] read with pos=null
[2026/04/21-19:06:04.650] [FT-TrainWorkThread-Ke94I2dm-1275] [INFO] [dku.format] T-Nq4dYPRo - [ct: 249] Start uncompressed stream: /out-s0.csv / totalRecsBefore=0
[2026/04/21-19:06:07.531] [FT-TrainWorkThread-Ke94I2dm-1275] [INFO] [dip.retriable.stream] T-Nq4dYPRo - [ct: 3130] close com.dataiku.dss.shadelibawssk2.software.amazon.awssdk.core.ResponseInputStream@7dc01836
[2026/04/21-19:06:07.532] [FT-TrainWorkThread-Ke94I2dm-1275] [INFO] [dku.format] T-Nq4dYPRo - [ct: 3131] after stream totalComp=16505091 totalUncomp=16505091 totalRec=54740
[2026/04/21-19:06:07.532] [FT-TrainWorkThread-Ke94I2dm-1275] [INFO] [dku.format] T-Nq4dYPRo - [ct: 3131] Extractor run done, totalCompressed=16505091 totalRecords=54740
[2026/04/21-19:06:07.533] [FT-TrainWorkThread-Ke94I2dm-1275] [DEBUG] [dku.fs.s3] T-Nq4dYPRo - [ct: 3132] Closing s3 client
[2026/04/21-19:06:07.538] [FT-TrainWorkThread-Ke94I2dm-1275] [INFO] [dku.analysis.splits] T-Nq4dYPRo - [ct: 3137] Checking if splits are up to date. Policy: type=SPLIT_SINGLE_DATASET,split=RANDOM,splitBeforePrepare=true,ds=product_holdings_info_prepared_joined,sel=(method=head-s,records=100000),r=0.8,s=42, instance id: ccca4f9f630768a93b1667a8ac464732-0
[2026/04/21-19:06:07.540] [FT-TrainWorkThread-Ke94I2dm-1275] [INFO] [dku.analysis.ml.python] T-Nq4dYPRo - [ct: 3139] Joining processing thread ...
[2026/04/21-19:06:07.540] [MRT-1276] [INFO] [dku.analysis.ml.python]  - Running a preprocessing set: pp1 in /data/dataiku/datadir/analysis-data/PROJET_CHURN_BANQUE/FJvilP7A/Nq4dYPRo/sessions/s2/pp1
[2026/04/21-19:06:07.547] [MRT-1276] [INFO] [com.dataiku.dss.shadelib.org.eclipse.jetty.util.ssl.SslContextFactory]  - x509=X509@2518658d(1,h=[localhost, dss-design-host-node-56800c84-space-1e09aade-dku, dss-headless-node-56800c84.space-1e09aade-dku.svc.cluster.local],a=[/127.0.0.1, /10.0.159.212],w=[]) for Server@7b871ff1[provider=null,keyStore=file:///data/dataiku/datadir/install-support/encrypted-rpc/certandkey.p12,trustStore=null]
[2026/04/21-19:06:07.549] [MRT-1276] [INFO] [dku.block.link]  - Started a socket on port 37749
[2026/04/21-19:06:07.550] [MRT-1276] [INFO] [com.dataiku.dip.analysis.ml.distributed.workers]  - New worker pool created: pool-ujoxdibhoindpiy3
[2026/04/21-19:06:07.550] [MRT-1276] [INFO] [dku.ml.kernel]  - Writing output of python-single-command-kernel to /data/dataiku/datadir/analysis-data/PROJET_CHURN_BANQUE/FJvilP7A/Nq4dYPRo/sessions/s2/pp1/train.log
[2026/04/21-19:06:07.551] [MRT-1276] [DEBUG] [dku.remoterun.registry]  - Registering container execution doctor-preprocessing-yzrcjnu of type DOCTOR_PYTHON
[2026/04/21-19:06:07.552] [MRT-1276] [INFO] [dip.tickets]  - Creating API ticket for analysis-ml-PROJET_CHURN_BANQUE-yzrcjnu on behalf of karunakaranrishikaran@gmail.com id=analysis-ml-PROJET_CHURN_BANQUE-yzrcjnu_0qVgp3Kv7aZR
[2026/04/21-19:06:07.552] [MRT-1276] [INFO] [dku.containerexec.imageshelper]  - Finding out which image to use for requestedBase=dss-gis-alma9-exec-base-14.4.4:1.0.78 envLang=PYTHON envName=null envVersion=null
[2026/04/21-19:06:07.553] [MRT-1276] [INFO] [dku.containerexec.imageshelper]  - No env, using base
[2026/04/21-19:06:07.556] [MRT-1276] [INFO] [dku.containers.kubernetes]  - Trying to create pod dataiku-exec-doctor-preprocessing-yzrcjnu, try=1 previousTransientErrors=0 previousQuotaErrors=0 timeSinceStartMS=0
[2026/04/21-19:06:07.557] [MRT-1276] [DEBUG] [dku.containers.kubernetes]  - Pod creation command: kubectl --namespace space-1e09aade-dku-compute create -f /data/dataiku/datadir/analysis-data/PROJET_CHURN_BANQUE/FJvilP7A/Nq4dYPRo/sessions/s2/pp1/secret.yaml -f /data/dataiku/datadir/analysis-data/PROJET_CHURN_BANQUE/FJvilP7A/Nq4dYPRo/sessions/s2/pp1/pod.yaml
[2026/04/21-19:06:08.076] [Thread-1042] [DEBUG] [dku.utils]  - Process kubectl done (return code 0)
[2026/04/21-19:06:08.077] [MRT-1276] [INFO] [dku.containers.kubernetes]  - Pod was successfully created
[2026/04/21-19:06:08.077] [MRT-1276] [INFO] [dku.containers.kubernetes]  - Starting to wait for logs to be available
[2026/04/21-19:06:08.077] [MRT-1276] [INFO] [dku.containers.kubernetes]  - Getting pod
[2026/04/21-19:06:08.302] [Thread-1049] [DEBUG] [dku.utils]  - Process kubectl done (return code 0)
[2026/04/21-19:06:09.302] [MRT-1276] [INFO] [dku.containers.kubernetes]  - Pod is now created, waiting for logs fetch to be successful
[2026/04/21-19:06:09.303] [MRT-1276] [INFO] [dku.containers.kubernetes]  - Calling logs on pods/dataiku-exec-doctor-preprocessing-yzrcjnu
[2026/04/21-19:06:09.502] [Thread-1052] [INFO] [dku.utils]  - Process kubectl completed, return code 1
[2026/04/21-19:06:09.502] [MRT-1276] [INFO] [dku.containers.kubernetes]  - Get logs failed
[2026/04/21-19:06:09.503] [MRT-1276] [INFO] [dku.containers.kubernetes]  - Waiting for logs, time elapsed: 200 milliseconds, status changed to: Error from server (BadRequest): container "c" in pod "dataiku-exec-doctor-preprocessing-yzrcjnu" is waiting to start: ContainerCreating

[2026/04/21-19:06:09.503] [MRT-1276] [INFO] [dku.containers.kubernetes]  - Pod has not started yet: 'Error from server (BadRequest): container "c" in pod "dataiku-exec-doctor-preprocessing-yzrcjnu" is waiting to start: ContainerCreating
'
[2026/04/21-19:06:10.504] [MRT-1276] [INFO] [dku.containers.kubernetes]  - Calling logs on pods/dataiku-exec-doctor-preprocessing-yzrcjnu
[2026/04/21-19:06:10.638] [Thread-1067] [DEBUG] [dku.utils]  - Process kubectl done (return code 0)
[2026/04/21-19:06:10.639] [MRT-1276] [INFO] [dku.containers.kubernetes]  - Getting logs succeeded, but checking that pod is indeed running
[2026/04/21-19:06:10.764] [Thread-1070] [DEBUG] [dku.utils]  - Process kubectl done (return code 0)
[2026/04/21-19:06:10.765] [MRT-1276] [INFO] [dku.process]  - Starting process (regular)
[2026/04/21-19:06:10.769] [MRT-1276] [INFO] [dku.process]  - Process started with pid=20879
[2026/04/21-19:06:10.769] [MRT-1276] [DEBUG] [dku.resourceusage]  - Reporting start of CRU:{"context":{"type":"ANALYSIS_ML_TRAIN","authIdentifier":"karunakaranrishikaran@gmail.com","projectKey":"PROJET_CHURN_BANQUE","analysisId":"FJvilP7A","mlTaskId":"Nq4dYPRo","sessionId":"s2"},"type":"SINGLE_K8S_JOB","id":"PR8msjxq2s0n2D5F","startTime":1776798367551,"singleK8SJob":{"k8sClusterId":"__builtin__","executionId":"doctor-preprocessing-yzrcjnu","cpuRequest":1.0,"cpuLimit":1.0,"memoryRequestMB":8192,"memoryLimitMB":8192,"containerConfigName":"vCPU-1-RAM-8GiB"}}
[2026/04/21-19:06:10.770] [KNL-python-single-command-kernel-k8smonitor-1316] [INFO] [dku.ml.kernel]  - Waiting for K8S pod termination
[2026/04/21-19:06:10.771] [KNL-python-single-command-kernel-k8smonitor-1316] [INFO] [dku.containers.kubernetes]  - wait for pod to complete, getting pod status
[2026/04/21-19:06:10.771] [KNL-python-single-command-kernel-k8smonitor-1316] [INFO] [dku.containers.kubernetes]  - Querying status on pod dataiku-exec-doctor-preprocessing-yzrcjnu- try number 1
[2026/04/21-19:06:10.939] [Thread-1076] [DEBUG] [dku.utils]  - Process kubectl-get-pod done (return code 0)
[2026/04/21-19:06:10.940] [KNL-python-single-command-kernel-k8smonitor-1316] [DEBUG] [dku.containers.kubernetes]  - kubectl get pod OK, out=Running
[2026/04/21-19:06:10.940] [KNL-python-single-command-kernel-k8smonitor-1316] [DEBUG] [dku.containers.kubernetes]  - Kubernetes pod is running
[2026-04-21 19:06:09,825] [1/MainThread] [INFO] [root] Fetching job definition
[2026-04-21 19:06:09,828] [1/MainThread] [DEBUG] [root] Creating HTTP session for internal RPC
[2026-04-21 19:06:09,828] [1/MainThread] [DEBUG] [root] Verifying SSL calls: /home/dataiku/rpc_server_cert.pem
[2026-04-21 19:06:09,830] [1/MainThread] [DEBUG] [urllib3.connectionpool] Starting new HTTPS connection (1): dss-headless-node-56800c84.space-1e09aade-dku.svc.cluster.local:10005
[2026-04-21 19:06:09,856] [1/MainThread] [DEBUG] [urllib3.connectionpool] https://dss-headless-node-56800c84.space-1e09aade-dku.svc.cluster.local:10005 "POST /dip/api/tintercom/containers/get-execution HTTP/1.1" 200 None
[2026-04-21 19:06:09,857] [1/MainThread] [INFO] [root] got exec: {"dssVersion": "14.4.4", "id": "doctor-preprocessing-yzrcjnu", "projectKey": "PROJET_CHURN_BANQUE", "backendDipHomePath": "/data/dataiku/datadir", "contextPath": "/data/dataiku/datadir/analysis-data/PROJET_CHURN_BANQUE/FJvilP7A/Nq4dYPRo", "executionPath": "/data/dataiku/datadir/analysis-data/PROJET_CHURN_BANQUE/FJvilP7A/Nq4dYPRo/sessions/s2/pp1", "resyncPythonCode": false, "type": "DOCTOR_PYTHON", "definition": null, "payload": null, "codeEnvs": [{"lang": "PYTHON", "version": "Latest"}], "envResource": null}
[2026-04-21 19:06:09,857] [1/MainThread] [INFO] [root] Running with DSS code from image
[2026-04-21 19:06:09,857] [1/MainThread] [INFO] [root] Training doctor model
[2026-04-21 19:06:09,857] [1/MainThread] [INFO] [root] Fetching instance libraries
[2026-04-21 19:06:09,864] [1/MainThread] [DEBUG] [urllib3.connectionpool] https://dss-headless-node-56800c84.space-1e09aade-dku.svc.cluster.local:10005 "POST /dip/api/tintercom/containers/get-file HTTP/1.1" 200 None
[2026-04-21 19:06:09,877] [1/MainThread] [INFO] [root] Fetching project libraries
[2026-04-21 19:06:09,890] [1/MainThread] [DEBUG] [urllib3.connectionpool] https://dss-headless-node-56800c84.space-1e09aade-dku.svc.cluster.local:10005 "POST /dip/api/tintercom/containers/get-file HTTP/1.1" 200 12288
[2026-04-21 19:06:09,893] [1/MainThread] [DEBUG] [root] Adding /home/dataiku/lib/project/project-python-libs/PROJET_CHURN_BANQUE/python to Pythonpath
[2026-04-21 19:06:09,893] [1/MainThread] [INFO] [root] running on python 3.9.25 (main, Feb 25 2026, 00:00:00) 
[GCC 11.5.0 20240719 (Red Hat 11.5.0-11)]
[2026-04-21 19:06:09,893] [1/MainThread] [INFO] [root] now using PYTHONPATH: /home/dataiku:/opt/dataiku/python:/home/dataiku/lib/instance:/home/dataiku/lib/project/project-python-libs/PROJET_CHURN_BANQUE/python
[2026-04-21 19:06:09,893] [1/MainThread] [INFO] [root] Running doctor server
[2026-04-21 19:06:09,900] [1/MainThread] [INFO] [root] Running subprocess in PID 23
[2026-04-21 19:06:09,900] [1/Thread-1] [INFO] [root] Start monitoring process 23
[2026-04-21 19:06:11,143] [23/MainThread] [INFO] [root] Launching doctor command server
[2026-04-21 19:06:11,143] [23/MainThread] [INFO] [dataiku.base.socket_block_link] cert found
[2026-04-21 19:06:11,149] [23/MainThread] [INFO] [dataiku.base.socket_block_link] Connecting to dss-headless-node-56800c84.space-1e09aade-dku.svc.cluster.local (10.0.159.212) at port 37749
[2026/04/21-19:06:11.168] [MRT-1276] [INFO] [dku.link.secret_protected]  - Connected to kernel
[2026-04-21 19:06:11,168] [23/MainThread] [INFO] [dataiku.base.socket_block_link] Connected to dss-headless-node-56800c84.space-1e09aade-dku.svc.cluster.local (10.0.159.212) at port 37749
[2026/04/21-19:06:11.171] [MRT-1276] [INFO] [dku.block.link.interaction]  - Execute link command respClazz=true respTypeToken=false respIsString=false is=false asyncInputStream=false os=false
/opt/dataiku/python/dataiku/doctor/posttraining/features_distribution.py:18: DeprecationWarning: Please import `mquantiles` from the `scipy.stats.mstats` namespace; the `scipy.stats.mstats_basic` namespace is deprecated and will be removed in SciPy 2.0.0.
  from scipy.stats.mstats_basic import mquantiles
[2026-04-21 19:06:11,741] [23/MainThread] [INFO] [dataiku.doctor.server] Running analysis command: train_prediction_models_nosave
[2026-04-21 19:06:11,741] [23/MainThread] [INFO] [dataiku.doctor.utils.gpu_execution] Not logging `nvidia-smi`: `useGPU` is False
[2026-04-21 19:06:11,742] [23/MainThread] [INFO] [dataiku.doctor.diagnostics.diagnostics] enabling diagnostic callback: DatasetSanityCheckDiagnostic of type DiagnosticType.ML_DIAGNOSTICS_DATASET_SANITY_CHECKS
[2026-04-21 19:06:11,742] [23/MainThread] [INFO] [dataiku.doctor.diagnostics.diagnostics] enabling diagnostic callback: ClassifierAccuracyCheckDiagnostic of type DiagnosticType.ML_DIAGNOSTICS_MODEL_CHECK
[2026-04-21 19:06:11,742] [23/MainThread] [INFO] [dataiku.doctor.diagnostics.diagnostics] enabling diagnostic callback: RegressionR2CheckDiagnostic of type DiagnosticType.ML_DIAGNOSTICS_MODEL_CHECK
[2026-04-21 19:06:11,742] [23/MainThread] [INFO] [dataiku.doctor.diagnostics.diagnostics] enabling diagnostic callback: LeakageDiagnostic of type DiagnosticType.ML_DIAGNOSTICS_LEAKAGE_DETECTION
[2026-04-21 19:06:11,742] [23/MainThread] [INFO] [dataiku.doctor.diagnostics.diagnostics] enabling diagnostic callback: TreeOverfitDiagnostic of type DiagnosticType.ML_DIAGNOSTICS_TRAINING_OVERFIT
[2026-04-21 19:06:11,742] [23/MainThread] [INFO] [dataiku.doctor.diagnostics.diagnostics] enabling diagnostic callback: MLAssertionsDiagnostic of type DiagnosticType.ML_DIAGNOSTICS_ML_ASSERTIONS
[2026-04-21 19:06:11,742] [23/MainThread] [INFO] [dataiku.doctor.diagnostics.diagnostics] enabling diagnostic callback: ModelCheckDiagnostic of type DiagnosticType.ML_DIAGNOSTICS_MODEL_CHECK
[2026-04-21 19:06:11,742] [23/MainThread] [INFO] [dataiku.doctor.diagnostics.diagnostics] enabling diagnostic callback: AbnormalPredictionsDetectionDiagnostic of type DiagnosticType.ML_DIAGNOSTICS_ABNORMAL_PREDICTIONS_DETECTION
[2026-04-21 19:06:11,742] [23/MainThread] [INFO] [dataiku.doctor.prediction.common] NaN support available: compatible algorithm RANDOM_FOREST_CLASSIFICATION and feature reduction NONE
[2026-04-21 19:06:11,743] [23/MainThread] [INFO] [dataiku.doctor.commands] PPS is {'feature_selection_params': {'method': 'NONE', 'random_forest_params': {'n_trees': 30, 'depth': 10, 'n_features': 25}, 'lasso_params': {'alpha': [0.01, 0.1, 1.0, 10.0, 100.0], 'cross_validate': True}, 'pca_params': {'n_features': 25, 'variance_proportion': 0.9}, 'ica_params': {'n_components': 25, 'fun': 'logcosh'}, 'correlation_params': {'min_abs_correlation': 0.0, 'max_abs_correlation': 1.0, 'n_features': 25}, 'custom_params': {'code': '# type your code here'}}, 'preprocessingFitSampleRatio': 1.0, 'preprocessingFitSampleSeed': 1337, 'target_remapping': [{'sourceValue': '0', 'mappedValue': 0, 'sampleFreq': 7966}, {'sourceValue': '1', 'mappedValue': 1, 'sampleFreq': 2034}], 'skipPreprocessing': False, 'per_feature': {'end_date': {'generate_derivative': False, 'numerical_handling': 'DATETIME_CYCLICAL', 'missing_handling': 'DROP_ROW', 'impute_constant_value': 0.0, 'keep_regular': False, 'rescaling': 'AVGSTD', 'monotonic': 'NONE', 'quantile_bin_nb_bins': 4, 'binarize_threshold_mode': 'MEDIAN', 'binarize_constant_threshold': 0.0, 'datetime_cyclical_periods': ['YEAR', 'WEEK', 'QUARTER'], 'role': 'INPUT', 'type': 'NUMERIC', 'state': {'userModified': False, 'autoModifiedByDSS': False, 'recordedMeaning': 'Date'}, 'customHandlingCode': '', 'customProcessorWantsMatrix': False, 'sendToInput': 'main'}, 'income': {'generate_derivative': False, 'numerical_handling': 'REGULAR', 'missing_handling': 'IMPUTE', 'missing_impute_with': 'MEAN', 'impute_constant_value': 0.0, 'keep_regular': False, 'rescaling': 'AVGSTD', 'monotonic': 'NONE', 'quantile_bin_nb_bins': 4, 'binarize_threshold_mode': 'MEDIAN', 'binarize_constant_threshold': 0.0, 'datetime_cyclical_periods': [], 'role': 'INPUT', 'type': 'NUMERIC', 'state': {'userModified': False, 'autoModifiedByDSS': False, 'recordedMeaning': 'DoubleMeaning'}, 'customHandlingCode': '', 'customProcessorWantsMatrix': False, 'sendToInput': 'main'}, 'gender': {'category_handling': 'DUMMIFY', 'missing_handling': 'NONE', 'missing_impute_with': 'MODE', 'dummy_clip': 'MAX_NB_CATEGORIES', 'cumulative_proportion': 0.95, 'min_samples': 10, 'max_nb_categories': 100, 'max_cat_safety': 200, 'nb_bins_hashing': 1048576, 'hash_whole_categories': True, 'dummy_drop': 'NONE', 'impact_method': 'M_ESTIMATOR', 'impact_m': 10, 'impact_kfold': True, 'impact_kfold_k': 5, 'impact_kfold_seed': 1337, 'ordinal_order': 'COUNT', 'ordinal_ascending': False, 'ordinal_default_mode': 'HIGHEST', 'ordinal_default_value': 0, 'frequency_default_mode': 'EXPLICIT', 'frequency_default_value': 0.0, 'frequency_normalized': True, 'role': 'INPUT', 'type': 'CATEGORY', 'state': {'userModified': False, 'autoModifiedByDSS': False, 'recordedMeaning': 'Gender'}, 'customHandlingCode': '', 'customProcessorWantsMatrix': False, 'sendToInput': 'main'}, 'balance_min': {'generate_derivative': False, 'numerical_handling': 'REGULAR', 'missing_handling': 'IMPUTE', 'missing_impute_with': 'MEAN', 'impute_constant_value': 0.0, 'keep_regular': False, 'rescaling': 'AVGSTD', 'monotonic': 'NONE', 'quantile_bin_nb_bins': 4, 'binarize_threshold_mode': 'MEDIAN', 'binarize_constant_threshold': 0.0, 'datetime_cyclical_periods': [], 'role': 'INPUT', 'type': 'NUMERIC', 'state': {'userModified': False, 'autoModifiedByDSS': False, 'recordedMeaning': 'DoubleMeaning'}, 'customHandlingCode': '', 'customProcessorWantsMatrix': False, 'sendToInput': 'main'}, 'balance_avg': {'generate_derivative': False, 'numerical_handling': 'REGULAR', 'missing_handling': 'IMPUTE', 'missing_impute_with': 'MEAN', 'impute_constant_value': 0.0, 'keep_regular': False, 'rescaling': 'AVGSTD', 'monotonic': 'NONE', 'quantile_bin_nb_bins': 4, 'binarize_threshold_mode': 'MEDIAN', 'binarize_constant_threshold': 0.0, 'datetime_cyclical_periods': [], 'role': 'INPUT', 'type': 'NUMERIC', 'state': {'userModified': False, 'autoModifiedByDSS': False, 'recordedMeaning': 'DoubleMeaning'}, 'customHandlingCode': '', 'customProcessorWantsMatrix': False, 'sendToInput': 'main'}, 'birth_date': {'generate_derivative': False, 'numerical_handling': 'DATETIME_CYCLICAL', 'missing_handling': 'DROP_ROW', 'impute_constant_value': 0.0, 'keep_regular': False, 'rescaling': 'AVGSTD', 'monotonic': 'NONE', 'quantile_bin_nb_bins': 4, 'binarize_threshold_mode': 'MEDIAN', 'binarize_constant_threshold': 0.0, 'datetime_cyclical_periods': ['YEAR', 'WEEK', 'QUARTER', 'MONTH'], 'role': 'INPUT', 'type': 'NUMERIC', 'state': {'userModified': False, 'autoModifiedByDSS': False, 'recordedMeaning': 'Date'}, 'customHandlingCode': '', 'customProcessorWantsMatrix': False, 'sendToInput': 'main'}, 'atm_withdrawals_sum': {'generate_derivative': False, 'numerical_handling': 'REGULAR', 'missing_handling': 'IMPUTE', 'missing_impute_with': 'MEAN', 'impute_constant_value': 0.0, 'keep_regular': False, 'rescaling': 'AVGSTD', 'monotonic': 'NONE', 'quantile_bin_nb_bins': 4, 'binarize_threshold_mode': 'MEDIAN', 'binarize_constant_threshold': 0.0, 'datetime_cyclical_periods': [], 'role': 'INPUT', 'type': 'NUMERIC', 'state': {'userModified': False, 'autoModifiedByDSS': False, 'recordedMeaning': 'DoubleMeaning'}, 'customHandlingCode': '', 'customProcessorWantsMatrix': False, 'sendToInput': 'main'}, 'physical_services_sum_sum': {'generate_derivative': False, 'numerical_handling': 'REGULAR', 'missing_handling': 'IMPUTE', 'missing_impute_with': 'MEAN', 'impute_constant_value': 0.0, 'keep_regular': False, 'rescaling': 'AVGSTD', 'monotonic': 'NONE', 'quantile_bin_nb_bins': 4, 'binarize_threshold_mode': 'MEDIAN', 'binarize_constant_threshold': 0.0, 'datetime_cyclical_periods': [], 'role': 'INPUT', 'type': 'NUMERIC', 'state': {'userModified': False, 'autoModifiedByDSS': False, 'recordedMeaning': 'DoubleMeaning'}, 'customHandlingCode': '', 'customProcessorWantsMatrix': False, 'sendToInput': 'main'}, 'balance_stddev': {'generate_derivative': False, 'numerical_handling': 'REGULAR', 'missing_handling': 'IMPUTE', 'missing_impute_with': 'MEAN', 'impute_constant_value': 0.0, 'keep_regular': False, 'rescaling': 'AVGSTD', 'monotonic': 'NONE', 'quantile_bin_nb_bins': 4, 'binarize_threshold_mode': 'MEDIAN', 'binarize_constant_threshold': 0.0, 'datetime_cyclical_periods': [], 'role': 'INPUT', 'type': 'NUMERIC', 'state': {'userModified': False, 'autoModifiedByDSS': False, 'recordedMeaning': 'DoubleMeaning'}, 'customHandlingCode': '', 'customProcessorWantsMatrix': False, 'sendToInput': 'main'}, 'tier': {'category_handling': 'DUMMIFY', 'missing_handling': 'NONE', 'missing_impute_with': 'MODE', 'dummy_clip': 'MAX_NB_CATEGORIES', 'cumulative_proportion': 0.95, 'min_samples': 10, 'max_nb_categories': 100, 'max_cat_safety': 200, 'nb_bins_hashing': 1048576, 'hash_whole_categories': True, 'dummy_drop': 'NONE', 'impact_method': 'M_ESTIMATOR', 'impact_m': 10, 'impact_kfold': True, 'impact_kfold_k': 5, 'impact_kfold_seed': 1337, 'ordinal_order': 'COUNT', 'ordinal_ascending': False, 'ordinal_default_mode': 'HIGHEST', 'ordinal_default_value': 0, 'frequency_default_mode': 'EXPLICIT', 'frequency_default_value': 0.0, 'frequency_normalized': True, 'role': 'INPUT', 'type': 'CATEGORY', 'state': {'userModified': False, 'autoModifiedByDSS': False, 'recordedMeaning': 'Text'}, 'customHandlingCode': '', 'customProcessorWantsMatrix': False, 'sendToInput': 'main'}, 'product_id': {'generate_derivative': False, 'impute_constant_value': 0.0, 'keep_regular': False, 'monotonic': 'NONE', 'quantile_bin_nb_bins': 4, 'binarize_threshold_mode': 'MEDIAN', 'binarize_constant_threshold': 0.0, 'datetime_cyclical_periods': [], 'role': 'REJECT', 'type': 'NUMERIC', 'state': {'userModified': False, 'autoModifiedByDSS': False, 'recordedMeaning': 'LongMeaning'}, 'autoReason': 'REJECT_IDENTIFIER', 'customHandlingCode': '', 'customProcessorWantsMatrix': False, 'sendToInput': 'main'}, 'segment': {'category_handling': 'DUMMIFY', 'missing_handling': 'NONE', 'missing_impute_with': 'MODE', 'dummy_clip': 'MAX_NB_CATEGORIES', 'cumulative_proportion': 0.95, 'min_samples': 10, 'max_nb_categories': 100, 'max_cat_safety': 200, 'nb_bins_hashing': 1048576, 'hash_whole_categories': True, 'dummy_drop': 'NONE', 'impact_method': 'M_ESTIMATOR', 'impact_m': 10, 'impact_kfold': True, 'impact_kfold_k': 5, 'impact_kfold_seed': 1337, 'ordinal_order': 'COUNT', 'ordinal_ascending': False, 'ordinal_default_mode': 'HIGHEST', 'ordinal_default_value': 0, 'frequency_default_mode': 'EXPLICIT', 'frequency_default_value': 0.0, 'frequency_normalized': True, 'role': 'INPUT', 'type': 'CATEGORY', 'state': {'userModified': False, 'autoModifiedByDSS': False, 'recordedMeaning': 'Text'}, 'customHandlingCode': '', 'customProcessorWantsMatrix': False, 'sendToInput': 'main'}, 'digital_services_sum': {'generate_derivative': False, 'numerical_handling': 'REGULAR', 'missing_handling': 'IMPUTE', 'missing_impute_with': 'MEAN', 'impute_constant_value': 0.0, 'keep_regular': False, 'rescaling': 'AVGSTD', 'monotonic': 'NONE', 'quantile_bin_nb_bins': 4, 'binarize_threshold_mode': 'MEDIAN', 'binarize_constant_threshold': 0.0, 'datetime_cyclical_periods': [], 'role': 'INPUT', 'type': 'NUMERIC', 'state': {'userModified': False, 'autoModifiedByDSS': False, 'recordedMeaning': 'DoubleMeaning'}, 'customHandlingCode': '', 'customProcessorWantsMatrix': False, 'sendToInput': 'main'}, 'first_name': {'category_handling': 'DUMMIFY', 'missing_handling': 'NONE', 'missing_impute_with': 'MODE', 'dummy_clip': 'MAX_NB_CATEGORIES', 'cumulative_proportion': 0.95, 'min_samples': 10, 'max_nb_categories': 100, 'max_cat_safety': 200, 'nb_bins_hashing': 1048576, 'hash_whole_categories': True, 'dummy_drop': 'NONE', 'impact_method': 'M_ESTIMATOR', 'impact_m': 10, 'impact_kfold': True, 'impact_kfold_k': 5, 'impact_kfold_seed': 1337, 'ordinal_order': 'COUNT', 'ordinal_ascending': False, 'ordinal_default_mode': 'HIGHEST', 'ordinal_default_value': 0, 'frequency_default_mode': 'EXPLICIT', 'frequency_default_value': 0.0, 'frequency_normalized': True, 'role': 'INPUT', 'type': 'CATEGORY', 'state': {'userModified': False, 'autoModifiedByDSS': False, 'recordedMeaning': 'Text'}, 'customHandlingCode': '', 'customProcessorWantsMatrix': False, 'sendToInput': 'main'}, 'start_date': {'generate_derivative': False, 'numerical_handling': 'DATETIME_CYCLICAL', 'missing_handling': 'DROP_ROW', 'impute_constant_value': 0.0, 'keep_regular': False, 'rescaling': 'AVGSTD', 'monotonic': 'NONE', 'quantile_bin_nb_bins': 4, 'binarize_threshold_mode': 'MEDIAN', 'binarize_constant_threshold': 0.0, 'datetime_cyclical_periods': ['YEAR', 'WEEK', 'QUARTER'], 'role': 'INPUT', 'type': 'NUMERIC', 'state': {'userModified': False, 'autoModifiedByDSS': False, 'recordedMeaning': 'Date'}, 'customHandlingCode': '', 'customProcessorWantsMatrix': False, 'sendToInput': 'main'}, 'is_churn': {'dummy_clip': 'MAX_NB_CATEGORIES', 'cumulative_proportion': 0.95, 'min_samples': 10, 'max_nb_categories': 100, 'max_cat_safety': 200, 'nb_bins_hashing': 1048576, 'hash_whole_categories': True, 'dummy_drop': 'NONE', 'impact_method': 'M_ESTIMATOR', 'impact_m': 10, 'impact_kfold': True, 'impact_kfold_k': 5, 'impact_kfold_seed': 1337, 'ordinal_order': 'COUNT', 'ordinal_ascending': False, 'ordinal_default_mode': 'HIGHEST', 'ordinal_default_value': 0, 'frequency_default_mode': 'EXPLICIT', 'frequency_default_value': 0.0, 'frequency_normalized': True, 'role': 'TARGET', 'type': 'CATEGORY', 'state': {'userModified': False, 'autoModifiedByDSS': False, 'recordedMeaning': 'Text'}, 'customHandlingCode': '', 'customProcessorWantsMatrix': False, 'sendToInput': 'main'}, 'product': {'category_handling': 'DUMMIFY', 'missing_handling': 'NONE', 'missing_impute_with': 'MODE', 'dummy_clip': 'MAX_NB_CATEGORIES', 'cumulative_proportion': 0.95, 'min_samples': 10, 'max_nb_categories': 100, 'max_cat_safety': 200, 'nb_bins_hashing': 1048576, 'hash_whole_categories': True, 'dummy_drop': 'NONE', 'impact_method': 'M_ESTIMATOR', 'impact_m': 10, 'impact_kfold': True, 'impact_kfold_k': 5, 'impact_kfold_seed': 1337, 'ordinal_order': 'COUNT', 'ordinal_ascending': False, 'ordinal_default_mode': 'HIGHEST', 'ordinal_default_value': 0, 'frequency_default_mode': 'EXPLICIT', 'frequency_default_value': 0.0, 'frequency_normalized': True, 'role': 'INPUT', 'type': 'CATEGORY', 'state': {'userModified': False, 'autoModifiedByDSS': False, 'recordedMeaning': 'Text'}, 'customHandlingCode': '', 'customProcessorWantsMatrix': False, 'sendToInput': 'main'}, 'count': {'generate_derivative': False, 'numerical_handling': 'REGULAR', 'missing_handling': 'IMPUTE', 'missing_impute_with': 'MEAN', 'impute_constant_value': 0.0, 'keep_regular': False, 'rescaling': 'AVGSTD', 'monotonic': 'NONE', 'quantile_bin_nb_bins': 4, 'binarize_threshold_mode': 'MEDIAN', 'binarize_constant_threshold': 0.0, 'datetime_cyclical_periods': [], 'role': 'INPUT', 'type': 'NUMERIC', 'state': {'userModified': False, 'autoModifiedByDSS': False, 'recordedMeaning': 'LongMeaning'}, 'customHandlingCode': '', 'customProcessorWantsMatrix': False, 'sendToInput': 'main'}, 'last_name': {'category_handling': 'DUMMIFY', 'missing_handling': 'NONE', 'missing_impute_with': 'MODE', 'dummy_clip': 'MAX_NB_CATEGORIES', 'cumulative_proportion': 0.95, 'min_samples': 10, 'max_nb_categories': 100, 'max_cat_safety': 200, 'nb_bins_hashing': 1048576, 'hash_whole_categories': True, 'dummy_drop': 'NONE', 'impact_method': 'M_ESTIMATOR', 'impact_m': 10, 'impact_kfold': True, 'impact_kfold_k': 5, 'impact_kfold_seed': 1337, 'ordinal_order': 'COUNT', 'ordinal_ascending': False, 'ordinal_default_mode': 'HIGHEST', 'ordinal_default_value': 0, 'frequency_default_mode': 'EXPLICIT', 'frequency_default_value': 0.0, 'frequency_normalized': True, 'role': 'INPUT', 'type': 'CATEGORY', 'state': {'userModified': False, 'autoModifiedByDSS': False, 'recordedMeaning': 'Text'}, 'customHandlingCode': '', 'customProcessorWantsMatrix': False, 'sendToInput': 'main'}, 'balance_max': {'generate_derivative': False, 'numerical_handling': 'REGULAR', 'missing_handling': 'IMPUTE', 'missing_impute_with': 'MEAN', 'impute_constant_value': 0.0, 'keep_regular': False, 'rescaling': 'AVGSTD', 'monotonic': 'NONE', 'quantile_bin_nb_bins': 4, 'binarize_threshold_mode': 'MEDIAN', 'binarize_constant_threshold': 0.0, 'datetime_cyclical_periods': [], 'role': 'INPUT', 'type': 'NUMERIC', 'state': {'userModified': False, 'autoModifiedByDSS': False, 'recordedMeaning': 'DoubleMeaning'}, 'customHandlingCode': '', 'customProcessorWantsMatrix': False, 'sendToInput': 'main'}, 'revenue_sum': {'generate_derivative': False, 'numerical_handling': 'REGULAR', 'missing_handling': 'IMPUTE', 'missing_impute_with': 'MEAN', 'impute_constant_value': 0.0, 'keep_regular': False, 'rescaling': 'AVGSTD', 'monotonic': 'NONE', 'quantile_bin_nb_bins': 4, 'binarize_threshold_mode': 'MEDIAN', 'binarize_constant_threshold': 0.0, 'datetime_cyclical_periods': [], 'role': 'INPUT', 'type': 'NUMERIC', 'state': {'userModified': False, 'autoModifiedByDSS': False, 'recordedMeaning': 'DoubleMeaning'}, 'customHandlingCode': '', 'customProcessorWantsMatrix': False, 'sendToInput': 'main'}, 'atm_withdrawals_sum_sum': {'generate_derivative': False, 'numerical_handling': 'REGULAR', 'missing_handling': 'IMPUTE', 'missing_impute_with': 'MEAN', 'impute_constant_value': 0.0, 'keep_regular': False, 'rescaling': 'AVGSTD', 'monotonic': 'NONE', 'quantile_bin_nb_bins': 4, 'binarize_threshold_mode': 'MEDIAN', 'binarize_constant_threshold': 0.0, 'datetime_cyclical_periods': [], 'role': 'INPUT', 'type': 'NUMERIC', 'state': {'userModified': False, 'autoModifiedByDSS': False, 'recordedMeaning': 'DoubleMeaning'}, 'customHandlingCode': '', 'customProcessorWantsMatrix': False, 'sendToInput': 'main'}, 'creation_date': {'generate_derivative': False, 'numerical_handling': 'DATETIME_CYCLICAL', 'missing_handling': 'DROP_ROW', 'impute_constant_value': 0.0, 'keep_regular': False, 'rescaling': 'AVGSTD', 'monotonic': 'NONE', 'quantile_bin_nb_bins': 4, 'binarize_threshold_mode': 'MEDIAN', 'binarize_constant_threshold': 0.0, 'datetime_cyclical_periods': ['YEAR', 'WEEK', 'QUARTER', 'MONTH'], 'role': 'INPUT', 'type': 'NUMERIC', 'state': {'userModified': False, 'autoModifiedByDSS': False, 'recordedMeaning': 'Date'}, 'customHandlingCode': '', 'customProcessorWantsMatrix': False, 'sendToInput': 'main'}, 'revenue_avg': {'generate_derivative': False, 'numerical_handling': 'REGULAR', 'missing_handling': 'IMPUTE', 'missing_impute_with': 'MEAN', 'impute_constant_value': 0.0, 'keep_regular': False, 'rescaling': 'AVGSTD', 'monotonic': 'NONE', 'quantile_bin_nb_bins': 4, 'binarize_threshold_mode': 'MEDIAN', 'binarize_constant_threshold': 0.0, 'datetime_cyclical_periods': [], 'role': 'INPUT', 'type': 'NUMERIC', 'state': {'userModified': False, 'autoModifiedByDSS': False, 'recordedMeaning': 'DoubleMeaning'}, 'customHandlingCode': '', 'customProcessorWantsMatrix': False, 'sendToInput': 'main'}, 'product_type': {'category_handling': 'DUMMIFY', 'missing_handling': 'NONE', 'missing_impute_with': 'MODE', 'dummy_clip': 'MAX_NB_CATEGORIES', 'cumulative_proportion': 0.95, 'min_samples': 10, 'max_nb_categories': 100, 'max_cat_safety': 200, 'nb_bins_hashing': 1048576, 'hash_whole_categories': True, 'dummy_drop': 'NONE', 'impact_method': 'M_ESTIMATOR', 'impact_m': 10, 'impact_kfold': True, 'impact_kfold_k': 5, 'impact_kfold_seed': 1337, 'ordinal_order': 'COUNT', 'ordinal_ascending': False, 'ordinal_default_mode': 'HIGHEST', 'ordinal_default_value': 0, 'frequency_default_mode': 'EXPLICIT', 'frequency_default_value': 0.0, 'frequency_normalized': True, 'role': 'INPUT', 'type': 'CATEGORY', 'state': {'userModified': False, 'autoModifiedByDSS': False, 'recordedMeaning': 'Text'}, 'customHandlingCode': '', 'customProcessorWantsMatrix': False, 'sendToInput': 'main'}, 'balance_distinct': {'generate_derivative': False, 'numerical_handling': 'REGULAR', 'missing_handling': 'IMPUTE', 'missing_impute_with': 'MEAN', 'impute_constant_value': 0.0, 'keep_regular': False, 'rescaling': 'AVGSTD', 'monotonic': 'NONE', 'quantile_bin_nb_bins': 4, 'binarize_threshold_mode': 'MEDIAN', 'binarize_constant_threshold': 0.0, 'datetime_cyclical_periods': [], 'role': 'INPUT', 'type': 'NUMERIC', 'state': {'userModified': False, 'autoModifiedByDSS': False, 'recordedMeaning': 'LongMeaning'}, 'customHandlingCode': '', 'customProcessorWantsMatrix': False, 'sendToInput': 'main'}, 'in_person_interaction_sum': {'generate_derivative': False, 'numerical_handling': 'REGULAR', 'missing_handling': 'IMPUTE', 'missing_impute_with': 'MEAN', 'impute_constant_value': 0.0, 'keep_regular': False, 'rescaling': 'AVGSTD', 'monotonic': 'NONE', 'quantile_bin_nb_bins': 4, 'binarize_threshold_mode': 'MEDIAN', 'binarize_constant_threshold': 0.0, 'datetime_cyclical_periods': [], 'role': 'INPUT', 'type': 'NUMERIC', 'state': {'userModified': False, 'autoModifiedByDSS': False, 'recordedMeaning': 'DoubleMeaning'}, 'customHandlingCode': '', 'customProcessorWantsMatrix': False, 'sendToInput': 'main'}, 'physical_services_sum': {'generate_derivative': False, 'numerical_handling': 'REGULAR', 'missing_handling': 'IMPUTE', 'missing_impute_with': 'MEAN', 'impute_constant_value': 0.0, 'keep_regular': False, 'rescaling': 'AVGSTD', 'monotonic': 'NONE', 'quantile_bin_nb_bins': 4, 'binarize_threshold_mode': 'MEDIAN', 'binarize_constant_threshold': 0.0, 'datetime_cyclical_periods': [], 'role': 'INPUT', 'type': 'NUMERIC', 'state': {'userModified': False, 'autoModifiedByDSS': False, 'recordedMeaning': 'DoubleMeaning'}, 'customHandlingCode': '', 'customProcessorWantsMatrix': False, 'sendToInput': 'main'}, 'customer_id': {'generate_derivative': False, 'numerical_handling': 'REGULAR', 'missing_handling': 'IMPUTE', 'missing_impute_with': 'MEAN', 'impute_constant_value': 0.0, 'keep_regular': False, 'rescaling': 'AVGSTD', 'monotonic': 'NONE', 'quantile_bin_nb_bins': 4, 'binarize_threshold_mode': 'MEDIAN', 'binarize_constant_threshold': 0.0, 'datetime_cyclical_periods': [], 'role': 'INPUT', 'type': 'NUMERIC', 'state': {'userModified': False, 'autoModifiedByDSS': False, 'recordedMeaning': 'LongMeaning'}, 'customHandlingCode': '', 'customProcessorWantsMatrix': False, 'sendToInput': 'main'}, 'region': {'generate_derivative': False, 'numerical_handling': 'REGULAR', 'missing_handling': 'IMPUTE', 'missing_impute_with': 'MEAN', 'impute_constant_value': 0.0, 'keep_regular': False, 'rescaling': 'AVGSTD', 'monotonic': 'NONE', 'quantile_bin_nb_bins': 4, 'binarize_threshold_mode': 'MEDIAN', 'binarize_constant_threshold': 0.0, 'datetime_cyclical_periods': [], 'role': 'INPUT', 'type': 'NUMERIC', 'state': {'userModified': False, 'autoModifiedByDSS': False, 'recordedMeaning': 'LongMeaning'}, 'customHandlingCode': '', 'customProcessorWantsMatrix': False, 'sendToInput': 'main'}, 'fx_services_sum': {'generate_derivative': False, 'numerical_handling': 'REGULAR', 'missing_handling': 'IMPUTE', 'missing_impute_with': 'MEAN', 'impute_constant_value': 0.0, 'keep_regular': False, 'rescaling': 'AVGSTD', 'monotonic': 'NONE', 'quantile_bin_nb_bins': 4, 'binarize_threshold_mode': 'MEDIAN', 'binarize_constant_threshold': 0.0, 'datetime_cyclical_periods': [], 'role': 'INPUT', 'type': 'NUMERIC', 'state': {'userModified': False, 'autoModifiedByDSS': False, 'recordedMeaning': 'DoubleMeaning'}, 'customHandlingCode': '', 'customProcessorWantsMatrix': False, 'sendToInput': 'main'}}, 'reduce': {'enabled': False, 'kept_variance': 0.0}, 'feature_generation': {'pairwise_linear': {'behavior': 'DISABLED'}, 'polynomial_combinations': {'behavior': 'DISABLED'}, 'manual_interactions': {'interactions': []}, 'numericals_clustering': {'k': 0, 'all_features': False, 'input_features': [], 'behavior': 'DISABLED'}, 'categoricals_count_transformer': {'all_features': False, 'input_features': [], 'behavior': 'DISABLED'}, 'shifts': {}, 'windows': [], 'windows_rescale_numericals': False, 'windows_max_categories': 10}}
[2026-04-21 19:06:11,743] [23/MainThread] [INFO] [dataiku.doctor.utils.listener] START -  Loading train set
[2026-04-21 19:06:11,743] [23/MainThread] [INFO] [dataiku.base.folder_context] Fetching file from backend: source='/data/dataiku/datadir/analysis-data/PROJET_CHURN_BANQUE/FJvilP7A/Nq4dYPRo/sessions/s2/pp1/m1/train_info.json' target='/home/dataiku/cache/analysis-data/PROJET_CHURN_BANQUE/FJvilP7A/Nq4dYPRo/sessions/s2/pp1/m1/train_info.json'
[2026-04-21 19:06:11,743] [23/MainThread] [INFO] [dataiku.container.file_exchange] Fetching file /data/dataiku/datadir/analysis-data/PROJET_CHURN_BANQUE/FJvilP7A/Nq4dYPRo/sessions/s2/pp1/m1/train_info.json into /home/dataiku/cache/analysis-data/PROJET_CHURN_BANQUE/FJvilP7A/Nq4dYPRo/sessions/s2/pp1/m1/train_info.json
[2026-04-21 19:06:11,744] [23/MainThread] [DEBUG] [root] Creating HTTP session for internal RPC
[2026-04-21 19:06:11,744] [23/MainThread] [DEBUG] [root] Verifying SSL calls: /home/dataiku/rpc_server_cert.pem
[2026-04-21 19:06:11,746] [23/MainThread] [DEBUG] [urllib3.connectionpool] Starting new HTTPS connection (1): dss-headless-node-56800c84.space-1e09aade-dku.svc.cluster.local:10005
[2026-04-21 19:06:11,771] [23/MainThread] [DEBUG] [urllib3.connectionpool] https://dss-headless-node-56800c84.space-1e09aade-dku.svc.cluster.local:10005 "POST /dip/api/tintercom/containers/get-file HTTP/1.1" 200 629
[2026-04-21 19:06:11,796] [23/MainThread] [INFO] [dataiku.doctor.utils] Training on platform: {"architecture": ["64bit", "ELF"], "libc": ["glibc", "2.34"], "machine": "x86_64", "kernelRelease": "6.12.79-101.147.amzn2023.x86_64", "kernelVersion": "#1 SMP PREEMPT_DYNAMIC Thu Apr  2 04:32:18 UTC 2026", "platform": "Linux-6.12.79-101.147.amzn2023.x86_64-x86_64-with-glibc2.34", "pythonCompiler": "GCC 11.5.0 20240719 (Red Hat 11.5.0-11)", "pythonImplementation": "CPython", "pythonVersion": "3.9.25", "system": "Linux"}
[2026-04-21 19:06:11,796] [23/MainThread] [INFO] [dataiku.doctor.utils] Training on CPU: {"processor": "0", "vendor_id": "GenuineIntel", "cpu family": "6", "model": "85", "model name": "Intel(R) Xeon(R) Platinum 8259CL CPU @ 2.50GHz", "stepping": "7", "microcode": "0x5003901", "cpu MHz": "3098.878", "cache size": "36608 KB", "physical id": "0", "siblings": "8", "core id": "0", "cpu cores": "4", "apicid": "0", "initial apicid": "0", "fpu": "yes", "fpu_exception": "yes", "cpuid level": "13", "wp": "yes", "flags": "fpu vme de pse tsc msr pae mce cx8 apic sep mtrr pge mca cmov pat pse36 clflush mmx fxsr sse sse2 ss ht syscall nx pdpe1gb rdtscp lm constant_tsc rep_good nopl xtopology nonstop_tsc cpuid aperfmperf tsc_known_freq pni pclmulqdq ssse3 fma cx16 pcid sse4_1 sse4_2 x2apic movbe popcnt tsc_deadline_timer aes xsave avx f16c rdrand hypervisor lahf_lm abm 3dnowprefetch cpuid_fault pti fsgsbase tsc_adjust bmi1 avx2 smep bmi2 erms invpcid mpx avx512f avx512dq rdseed adx smap clflushopt clwb avx512cd avx512bw avx512vl xsaveopt xsavec xgetbv1 xsaves ida arat pku ospke", "bugs": "cpu_meltdown spectre_v1 spectre_v2 spec_store_bypass l1tf mds swapgs itlb_multihit mmio_stale_data retbleed gds bhi its", "bogomips": "4999.99", "clflush size": "64", "cache_alignment": "64", "address sizes": "46 bits physical, 48 bits virtual"}
[2026-04-21 19:06:11,827] [23/MainThread] [INFO] [dataiku.doctor.utils] Training with main package versions: {"pandas": "2.2.3", "scikit-learn": "1.5.2", "scipy": "1.13.1", "lightgbm": "4.6.0", "flask": "2.2.5", "itsdangerous": "2.2.0", "jinja2": "3.1.6", "xgboost": "1.7.6", "werkzeug": "3.1.8", "statsmodels": "0.14.6", "pillow": "11.3.0", "markupsafe": "3.0.3", "cloudpickle": "1.5.0"} 
[2026-04-21 19:06:11,827] [23/MainThread] [INFO] [root] Sending /home/dataiku/cache/analysis-data/PROJET_CHURN_BANQUE/FJvilP7A/Nq4dYPRo/sessions/s2/pp1/m1/train_info.json to /data/dataiku/datadir/analysis-data/PROJET_CHURN_BANQUE/FJvilP7A/Nq4dYPRo/sessions/s2/pp1/m1/train_info.json
[2026-04-21 19:06:11,829] [23/MainThread] [DEBUG] [urllib3.connectionpool] Resetting dropped connection: dss-headless-node-56800c84.space-1e09aade-dku.svc.cluster.local
[2026-04-21 19:06:11,853] [23/MainThread] [DEBUG] [urllib3.connectionpool] https://dss-headless-node-56800c84.space-1e09aade-dku.svc.cluster.local:10005 "POST /dip/api/tintercom/containers/put-file?executionId=doctor-preprocessing-yzrcjnu&fileKind=FILTERED_PATHS&path=%2Fdata%2Fdataiku%2Fdatadir%2Fanalysis-data%2FPROJET_CHURN_BANQUE%2FFJvilP7A%2FNq4dYPRo%2Fsessions%2Fs2%2Fpp1%2Fm1%2Ftrain_info.json&expand=false HTTP/1.1" 200 None
[2026-04-21 19:06:11,854] [23/MainThread] [INFO] [root] Sending /home/dataiku/cache/analysis-data/PROJET_CHURN_BANQUE/FJvilP7A/Nq4dYPRo/sessions/s2/pp1/m1/train_info.json to /data/dataiku/datadir/analysis-data/PROJET_CHURN_BANQUE/FJvilP7A/Nq4dYPRo/sessions/s2/pp1/m1/train_info.json
[2026-04-21 19:06:11,857] [23/MainThread] [DEBUG] [urllib3.connectionpool] https://dss-headless-node-56800c84.space-1e09aade-dku.svc.cluster.local:10005 "POST /dip/api/tintercom/containers/put-file?executionId=doctor-preprocessing-yzrcjnu&fileKind=FILTERED_PATHS&path=%2Fdata%2Fdataiku%2Fdatadir%2Fanalysis-data%2FPROJET_CHURN_BANQUE%2FFJvilP7A%2FNq4dYPRo%2Fsessions%2Fs2%2Fpp1%2Fm1%2Ftrain_info.json&expand=false HTTP/1.1" 200 None
[2026-04-21 19:06:11,857] [23/MainThread] [INFO] [dataiku.base.folder_context] Fetching file from backend: source='/data/dataiku/datadir/analysis-data/PROJET_CHURN_BANQUE/FJvilP7A/Nq4dYPRo/splits/train-ccca4f9f630768a93b1667a8ac464732-0.csv.gz' target='/home/dataiku/cache/analysis-data/PROJET_CHURN_BANQUE/FJvilP7A/Nq4dYPRo/splits/train-ccca4f9f630768a93b1667a8ac464732-0.csv.gz'
[2026-04-21 19:06:11,858] [23/MainThread] [INFO] [dataiku.container.file_exchange] Fetching file /data/dataiku/datadir/analysis-data/PROJET_CHURN_BANQUE/FJvilP7A/Nq4dYPRo/splits/train-ccca4f9f630768a93b1667a8ac464732-0.csv.gz into /home/dataiku/cache/analysis-data/PROJET_CHURN_BANQUE/FJvilP7A/Nq4dYPRo/splits/train-ccca4f9f630768a93b1667a8ac464732-0.csv.gz
[2026-04-21 19:06:11,861] [23/MainThread] [DEBUG] [urllib3.connectionpool] https://dss-headless-node-56800c84.space-1e09aade-dku.svc.cluster.local:10005 "POST /dip/api/tintercom/containers/get-file HTTP/1.1" 200 4063429
[2026-04-21 19:06:11,882] [23/MainThread] [INFO] [root] Reading with dtypes: None
[2026-04-21 19:06:11,882] [23/MainThread] [INFO] [dataiku.doctor.utils] Computed dtype for customer_id: <class 'numpy.float64'> (schema_type=bigint feature_type=NUMERIC feature_role=INPUT)
[2026-04-21 19:06:11,882] [23/MainThread] [INFO] [dataiku.doctor.utils] Computed dtype for product: str (schema_type=string feature_type=CATEGORY feature_role=INPUT)
[2026-04-21 19:06:11,882] [23/MainThread] [INFO] [dataiku.doctor.utils] Computed dtype for product_type: str (schema_type=string feature_type=CATEGORY feature_role=INPUT)
[2026-04-21 19:06:11,882] [23/MainThread] [INFO] [dataiku.doctor.utils] Computed dtype for start_date: None (schema_type=date feature_type=NUMERIC feature_role=INPUT)
[2026-04-21 19:06:11,882] [23/MainThread] [INFO] [dataiku.doctor.utils] Computed dtype for product_id: None (schema_type=bigint feature_type=NUMERIC feature_role=REJECT)
[2026-04-21 19:06:11,882] [23/MainThread] [INFO] [dataiku.doctor.utils] Computed dtype for end_date: None (schema_type=date feature_type=NUMERIC feature_role=INPUT)
[2026-04-21 19:06:11,882] [23/MainThread] [INFO] [dataiku.doctor.utils] Computed dtype for is_churn: <class 'numpy.object_'> (schema_type=string feature_type=CATEGORY feature_role=TARGET)
[2026-04-21 19:06:11,882] [23/MainThread] [INFO] [dataiku.doctor.utils] Computed dtype for balance_min: <class 'numpy.float64'> (schema_type=double feature_type=NUMERIC feature_role=INPUT)
[2026-04-21 19:06:11,882] [23/MainThread] [INFO] [dataiku.doctor.utils] Computed dtype for balance_max: <class 'numpy.float64'> (schema_type=double feature_type=NUMERIC feature_role=INPUT)
[2026-04-21 19:06:11,882] [23/MainThread] [INFO] [dataiku.doctor.utils] Computed dtype for balance_distinct: <class 'numpy.float64'> (schema_type=bigint feature_type=NUMERIC feature_role=INPUT)
[2026-04-21 19:06:11,882] [23/MainThread] [INFO] [dataiku.doctor.utils] Computed dtype for balance_avg: <class 'numpy.float64'> (schema_type=double feature_type=NUMERIC feature_role=INPUT)
[2026-04-21 19:06:11,882] [23/MainThread] [INFO] [dataiku.doctor.utils] Computed dtype for balance_stddev: <class 'numpy.float64'> (schema_type=double feature_type=NUMERIC feature_role=INPUT)
[2026-04-21 19:06:11,882] [23/MainThread] [INFO] [dataiku.doctor.utils] Computed dtype for count: <class 'numpy.float64'> (schema_type=bigint feature_type=NUMERIC feature_role=INPUT)
[2026-04-21 19:06:11,882] [23/MainThread] [INFO] [dataiku.doctor.utils] Computed dtype for revenue_avg: <class 'numpy.float64'> (schema_type=double feature_type=NUMERIC feature_role=INPUT)
[2026-04-21 19:06:11,882] [23/MainThread] [INFO] [dataiku.doctor.utils] Computed dtype for revenue_sum: <class 'numpy.float64'> (schema_type=double feature_type=NUMERIC feature_role=INPUT)
[2026-04-21 19:06:11,882] [23/MainThread] [INFO] [dataiku.doctor.utils] Computed dtype for in_person_interaction_sum: <class 'numpy.float64'> (schema_type=double feature_type=NUMERIC feature_role=INPUT)
[2026-04-21 19:06:11,882] [23/MainThread] [INFO] [dataiku.doctor.utils] Computed dtype for atm_withdrawals_sum: <class 'numpy.float64'> (schema_type=double feature_type=NUMERIC feature_role=INPUT)
[2026-04-21 19:06:11,882] [23/MainThread] [INFO] [dataiku.doctor.utils] Computed dtype for atm_withdrawals_sum_sum: <class 'numpy.float64'> (schema_type=double feature_type=NUMERIC feature_role=INPUT)
[2026-04-21 19:06:11,882] [23/MainThread] [INFO] [dataiku.doctor.utils] Computed dtype for physical_services_sum: <class 'numpy.float64'> (schema_type=double feature_type=NUMERIC feature_role=INPUT)
[2026-04-21 19:06:11,883] [23/MainThread] [INFO] [dataiku.doctor.utils] Computed dtype for physical_services_sum_sum: <class 'numpy.float64'> (schema_type=double feature_type=NUMERIC feature_role=INPUT)
[2026-04-21 19:06:11,883] [23/MainThread] [INFO] [dataiku.doctor.utils] Computed dtype for digital_services_sum: <class 'numpy.float64'> (schema_type=double feature_type=NUMERIC feature_role=INPUT)
[2026-04-21 19:06:11,883] [23/MainThread] [INFO] [dataiku.doctor.utils] Computed dtype for fx_services_sum: <class 'numpy.float64'> (schema_type=double feature_type=NUMERIC feature_role=INPUT)
[2026-04-21 19:06:11,883] [23/MainThread] [INFO] [dataiku.doctor.utils] Computed dtype for gender: str (schema_type=string feature_type=CATEGORY feature_role=INPUT)
[2026-04-21 19:06:11,883] [23/MainThread] [INFO] [dataiku.doctor.utils] Computed dtype for creation_date: None (schema_type=date feature_type=NUMERIC feature_role=INPUT)
[2026-04-21 19:06:11,883] [23/MainThread] [INFO] [dataiku.doctor.utils] Computed dtype for region: <class 'numpy.float64'> (schema_type=bigint feature_type=NUMERIC feature_role=INPUT)
[2026-04-21 19:06:11,883] [23/MainThread] [INFO] [dataiku.doctor.utils] Computed dtype for income: <class 'numpy.float64'> (schema_type=double feature_type=NUMERIC feature_role=INPUT)
[2026-04-21 19:06:11,883] [23/MainThread] [INFO] [dataiku.doctor.utils] Computed dtype for tier: str (schema_type=string feature_type=CATEGORY feature_role=INPUT)
[2026-04-21 19:06:11,883] [23/MainThread] [INFO] [dataiku.doctor.utils] Computed dtype for birth_date: None (schema_type=date feature_type=NUMERIC feature_role=INPUT)
[2026-04-21 19:06:11,883] [23/MainThread] [INFO] [dataiku.doctor.utils] Computed dtype for first_name: str (schema_type=string feature_type=CATEGORY feature_role=INPUT)
[2026-04-21 19:06:11,883] [23/MainThread] [INFO] [dataiku.doctor.utils] Computed dtype for last_name: str (schema_type=string feature_type=CATEGORY feature_role=INPUT)
[2026-04-21 19:06:11,883] [23/MainThread] [INFO] [dataiku.doctor.utils] Computed dtype for segment: str (schema_type=string feature_type=CATEGORY feature_role=INPUT)
[2026-04-21 19:06:11,883] [23/MainThread] [INFO] [root] Reading with FIXED dtypes: {'customer_id': <class 'numpy.float64'>, 'product': 'str', 'product_type': 'str', 'is_churn': <class 'numpy.object_'>, 'balance_min': <class 'numpy.float64'>, 'balance_max': <class 'numpy.float64'>, 'balance_distinct': <class 'numpy.float64'>, 'balance_avg': <class 'numpy.float64'>, 'balance_stddev': <class 'numpy.float64'>, 'count': <class 'numpy.float64'>, 'revenue_avg': <class 'numpy.float64'>, 'revenue_sum': <class 'numpy.float64'>, 'in_person_interaction_sum': <class 'numpy.float64'>, 'atm_withdrawals_sum': <class 'numpy.float64'>, 'atm_withdrawals_sum_sum': <class 'numpy.float64'>, 'physical_services_sum': <class 'numpy.float64'>, 'physical_services_sum_sum': <class 'numpy.float64'>, 'digital_services_sum': <class 'numpy.float64'>, 'fx_services_sum': <class 'numpy.float64'>, 'gender': 'str', 'region': <class 'numpy.float64'>, 'income': <class 'numpy.float64'>, 'tier': 'str', 'first_name': 'str', 'last_name': 'str', 'segment': 'str'}
[2026-04-21 19:06:14,904] [1/Thread-1] [INFO] [root] Local process resource usage : {"commandName": "/opt/dataiku/bin/python -m dataiku.container.exec_doctor_server", "vmRSSTotalMBS": 0, "majorFaults": 0, "childrenMajorFaults": 0, "cpuUserTimeMS": 4670.0, "cpuSystemTimeMS": 260.0, "cpuChildrenUserTimeMS": 0.0, "cpuChildrenSystemTimeMS": 20.0, "cpuTotalMS": 4950.0, "vmSizePeakMB": 1121.46484375, "vmSizeMB": 1069.28125, "vmRSSMB": 255.625, "vmHWMMB": 306.8671875, "vmRSSAnonMB": 160.8515625, "vmDataMB": 740.8828125, "vmRSSPeakMB": 255.625}
[2026-04-21 19:06:15,774] [23/MainThread] [INFO] [root] Loaded table
[2026-04-21 19:06:15,775] [23/MainThread] [INFO] [dataiku.doctor.utils] Normalizing date to numeric : 0                             NaT
1                             NaT
2                             NaT
3       2016-04-28 00:00:00+00:00
4                             NaT
                   ...           
43692                         NaT
43693                         NaT
43694                         NaT
43695                         NaT
43696                         NaT
Name: end_date, Length: 43697, dtype: datetime64[ns, UTC]
/opt/dataiku/python/dataiku/doctor/utils/__init__.py:173: UserWarning: no explicit representation of timezones available for np.datetime64
  return (pd.Series((series.values.astype("datetime64[ms]") - np.datetime64(EPOCH))) / np.timedelta64(1, 's')).reindex_like(series, method='pad')
[2026-04-21 19:06:15,779] [23/MainThread] [INFO] [dataiku.doctor.utils] Normalized date : 0                 NaN
1                 NaN
2                 NaN
3        3.670790e+09
4                 NaN
             ...     
43692             NaN
43693             NaN
43694             NaN
43695             NaN
43696             NaN
Name: end_date, Length: 43697, dtype: float64
[2026-04-21 19:06:15,780] [23/MainThread] [INFO] [dataiku.doctor.utils] Normalizing date to numeric : 0       1970-06-25 00:00:00+00:00
1       1941-06-25 00:00:00+00:00
2       1992-06-12 00:00:00+00:00
3       1988-06-05 00:00:00+00:00
4       1958-06-30 00:00:00+00:00
                   ...           
43692   1967-06-14 00:00:00+00:00
43693   1971-06-25 00:00:00+00:00
43694   1964-06-15 00:00:00+00:00
43695   1964-06-15 00:00:00+00:00
43696   1966-06-25 00:00:00+00:00
Name: birth_date, Length: 43697, dtype: datetime64[ns, UTC]
/opt/dataiku/python/dataiku/doctor/utils/__init__.py:173: UserWarning: no explicit representation of timezones available for np.datetime64
  return (pd.Series((series.values.astype("datetime64[ms]") - np.datetime64(EPOCH))) / np.timedelta64(1, 's')).reindex_like(series, method='pad')
[2026-04-21 19:06:15,783] [23/MainThread] [INFO] [dataiku.doctor.utils] Normalized date : 0        2.224109e+09
1        1.308960e+09
2        2.917296e+09
3        2.790461e+09
4        1.845850e+09
             ...     
43692    2.128464e+09
43693    2.255645e+09
43694    2.033942e+09
43695    2.033942e+09
43696    2.097878e+09
Name: birth_date, Length: 43697, dtype: float64
[2026-04-21 19:06:15,784] [23/MainThread] [INFO] [dataiku.doctor.utils] Normalizing date to numeric : 0       2015-01-28 00:00:00+00:00
1       2015-01-28 00:00:00+00:00
2       2015-01-28 00:00:00+00:00
3       2015-01-28 00:00:00+00:00
4       2015-01-28 00:00:00+00:00
                   ...           
43692   2015-01-28 00:00:00+00:00
43693   2015-01-28 00:00:00+00:00
43694   2015-01-28 00:00:00+00:00
43695   2015-01-28 00:00:00+00:00
43696   2015-01-28 00:00:00+00:00
Name: start_date, Length: 43697, dtype: datetime64[ns, UTC]
/opt/dataiku/python/dataiku/doctor/utils/__init__.py:173: UserWarning: no explicit representation of timezones available for np.datetime64
  return (pd.Series((series.values.astype("datetime64[ms]") - np.datetime64(EPOCH))) / np.timedelta64(1, 's')).reindex_like(series, method='pad')
[2026-04-21 19:06:15,787] [23/MainThread] [INFO] [dataiku.doctor.utils] Normalized date : 0        3.631392e+09
1        3.631392e+09
2        3.631392e+09
3        3.631392e+09
4        3.631392e+09
             ...     
43692    3.631392e+09
43693    3.631392e+09
43694    3.631392e+09
43695    3.631392e+09
43696    3.631392e+09
Name: start_date, Length: 43697, dtype: float64
[2026-04-21 19:06:15,788] [23/MainThread] [INFO] [dataiku.doctor.utils] Normalizing date to numeric : 0       2000-01-11 00:00:00+00:00
1       1998-02-17 00:00:00+00:00
2       2012-10-25 00:00:00+00:00
3       2012-10-26 00:00:00+00:00
4       2007-03-08 00:00:00+00:00
                   ...           
43692   1998-01-07 00:00:00+00:00
43693   1997-12-26 00:00:00+00:00
43694   1998-01-09 00:00:00+00:00
43695   1998-01-09 00:00:00+00:00
43696   1998-04-21 00:00:00+00:00
Name: creation_date, Length: 43697, dtype: datetime64[ns, UTC]
/opt/dataiku/python/dataiku/doctor/utils/__init__.py:173: UserWarning: no explicit representation of timezones available for np.datetime64
  return (pd.Series((series.values.astype("datetime64[ms]") - np.datetime64(EPOCH))) / np.timedelta64(1, 's')).reindex_like(series, method='pad')
[2026-04-21 19:06:15,790] [23/MainThread] [INFO] [dataiku.doctor.utils] Normalized date : 0        3.156538e+09
1        3.096662e+09
2        3.560112e+09
3        3.560198e+09
4        3.382301e+09
             ...     
43692    3.093120e+09
43693    3.092083e+09
43694    3.093293e+09
43695    3.093293e+09
43696    3.102106e+09
Name: creation_date, Length: 43697, dtype: float64
[2026-04-21 19:06:15,791] [23/MainThread] [INFO] [dataiku.doctor.utils] Coercion done
[2026-04-21 19:06:15,791] [23/MainThread] [DEBUG] [dataiku.doctor.diagnostics.diagnostics] calling DatasetSanityCheckDiagnostic.on_load_train_dataset_end()
[2026-04-21 19:06:15,793] [23/MainThread] [DEBUG] [dataiku.doctor.diagnostics.diagnostics] DatasetSanityCheckDiagnostic.on_load_train_dataset_end() generated diagnostics: []
[2026-04-21 19:06:15,793] [23/MainThread] [DEBUG] [dataiku.doctor.diagnostics.diagnostics] calling ClassifierAccuracyCheckDiagnostic.on_load_train_dataset_end()
[2026-04-21 19:06:15,793] [23/MainThread] [DEBUG] [dataiku.doctor.diagnostics.diagnostics] calling RegressionR2CheckDiagnostic.on_load_train_dataset_end()
[2026-04-21 19:06:15,793] [23/MainThread] [DEBUG] [dataiku.doctor.diagnostics.diagnostics] calling LeakageDiagnostic.on_load_train_dataset_end()
[2026-04-21 19:06:15,793] [23/MainThread] [DEBUG] [dataiku.doctor.diagnostics.diagnostics] calling TreeOverfitDiagnostic.on_load_train_dataset_end()
[2026-04-21 19:06:15,793] [23/MainThread] [DEBUG] [dataiku.doctor.diagnostics.diagnostics] calling MLAssertionsDiagnostic.on_load_train_dataset_end()
[2026-04-21 19:06:15,794] [23/MainThread] [DEBUG] [dataiku.doctor.diagnostics.diagnostics] calling ModelCheckDiagnostic.on_load_train_dataset_end()
[2026-04-21 19:06:15,794] [23/MainThread] [DEBUG] [dataiku.doctor.diagnostics.diagnostics] calling AbnormalPredictionsDetectionDiagnostic.on_load_train_dataset_end()
[2026-04-21 19:06:15,794] [23/MainThread] [INFO] [dataiku.doctor.utils.split] Loaded train df: shape=(43697,31)
[2026-04-21 19:06:15,794] [23/MainThread] [INFO] [dataiku.doctor.commands] Train col : customer_id (float64)
[2026-04-21 19:06:15,794] [23/MainThread] [INFO] [dataiku.doctor.commands] Train col : product (object)
[2026-04-21 19:06:15,794] [23/MainThread] [INFO] [dataiku.doctor.commands] Train col : product_type (object)
[2026-04-21 19:06:15,794] [23/MainThread] [INFO] [dataiku.doctor.commands] Train col : start_date (float64)
[2026-04-21 19:06:15,794] [23/MainThread] [INFO] [dataiku.doctor.commands] Train col : product_id (int64)
[2026-04-21 19:06:15,794] [23/MainThread] [INFO] [dataiku.doctor.commands] Train col : end_date (float64)
[2026-04-21 19:06:15,794] [23/MainThread] [INFO] [dataiku.doctor.commands] Train col : is_churn (object)
[2026-04-21 19:06:15,794] [23/MainThread] [INFO] [dataiku.doctor.commands] Train col : balance_min (float64)
[2026-04-21 19:06:15,795] [23/MainThread] [INFO] [dataiku.doctor.commands] Train col : balance_max (float64)
[2026-04-21 19:06:15,795] [23/MainThread] [INFO] [dataiku.doctor.commands] Train col : balance_distinct (float64)
[2026-04-21 19:06:15,795] [23/MainThread] [INFO] [dataiku.doctor.commands] Train col : balance_avg (float64)
[2026-04-21 19:06:15,795] [23/MainThread] [INFO] [dataiku.doctor.commands] Train col : balance_stddev (float64)
[2026-04-21 19:06:15,795] [23/MainThread] [INFO] [dataiku.doctor.commands] Train col : count (float64)
[2026-04-21 19:06:15,795] [23/MainThread] [INFO] [dataiku.doctor.commands] Train col : revenue_avg (float64)
[2026-04-21 19:06:15,795] [23/MainThread] [INFO] [dataiku.doctor.commands] Train col : revenue_sum (float64)
[2026-04-21 19:06:15,795] [23/MainThread] [INFO] [dataiku.doctor.commands] Train col : in_person_interaction_sum (float64)
[2026-04-21 19:06:15,795] [23/MainThread] [INFO] [dataiku.doctor.commands] Train col : atm_withdrawals_sum (float64)
[2026-04-21 19:06:15,796] [23/MainThread] [INFO] [dataiku.doctor.commands] Train col : atm_withdrawals_sum_sum (float64)
[2026-04-21 19:06:15,796] [23/MainThread] [INFO] [dataiku.doctor.commands] Train col : physical_services_sum (float64)
[2026-04-21 19:06:15,796] [23/MainThread] [INFO] [dataiku.doctor.commands] Train col : physical_services_sum_sum (float64)
[2026-04-21 19:06:15,796] [23/MainThread] [INFO] [dataiku.doctor.commands] Train col : digital_services_sum (float64)
[2026-04-21 19:06:15,796] [23/MainThread] [INFO] [dataiku.doctor.commands] Train col : fx_services_sum (float64)
[2026-04-21 19:06:15,796] [23/MainThread] [INFO] [dataiku.doctor.commands] Train col : gender (object)
[2026-04-21 19:06:15,796] [23/MainThread] [INFO] [dataiku.doctor.commands] Train col : creation_date (float64)
[2026-04-21 19:06:15,796] [23/MainThread] [INFO] [dataiku.doctor.commands] Train col : region (float64)
[2026-04-21 19:06:15,796] [23/MainThread] [INFO] [dataiku.doctor.commands] Train col : income (float64)
[2026-04-21 19:06:15,796] [23/MainThread] [INFO] [dataiku.doctor.commands] Train col : tier (object)
[2026-04-21 19:06:15,796] [23/MainThread] [INFO] [dataiku.doctor.commands] Train col : birth_date (float64)
[2026-04-21 19:06:15,796] [23/MainThread] [INFO] [dataiku.doctor.commands] Train col : first_name (object)
[2026-04-21 19:06:15,797] [23/MainThread] [INFO] [dataiku.doctor.commands] Train col : last_name (object)
[2026-04-21 19:06:15,797] [23/MainThread] [INFO] [dataiku.doctor.commands] Train col : segment (object)
[2026-04-21 19:06:15,797] [23/MainThread] [INFO] [dataiku.doctor.utils.listener] END -  Loading train set
[2026-04-21 19:06:15,797] [23/MainThread] [INFO] [dataiku.doctor.utils.listener] START -  Loading test set
[2026-04-21 19:06:15,798] [23/MainThread] [INFO] [root] Sending /home/dataiku/cache/analysis-data/PROJET_CHURN_BANQUE/FJvilP7A/Nq4dYPRo/sessions/s2/pp1/m1/train_info.json to /data/dataiku/datadir/analysis-data/PROJET_CHURN_BANQUE/FJvilP7A/Nq4dYPRo/sessions/s2/pp1/m1/train_info.json
[2026-04-21 19:06:15,802] [23/MainThread] [DEBUG] [urllib3.connectionpool] https://dss-headless-node-56800c84.space-1e09aade-dku.svc.cluster.local:10005 "POST /dip/api/tintercom/containers/put-file?executionId=doctor-preprocessing-yzrcjnu&fileKind=FILTERED_PATHS&path=%2Fdata%2Fdataiku%2Fdatadir%2Fanalysis-data%2FPROJET_CHURN_BANQUE%2FFJvilP7A%2FNq4dYPRo%2Fsessions%2Fs2%2Fpp1%2Fm1%2Ftrain_info.json&expand=false HTTP/1.1" 200 None
[2026-04-21 19:06:15,802] [23/MainThread] [INFO] [dataiku.base.folder_context] Fetching file from backend: source='/data/dataiku/datadir/analysis-data/PROJET_CHURN_BANQUE/FJvilP7A/Nq4dYPRo/splits/test-ccca4f9f630768a93b1667a8ac464732-0.csv.gz' target='/home/dataiku/cache/analysis-data/PROJET_CHURN_BANQUE/FJvilP7A/Nq4dYPRo/splits/test-ccca4f9f630768a93b1667a8ac464732-0.csv.gz'
[2026-04-21 19:06:15,802] [23/MainThread] [INFO] [dataiku.container.file_exchange] Fetching file /data/dataiku/datadir/analysis-data/PROJET_CHURN_BANQUE/FJvilP7A/Nq4dYPRo/splits/test-ccca4f9f630768a93b1667a8ac464732-0.csv.gz into /home/dataiku/cache/analysis-data/PROJET_CHURN_BANQUE/FJvilP7A/Nq4dYPRo/splits/test-ccca4f9f630768a93b1667a8ac464732-0.csv.gz
[2026-04-21 19:06:15,806] [23/MainThread] [DEBUG] [urllib3.connectionpool] https://dss-headless-node-56800c84.space-1e09aade-dku.svc.cluster.local:10005 "POST /dip/api/tintercom/containers/get-file HTTP/1.1" 200 1034942
[2026-04-21 19:06:15,811] [23/MainThread] [INFO] [root] Reading with dtypes: None
[2026-04-21 19:06:15,812] [23/MainThread] [INFO] [dataiku.doctor.utils] Computed dtype for customer_id: <class 'numpy.float64'> (schema_type=bigint feature_type=NUMERIC feature_role=INPUT)
[2026-04-21 19:06:15,812] [23/MainThread] [INFO] [dataiku.doctor.utils] Computed dtype for product: str (schema_type=string feature_type=CATEGORY feature_role=INPUT)
[2026-04-21 19:06:15,812] [23/MainThread] [INFO] [dataiku.doctor.utils] Computed dtype for product_type: str (schema_type=string feature_type=CATEGORY feature_role=INPUT)
[2026-04-21 19:06:15,812] [23/MainThread] [INFO] [dataiku.doctor.utils] Computed dtype for start_date: None (schema_type=date feature_type=NUMERIC feature_role=INPUT)
[2026-04-21 19:06:15,812] [23/MainThread] [INFO] [dataiku.doctor.utils] Computed dtype for product_id: None (schema_type=bigint feature_type=NUMERIC feature_role=REJECT)
[2026-04-21 19:06:15,812] [23/MainThread] [INFO] [dataiku.doctor.utils] Computed dtype for end_date: None (schema_type=date feature_type=NUMERIC feature_role=INPUT)
[2026-04-21 19:06:15,812] [23/MainThread] [INFO] [dataiku.doctor.utils] Computed dtype for is_churn: <class 'numpy.object_'> (schema_type=string feature_type=CATEGORY feature_role=TARGET)
[2026-04-21 19:06:15,812] [23/MainThread] [INFO] [dataiku.doctor.utils] Computed dtype for balance_min: <class 'numpy.float64'> (schema_type=double feature_type=NUMERIC feature_role=INPUT)
[2026-04-21 19:06:15,812] [23/MainThread] [INFO] [dataiku.doctor.utils] Computed dtype for balance_max: <class 'numpy.float64'> (schema_type=double feature_type=NUMERIC feature_role=INPUT)
[2026-04-21 19:06:15,812] [23/MainThread] [INFO] [dataiku.doctor.utils] Computed dtype for balance_distinct: <class 'numpy.float64'> (schema_type=bigint feature_type=NUMERIC feature_role=INPUT)
[2026-04-21 19:06:15,812] [23/MainThread] [INFO] [dataiku.doctor.utils] Computed dtype for balance_avg: <class 'numpy.float64'> (schema_type=double feature_type=NUMERIC feature_role=INPUT)
[2026-04-21 19:06:15,812] [23/MainThread] [INFO] [dataiku.doctor.utils] Computed dtype for balance_stddev: <class 'numpy.float64'> (schema_type=double feature_type=NUMERIC feature_role=INPUT)
[2026-04-21 19:06:15,812] [23/MainThread] [INFO] [dataiku.doctor.utils] Computed dtype for count: <class 'numpy.float64'> (schema_type=bigint feature_type=NUMERIC feature_role=INPUT)
[2026-04-21 19:06:15,812] [23/MainThread] [INFO] [dataiku.doctor.utils] Computed dtype for revenue_avg: <class 'numpy.float64'> (schema_type=double feature_type=NUMERIC feature_role=INPUT)
[2026-04-21 19:06:15,812] [23/MainThread] [INFO] [dataiku.doctor.utils] Computed dtype for revenue_sum: <class 'numpy.float64'> (schema_type=double feature_type=NUMERIC feature_role=INPUT)
[2026-04-21 19:06:15,812] [23/MainThread] [INFO] [dataiku.doctor.utils] Computed dtype for in_person_interaction_sum: <class 'numpy.float64'> (schema_type=double feature_type=NUMERIC feature_role=INPUT)
[2026-04-21 19:06:15,812] [23/MainThread] [INFO] [dataiku.doctor.utils] Computed dtype for atm_withdrawals_sum: <class 'numpy.float64'> (schema_type=double feature_type=NUMERIC feature_role=INPUT)
[2026-04-21 19:06:15,812] [23/MainThread] [INFO] [dataiku.doctor.utils] Computed dtype for atm_withdrawals_sum_sum: <class 'numpy.float64'> (schema_type=double feature_type=NUMERIC feature_role=INPUT)
[2026-04-21 19:06:15,812] [23/MainThread] [INFO] [dataiku.doctor.utils] Computed dtype for physical_services_sum: <class 'numpy.float64'> (schema_type=double feature_type=NUMERIC feature_role=INPUT)
[2026-04-21 19:06:15,812] [23/MainThread] [INFO] [dataiku.doctor.utils] Computed dtype for physical_services_sum_sum: <class 'numpy.float64'> (schema_type=double feature_type=NUMERIC feature_role=INPUT)
[2026-04-21 19:06:15,812] [23/MainThread] [INFO] [dataiku.doctor.utils] Computed dtype for digital_services_sum: <class 'numpy.float64'> (schema_type=double feature_type=NUMERIC feature_role=INPUT)
[2026-04-21 19:06:15,812] [23/MainThread] [INFO] [dataiku.doctor.utils] Computed dtype for fx_services_sum: <class 'numpy.float64'> (schema_type=double feature_type=NUMERIC feature_role=INPUT)
[2026-04-21 19:06:15,812] [23/MainThread] [INFO] [dataiku.doctor.utils] Computed dtype for gender: str (schema_type=string feature_type=CATEGORY feature_role=INPUT)
[2026-04-21 19:06:15,812] [23/MainThread] [INFO] [dataiku.doctor.utils] Computed dtype for creation_date: None (schema_type=date feature_type=NUMERIC feature_role=INPUT)
[2026-04-21 19:06:15,812] [23/MainThread] [INFO] [dataiku.doctor.utils] Computed dtype for region: <class 'numpy.float64'> (schema_type=bigint feature_type=NUMERIC feature_role=INPUT)
[2026-04-21 19:06:15,812] [23/MainThread] [INFO] [dataiku.doctor.utils] Computed dtype for income: <class 'numpy.float64'> (schema_type=double feature_type=NUMERIC feature_role=INPUT)
[2026-04-21 19:06:15,813] [23/MainThread] [INFO] [dataiku.doctor.utils] Computed dtype for tier: str (schema_type=string feature_type=CATEGORY feature_role=INPUT)
[2026-04-21 19:06:15,813] [23/MainThread] [INFO] [dataiku.doctor.utils] Computed dtype for birth_date: None (schema_type=date feature_type=NUMERIC feature_role=INPUT)
[2026-04-21 19:06:15,813] [23/MainThread] [INFO] [dataiku.doctor.utils] Computed dtype for first_name: str (schema_type=string feature_type=CATEGORY feature_role=INPUT)
[2026-04-21 19:06:15,813] [23/MainThread] [INFO] [dataiku.doctor.utils] Computed dtype for last_name: str (schema_type=string feature_type=CATEGORY feature_role=INPUT)
[2026-04-21 19:06:15,813] [23/MainThread] [INFO] [dataiku.doctor.utils] Computed dtype for segment: str (schema_type=string feature_type=CATEGORY feature_role=INPUT)
[2026-04-21 19:06:15,813] [23/MainThread] [INFO] [root] Reading with FIXED dtypes: {'customer_id': <class 'numpy.float64'>, 'product': 'str', 'product_type': 'str', 'is_churn': <class 'numpy.object_'>, 'balance_min': <class 'numpy.float64'>, 'balance_max': <class 'numpy.float64'>, 'balance_distinct': <class 'numpy.float64'>, 'balance_avg': <class 'numpy.float64'>, 'balance_stddev': <class 'numpy.float64'>, 'count': <class 'numpy.float64'>, 'revenue_avg': <class 'numpy.float64'>, 'revenue_sum': <class 'numpy.float64'>, 'in_person_interaction_sum': <class 'numpy.float64'>, 'atm_withdrawals_sum': <class 'numpy.float64'>, 'atm_withdrawals_sum_sum': <class 'numpy.float64'>, 'physical_services_sum': <class 'numpy.float64'>, 'physical_services_sum_sum': <class 'numpy.float64'>, 'digital_services_sum': <class 'numpy.float64'>, 'fx_services_sum': <class 'numpy.float64'>, 'gender': 'str', 'region': <class 'numpy.float64'>, 'income': <class 'numpy.float64'>, 'tier': 'str', 'first_name': 'str', 'last_name': 'str', 'segment': 'str'}
[2026/04/21-19:06:15.941] [KNL-python-single-command-kernel-k8smonitor-1316] [INFO] [dku.containers.kubernetes]  - wait for pod to complete, getting pod status
[2026/04/21-19:06:15.941] [KNL-python-single-command-kernel-k8smonitor-1316] [INFO] [dku.containers.kubernetes]  - Querying status on pod dataiku-exec-doctor-preprocessing-yzrcjnu- try number 1
[2026/04/21-19:06:16.064] [Thread-1082] [DEBUG] [dku.utils]  - Process kubectl-get-pod done (return code 0)
[2026/04/21-19:06:16.064] [KNL-python-single-command-kernel-k8smonitor-1316] [DEBUG] [dku.containers.kubernetes]  - kubectl get pod OK, out=Running
[2026/04/21-19:06:16.065] [KNL-python-single-command-kernel-k8smonitor-1316] [DEBUG] [dku.containers.kubernetes]  - Kubernetes pod is running
[2026-04-21 19:06:16,797] [23/MainThread] [INFO] [root] Loaded table
[2026-04-21 19:06:16,798] [23/MainThread] [INFO] [dataiku.doctor.utils] Normalizing date to numeric : 0                             NaT
1       2015-08-28 00:00:00+00:00
2                             NaT
3                             NaT
4                             NaT
                   ...           
11038                         NaT
11039                         NaT
11040                         NaT
11041                         NaT
11042                         NaT
Name: end_date, Length: 11043, dtype: datetime64[ns, UTC]
/opt/dataiku/python/dataiku/doctor/utils/__init__.py:173: UserWarning: no explicit representation of timezones available for np.datetime64
  return (pd.Series((series.values.astype("datetime64[ms]") - np.datetime64(EPOCH))) / np.timedelta64(1, 's')).reindex_like(series, method='pad')
[2026-04-21 19:06:16,801] [23/MainThread] [INFO] [dataiku.doctor.utils] Normalized date : 0                 NaN
1        3.649709e+09
2                 NaN
3                 NaN
4                 NaN
             ...     
11038             NaN
11039             NaN
11040             NaN
11041             NaN
11042             NaN
Name: end_date, Length: 11043, dtype: float64
[2026-04-21 19:06:16,802] [23/MainThread] [INFO] [dataiku.doctor.utils] Normalizing date to numeric : 0       1978-06-23 00:00:00+00:00
1       1960-06-04 00:00:00+00:00
2       1960-06-25 00:00:00+00:00
3       1964-07-03 00:00:00+00:00
4       1959-05-31 00:00:00+00:00
                   ...           
11038   1968-06-05 00:00:00+00:00
11039   1966-06-25 00:00:00+00:00
11040   1974-06-25 00:00:00+00:00
11041   1963-06-25 00:00:00+00:00
11042   1970-06-25 00:00:00+00:00
Name: birth_date, Length: 11043, dtype: datetime64[ns, UTC]
/opt/dataiku/python/dataiku/doctor/utils/__init__.py:173: UserWarning: no explicit representation of timezones available for np.datetime64
  return (pd.Series((series.values.astype("datetime64[ms]") - np.datetime64(EPOCH))) / np.timedelta64(1, 's')).reindex_like(series, method='pad')
[2026-04-21 19:06:16,804] [23/MainThread] [INFO] [dataiku.doctor.utils] Normalized date : 0        2.476397e+09
1        1.906762e+09
2        1.908576e+09
3        2.035498e+09
4        1.874794e+09
             ...     
11038    2.159309e+09
11039    2.097878e+09
11040    2.350339e+09
11041    2.003184e+09
11042    2.224109e+09
Name: birth_date, Length: 11043, dtype: float64
[2026-04-21 19:06:16,805] [23/MainThread] [INFO] [dataiku.doctor.utils] Normalizing date to numeric : 0       2015-02-28 00:00:00+00:00
1       2015-02-28 00:00:00+00:00
2       2015-01-28 00:00:00+00:00
3       2015-01-28 00:00:00+00:00
4       2015-01-28 00:00:00+00:00
                   ...           
11038   2015-01-28 00:00:00+00:00
11039   2015-01-28 00:00:00+00:00
11040   2015-01-28 00:00:00+00:00
11041   2015-01-28 00:00:00+00:00
11042   2015-01-28 00:00:00+00:00
Name: start_date, Length: 11043, dtype: datetime64[ns, UTC]
/opt/dataiku/python/dataiku/doctor/utils/__init__.py:173: UserWarning: no explicit representation of timezones available for np.datetime64
  return (pd.Series((series.values.astype("datetime64[ms]") - np.datetime64(EPOCH))) / np.timedelta64(1, 's')).reindex_like(series, method='pad')
[2026-04-21 19:06:16,807] [23/MainThread] [INFO] [dataiku.doctor.utils] Normalized date : 0        3.634070e+09
1        3.634070e+09
2        3.631392e+09
3        3.631392e+09
4        3.631392e+09
             ...     
11038    3.631392e+09
11039    3.631392e+09
11040    3.631392e+09
11041    3.631392e+09
11042    3.631392e+09
Name: start_date, Length: 11043, dtype: float64
[2026-04-21 19:06:16,808] [23/MainThread] [INFO] [dataiku.doctor.utils] Normalizing date to numeric : 0       2007-02-21 00:00:00+00:00
1       1999-10-13 00:00:00+00:00
2       1998-07-07 00:00:00+00:00
3       1999-09-06 00:00:00+00:00
4       1999-09-06 00:00:00+00:00
                   ...           
11038   1999-11-15 00:00:00+00:00
11039   2001-06-11 00:00:00+00:00
11040   1998-01-02 00:00:00+00:00
11041   2006-12-23 00:00:00+00:00
11042   1998-05-11 00:00:00+00:00
Name: creation_date, Length: 11043, dtype: datetime64[ns, UTC]
/opt/dataiku/python/dataiku/doctor/utils/__init__.py:173: UserWarning: no explicit representation of timezones available for np.datetime64
  return (pd.Series((series.values.astype("datetime64[ms]") - np.datetime64(EPOCH))) / np.timedelta64(1, 's')).reindex_like(series, method='pad')
[2026-04-21 19:06:16,809] [23/MainThread] [INFO] [dataiku.doctor.utils] Normalized date : 0        3.381005e+09
1        3.148762e+09
2        3.108758e+09
3        3.145565e+09
4        3.145565e+09
             ...     
11038    3.151613e+09
11039    3.201206e+09
11040    3.092688e+09
11041    3.375821e+09
11042    3.103834e+09
Name: creation_date, Length: 11043, dtype: float64
[2026-04-21 19:06:16,810] [23/MainThread] [INFO] [dataiku.doctor.utils] Coercion done
[2026-04-21 19:06:16,810] [23/MainThread] [DEBUG] [dataiku.doctor.diagnostics.diagnostics] calling DatasetSanityCheckDiagnostic.on_load_test_dataset_end()
[2026-04-21 19:06:16,811] [23/MainThread] [DEBUG] [dataiku.doctor.diagnostics.diagnostics] DatasetSanityCheckDiagnostic.on_load_test_dataset_end() generated diagnostics: []
[2026-04-21 19:06:16,811] [23/MainThread] [DEBUG] [dataiku.doctor.diagnostics.diagnostics] calling ClassifierAccuracyCheckDiagnostic.on_load_test_dataset_end()
[2026-04-21 19:06:16,811] [23/MainThread] [DEBUG] [dataiku.doctor.diagnostics.diagnostics] calling RegressionR2CheckDiagnostic.on_load_test_dataset_end()
[2026-04-21 19:06:16,811] [23/MainThread] [DEBUG] [dataiku.doctor.diagnostics.diagnostics] calling LeakageDiagnostic.on_load_test_dataset_end()
[2026-04-21 19:06:16,811] [23/MainThread] [DEBUG] [dataiku.doctor.diagnostics.diagnostics] calling TreeOverfitDiagnostic.on_load_test_dataset_end()
[2026-04-21 19:06:16,811] [23/MainThread] [DEBUG] [dataiku.doctor.diagnostics.diagnostics] calling MLAssertionsDiagnostic.on_load_test_dataset_end()
[2026-04-21 19:06:16,811] [23/MainThread] [DEBUG] [dataiku.doctor.diagnostics.diagnostics] calling ModelCheckDiagnostic.on_load_test_dataset_end()
[2026-04-21 19:06:16,811] [23/MainThread] [DEBUG] [dataiku.doctor.diagnostics.diagnostics] calling AbnormalPredictionsDetectionDiagnostic.on_load_test_dataset_end()
[2026-04-21 19:06:16,811] [23/MainThread] [INFO] [dataiku.doctor.utils.split] Loaded test df: shape=(11043,31)
[2026-04-21 19:06:16,812] [23/MainThread] [INFO] [dataiku.doctor.utils.listener] END -  Loading test set
[2026-04-21 19:06:16,812] [23/MainThread] [INFO] [dataiku.doctor.utils.listener] START -  Collecting statistics
[2026-04-21 19:06:16,812] [23/MainThread] [INFO] [root] Sending /home/dataiku/cache/analysis-data/PROJET_CHURN_BANQUE/FJvilP7A/Nq4dYPRo/sessions/s2/pp1/m1/train_info.json to /data/dataiku/datadir/analysis-data/PROJET_CHURN_BANQUE/FJvilP7A/Nq4dYPRo/sessions/s2/pp1/m1/train_info.json
[2026-04-21 19:06:16,816] [23/MainThread] [DEBUG] [urllib3.connectionpool] https://dss-headless-node-56800c84.space-1e09aade-dku.svc.cluster.local:10005 "POST /dip/api/tintercom/containers/put-file?executionId=doctor-preprocessing-yzrcjnu&fileKind=FILTERED_PATHS&path=%2Fdata%2Fdataiku%2Fdatadir%2Fanalysis-data%2FPROJET_CHURN_BANQUE%2FFJvilP7A%2FNq4dYPRo%2Fsessions%2Fs2%2Fpp1%2Fm1%2Ftrain_info.json&expand=false HTTP/1.1" 200 None
[2026-04-21 19:06:16,816] [23/MainThread] [INFO] [dataiku.doctor.preprocessing_collector] Looking at end_date... (type=NUMERIC)
[2026-04-21 19:06:16,816] [23/MainThread] [INFO] [dataiku.doctor.preprocessing_collector] Checking series of type: float64 (isM8=False)
[2026-04-21 19:06:16,819] [23/MainThread] [INFO] [dataiku.doctor.preprocessing_collector] Looking at income... (type=NUMERIC)
[2026-04-21 19:06:16,819] [23/MainThread] [INFO] [dataiku.doctor.preprocessing_collector] Checking series of type: float64 (isM8=False)
[2026-04-21 19:06:16,822] [23/MainThread] [INFO] [dataiku.doctor.preprocessing_collector] Looking at gender... (type=CATEGORY)
[2026-04-21 19:06:16,827] [23/MainThread] [INFO] [dataiku.doctor.preprocessing_collector] Looking at balance_min... (type=NUMERIC)
[2026-04-21 19:06:16,827] [23/MainThread] [INFO] [dataiku.doctor.preprocessing_collector] Checking series of type: float64 (isM8=False)
[2026-04-21 19:06:16,830] [23/MainThread] [INFO] [dataiku.doctor.preprocessing_collector] Looking at balance_avg... (type=NUMERIC)
[2026-04-21 19:06:16,830] [23/MainThread] [INFO] [dataiku.doctor.preprocessing_collector] Checking series of type: float64 (isM8=False)
[2026-04-21 19:06:16,833] [23/MainThread] [INFO] [dataiku.doctor.preprocessing_collector] Looking at birth_date... (type=NUMERIC)
[2026-04-21 19:06:16,833] [23/MainThread] [INFO] [dataiku.doctor.preprocessing_collector] Checking series of type: float64 (isM8=False)
[2026-04-21 19:06:16,835] [23/MainThread] [INFO] [dataiku.doctor.preprocessing_collector] Looking at atm_withdrawals_sum... (type=NUMERIC)
[2026-04-21 19:06:16,835] [23/MainThread] [INFO] [dataiku.doctor.preprocessing_collector] Checking series of type: float64 (isM8=False)
[2026-04-21 19:06:16,838] [23/MainThread] [INFO] [dataiku.doctor.preprocessing_collector] Looking at physical_services_sum_sum... (type=NUMERIC)
[2026-04-21 19:06:16,838] [23/MainThread] [INFO] [dataiku.doctor.preprocessing_collector] Checking series of type: float64 (isM8=False)
[2026-04-21 19:06:16,841] [23/MainThread] [INFO] [dataiku.doctor.preprocessing_collector] Looking at balance_stddev... (type=NUMERIC)
[2026-04-21 19:06:16,841] [23/MainThread] [INFO] [dataiku.doctor.preprocessing_collector] Checking series of type: float64 (isM8=False)
[2026-04-21 19:06:16,844] [23/MainThread] [INFO] [dataiku.doctor.preprocessing_collector] Looking at tier... (type=CATEGORY)
[2026-04-21 19:06:16,848] [23/MainThread] [INFO] [dataiku.doctor.preprocessing_collector] Looking at product_id... (type=NUMERIC)
[2026-04-21 19:06:16,848] [23/MainThread] [INFO] [dataiku.doctor.preprocessing_collector] Looking at segment... (type=CATEGORY)
[2026-04-21 19:06:16,853] [23/MainThread] [INFO] [dataiku.doctor.preprocessing_collector] Looking at digital_services_sum... (type=NUMERIC)
[2026-04-21 19:06:16,853] [23/MainThread] [INFO] [dataiku.doctor.preprocessing_collector] Checking series of type: float64 (isM8=False)
[2026-04-21 19:06:16,856] [23/MainThread] [INFO] [dataiku.doctor.preprocessing_collector] Looking at first_name... (type=CATEGORY)
[2026-04-21 19:06:16,861] [23/MainThread] [INFO] [dataiku.doctor.preprocessing_collector] Looking at start_date... (type=NUMERIC)
[2026-04-21 19:06:16,862] [23/MainThread] [INFO] [dataiku.doctor.preprocessing_collector] Checking series of type: float64 (isM8=False)
[2026-04-21 19:06:16,864] [23/MainThread] [INFO] [dataiku.doctor.preprocessing_collector] Looking at is_churn... (type=CATEGORY)
[2026-04-21 19:06:16,864] [23/MainThread] [INFO] [dataiku.doctor.preprocessing_collector] Looking at product... (type=CATEGORY)
[2026-04-21 19:06:16,869] [23/MainThread] [INFO] [dataiku.doctor.preprocessing_collector] Looking at count... (type=NUMERIC)
[2026-04-21 19:06:16,869] [23/MainThread] [INFO] [dataiku.doctor.preprocessing_collector] Checking series of type: float64 (isM8=False)
[2026-04-21 19:06:16,871] [23/MainThread] [INFO] [dataiku.doctor.preprocessing_collector] Looking at last_name... (type=CATEGORY)
[2026-04-21 19:06:16,877] [23/MainThread] [INFO] [dataiku.doctor.preprocessing_collector] Looking at balance_max... (type=NUMERIC)
[2026-04-21 19:06:16,878] [23/MainThread] [INFO] [dataiku.doctor.preprocessing_collector] Checking series of type: float64 (isM8=False)
[2026-04-21 19:06:16,881] [23/MainThread] [INFO] [dataiku.doctor.preprocessing_collector] Looking at revenue_sum... (type=NUMERIC)
[2026-04-21 19:06:16,881] [23/MainThread] [INFO] [dataiku.doctor.preprocessing_collector] Checking series of type: float64 (isM8=False)
[2026-04-21 19:06:16,884] [23/MainThread] [INFO] [dataiku.doctor.preprocessing_collector] Looking at atm_withdrawals_sum_sum... (type=NUMERIC)
[2026-04-21 19:06:16,884] [23/MainThread] [INFO] [dataiku.doctor.preprocessing_collector] Checking series of type: float64 (isM8=False)
[2026-04-21 19:06:16,887] [23/MainThread] [INFO] [dataiku.doctor.preprocessing_collector] Looking at creation_date... (type=NUMERIC)
[2026-04-21 19:06:16,887] [23/MainThread] [INFO] [dataiku.doctor.preprocessing_collector] Checking series of type: float64 (isM8=False)
[2026-04-21 19:06:16,889] [23/MainThread] [INFO] [dataiku.doctor.preprocessing_collector] Looking at revenue_avg... (type=NUMERIC)
[2026-04-21 19:06:16,889] [23/MainThread] [INFO] [dataiku.doctor.preprocessing_collector] Checking series of type: float64 (isM8=False)
[2026-04-21 19:06:16,892] [23/MainThread] [INFO] [dataiku.doctor.preprocessing_collector] Looking at product_type... (type=CATEGORY)
[2026-04-21 19:06:16,897] [23/MainThread] [INFO] [dataiku.doctor.preprocessing_collector] Looking at balance_distinct... (type=NUMERIC)
[2026-04-21 19:06:16,897] [23/MainThread] [INFO] [dataiku.doctor.preprocessing_collector] Checking series of type: float64 (isM8=False)
[2026-04-21 19:06:16,900] [23/MainThread] [INFO] [dataiku.doctor.preprocessing_collector] Looking at in_person_interaction_sum... (type=NUMERIC)
[2026-04-21 19:06:16,900] [23/MainThread] [INFO] [dataiku.doctor.preprocessing_collector] Checking series of type: float64 (isM8=False)
[2026-04-21 19:06:16,903] [23/MainThread] [INFO] [dataiku.doctor.preprocessing_collector] Looking at physical_services_sum... (type=NUMERIC)
[2026-04-21 19:06:16,903] [23/MainThread] [INFO] [dataiku.doctor.preprocessing_collector] Checking series of type: float64 (isM8=False)
[2026-04-21 19:06:16,905] [23/MainThread] [INFO] [dataiku.doctor.preprocessing_collector] Looking at customer_id... (type=NUMERIC)
[2026-04-21 19:06:16,906] [23/MainThread] [INFO] [dataiku.doctor.preprocessing_collector] Checking series of type: float64 (isM8=False)
[2026-04-21 19:06:16,908] [23/MainThread] [INFO] [dataiku.doctor.preprocessing_collector] Looking at region... (type=NUMERIC)
[2026-04-21 19:06:16,908] [23/MainThread] [INFO] [dataiku.doctor.preprocessing_collector] Checking series of type: float64 (isM8=False)
[2026-04-21 19:06:16,910] [23/MainThread] [INFO] [dataiku.doctor.preprocessing_collector] Looking at fx_services_sum... (type=NUMERIC)
[2026-04-21 19:06:16,910] [23/MainThread] [INFO] [dataiku.doctor.preprocessing_collector] Checking series of type: float64 (isM8=False)
[2026-04-21 19:06:16,914] [23/MainThread] [INFO] [dataiku.doctor.preprocessing_handler] generating interactions
[2026-04-21 19:06:16,914] [23/MainThread] [INFO] [dataiku.doctor.preprocessing_handler] {'feature_selection_params': {'method': 'NONE', 'random_forest_params': {'n_trees': 30, 'depth': 10, 'n_features': 25}, 'lasso_params': {'alpha': [0.01, 0.1, 1.0, 10.0, 100.0], 'cross_validate': True}, 'pca_params': {'n_features': 25, 'variance_proportion': 0.9}, 'ica_params': {'n_components': 25, 'fun': 'logcosh'}, 'correlation_params': {'min_abs_correlation': 0.0, 'max_abs_correlation': 1.0, 'n_features': 25}, 'custom_params': {'code': '# type your code here'}}, 'preprocessingFitSampleRatio': 1.0, 'preprocessingFitSampleSeed': 1337, 'target_remapping': [{'sourceValue': '0', 'mappedValue': 0, 'sampleFreq': 7966}, {'sourceValue': '1', 'mappedValue': 1, 'sampleFreq': 2034}], 'skipPreprocessing': False, 'per_feature': {'end_date': {'generate_derivative': False, 'numerical_handling': 'DATETIME_CYCLICAL', 'missing_handling': 'DROP_ROW', 'impute_constant_value': 0.0, 'keep_regular': False, 'rescaling': 'AVGSTD', 'monotonic': 'NONE', 'quantile_bin_nb_bins': 4, 'binarize_threshold_mode': 'MEDIAN', 'binarize_constant_threshold': 0.0, 'datetime_cyclical_periods': ['YEAR', 'WEEK', 'QUARTER'], 'role': 'INPUT', 'type': 'NUMERIC', 'state': {'userModified': False, 'autoModifiedByDSS': False, 'recordedMeaning': 'Date'}, 'customHandlingCode': '', 'customProcessorWantsMatrix': False, 'sendToInput': 'main'}, 'income': {'generate_derivative': False, 'numerical_handling': 'REGULAR', 'missing_handling': 'IMPUTE', 'missing_impute_with': 'MEAN', 'impute_constant_value': 0.0, 'keep_regular': False, 'rescaling': 'AVGSTD', 'monotonic': 'NONE', 'quantile_bin_nb_bins': 4, 'binarize_threshold_mode': 'MEDIAN', 'binarize_constant_threshold': 0.0, 'datetime_cyclical_periods': [], 'role': 'INPUT', 'type': 'NUMERIC', 'state': {'userModified': False, 'autoModifiedByDSS': False, 'recordedMeaning': 'DoubleMeaning'}, 'customHandlingCode': '', 'customProcessorWantsMatrix': False, 'sendToInput': 'main'}, 'gender': {'category_handling': 'DUMMIFY', 'missing_handling': 'NONE', 'missing_impute_with': 'MODE', 'dummy_clip': 'MAX_NB_CATEGORIES', 'cumulative_proportion': 0.95, 'min_samples': 10, 'max_nb_categories': 100, 'max_cat_safety': 200, 'nb_bins_hashing': 1048576, 'hash_whole_categories': True, 'dummy_drop': 'NONE', 'impact_method': 'M_ESTIMATOR', 'impact_m': 10, 'impact_kfold': True, 'impact_kfold_k': 5, 'impact_kfold_seed': 1337, 'ordinal_order': 'COUNT', 'ordinal_ascending': False, 'ordinal_default_mode': 'HIGHEST', 'ordinal_default_value': 0, 'frequency_default_mode': 'EXPLICIT', 'frequency_default_value': 0.0, 'frequency_normalized': True, 'role': 'INPUT', 'type': 'CATEGORY', 'state': {'userModified': False, 'autoModifiedByDSS': False, 'recordedMeaning': 'Gender'}, 'customHandlingCode': '', 'customProcessorWantsMatrix': False, 'sendToInput': 'main'}, 'balance_min': {'generate_derivative': False, 'numerical_handling': 'REGULAR', 'missing_handling': 'IMPUTE', 'missing_impute_with': 'MEAN', 'impute_constant_value': 0.0, 'keep_regular': False, 'rescaling': 'AVGSTD', 'monotonic': 'NONE', 'quantile_bin_nb_bins': 4, 'binarize_threshold_mode': 'MEDIAN', 'binarize_constant_threshold': 0.0, 'datetime_cyclical_periods': [], 'role': 'INPUT', 'type': 'NUMERIC', 'state': {'userModified': False, 'autoModifiedByDSS': False, 'recordedMeaning': 'DoubleMeaning'}, 'customHandlingCode': '', 'customProcessorWantsMatrix': False, 'sendToInput': 'main'}, 'balance_avg': {'generate_derivative': False, 'numerical_handling': 'REGULAR', 'missing_handling': 'IMPUTE', 'missing_impute_with': 'MEAN', 'impute_constant_value': 0.0, 'keep_regular': False, 'rescaling': 'AVGSTD', 'monotonic': 'NONE', 'quantile_bin_nb_bins': 4, 'binarize_threshold_mode': 'MEDIAN', 'binarize_constant_threshold': 0.0, 'datetime_cyclical_periods': [], 'role': 'INPUT', 'type': 'NUMERIC', 'state': {'userModified': False, 'autoModifiedByDSS': False, 'recordedMeaning': 'DoubleMeaning'}, 'customHandlingCode': '', 'customProcessorWantsMatrix': False, 'sendToInput': 'main'}, 'birth_date': {'generate_derivative': False, 'numerical_handling': 'DATETIME_CYCLICAL', 'missing_handling': 'DROP_ROW', 'impute_constant_value': 0.0, 'keep_regular': False, 'rescaling': 'AVGSTD', 'monotonic': 'NONE', 'quantile_bin_nb_bins': 4, 'binarize_threshold_mode': 'MEDIAN', 'binarize_constant_threshold': 0.0, 'datetime_cyclical_periods': ['YEAR', 'WEEK', 'QUARTER', 'MONTH'], 'role': 'INPUT', 'type': 'NUMERIC', 'state': {'userModified': False, 'autoModifiedByDSS': False, 'recordedMeaning': 'Date'}, 'customHandlingCode': '', 'customProcessorWantsMatrix': False, 'sendToInput': 'main'}, 'atm_withdrawals_sum': {'generate_derivative': False, 'numerical_handling': 'REGULAR', 'missing_handling': 'IMPUTE', 'missing_impute_with': 'MEAN', 'impute_constant_value': 0.0, 'keep_regular': False, 'rescaling': 'AVGSTD', 'monotonic': 'NONE', 'quantile_bin_nb_bins': 4, 'binarize_threshold_mode': 'MEDIAN', 'binarize_constant_threshold': 0.0, 'datetime_cyclical_periods': [], 'role': 'INPUT', 'type': 'NUMERIC', 'state': {'userModified': False, 'autoModifiedByDSS': False, 'recordedMeaning': 'DoubleMeaning'}, 'customHandlingCode': '', 'customProcessorWantsMatrix': False, 'sendToInput': 'main'}, 'physical_services_sum_sum': {'generate_derivative': False, 'numerical_handling': 'REGULAR', 'missing_handling': 'IMPUTE', 'missing_impute_with': 'MEAN', 'impute_constant_value': 0.0, 'keep_regular': False, 'rescaling': 'AVGSTD', 'monotonic': 'NONE', 'quantile_bin_nb_bins': 4, 'binarize_threshold_mode': 'MEDIAN', 'binarize_constant_threshold': 0.0, 'datetime_cyclical_periods': [], 'role': 'INPUT', 'type': 'NUMERIC', 'state': {'userModified': False, 'autoModifiedByDSS': False, 'recordedMeaning': 'DoubleMeaning'}, 'customHandlingCode': '', 'customProcessorWantsMatrix': False, 'sendToInput': 'main'}, 'balance_stddev': {'generate_derivative': False, 'numerical_handling': 'REGULAR', 'missing_handling': 'IMPUTE', 'missing_impute_with': 'MEAN', 'impute_constant_value': 0.0, 'keep_regular': False, 'rescaling': 'AVGSTD', 'monotonic': 'NONE', 'quantile_bin_nb_bins': 4, 'binarize_threshold_mode': 'MEDIAN', 'binarize_constant_threshold': 0.0, 'datetime_cyclical_periods': [], 'role': 'INPUT', 'type': 'NUMERIC', 'state': {'userModified': False, 'autoModifiedByDSS': False, 'recordedMeaning': 'DoubleMeaning'}, 'customHandlingCode': '', 'customProcessorWantsMatrix': False, 'sendToInput': 'main'}, 'tier': {'category_handling': 'DUMMIFY', 'missing_handling': 'NONE', 'missing_impute_with': 'MODE', 'dummy_clip': 'MAX_NB_CATEGORIES', 'cumulative_proportion': 0.95, 'min_samples': 10, 'max_nb_categories': 100, 'max_cat_safety': 200, 'nb_bins_hashing': 1048576, 'hash_whole_categories': True, 'dummy_drop': 'NONE', 'impact_method': 'M_ESTIMATOR', 'impact_m': 10, 'impact_kfold': True, 'impact_kfold_k': 5, 'impact_kfold_seed': 1337, 'ordinal_order': 'COUNT', 'ordinal_ascending': False, 'ordinal_default_mode': 'HIGHEST', 'ordinal_default_value': 0, 'frequency_default_mode': 'EXPLICIT', 'frequency_default_value': 0.0, 'frequency_normalized': True, 'role': 'INPUT', 'type': 'CATEGORY', 'state': {'userModified': False, 'autoModifiedByDSS': False, 'recordedMeaning': 'Text'}, 'customHandlingCode': '', 'customProcessorWantsMatrix': False, 'sendToInput': 'main'}, 'product_id': {'generate_derivative': False, 'impute_constant_value': 0.0, 'keep_regular': False, 'monotonic': 'NONE', 'quantile_bin_nb_bins': 4, 'binarize_threshold_mode': 'MEDIAN', 'binarize_constant_threshold': 0.0, 'datetime_cyclical_periods': [], 'role': 'REJECT', 'type': 'NUMERIC', 'state': {'userModified': False, 'autoModifiedByDSS': False, 'recordedMeaning': 'LongMeaning'}, 'autoReason': 'REJECT_IDENTIFIER', 'customHandlingCode': '', 'customProcessorWantsMatrix': False, 'sendToInput': 'main'}, 'segment': {'category_handling': 'DUMMIFY', 'missing_handling': 'NONE', 'missing_impute_with': 'MODE', 'dummy_clip': 'MAX_NB_CATEGORIES', 'cumulative_proportion': 0.95, 'min_samples': 10, 'max_nb_categories': 100, 'max_cat_safety': 200, 'nb_bins_hashing': 1048576, 'hash_whole_categories': True, 'dummy_drop': 'NONE', 'impact_method': 'M_ESTIMATOR', 'impact_m': 10, 'impact_kfold': True, 'impact_kfold_k': 5, 'impact_kfold_seed': 1337, 'ordinal_order': 'COUNT', 'ordinal_ascending': False, 'ordinal_default_mode': 'HIGHEST', 'ordinal_default_value': 0, 'frequency_default_mode': 'EXPLICIT', 'frequency_default_value': 0.0, 'frequency_normalized': True, 'role': 'INPUT', 'type': 'CATEGORY', 'state': {'userModified': False, 'autoModifiedByDSS': False, 'recordedMeaning': 'Text'}, 'customHandlingCode': '', 'customProcessorWantsMatrix': False, 'sendToInput': 'main'}, 'digital_services_sum': {'generate_derivative': False, 'numerical_handling': 'REGULAR', 'missing_handling': 'IMPUTE', 'missing_impute_with': 'MEAN', 'impute_constant_value': 0.0, 'keep_regular': False, 'rescaling': 'AVGSTD', 'monotonic': 'NONE', 'quantile_bin_nb_bins': 4, 'binarize_threshold_mode': 'MEDIAN', 'binarize_constant_threshold': 0.0, 'datetime_cyclical_periods': [], 'role': 'INPUT', 'type': 'NUMERIC', 'state': {'userModified': False, 'autoModifiedByDSS': False, 'recordedMeaning': 'DoubleMeaning'}, 'customHandlingCode': '', 'customProcessorWantsMatrix': False, 'sendToInput': 'main'}, 'first_name': {'category_handling': 'DUMMIFY', 'missing_handling': 'NONE', 'missing_impute_with': 'MODE', 'dummy_clip': 'MAX_NB_CATEGORIES', 'cumulative_proportion': 0.95, 'min_samples': 10, 'max_nb_categories': 100, 'max_cat_safety': 200, 'nb_bins_hashing': 1048576, 'hash_whole_categories': True, 'dummy_drop': 'NONE', 'impact_method': 'M_ESTIMATOR', 'impact_m': 10, 'impact_kfold': True, 'impact_kfold_k': 5, 'impact_kfold_seed': 1337, 'ordinal_order': 'COUNT', 'ordinal_ascending': False, 'ordinal_default_mode': 'HIGHEST', 'ordinal_default_value': 0, 'frequency_default_mode': 'EXPLICIT', 'frequency_default_value': 0.0, 'frequency_normalized': True, 'role': 'INPUT', 'type': 'CATEGORY', 'state': {'userModified': False, 'autoModifiedByDSS': False, 'recordedMeaning': 'Text'}, 'customHandlingCode': '', 'customProcessorWantsMatrix': False, 'sendToInput': 'main'}, 'start_date': {'generate_derivative': False, 'numerical_handling': 'DATETIME_CYCLICAL', 'missing_handling': 'DROP_ROW', 'impute_constant_value': 0.0, 'keep_regular': False, 'rescaling': 'AVGSTD', 'monotonic': 'NONE', 'quantile_bin_nb_bins': 4, 'binarize_threshold_mode': 'MEDIAN', 'binarize_constant_threshold': 0.0, 'datetime_cyclical_periods': ['YEAR', 'WEEK', 'QUARTER'], 'role': 'INPUT', 'type': 'NUMERIC', 'state': {'userModified': False, 'autoModifiedByDSS': False, 'recordedMeaning': 'Date'}, 'customHandlingCode': '', 'customProcessorWantsMatrix': False, 'sendToInput': 'main'}, 'is_churn': {'dummy_clip': 'MAX_NB_CATEGORIES', 'cumulative_proportion': 0.95, 'min_samples': 10, 'max_nb_categories': 100, 'max_cat_safety': 200, 'nb_bins_hashing': 1048576, 'hash_whole_categories': True, 'dummy_drop': 'NONE', 'impact_method': 'M_ESTIMATOR', 'impact_m': 10, 'impact_kfold': True, 'impact_kfold_k': 5, 'impact_kfold_seed': 1337, 'ordinal_order': 'COUNT', 'ordinal_ascending': False, 'ordinal_default_mode': 'HIGHEST', 'ordinal_default_value': 0, 'frequency_default_mode': 'EXPLICIT', 'frequency_default_value': 0.0, 'frequency_normalized': True, 'role': 'TARGET', 'type': 'CATEGORY', 'state': {'userModified': False, 'autoModifiedByDSS': False, 'recordedMeaning': 'Text'}, 'customHandlingCode': '', 'customProcessorWantsMatrix': False, 'sendToInput': 'main'}, 'product': {'category_handling': 'DUMMIFY', 'missing_handling': 'NONE', 'missing_impute_with': 'MODE', 'dummy_clip': 'MAX_NB_CATEGORIES', 'cumulative_proportion': 0.95, 'min_samples': 10, 'max_nb_categories': 100, 'max_cat_safety': 200, 'nb_bins_hashing': 1048576, 'hash_whole_categories': True, 'dummy_drop': 'NONE', 'impact_method': 'M_ESTIMATOR', 'impact_m': 10, 'impact_kfold': True, 'impact_kfold_k': 5, 'impact_kfold_seed': 1337, 'ordinal_order': 'COUNT', 'ordinal_ascending': False, 'ordinal_default_mode': 'HIGHEST', 'ordinal_default_value': 0, 'frequency_default_mode': 'EXPLICIT', 'frequency_default_value': 0.0, 'frequency_normalized': True, 'role': 'INPUT', 'type': 'CATEGORY', 'state': {'userModified': False, 'autoModifiedByDSS': False, 'recordedMeaning': 'Text'}, 'customHandlingCode': '', 'customProcessorWantsMatrix': False, 'sendToInput': 'main'}, 'count': {'generate_derivative': False, 'numerical_handling': 'REGULAR', 'missing_handling': 'IMPUTE', 'missing_impute_with': 'MEAN', 'impute_constant_value': 0.0, 'keep_regular': False, 'rescaling': 'AVGSTD', 'monotonic': 'NONE', 'quantile_bin_nb_bins': 4, 'binarize_threshold_mode': 'MEDIAN', 'binarize_constant_threshold': 0.0, 'datetime_cyclical_periods': [], 'role': 'INPUT', 'type': 'NUMERIC', 'state': {'userModified': False, 'autoModifiedByDSS': False, 'recordedMeaning': 'LongMeaning'}, 'customHandlingCode': '', 'customProcessorWantsMatrix': False, 'sendToInput': 'main'}, 'last_name': {'category_handling': 'DUMMIFY', 'missing_handling': 'NONE', 'missing_impute_with': 'MODE', 'dummy_clip': 'MAX_NB_CATEGORIES', 'cumulative_proportion': 0.95, 'min_samples': 10, 'max_nb_categories': 100, 'max_cat_safety': 200, 'nb_bins_hashing': 1048576, 'hash_whole_categories': True, 'dummy_drop': 'NONE', 'impact_method': 'M_ESTIMATOR', 'impact_m': 10, 'impact_kfold': True, 'impact_kfold_k': 5, 'impact_kfold_seed': 1337, 'ordinal_order': 'COUNT', 'ordinal_ascending': False, 'ordinal_default_mode': 'HIGHEST', 'ordinal_default_value': 0, 'frequency_default_mode': 'EXPLICIT', 'frequency_default_value': 0.0, 'frequency_normalized': True, 'role': 'INPUT', 'type': 'CATEGORY', 'state': {'userModified': False, 'autoModifiedByDSS': False, 'recordedMeaning': 'Text'}, 'customHandlingCode': '', 'customProcessorWantsMatrix': False, 'sendToInput': 'main'}, 'balance_max': {'generate_derivative': False, 'numerical_handling': 'REGULAR', 'missing_handling': 'IMPUTE', 'missing_impute_with': 'MEAN', 'impute_constant_value': 0.0, 'keep_regular': False, 'rescaling': 'AVGSTD', 'monotonic': 'NONE', 'quantile_bin_nb_bins': 4, 'binarize_threshold_mode': 'MEDIAN', 'binarize_constant_threshold': 0.0, 'datetime_cyclical_periods': [], 'role': 'INPUT', 'type': 'NUMERIC', 'state': {'userModified': False, 'autoModifiedByDSS': False, 'recordedMeaning': 'DoubleMeaning'}, 'customHandlingCode': '', 'customProcessorWantsMatrix': False, 'sendToInput': 'main'}, 'revenue_sum': {'generate_derivative': False, 'numerical_handling': 'REGULAR', 'missing_handling': 'IMPUTE', 'missing_impute_with': 'MEAN', 'impute_constant_value': 0.0, 'keep_regular': False, 'rescaling': 'AVGSTD', 'monotonic': 'NONE', 'quantile_bin_nb_bins': 4, 'binarize_threshold_mode': 'MEDIAN', 'binarize_constant_threshold': 0.0, 'datetime_cyclical_periods': [], 'role': 'INPUT', 'type': 'NUMERIC', 'state': {'userModified': False, 'autoModifiedByDSS': False, 'recordedMeaning': 'DoubleMeaning'}, 'customHandlingCode': '', 'customProcessorWantsMatrix': False, 'sendToInput': 'main'}, 'atm_withdrawals_sum_sum': {'generate_derivative': False, 'numerical_handling': 'REGULAR', 'missing_handling': 'IMPUTE', 'missing_impute_with': 'MEAN', 'impute_constant_value': 0.0, 'keep_regular': False, 'rescaling': 'AVGSTD', 'monotonic': 'NONE', 'quantile_bin_nb_bins': 4, 'binarize_threshold_mode': 'MEDIAN', 'binarize_constant_threshold': 0.0, 'datetime_cyclical_periods': [], 'role': 'INPUT', 'type': 'NUMERIC', 'state': {'userModified': False, 'autoModifiedByDSS': False, 'recordedMeaning': 'DoubleMeaning'}, 'customHandlingCode': '', 'customProcessorWantsMatrix': False, 'sendToInput': 'main'}, 'creation_date': {'generate_derivative': False, 'numerical_handling': 'DATETIME_CYCLICAL', 'missing_handling': 'DROP_ROW', 'impute_constant_value': 0.0, 'keep_regular': False, 'rescaling': 'AVGSTD', 'monotonic': 'NONE', 'quantile_bin_nb_bins': 4, 'binarize_threshold_mode': 'MEDIAN', 'binarize_constant_threshold': 0.0, 'datetime_cyclical_periods': ['YEAR', 'WEEK', 'QUARTER', 'MONTH'], 'role': 'INPUT', 'type': 'NUMERIC', 'state': {'userModified': False, 'autoModifiedByDSS': False, 'recordedMeaning': 'Date'}, 'customHandlingCode': '', 'customProcessorWantsMatrix': False, 'sendToInput': 'main'}, 'revenue_avg': {'generate_derivative': False, 'numerical_handling': 'REGULAR', 'missing_handling': 'IMPUTE', 'missing_impute_with': 'MEAN', 'impute_constant_value': 0.0, 'keep_regular': False, 'rescaling': 'AVGSTD', 'monotonic': 'NONE', 'quantile_bin_nb_bins': 4, 'binarize_threshold_mode': 'MEDIAN', 'binarize_constant_threshold': 0.0, 'datetime_cyclical_periods': [], 'role': 'INPUT', 'type': 'NUMERIC', 'state': {'userModified': False, 'autoModifiedByDSS': False, 'recordedMeaning': 'DoubleMeaning'}, 'customHandlingCode': '', 'customProcessorWantsMatrix': False, 'sendToInput': 'main'}, 'product_type': {'category_handling': 'DUMMIFY', 'missing_handling': 'NONE', 'missing_impute_with': 'MODE', 'dummy_clip': 'MAX_NB_CATEGORIES', 'cumulative_proportion': 0.95, 'min_samples': 10, 'max_nb_categories': 100, 'max_cat_safety': 200, 'nb_bins_hashing': 1048576, 'hash_whole_categories': True, 'dummy_drop': 'NONE', 'impact_method': 'M_ESTIMATOR', 'impact_m': 10, 'impact_kfold': True, 'impact_kfold_k': 5, 'impact_kfold_seed': 1337, 'ordinal_order': 'COUNT', 'ordinal_ascending': False, 'ordinal_default_mode': 'HIGHEST', 'ordinal_default_value': 0, 'frequency_default_mode': 'EXPLICIT', 'frequency_default_value': 0.0, 'frequency_normalized': True, 'role': 'INPUT', 'type': 'CATEGORY', 'state': {'userModified': False, 'autoModifiedByDSS': False, 'recordedMeaning': 'Text'}, 'customHandlingCode': '', 'customProcessorWantsMatrix': False, 'sendToInput': 'main'}, 'balance_distinct': {'generate_derivative': False, 'numerical_handling': 'REGULAR', 'missing_handling': 'IMPUTE', 'missing_impute_with': 'MEAN', 'impute_constant_value': 0.0, 'keep_regular': False, 'rescaling': 'AVGSTD', 'monotonic': 'NONE', 'quantile_bin_nb_bins': 4, 'binarize_threshold_mode': 'MEDIAN', 'binarize_constant_threshold': 0.0, 'datetime_cyclical_periods': [], 'role': 'INPUT', 'type': 'NUMERIC', 'state': {'userModified': False, 'autoModifiedByDSS': False, 'recordedMeaning': 'LongMeaning'}, 'customHandlingCode': '', 'customProcessorWantsMatrix': False, 'sendToInput': 'main'}, 'in_person_interaction_sum': {'generate_derivative': False, 'numerical_handling': 'REGULAR', 'missing_handling': 'IMPUTE', 'missing_impute_with': 'MEAN', 'impute_constant_value': 0.0, 'keep_regular': False, 'rescaling': 'AVGSTD', 'monotonic': 'NONE', 'quantile_bin_nb_bins': 4, 'binarize_threshold_mode': 'MEDIAN', 'binarize_constant_threshold': 0.0, 'datetime_cyclical_periods': [], 'role': 'INPUT', 'type': 'NUMERIC', 'state': {'userModified': False, 'autoModifiedByDSS': False, 'recordedMeaning': 'DoubleMeaning'}, 'customHandlingCode': '', 'customProcessorWantsMatrix': False, 'sendToInput': 'main'}, 'physical_services_sum': {'generate_derivative': False, 'numerical_handling': 'REGULAR', 'missing_handling': 'IMPUTE', 'missing_impute_with': 'MEAN', 'impute_constant_value': 0.0, 'keep_regular': False, 'rescaling': 'AVGSTD', 'monotonic': 'NONE', 'quantile_bin_nb_bins': 4, 'binarize_threshold_mode': 'MEDIAN', 'binarize_constant_threshold': 0.0, 'datetime_cyclical_periods': [], 'role': 'INPUT', 'type': 'NUMERIC', 'state': {'userModified': False, 'autoModifiedByDSS': False, 'recordedMeaning': 'DoubleMeaning'}, 'customHandlingCode': '', 'customProcessorWantsMatrix': False, 'sendToInput': 'main'}, 'customer_id': {'generate_derivative': False, 'numerical_handling': 'REGULAR', 'missing_handling': 'IMPUTE', 'missing_impute_with': 'MEAN', 'impute_constant_value': 0.0, 'keep_regular': False, 'rescaling': 'AVGSTD', 'monotonic': 'NONE', 'quantile_bin_nb_bins': 4, 'binarize_threshold_mode': 'MEDIAN', 'binarize_constant_threshold': 0.0, 'datetime_cyclical_periods': [], 'role': 'INPUT', 'type': 'NUMERIC', 'state': {'userModified': False, 'autoModifiedByDSS': False, 'recordedMeaning': 'LongMeaning'}, 'customHandlingCode': '', 'customProcessorWantsMatrix': False, 'sendToInput': 'main'}, 'region': {'generate_derivative': False, 'numerical_handling': 'REGULAR', 'missing_handling': 'IMPUTE', 'missing_impute_with': 'MEAN', 'impute_constant_value': 0.0, 'keep_regular': False, 'rescaling': 'AVGSTD', 'monotonic': 'NONE', 'quantile_bin_nb_bins': 4, 'binarize_threshold_mode': 'MEDIAN', 'binarize_constant_threshold': 0.0, 'datetime_cyclical_periods': [], 'role': 'INPUT', 'type': 'NUMERIC', 'state': {'userModified': False, 'autoModifiedByDSS': False, 'recordedMeaning': 'LongMeaning'}, 'customHandlingCode': '', 'customProcessorWantsMatrix': False, 'sendToInput': 'main'}, 'fx_services_sum': {'generate_derivative': False, 'numerical_handling': 'REGULAR', 'missing_handling': 'IMPUTE', 'missing_impute_with': 'MEAN', 'impute_constant_value': 0.0, 'keep_regular': False, 'rescaling': 'AVGSTD', 'monotonic': 'NONE', 'quantile_bin_nb_bins': 4, 'binarize_threshold_mode': 'MEDIAN', 'binarize_constant_threshold': 0.0, 'datetime_cyclical_periods': [], 'role': 'INPUT', 'type': 'NUMERIC', 'state': {'userModified': False, 'autoModifiedByDSS': False, 'recordedMeaning': 'DoubleMeaning'}, 'customHandlingCode': '', 'customProcessorWantsMatrix': False, 'sendToInput': 'main'}}, 'reduce': {'enabled': False, 'kept_variance': 0.0}, 'feature_generation': {'pairwise_linear': {'behavior': 'DISABLED'}, 'polynomial_combinations': {'behavior': 'DISABLED'}, 'manual_interactions': {'interactions': []}, 'numericals_clustering': {'k': 0, 'all_features': False, 'input_features': [], 'behavior': 'DISABLED'}, 'categoricals_count_transformer': {'all_features': False, 'input_features': [], 'behavior': 'DISABLED'}, 'shifts': {}, 'windows': [], 'windows_rescale_numericals': False, 'windows_max_categories': 10}}
[2026-04-21 19:06:16,914] [23/MainThread] [INFO] [dataiku.doctor.preprocessing_handler] No feature selection to perform
[2026-04-21 19:06:16,914] [23/MainThread] [INFO] [dataiku.base.folder_context] Fetching file from backend: source='/data/dataiku/datadir/analysis-data/PROJET_CHURN_BANQUE/FJvilP7A/Nq4dYPRo/sessions/s2/pp1/drop_rows.json' target='/home/dataiku/cache/analysis-data/PROJET_CHURN_BANQUE/FJvilP7A/Nq4dYPRo/sessions/s2/pp1/drop_rows.json'
[2026-04-21 19:06:16,915] [23/MainThread] [INFO] [dataiku.container.file_exchange] Fetching file /data/dataiku/datadir/analysis-data/PROJET_CHURN_BANQUE/FJvilP7A/Nq4dYPRo/sessions/s2/pp1/drop_rows.json into /home/dataiku/cache/analysis-data/PROJET_CHURN_BANQUE/FJvilP7A/Nq4dYPRo/sessions/s2/pp1/drop_rows.json
[2026-04-21 19:06:16,918] [23/MainThread] [DEBUG] [urllib3.connectionpool] https://dss-headless-node-56800c84.space-1e09aade-dku.svc.cluster.local:10005 "POST /dip/api/tintercom/containers/get-file HTTP/1.1" 404 816
[2026-04-21 19:06:16,919] [23/MainThread] [WARNING] [dataiku.container.file_exchange] Could not fetch file /data/dataiku/datadir/analysis-data/PROJET_CHURN_BANQUE/FJvilP7A/Nq4dYPRo/sessions/s2/pp1/drop_rows.json, not found
[2026-04-21 19:06:16,919] [23/MainThread] [INFO] [dataiku.base.folder_context] Fetching file from backend: source='/data/dataiku/datadir/analysis-data/PROJET_CHURN_BANQUE/FJvilP7A/Nq4dYPRo/sessions/s2/pp1/datetime_cyclical.json' target='/home/dataiku/cache/analysis-data/PROJET_CHURN_BANQUE/FJvilP7A/Nq4dYPRo/sessions/s2/pp1/datetime_cyclical.json'
[2026-04-21 19:06:16,919] [23/MainThread] [INFO] [dataiku.container.file_exchange] Fetching file /data/dataiku/datadir/analysis-data/PROJET_CHURN_BANQUE/FJvilP7A/Nq4dYPRo/sessions/s2/pp1/datetime_cyclical.json into /home/dataiku/cache/analysis-data/PROJET_CHURN_BANQUE/FJvilP7A/Nq4dYPRo/sessions/s2/pp1/datetime_cyclical.json
[2026-04-21 19:06:16,920] [23/MainThread] [DEBUG] [urllib3.connectionpool] Starting new HTTPS connection (2): dss-headless-node-56800c84.space-1e09aade-dku.svc.cluster.local:10005
[2026-04-21 19:06:16,946] [23/MainThread] [DEBUG] [urllib3.connectionpool] https://dss-headless-node-56800c84.space-1e09aade-dku.svc.cluster.local:10005 "POST /dip/api/tintercom/containers/get-file HTTP/1.1" 404 840
[2026-04-21 19:06:16,946] [23/MainThread] [WARNING] [dataiku.container.file_exchange] Could not fetch file /data/dataiku/datadir/analysis-data/PROJET_CHURN_BANQUE/FJvilP7A/Nq4dYPRo/sessions/s2/pp1/datetime_cyclical.json, not found
[2026-04-21 19:06:16,946] [23/MainThread] [INFO] [dataiku.base.folder_context] Fetching file from backend: source='/data/dataiku/datadir/analysis-data/PROJET_CHURN_BANQUE/FJvilP7A/Nq4dYPRo/sessions/s2/pp1/imputed.json' target='/home/dataiku/cache/analysis-data/PROJET_CHURN_BANQUE/FJvilP7A/Nq4dYPRo/sessions/s2/pp1/imputed.json'
[2026-04-21 19:06:16,946] [23/MainThread] [INFO] [dataiku.container.file_exchange] Fetching file /data/dataiku/datadir/analysis-data/PROJET_CHURN_BANQUE/FJvilP7A/Nq4dYPRo/sessions/s2/pp1/imputed.json into /home/dataiku/cache/analysis-data/PROJET_CHURN_BANQUE/FJvilP7A/Nq4dYPRo/sessions/s2/pp1/imputed.json
[2026-04-21 19:06:16,948] [23/MainThread] [DEBUG] [urllib3.connectionpool] Starting new HTTPS connection (3): dss-headless-node-56800c84.space-1e09aade-dku.svc.cluster.local:10005
[2026-04-21 19:06:16,971] [23/MainThread] [DEBUG] [urllib3.connectionpool] https://dss-headless-node-56800c84.space-1e09aade-dku.svc.cluster.local:10005 "POST /dip/api/tintercom/containers/get-file HTTP/1.1" 404 810
[2026-04-21 19:06:16,971] [23/MainThread] [WARNING] [dataiku.container.file_exchange] Could not fetch file /data/dataiku/datadir/analysis-data/PROJET_CHURN_BANQUE/FJvilP7A/Nq4dYPRo/sessions/s2/pp1/imputed.json, not found
[2026-04-21 19:06:16,971] [23/MainThread] [INFO] [dataiku.base.folder_context] Fetching file from backend: source='/data/dataiku/datadir/analysis-data/PROJET_CHURN_BANQUE/FJvilP7A/Nq4dYPRo/sessions/s2/pp1/rescalers.json' target='/home/dataiku/cache/analysis-data/PROJET_CHURN_BANQUE/FJvilP7A/Nq4dYPRo/sessions/s2/pp1/rescalers.json'
[2026-04-21 19:06:16,971] [23/MainThread] [INFO] [dataiku.container.file_exchange] Fetching file /data/dataiku/datadir/analysis-data/PROJET_CHURN_BANQUE/FJvilP7A/Nq4dYPRo/sessions/s2/pp1/rescalers.json into /home/dataiku/cache/analysis-data/PROJET_CHURN_BANQUE/FJvilP7A/Nq4dYPRo/sessions/s2/pp1/rescalers.json
[2026-04-21 19:06:16,972] [23/MainThread] [DEBUG] [urllib3.connectionpool] Starting new HTTPS connection (4): dss-headless-node-56800c84.space-1e09aade-dku.svc.cluster.local:10005
[2026-04-21 19:06:16,995] [23/MainThread] [DEBUG] [urllib3.connectionpool] https://dss-headless-node-56800c84.space-1e09aade-dku.svc.cluster.local:10005 "POST /dip/api/tintercom/containers/get-file HTTP/1.1" 404 816
[2026-04-21 19:06:16,996] [23/MainThread] [WARNING] [dataiku.container.file_exchange] Could not fetch file /data/dataiku/datadir/analysis-data/PROJET_CHURN_BANQUE/FJvilP7A/Nq4dYPRo/sessions/s2/pp1/rescalers.json, not found
[2026-04-21 19:06:16,996] [23/MainThread] [INFO] [dataiku.base.folder_context] Fetching file from backend: source='/data/dataiku/datadir/analysis-data/PROJET_CHURN_BANQUE/FJvilP7A/Nq4dYPRo/sessions/s2/pp1/dummies.json' target='/home/dataiku/cache/analysis-data/PROJET_CHURN_BANQUE/FJvilP7A/Nq4dYPRo/sessions/s2/pp1/dummies.json'
[2026-04-21 19:06:16,996] [23/MainThread] [INFO] [dataiku.container.file_exchange] Fetching file /data/dataiku/datadir/analysis-data/PROJET_CHURN_BANQUE/FJvilP7A/Nq4dYPRo/sessions/s2/pp1/dummies.json into /home/dataiku/cache/analysis-data/PROJET_CHURN_BANQUE/FJvilP7A/Nq4dYPRo/sessions/s2/pp1/dummies.json
[2026-04-21 19:06:16,997] [23/MainThread] [DEBUG] [urllib3.connectionpool] Starting new HTTPS connection (5): dss-headless-node-56800c84.space-1e09aade-dku.svc.cluster.local:10005
[2026-04-21 19:06:17,021] [23/MainThread] [DEBUG] [urllib3.connectionpool] https://dss-headless-node-56800c84.space-1e09aade-dku.svc.cluster.local:10005 "POST /dip/api/tintercom/containers/get-file HTTP/1.1" 404 810
[2026-04-21 19:06:17,021] [23/MainThread] [WARNING] [dataiku.container.file_exchange] Could not fetch file /data/dataiku/datadir/analysis-data/PROJET_CHURN_BANQUE/FJvilP7A/Nq4dYPRo/sessions/s2/pp1/dummies.json, not found
[2026-04-21 19:06:17,021] [23/MainThread] [INFO] [dataiku.doctor.utils.listener] END -  Collecting statistics
[2026-04-21 19:06:17,021] [23/MainThread] [INFO] [dataiku.doctor.utils.listener] START -  Preprocessing train set
[2026-04-21 19:06:17,022] [23/MainThread] [INFO] [root] Sending /home/dataiku/cache/analysis-data/PROJET_CHURN_BANQUE/FJvilP7A/Nq4dYPRo/sessions/s2/pp1/m1/train_info.json to /data/dataiku/datadir/analysis-data/PROJET_CHURN_BANQUE/FJvilP7A/Nq4dYPRo/sessions/s2/pp1/m1/train_info.json
[2026-04-21 19:06:17,024] [23/MainThread] [DEBUG] [urllib3.connectionpool] Starting new HTTPS connection (6): dss-headless-node-56800c84.space-1e09aade-dku.svc.cluster.local:10005
[2026-04-21 19:06:17,047] [23/MainThread] [DEBUG] [urllib3.connectionpool] https://dss-headless-node-56800c84.space-1e09aade-dku.svc.cluster.local:10005 "POST /dip/api/tintercom/containers/put-file?executionId=doctor-preprocessing-yzrcjnu&fileKind=FILTERED_PATHS&path=%2Fdata%2Fdataiku%2Fdatadir%2Fanalysis-data%2FPROJET_CHURN_BANQUE%2FFJvilP7A%2FNq4dYPRo%2Fsessions%2Fs2%2Fpp1%2Fm1%2Ftrain_info.json&expand=false HTTP/1.1" 200 None
[2026-04-21 19:06:17,048] [23/MainThread] [INFO] [dataiku.doctor.multiframe] Set MF index len 43697
[2026-04-21 19:06:17,048] [23/MainThread] [DEBUG] [dku.ml.preprocessing] FIT/PROCESS WITH Step:RemapValueToOutput
[2026-04-21 19:06:17,052] [23/MainThread] [DEBUG] [dku.ml.preprocessing] FIT/PROCESS WITH Step:SingleColumnDropNARows (end_date)
[2026-04-21 19:06:17,052] [23/MainThread] [DEBUG] [dku.ml.preprocessing] Deleting 35107 rows
[2026-04-21 19:06:17,053] [23/MainThread] [INFO] [dataiku.doctor.multiframe] MultiFrame, dropping rows: [    0     1     2 ... 43694 43695 43696]
[2026-04-21 19:06:17,059] [23/MainThread] [INFO] [dku.ml.preprocessing] After SCDNA input_df=(8590, 31)
[2026-04-21 19:06:17,059] [23/MainThread] [DEBUG] [dku.ml.preprocessing] FIT/PROCESS WITH Step:SingleColumnDropNARows (birth_date)
[2026-04-21 19:06:17,059] [23/MainThread] [DEBUG] [dku.ml.preprocessing] Deleting 0 rows
[2026-04-21 19:06:17,059] [23/MainThread] [INFO] [dataiku.doctor.multiframe] MultiFrame, dropping rows: []
[2026-04-21 19:06:17,062] [23/MainThread] [INFO] [dku.ml.preprocessing] After SCDNA input_df=(8590, 31)
[2026-04-21 19:06:17,062] [23/MainThread] [DEBUG] [dku.ml.preprocessing] FIT/PROCESS WITH Step:SingleColumnDropNARows (start_date)
[2026-04-21 19:06:17,062] [23/MainThread] [DEBUG] [dku.ml.preprocessing] Deleting 0 rows
[2026-04-21 19:06:17,062] [23/MainThread] [INFO] [dataiku.doctor.multiframe] MultiFrame, dropping rows: []
[2026-04-21 19:06:17,064] [23/MainThread] [INFO] [dku.ml.preprocessing] After SCDNA input_df=(8590, 31)
[2026-04-21 19:06:17,064] [23/MainThread] [DEBUG] [dku.ml.preprocessing] FIT/PROCESS WITH Step:SingleColumnDropNARows (creation_date)
[2026-04-21 19:06:17,065] [23/MainThread] [DEBUG] [dku.ml.preprocessing] Deleting 0 rows
[2026-04-21 19:06:17,065] [23/MainThread] [INFO] [dataiku.doctor.multiframe] MultiFrame, dropping rows: []
[2026-04-21 19:06:17,067] [23/MainThread] [INFO] [dku.ml.preprocessing] After SCDNA input_df=(8590, 31)
[2026-04-21 19:06:17,067] [23/MainThread] [DEBUG] [dku.ml.preprocessing] FIT/PROCESS WITH Step:DatetimeCyclicalEncodingStep
/opt/dataiku/python/dataiku/doctor/preprocessing/dataframe_preprocessing.py:949: FutureWarning: 'w' is deprecated and will be removed in a future version, please use 'W' instead.
  truncated_datetime_series = datetime_series.dt.to_period(period.period_str).dt.start_time
/opt/dataiku/python/dataiku/doctor/preprocessing/dataframe_preprocessing.py:949: FutureWarning: 'q' is deprecated and will be removed in a future version, please use 'Q' instead.
  truncated_datetime_series = datetime_series.dt.to_period(period.period_str).dt.start_time
/opt/dataiku/python/dataiku/doctor/preprocessing/dataframe_preprocessing.py:949: FutureWarning: 'y' is deprecated and will be removed in a future version, please use 'Y' instead.
  truncated_datetime_series = datetime_series.dt.to_period(period.period_str).dt.start_time
[2026-04-21 19:06:17,080] [23/MainThread] [DEBUG] [dku.ml.preprocessing] FIT/PROCESS WITH Step:DatetimeCyclicalEncodingStep
/opt/dataiku/python/dataiku/doctor/preprocessing/dataframe_preprocessing.py:949: FutureWarning: 'w' is deprecated and will be removed in a future version, please use 'W' instead.
  truncated_datetime_series = datetime_series.dt.to_period(period.period_str).dt.start_time
/opt/dataiku/python/dataiku/doctor/preprocessing/dataframe_preprocessing.py:949: FutureWarning: 'm' is deprecated and will be removed in a future version, please use 'M' instead.
  truncated_datetime_series = datetime_series.dt.to_period(period.period_str).dt.start_time
/opt/dataiku/python/dataiku/doctor/preprocessing/dataframe_preprocessing.py:949: FutureWarning: 'q' is deprecated and will be removed in a future version, please use 'Q' instead.
  truncated_datetime_series = datetime_series.dt.to_period(period.period_str).dt.start_time
/opt/dataiku/python/dataiku/doctor/preprocessing/dataframe_preprocessing.py:949: FutureWarning: 'y' is deprecated and will be removed in a future version, please use 'Y' instead.
  truncated_datetime_series = datetime_series.dt.to_period(period.period_str).dt.start_time
[2026-04-21 19:06:17,096] [23/MainThread] [DEBUG] [dku.ml.preprocessing] FIT/PROCESS WITH Step:DatetimeCyclicalEncodingStep
/opt/dataiku/python/dataiku/doctor/preprocessing/dataframe_preprocessing.py:949: FutureWarning: 'w' is deprecated and will be removed in a future version, please use 'W' instead.
  truncated_datetime_series = datetime_series.dt.to_period(period.period_str).dt.start_time
/opt/dataiku/python/dataiku/doctor/preprocessing/dataframe_preprocessing.py:949: FutureWarning: 'q' is deprecated and will be removed in a future version, please use 'Q' instead.
  truncated_datetime_series = datetime_series.dt.to_period(period.period_str).dt.start_time
/opt/dataiku/python/dataiku/doctor/preprocessing/dataframe_preprocessing.py:949: FutureWarning: 'y' is deprecated and will be removed in a future version, please use 'Y' instead.
  truncated_datetime_series = datetime_series.dt.to_period(period.period_str).dt.start_time
[2026-04-21 19:06:17,108] [23/MainThread] [DEBUG] [dku.ml.preprocessing] FIT/PROCESS WITH Step:DatetimeCyclicalEncodingStep
/opt/dataiku/python/dataiku/doctor/preprocessing/dataframe_preprocessing.py:949: FutureWarning: 'w' is deprecated and will be removed in a future version, please use 'W' instead.
  truncated_datetime_series = datetime_series.dt.to_period(period.period_str).dt.start_time
/opt/dataiku/python/dataiku/doctor/preprocessing/dataframe_preprocessing.py:949: FutureWarning: 'm' is deprecated and will be removed in a future version, please use 'M' instead.
  truncated_datetime_series = datetime_series.dt.to_period(period.period_str).dt.start_time
/opt/dataiku/python/dataiku/doctor/preprocessing/dataframe_preprocessing.py:949: FutureWarning: 'q' is deprecated and will be removed in a future version, please use 'Q' instead.
  truncated_datetime_series = datetime_series.dt.to_period(period.period_str).dt.start_time
/opt/dataiku/python/dataiku/doctor/preprocessing/dataframe_preprocessing.py:949: FutureWarning: 'y' is deprecated and will be removed in a future version, please use 'Y' instead.
  truncated_datetime_series = datetime_series.dt.to_period(period.period_str).dt.start_time
[2026-04-21 19:06:17,127] [23/MainThread] [DEBUG] [dku.ml.preprocessing] FIT/PROCESS WITH Step:MultipleImputeMissingFromInput
[2026-04-21 19:06:17,127] [23/MainThread] [DEBUG] [dku.ml.preprocessing] MIMIFI: Imputing with map {'income': 36565.08501727808, 'balance_min': 14225.57630062047, 'balance_avg': 17279.78864696406, 'atm_withdrawals_sum': 192.15282201700313, 'physical_services_sum_sum': 61.92390705561539, 'balance_stddev': 1879.0475803888019, 'digital_services_sum': 40.82057334036069, 'count': 13.590820821294937, 'balance_max': 20464.958692748543, 'revenue_sum': 120.39882514509294, 'atm_withdrawals_sum_sum': 9671.9723183391, 'revenue_avg': 8.981457495033679, 'balance_distinct': 13.590299815279685, 'in_person_interaction_sum': 2.2347212355920165, 'physical_services_sum': 1.0245651825202227, 'customer_id': 607429.0255166258, 'region': 27.170194750211685, 'fx_services_sum': 6.461009647333807}
[2026-04-21 19:06:17,131] [23/MainThread] [DEBUG] [dku.ml.preprocessing] FIT/PROCESS WITH Step:MultipleImputeMissingFromInput
[2026-04-21 19:06:17,131] [23/MainThread] [DEBUG] [dku.ml.preprocessing] MIMIFI: Imputing with map {}
[2026-04-21 19:06:17,132] [23/MainThread] [DEBUG] [dku.ml.preprocessing] FIT/PROCESS WITH Step:RescalingProcessor2 (income)
[2026-04-21 19:06:17,132] [23/MainThread] [DEBUG] [dku.ml.preprocessing]   Rescale income (avg=34648.57275902212 std=27881.44017807864 shift=36565.08501727808 inv_scale=1.748899937088322e-05 nulls=0)
[2026-04-21 19:06:17,133] [23/MainThread] [DEBUG] [dku.ml.preprocessing] FIT/PROCESS WITH Step:RescalingProcessor2 (balance_min)
[2026-04-21 19:06:17,133] [23/MainThread] [DEBUG] [dku.ml.preprocessing]   Rescale balance_min (avg=19781.533405094666 std=71051.27309150067 shift=14225.57630062047 inv_scale=1.467590915360885e-05 nulls=0)
[2026-04-21 19:06:17,134] [23/MainThread] [DEBUG] [dku.ml.preprocessing] FIT/PROCESS WITH Step:RescalingProcessor2 (balance_avg)
[2026-04-21 19:06:17,134] [23/MainThread] [DEBUG] [dku.ml.preprocessing]   Rescale balance_avg (avg=21853.567997684353 std=71327.54934877626 shift=17279.78864696406 inv_scale=1.4539042407604246e-05 nulls=0)
[2026-04-21 19:06:17,135] [23/MainThread] [DEBUG] [dku.ml.preprocessing] FIT/PROCESS WITH Step:RescalingProcessor2 (atm_withdrawals_sum)
[2026-04-21 19:06:17,135] [23/MainThread] [DEBUG] [dku.ml.preprocessing]   Rescale atm_withdrawals_sum (avg=180.78680338775902 std=41.38606481346636 shift=192.15282201700313 inv_scale=0.03339985715702013 nulls=0)
[2026-04-21 19:06:17,135] [23/MainThread] [DEBUG] [dku.ml.preprocessing] FIT/PROCESS WITH Step:RescalingProcessor2 (physical_services_sum_sum)
[2026-04-21 19:06:17,136] [23/MainThread] [DEBUG] [dku.ml.preprocessing]   Rescale physical_services_sum_sum (avg=46.31227885364154 std=111.2813097839832 shift=61.92390705561539 inv_scale=0.007086825776142464 nulls=0)
[2026-04-21 19:06:17,136] [23/MainThread] [DEBUG] [dku.ml.preprocessing] FIT/PROCESS WITH Step:RescalingProcessor2 (balance_stddev)
[2026-04-21 19:06:17,137] [23/MainThread] [DEBUG] [dku.ml.preprocessing]   Rescale balance_stddev (avg=1562.6407815221112 std=1565.6736701646846 shift=1879.0475803888019 inv_scale=0.0005008808448636754 nulls=0)
[2026-04-21 19:06:17,137] [23/MainThread] [DEBUG] [dku.ml.preprocessing] FIT/PROCESS WITH Step:RescalingProcessor2 (digital_services_sum)
[2026-04-21 19:06:17,138] [23/MainThread] [DEBUG] [dku.ml.preprocessing]   Rescale digital_services_sum (avg=39.034811253436324 std=9.811764964919506 shift=40.82057334036069 inv_scale=0.13100298082648992 nulls=0)
[2026-04-21 19:06:17,138] [23/MainThread] [DEBUG] [dku.ml.preprocessing] FIT/PROCESS WITH Step:RescalingProcessor2 (count)
[2026-04-21 19:06:17,139] [23/MainThread] [DEBUG] [dku.ml.preprocessing]   Rescale count (avg=8.459570385354223 std=4.559731524011264 shift=13.590820821294937 inv_scale=0.23172474315175745 nulls=0)
[2026-04-21 19:06:17,139] [23/MainThread] [DEBUG] [dku.ml.preprocessing] FIT/PROCESS WITH Step:RescalingProcessor2 (balance_max)
[2026-04-21 19:06:17,140] [23/MainThread] [DEBUG] [dku.ml.preprocessing]   Rescale balance_max (avg=23980.717393723015 std=71682.31644161411 shift=20464.958692748543 inv_scale=1.4371823866566235e-05 nulls=0)
[2026-04-21 19:06:17,140] [23/MainThread] [DEBUG] [dku.ml.preprocessing] FIT/PROCESS WITH Step:RescalingProcessor2 (revenue_sum)
[2026-04-21 19:06:17,141] [23/MainThread] [DEBUG] [dku.ml.preprocessing]   Rescale revenue_sum (avg=83.98039319393126 std=118.66122310506672 shift=120.39882514509294 inv_scale=0.0041188681985658395 nulls=0)
[2026-04-21 19:06:17,141] [23/MainThread] [DEBUG] [dku.ml.preprocessing] FIT/PROCESS WITH Step:RescalingProcessor2 (atm_withdrawals_sum_sum)
[2026-04-21 19:06:17,142] [23/MainThread] [DEBUG] [dku.ml.preprocessing]   Rescale atm_withdrawals_sum_sum (avg=8921.085985554942 std=6201.467058408088 shift=9671.9723183391 inv_scale=0.00015889902611564458 nulls=0)
[2026-04-21 19:06:17,142] [23/MainThread] [DEBUG] [dku.ml.preprocessing] FIT/PROCESS WITH Step:RescalingProcessor2 (revenue_avg)
[2026-04-21 19:06:17,143] [23/MainThread] [DEBUG] [dku.ml.preprocessing]   Rescale revenue_avg (avg=9.168553296378926 std=11.861549288521662 shift=8.981457495033679 inv_scale=0.06092197023832201 nulls=0)
[2026-04-21 19:06:17,143] [23/MainThread] [DEBUG] [dku.ml.preprocessing] FIT/PROCESS WITH Step:RescalingProcessor2 (balance_distinct)
[2026-04-21 19:06:17,144] [23/MainThread] [DEBUG] [dku.ml.preprocessing]   Rescale balance_distinct (avg=8.459495782630269 std=4.559647563651105 shift=13.590299815279685 inv_scale=0.2317344703960162 nulls=0)
[2026-04-21 19:06:17,144] [23/MainThread] [DEBUG] [dku.ml.preprocessing] FIT/PROCESS WITH Step:RescalingProcessor2 (in_person_interaction_sum)
[2026-04-21 19:06:17,145] [23/MainThread] [DEBUG] [dku.ml.preprocessing]   Rescale in_person_interaction_sum (avg=1.8567795182514086 std=1.769278841815751 shift=2.2347212355920165 inv_scale=0.5147673584449718 nulls=0)
[2026-04-21 19:06:17,145] [23/MainThread] [DEBUG] [dku.ml.preprocessing] FIT/PROCESS WITH Step:RescalingProcessor2 (physical_services_sum)
[2026-04-21 19:06:17,146] [23/MainThread] [DEBUG] [dku.ml.preprocessing]   Rescale physical_services_sum (avg=0.781051019688709 std=1.0794623309406388 shift=1.0245651825202227 inv_scale=0.7926333217565059 nulls=0)
[2026-04-21 19:06:17,146] [23/MainThread] [DEBUG] [dku.ml.preprocessing] FIT/PROCESS WITH Step:RescalingProcessor2 (customer_id)
[2026-04-21 19:06:17,146] [23/MainThread] [DEBUG] [dku.ml.preprocessing]   Rescale customer_id (avg=721740.6564610011 std=447382.9539487461 shift=607429.0255166258 inv_scale=2.359157617756241e-06 nulls=0)
[2026-04-21 19:06:17,147] [23/MainThread] [DEBUG] [dku.ml.preprocessing] FIT/PROCESS WITH Step:RescalingProcessor2 (region)
[2026-04-21 19:06:17,147] [23/MainThread] [DEBUG] [dku.ml.preprocessing]   Rescale region (avg=27.074388824214203 std=11.181321150205184 shift=27.170194750211685 inv_scale=0.0898019444610059 nulls=0)
[2026-04-21 19:06:17,148] [23/MainThread] [DEBUG] [dku.ml.preprocessing] FIT/PROCESS WITH Step:RescalingProcessor2 (fx_services_sum)
[2026-04-21 19:06:17,148] [23/MainThread] [DEBUG] [dku.ml.preprocessing]   Rescale fx_services_sum (avg=5.277537890845947 std=6.654646834988272 shift=6.461009647333807 inv_scale=0.16536860648777127 nulls=0)
[2026-04-21 19:06:17,149] [23/MainThread] [DEBUG] [dku.ml.preprocessing] FIT/PROCESS WITH Step:FlushDFBuilder(num_flagonly)
[2026-04-21 19:06:17,149] [23/MainThread] [DEBUG] [dku.ml.preprocessing] FIT/PROCESS WITH Step:FlushDFBuilder(datetime_cyclical)
[2026-04-21 19:06:17,150] [23/MainThread] [DEBUG] [dku.ml.preprocessing] FIT/PROCESS WITH Step:FastSparseDummifyProcessor (gender)
[2026-04-21 19:06:17,154] [23/MainThread] [DEBUG] [dku.ml.preprocessing] Dummifier: Append a sparse block shape=(8590, 4) nnz=8590
[2026-04-21 19:06:17,154] [23/MainThread] [DEBUG] [dku.ml.preprocessing] FIT/PROCESS WITH Step:FastSparseDummifyProcessor (tier)
[2026-04-21 19:06:17,159] [23/MainThread] [DEBUG] [dku.ml.preprocessing] Dummifier: Append a sparse block shape=(8590, 5) nnz=8590
[2026-04-21 19:06:17,159] [23/MainThread] [DEBUG] [dku.ml.preprocessing] FIT/PROCESS WITH Step:FastSparseDummifyProcessor (segment)
[2026-04-21 19:06:17,163] [23/MainThread] [DEBUG] [dku.ml.preprocessing] Dummifier: Append a sparse block shape=(8590, 6) nnz=8590
[2026-04-21 19:06:17,163] [23/MainThread] [DEBUG] [dku.ml.preprocessing] FIT/PROCESS WITH Step:FastSparseDummifyProcessor (first_name)
[2026-04-21 19:06:17,168] [23/MainThread] [DEBUG] [dku.ml.preprocessing] Dummifier: Append a sparse block shape=(8590, 103) nnz=8590
[2026-04-21 19:06:17,168] [23/MainThread] [DEBUG] [dku.ml.preprocessing] FIT/PROCESS WITH Step:FastSparseDummifyProcessor (product)
[2026-04-21 19:06:17,172] [23/MainThread] [DEBUG] [dku.ml.preprocessing] Dummifier: Append a sparse block shape=(8590, 12) nnz=8590
[2026-04-21 19:06:17,172] [23/MainThread] [DEBUG] [dku.ml.preprocessing] FIT/PROCESS WITH Step:FastSparseDummifyProcessor (last_name)
[2026-04-21 19:06:17,176] [23/MainThread] [DEBUG] [dku.ml.preprocessing] Dummifier: Append a sparse block shape=(8590, 103) nnz=8590
[2026-04-21 19:06:17,176] [23/MainThread] [DEBUG] [dku.ml.preprocessing] FIT/PROCESS WITH Step:FastSparseDummifyProcessor (product_type)
[2026-04-21 19:06:17,180] [23/MainThread] [DEBUG] [dku.ml.preprocessing] Dummifier: Append a sparse block shape=(8590, 6) nnz=8590
[2026-04-21 19:06:17,180] [23/MainThread] [DEBUG] [dku.ml.preprocessing] FIT/PROCESS WITH Step:MultipleImputeMissingFromInput
[2026-04-21 19:06:17,180] [23/MainThread] [DEBUG] [dku.ml.preprocessing] MIMIFI: Imputing with map {}
[2026-04-21 19:06:17,180] [23/MainThread] [DEBUG] [dku.ml.preprocessing] FIT/PROCESS WITH Step:FlushDFBuilder(cat_flagpresence)
[2026-04-21 19:06:17,180] [23/MainThread] [DEBUG] [dku.ml.preprocessing] FIT/PROCESS WITH Step:MultipleImputeMissingFromInput
[2026-04-21 19:06:17,180] [23/MainThread] [DEBUG] [dku.ml.preprocessing] MIMIFI: Imputing with map {}
[2026-04-21 19:06:17,181] [23/MainThread] [DEBUG] [dku.ml.preprocessing] FIT/PROCESS WITH Step:MultipleImputeMissingFromInput
[2026-04-21 19:06:17,181] [23/MainThread] [DEBUG] [dku.ml.preprocessing] MIMIFI: Imputing with map {}
[2026-04-21 19:06:17,181] [23/MainThread] [DEBUG] [dku.ml.preprocessing] FIT/PROCESS WITH Step:FlushDFBuilder(interaction)
[2026-04-21 19:06:17,181] [23/MainThread] [DEBUG] [dku.ml.preprocessing] FIT/PROCESS WITH Step:RealignTarget
[2026-04-21 19:06:17,181] [23/MainThread] [DEBUG] [dku.ml.preprocessing] Realign target series = (43697,)
[2026-04-21 19:06:17,182] [23/MainThread] [DEBUG] [dku.ml.preprocessing] After realign target: (8590,)
[2026-04-21 19:06:17,182] [23/MainThread] [DEBUG] [dku.ml.preprocessing] FIT/PROCESS WITH Step:DropRowsWhereNoTarget
[2026-04-21 19:06:17,182] [23/MainThread] [DEBUG] [dku.ml.preprocessing] Deleting 0 rows because one of ['target'] is missing or infinity
[2026-04-21 19:06:17,182] [23/MainThread] [DEBUG] [dku.ml.preprocessing] MF before = (8590, 285)
[2026-04-21 19:06:17,182] [23/MainThread] [DEBUG] [dku.ml.preprocessing] target before = (8590,)
[2026-04-21 19:06:17,183] [23/MainThread] [INFO] [dataiku.doctor.multiframe] MultiFrame, dropping rows: []
[2026-04-21 19:06:17,189] [23/MainThread] [DEBUG] [dku.ml.preprocessing] After DRWNT input_df=(8590, 31)
[2026-04-21 19:06:17,189] [23/MainThread] [DEBUG] [dku.ml.preprocessing] MF after = (8590, 285)
[2026-04-21 19:06:17,189] [23/MainThread] [DEBUG] [dku.ml.preprocessing] target after = (8590,)
[2026-04-21 19:06:17,189] [23/MainThread] [DEBUG] [dku.ml.preprocessing] FIT/PROCESS WITH Step:DumpPipelineState
[2026-04-21 19:06:17,189] [23/MainThread] [DEBUG] [dku.ml.preprocessing] ********* Pipeline state (Before feature selection)
[2026-04-21 19:06:17,189] [23/MainThread] [DEBUG] [dku.ml.preprocessing]    input_df= (8590, 31) 
[2026-04-21 19:06:17,189] [23/MainThread] [DEBUG] [dku.ml.preprocessing]    current_mf=(8590, 285) 
[2026-04-21 19:06:17,189] [23/MainThread] [DEBUG] [dku.ml.preprocessing]    PPR: 
[2026-04-21 19:06:17,189] [23/MainThread] [DEBUG] [dku.ml.preprocessing]       target = <class 'pandas.core.series.Series'> ((8590,))
[2026-04-21 19:06:17,189] [23/MainThread] [DEBUG] [dku.ml.preprocessing] FIT/PROCESS WITH Step:EmitCurrentMFAsResult
[2026-04-21 19:06:17,189] [23/MainThread] [INFO] [dataiku.doctor.multiframe] Set MF index len 8590
[2026-04-21 19:06:17,189] [23/MainThread] [DEBUG] [dku.ml.preprocessing] FIT/PROCESS WITH Step:DumpPipelineState
[2026-04-21 19:06:17,189] [23/MainThread] [DEBUG] [dku.ml.preprocessing] ********* Pipeline state (At end)
[2026-04-21 19:06:17,189] [23/MainThread] [DEBUG] [dku.ml.preprocessing]    input_df= (8590, 31) 
[2026-04-21 19:06:17,189] [23/MainThread] [DEBUG] [dku.ml.preprocessing]    current_mf=(0, 0) 
[2026-04-21 19:06:17,190] [23/MainThread] [DEBUG] [dku.ml.preprocessing]    PPR: 
[2026-04-21 19:06:17,190] [23/MainThread] [DEBUG] [dku.ml.preprocessing]       target = <class 'pandas.core.series.Series'> ((8590,))
[2026-04-21 19:06:17,190] [23/MainThread] [DEBUG] [dku.ml.preprocessing]       TRAIN = <class 'dataiku.doctor.multiframe.MultiFrame'> ((8590, 285))
[2026-04-21 19:06:17,190] [23/MainThread] [DEBUG] [dku.ml.preprocessing]       UNPROCESSED = <class 'pandas.core.frame.DataFrame'> ((8590, 31))
[2026-04-21 19:06:17,190] [23/MainThread] [DEBUG] [dataiku.doctor.diagnostics.diagnostics] calling DatasetSanityCheckDiagnostic.on_preprocess_train_dataset_end()
[2026-04-21 19:06:17,190] [23/MainThread] [DEBUG] [dataiku.doctor.diagnostics.diagnostics] calling ClassifierAccuracyCheckDiagnostic.on_preprocess_train_dataset_end()
[2026-04-21 19:06:17,190] [23/MainThread] [DEBUG] [dataiku.doctor.diagnostics.diagnostics] calling RegressionR2CheckDiagnostic.on_preprocess_train_dataset_end()
[2026-04-21 19:06:17,190] [23/MainThread] [DEBUG] [dataiku.doctor.diagnostics.diagnostics] calling LeakageDiagnostic.on_preprocess_train_dataset_end()
[2026-04-21 19:06:17,190] [23/MainThread] [DEBUG] [dataiku.doctor.diagnostics.diagnostics] calling TreeOverfitDiagnostic.on_preprocess_train_dataset_end()
[2026-04-21 19:06:17,190] [23/MainThread] [DEBUG] [dataiku.doctor.diagnostics.diagnostics] calling MLAssertionsDiagnostic.on_preprocess_train_dataset_end()
[2026-04-21 19:06:17,190] [23/MainThread] [DEBUG] [dataiku.doctor.diagnostics.diagnostics] calling ModelCheckDiagnostic.on_preprocess_train_dataset_end()
[2026-04-21 19:06:17,190] [23/MainThread] [INFO] [dataiku.doctor.diagnostics.modeling_parameters] train multiframe initial size: 43697
[2026-04-21 19:06:17,190] [23/MainThread] [INFO] [dataiku.doctor.diagnostics.modeling_parameters] 35107 rows dropped due to "drop null rows" selected on column "end_date"
[2026-04-21 19:06:17,190] [23/MainThread] [DEBUG] [dataiku.doctor.diagnostics.diagnostics] ModelCheckDiagnostic.on_preprocess_train_dataset_end() generated diagnostics: ["80.34% of the train dataset was dropped due to feature handling on 'end_date'"]
[2026-04-21 19:06:17,190] [23/MainThread] [INFO] [dataiku.doctor.diagnostics.diagnostics] Adding diagnostic: <DoctorDiagnostic ML_DIAGNOSTICS_MODEL_CHECK: 80.34% of the train dataset was dropped due to feature handling on 'end_date'>
[2026-04-21 19:06:17,190] [23/MainThread] [DEBUG] [dataiku.doctor.diagnostics.diagnostics] calling AbnormalPredictionsDetectionDiagnostic.on_preprocess_train_dataset_end()
[2026-04-21 19:06:17,191] [23/MainThread] [INFO] [root] Sending /home/dataiku/cache/analysis-data/PROJET_CHURN_BANQUE/FJvilP7A/Nq4dYPRo/sessions/s2/pp1/m1/ml_diagnostics.json to /data/dataiku/datadir/analysis-data/PROJET_CHURN_BANQUE/FJvilP7A/Nq4dYPRo/sessions/s2/pp1/m1/ml_diagnostics.json
[2026-04-21 19:06:17,194] [23/MainThread] [DEBUG] [urllib3.connectionpool] https://dss-headless-node-56800c84.space-1e09aade-dku.svc.cluster.local:10005 "POST /dip/api/tintercom/containers/put-file?executionId=doctor-preprocessing-yzrcjnu&fileKind=FILTERED_PATHS&path=%2Fdata%2Fdataiku%2Fdatadir%2Fanalysis-data%2FPROJET_CHURN_BANQUE%2FFJvilP7A%2FNq4dYPRo%2Fsessions%2Fs2%2Fpp1%2Fm1%2Fml_diagnostics.json&expand=false HTTP/1.1" 200 None
[2026-04-21 19:06:17,196] [23/MainThread] [INFO] [root] Sending /home/dataiku/cache/analysis-data/PROJET_CHURN_BANQUE/FJvilP7A/Nq4dYPRo/sessions/s2/pp1/collector_data.json to /data/dataiku/datadir/analysis-data/PROJET_CHURN_BANQUE/FJvilP7A/Nq4dYPRo/sessions/s2/pp1/collector_data.json
[2026-04-21 19:06:17,199] [23/MainThread] [DEBUG] [urllib3.connectionpool] https://dss-headless-node-56800c84.space-1e09aade-dku.svc.cluster.local:10005 "POST /dip/api/tintercom/containers/put-file?executionId=doctor-preprocessing-yzrcjnu&fileKind=FILTERED_PATHS&path=%2Fdata%2Fdataiku%2Fdatadir%2Fanalysis-data%2FPROJET_CHURN_BANQUE%2FFJvilP7A%2FNq4dYPRo%2Fsessions%2Fs2%2Fpp1%2Fcollector_data.json&expand=false HTTP/1.1" 200 None
[2026-04-21 19:06:17,200] [23/MainThread] [INFO] [root] Sending /home/dataiku/cache/analysis-data/PROJET_CHURN_BANQUE/FJvilP7A/Nq4dYPRo/sessions/s2/pp1/drop_rows.json to /data/dataiku/datadir/analysis-data/PROJET_CHURN_BANQUE/FJvilP7A/Nq4dYPRo/sessions/s2/pp1/drop_rows.json
[2026-04-21 19:06:17,203] [23/MainThread] [DEBUG] [urllib3.connectionpool] https://dss-headless-node-56800c84.space-1e09aade-dku.svc.cluster.local:10005 "POST /dip/api/tintercom/containers/put-file?executionId=doctor-preprocessing-yzrcjnu&fileKind=FILTERED_PATHS&path=%2Fdata%2Fdataiku%2Fdatadir%2Fanalysis-data%2FPROJET_CHURN_BANQUE%2FFJvilP7A%2FNq4dYPRo%2Fsessions%2Fs2%2Fpp1%2Fdrop_rows.json&expand=false HTTP/1.1" 200 None
[2026-04-21 19:06:17,203] [23/MainThread] [INFO] [root] Sending /home/dataiku/cache/analysis-data/PROJET_CHURN_BANQUE/FJvilP7A/Nq4dYPRo/sessions/s2/pp1/datetime_cyclical.json to /data/dataiku/datadir/analysis-data/PROJET_CHURN_BANQUE/FJvilP7A/Nq4dYPRo/sessions/s2/pp1/datetime_cyclical.json
[2026-04-21 19:06:17,206] [23/MainThread] [DEBUG] [urllib3.connectionpool] https://dss-headless-node-56800c84.space-1e09aade-dku.svc.cluster.local:10005 "POST /dip/api/tintercom/containers/put-file?executionId=doctor-preprocessing-yzrcjnu&fileKind=FILTERED_PATHS&path=%2Fdata%2Fdataiku%2Fdatadir%2Fanalysis-data%2FPROJET_CHURN_BANQUE%2FFJvilP7A%2FNq4dYPRo%2Fsessions%2Fs2%2Fpp1%2Fdatetime_cyclical.json&expand=false HTTP/1.1" 200 None
[2026-04-21 19:06:17,207] [23/MainThread] [INFO] [root] Sending /home/dataiku/cache/analysis-data/PROJET_CHURN_BANQUE/FJvilP7A/Nq4dYPRo/sessions/s2/pp1/imputed.json to /data/dataiku/datadir/analysis-data/PROJET_CHURN_BANQUE/FJvilP7A/Nq4dYPRo/sessions/s2/pp1/imputed.json
[2026-04-21 19:06:17,210] [23/MainThread] [DEBUG] [urllib3.connectionpool] https://dss-headless-node-56800c84.space-1e09aade-dku.svc.cluster.local:10005 "POST /dip/api/tintercom/containers/put-file?executionId=doctor-preprocessing-yzrcjnu&fileKind=FILTERED_PATHS&path=%2Fdata%2Fdataiku%2Fdatadir%2Fanalysis-data%2FPROJET_CHURN_BANQUE%2FFJvilP7A%2FNq4dYPRo%2Fsessions%2Fs2%2Fpp1%2Fimputed.json&expand=false HTTP/1.1" 200 None
[2026-04-21 19:06:17,211] [23/MainThread] [INFO] [root] Sending /home/dataiku/cache/analysis-data/PROJET_CHURN_BANQUE/FJvilP7A/Nq4dYPRo/sessions/s2/pp1/rescalers.json to /data/dataiku/datadir/analysis-data/PROJET_CHURN_BANQUE/FJvilP7A/Nq4dYPRo/sessions/s2/pp1/rescalers.json
[2026-04-21 19:06:17,214] [23/MainThread] [DEBUG] [urllib3.connectionpool] https://dss-headless-node-56800c84.space-1e09aade-dku.svc.cluster.local:10005 "POST /dip/api/tintercom/containers/put-file?executionId=doctor-preprocessing-yzrcjnu&fileKind=FILTERED_PATHS&path=%2Fdata%2Fdataiku%2Fdatadir%2Fanalysis-data%2FPROJET_CHURN_BANQUE%2FFJvilP7A%2FNq4dYPRo%2Fsessions%2Fs2%2Fpp1%2Frescalers.json&expand=false HTTP/1.1" 200 None
[2026-04-21 19:06:17,215] [23/MainThread] [INFO] [root] Sending /home/dataiku/cache/analysis-data/PROJET_CHURN_BANQUE/FJvilP7A/Nq4dYPRo/sessions/s2/pp1/dummies.json to /data/dataiku/datadir/analysis-data/PROJET_CHURN_BANQUE/FJvilP7A/Nq4dYPRo/sessions/s2/pp1/dummies.json
[2026-04-21 19:06:17,218] [23/MainThread] [DEBUG] [urllib3.connectionpool] https://dss-headless-node-56800c84.space-1e09aade-dku.svc.cluster.local:10005 "POST /dip/api/tintercom/containers/put-file?executionId=doctor-preprocessing-yzrcjnu&fileKind=FILTERED_PATHS&path=%2Fdata%2Fdataiku%2Fdatadir%2Fanalysis-data%2FPROJET_CHURN_BANQUE%2FFJvilP7A%2FNq4dYPRo%2Fsessions%2Fs2%2Fpp1%2Fdummies.json&expand=false HTTP/1.1" 200 None
[2026-04-21 19:06:17,218] [23/MainThread] [INFO] [root] Sending /home/dataiku/cache/analysis-data/PROJET_CHURN_BANQUE/FJvilP7A/Nq4dYPRo/sessions/s2/pp1/preprocessing_report.json to /data/dataiku/datadir/analysis-data/PROJET_CHURN_BANQUE/FJvilP7A/Nq4dYPRo/sessions/s2/pp1/preprocessing_report.json
[2026-04-21 19:06:17,222] [23/MainThread] [DEBUG] [urllib3.connectionpool] https://dss-headless-node-56800c84.space-1e09aade-dku.svc.cluster.local:10005 "POST /dip/api/tintercom/containers/put-file?executionId=doctor-preprocessing-yzrcjnu&fileKind=FILTERED_PATHS&path=%2Fdata%2Fdataiku%2Fdatadir%2Fanalysis-data%2FPROJET_CHURN_BANQUE%2FFJvilP7A%2FNq4dYPRo%2Fsessions%2Fs2%2Fpp1%2Fpreprocessing_report.json&expand=false HTTP/1.1" 200 None
[2026-04-21 19:06:17,222] [23/MainThread] [INFO] [dataiku.doctor.utils.listener] END -  Preprocessing train set
[2026-04-21 19:06:17,222] [23/MainThread] [INFO] [dataiku.doctor.utils.listener] START -  Preprocessing test set
[2026-04-21 19:06:17,223] [23/MainThread] [INFO] [root] Sending /home/dataiku/cache/analysis-data/PROJET_CHURN_BANQUE/FJvilP7A/Nq4dYPRo/sessions/s2/pp1/m1/train_info.json to /data/dataiku/datadir/analysis-data/PROJET_CHURN_BANQUE/FJvilP7A/Nq4dYPRo/sessions/s2/pp1/m1/train_info.json
[2026-04-21 19:06:17,226] [23/MainThread] [DEBUG] [urllib3.connectionpool] https://dss-headless-node-56800c84.space-1e09aade-dku.svc.cluster.local:10005 "POST /dip/api/tintercom/containers/put-file?executionId=doctor-preprocessing-yzrcjnu&fileKind=FILTERED_PATHS&path=%2Fdata%2Fdataiku%2Fdatadir%2Fanalysis-data%2FPROJET_CHURN_BANQUE%2FFJvilP7A%2FNq4dYPRo%2Fsessions%2Fs2%2Fpp1%2Fm1%2Ftrain_info.json&expand=false HTTP/1.1" 200 None
[2026-04-21 19:06:17,226] [23/MainThread] [INFO] [dataiku.doctor.multiframe] Set MF index len 11043
[2026-04-21 19:06:17,226] [23/MainThread] [DEBUG] [dku.ml.preprocessing] PROCESS WITH Step:RemapValueToOutput
[2026-04-21 19:06:17,228] [23/MainThread] [DEBUG] [dku.ml.preprocessing] PROCESS WITH Step:SingleColumnDropNARows (end_date)
[2026-04-21 19:06:17,229] [23/MainThread] [DEBUG] [dku.ml.preprocessing] Deleting 8845 rows
[2026-04-21 19:06:17,229] [23/MainThread] [INFO] [dataiku.doctor.multiframe] MultiFrame, dropping rows: [    0     2     3 ... 11040 11041 11042]
[2026-04-21 19:06:17,231] [23/MainThread] [INFO] [dku.ml.preprocessing] After SCDNA input_df=(2198, 31)
[2026-04-21 19:06:17,231] [23/MainThread] [DEBUG] [dku.ml.preprocessing] PROCESS WITH Step:SingleColumnDropNARows (birth_date)
[2026-04-21 19:06:17,232] [23/MainThread] [DEBUG] [dku.ml.preprocessing] Deleting 0 rows
[2026-04-21 19:06:17,232] [23/MainThread] [INFO] [dataiku.doctor.multiframe] MultiFrame, dropping rows: []
[2026-04-21 19:06:17,233] [23/MainThread] [INFO] [dku.ml.preprocessing] After SCDNA input_df=(2198, 31)
[2026-04-21 19:06:17,233] [23/MainThread] [DEBUG] [dku.ml.preprocessing] PROCESS WITH Step:SingleColumnDropNARows (start_date)
[2026-04-21 19:06:17,233] [23/MainThread] [DEBUG] [dku.ml.preprocessing] Deleting 0 rows
[2026-04-21 19:06:17,233] [23/MainThread] [INFO] [dataiku.doctor.multiframe] MultiFrame, dropping rows: []
[2026-04-21 19:06:17,234] [23/MainThread] [INFO] [dku.ml.preprocessing] After SCDNA input_df=(2198, 31)
[2026-04-21 19:06:17,235] [23/MainThread] [DEBUG] [dku.ml.preprocessing] PROCESS WITH Step:SingleColumnDropNARows (creation_date)
[2026-04-21 19:06:17,235] [23/MainThread] [DEBUG] [dku.ml.preprocessing] Deleting 0 rows
[2026-04-21 19:06:17,235] [23/MainThread] [INFO] [dataiku.doctor.multiframe] MultiFrame, dropping rows: []
[2026-04-21 19:06:17,236] [23/MainThread] [INFO] [dku.ml.preprocessing] After SCDNA input_df=(2198, 31)
[2026-04-21 19:06:17,236] [23/MainThread] [DEBUG] [dku.ml.preprocessing] PROCESS WITH Step:DatetimeCyclicalEncodingStep
/opt/dataiku/python/dataiku/doctor/preprocessing/dataframe_preprocessing.py:949: FutureWarning: 'w' is deprecated and will be removed in a future version, please use 'W' instead.
  truncated_datetime_series = datetime_series.dt.to_period(period.period_str).dt.start_time
/opt/dataiku/python/dataiku/doctor/preprocessing/dataframe_preprocessing.py:949: FutureWarning: 'q' is deprecated and will be removed in a future version, please use 'Q' instead.
  truncated_datetime_series = datetime_series.dt.to_period(period.period_str).dt.start_time
/opt/dataiku/python/dataiku/doctor/preprocessing/dataframe_preprocessing.py:949: FutureWarning: 'y' is deprecated and will be removed in a future version, please use 'Y' instead.
  truncated_datetime_series = datetime_series.dt.to_period(period.period_str).dt.start_time
[2026-04-21 19:06:17,245] [23/MainThread] [DEBUG] [dku.ml.preprocessing] PROCESS WITH Step:DatetimeCyclicalEncodingStep
/opt/dataiku/python/dataiku/doctor/preprocessing/dataframe_preprocessing.py:949: FutureWarning: 'w' is deprecated and will be removed in a future version, please use 'W' instead.
  truncated_datetime_series = datetime_series.dt.to_period(period.period_str).dt.start_time
/opt/dataiku/python/dataiku/doctor/preprocessing/dataframe_preprocessing.py:949: FutureWarning: 'm' is deprecated and will be removed in a future version, please use 'M' instead.
  truncated_datetime_series = datetime_series.dt.to_period(period.period_str).dt.start_time
/opt/dataiku/python/dataiku/doctor/preprocessing/dataframe_preprocessing.py:949: FutureWarning: 'q' is deprecated and will be removed in a future version, please use 'Q' instead.
  truncated_datetime_series = datetime_series.dt.to_period(period.period_str).dt.start_time
/opt/dataiku/python/dataiku/doctor/preprocessing/dataframe_preprocessing.py:949: FutureWarning: 'y' is deprecated and will be removed in a future version, please use 'Y' instead.
  truncated_datetime_series = datetime_series.dt.to_period(period.period_str).dt.start_time
[2026-04-21 19:06:17,255] [23/MainThread] [DEBUG] [dku.ml.preprocessing] PROCESS WITH Step:DatetimeCyclicalEncodingStep
/opt/dataiku/python/dataiku/doctor/preprocessing/dataframe_preprocessing.py:949: FutureWarning: 'w' is deprecated and will be removed in a future version, please use 'W' instead.
  truncated_datetime_series = datetime_series.dt.to_period(period.period_str).dt.start_time
/opt/dataiku/python/dataiku/doctor/preprocessing/dataframe_preprocessing.py:949: FutureWarning: 'q' is deprecated and will be removed in a future version, please use 'Q' instead.
  truncated_datetime_series = datetime_series.dt.to_period(period.period_str).dt.start_time
/opt/dataiku/python/dataiku/doctor/preprocessing/dataframe_preprocessing.py:949: FutureWarning: 'y' is deprecated and will be removed in a future version, please use 'Y' instead.
  truncated_datetime_series = datetime_series.dt.to_period(period.period_str).dt.start_time
[2026-04-21 19:06:17,263] [23/MainThread] [DEBUG] [dku.ml.preprocessing] PROCESS WITH Step:DatetimeCyclicalEncodingStep
/opt/dataiku/python/dataiku/doctor/preprocessing/dataframe_preprocessing.py:949: FutureWarning: 'w' is deprecated and will be removed in a future version, please use 'W' instead.
  truncated_datetime_series = datetime_series.dt.to_period(period.period_str).dt.start_time
/opt/dataiku/python/dataiku/doctor/preprocessing/dataframe_preprocessing.py:949: FutureWarning: 'm' is deprecated and will be removed in a future version, please use 'M' instead.
  truncated_datetime_series = datetime_series.dt.to_period(period.period_str).dt.start_time
/opt/dataiku/python/dataiku/doctor/preprocessing/dataframe_preprocessing.py:949: FutureWarning: 'q' is deprecated and will be removed in a future version, please use 'Q' instead.
  truncated_datetime_series = datetime_series.dt.to_period(period.period_str).dt.start_time
/opt/dataiku/python/dataiku/doctor/preprocessing/dataframe_preprocessing.py:949: FutureWarning: 'y' is deprecated and will be removed in a future version, please use 'Y' instead.
  truncated_datetime_series = datetime_series.dt.to_period(period.period_str).dt.start_time
[2026-04-21 19:06:17,273] [23/MainThread] [DEBUG] [dku.ml.preprocessing] PROCESS WITH Step:MultipleImputeMissingFromInput
[2026-04-21 19:06:17,274] [23/MainThread] [DEBUG] [dku.ml.preprocessing] MIMIFI: Imputing with map {'income': 36565.08501727808, 'balance_min': 14225.57630062047, 'balance_avg': 17279.78864696406, 'atm_withdrawals_sum': 192.15282201700313, 'physical_services_sum_sum': 61.92390705561539, 'balance_stddev': 1879.0475803888019, 'digital_services_sum': 40.82057334036069, 'count': 13.590820821294937, 'balance_max': 20464.958692748543, 'revenue_sum': 120.39882514509294, 'atm_withdrawals_sum_sum': 9671.9723183391, 'revenue_avg': 8.981457495033679, 'balance_distinct': 13.590299815279685, 'in_person_interaction_sum': 2.2347212355920165, 'physical_services_sum': 1.0245651825202227, 'customer_id': 607429.0255166258, 'region': 27.170194750211685, 'fx_services_sum': 6.461009647333807}
[2026-04-21 19:06:17,277] [23/MainThread] [DEBUG] [dku.ml.preprocessing] PROCESS WITH Step:MultipleImputeMissingFromInput
[2026-04-21 19:06:17,277] [23/MainThread] [DEBUG] [dku.ml.preprocessing] MIMIFI: Imputing with map {}
[2026-04-21 19:06:17,277] [23/MainThread] [DEBUG] [dku.ml.preprocessing] PROCESS WITH Step:RescalingProcessor2 (income)
[2026-04-21 19:06:17,277] [23/MainThread] [DEBUG] [dku.ml.preprocessing]   Rescale income (avg=34812.87534121929 std=27991.826580545945 shift=36565.08501727808 inv_scale=1.748899937088322e-05 nulls=0)
[2026-04-21 19:06:17,278] [23/MainThread] [DEBUG] [dku.ml.preprocessing] PROCESS WITH Step:RescalingProcessor2 (balance_min)
[2026-04-21 19:06:17,278] [23/MainThread] [DEBUG] [dku.ml.preprocessing]   Rescale balance_min (avg=22614.490648808827 std=85648.76087942577 shift=14225.57630062047 inv_scale=1.467590915360885e-05 nulls=0)
[2026-04-21 19:06:17,279] [23/MainThread] [DEBUG] [dku.ml.preprocessing] PROCESS WITH Step:RescalingProcessor2 (balance_avg)
[2026-04-21 19:06:17,279] [23/MainThread] [DEBUG] [dku.ml.preprocessing]   Rescale balance_avg (avg=24670.861781527277 std=85871.59716536275 shift=17279.78864696406 inv_scale=1.4539042407604246e-05 nulls=0)
[2026-04-21 19:06:17,280] [23/MainThread] [DEBUG] [dku.ml.preprocessing] PROCESS WITH Step:RescalingProcessor2 (atm_withdrawals_sum)
[2026-04-21 19:06:17,280] [23/MainThread] [DEBUG] [dku.ml.preprocessing]   Rescale atm_withdrawals_sum (avg=181.04839645047906 std=41.927676425168826 shift=192.15282201700313 inv_scale=0.03339985715702013 nulls=0)
[2026-04-21 19:06:17,280] [23/MainThread] [DEBUG] [dku.ml.preprocessing] PROCESS WITH Step:RescalingProcessor2 (physical_services_sum_sum)
[2026-04-21 19:06:17,281] [23/MainThread] [DEBUG] [dku.ml.preprocessing]   Rescale physical_services_sum_sum (avg=43.72389679868087 std=98.61088420163131 shift=61.92390705561539 inv_scale=0.007086825776142464 nulls=0)
[2026-04-21 19:06:17,281] [23/MainThread] [DEBUG] [dku.ml.preprocessing] PROCESS WITH Step:RescalingProcessor2 (balance_stddev)
[2026-04-21 19:06:17,282] [23/MainThread] [DEBUG] [dku.ml.preprocessing]   Rescale balance_stddev (avg=1564.162198789763 std=1480.3862719214665 shift=1879.0475803888019 inv_scale=0.0005008808448636754 nulls=0)
[2026-04-21 19:06:17,282] [23/MainThread] [DEBUG] [dku.ml.preprocessing] PROCESS WITH Step:RescalingProcessor2 (digital_services_sum)
[2026-04-21 19:06:17,283] [23/MainThread] [DEBUG] [dku.ml.preprocessing]   Rescale digital_services_sum (avg=38.92556194725353 std=9.906335384668155 shift=40.82057334036069 inv_scale=0.13100298082648992 nulls=0)
[2026-04-21 19:06:17,283] [23/MainThread] [DEBUG] [dku.ml.preprocessing] PROCESS WITH Step:RescalingProcessor2 (count)
[2026-04-21 19:06:17,283] [23/MainThread] [DEBUG] [dku.ml.preprocessing]   Rescale count (avg=8.267566196833219 std=4.578701549179658 shift=13.590820821294937 inv_scale=0.23172474315175745 nulls=0)
[2026-04-21 19:06:17,284] [23/MainThread] [DEBUG] [dku.ml.preprocessing] PROCESS WITH Step:RescalingProcessor2 (balance_max)
[2026-04-21 19:06:17,284] [23/MainThread] [DEBUG] [dku.ml.preprocessing]   Rescale balance_max (avg=26769.301245211704 std=86159.65192800346 shift=20464.958692748543 inv_scale=1.4371823866566235e-05 nulls=0)
[2026-04-21 19:06:17,285] [23/MainThread] [DEBUG] [dku.ml.preprocessing] PROCESS WITH Step:RescalingProcessor2 (revenue_sum)
[2026-04-21 19:06:17,285] [23/MainThread] [DEBUG] [dku.ml.preprocessing]   Rescale revenue_sum (avg=84.78915827084747 std=129.259537469009 shift=120.39882514509294 inv_scale=0.0041188681985658395 nulls=0)
[2026-04-21 19:06:17,286] [23/MainThread] [DEBUG] [dku.ml.preprocessing] PROCESS WITH Step:RescalingProcessor2 (atm_withdrawals_sum_sum)
[2026-04-21 19:06:17,286] [23/MainThread] [DEBUG] [dku.ml.preprocessing]   Rescale atm_withdrawals_sum_sum (avg=8889.448476280731 std=6105.870674562423 shift=9671.9723183391 inv_scale=0.00015889902611564458 nulls=0)
[2026-04-21 19:06:17,286] [23/MainThread] [DEBUG] [dku.ml.preprocessing] PROCESS WITH Step:RescalingProcessor2 (revenue_avg)
[2026-04-21 19:06:17,287] [23/MainThread] [DEBUG] [dku.ml.preprocessing]   Rescale revenue_avg (avg=9.313654612604731 std=13.090673548332258 shift=8.981457495033679 inv_scale=0.06092197023832201 nulls=0)
[2026-04-21 19:06:17,287] [23/MainThread] [DEBUG] [dku.ml.preprocessing] PROCESS WITH Step:RescalingProcessor2 (balance_distinct)
[2026-04-21 19:06:17,287] [23/MainThread] [DEBUG] [dku.ml.preprocessing]   Rescale balance_distinct (avg=8.267496745166946 std=4.578620769781038 shift=13.590299815279685 inv_scale=0.2317344703960162 nulls=0)
[2026-04-21 19:06:17,288] [23/MainThread] [DEBUG] [dku.ml.preprocessing] PROCESS WITH Step:RescalingProcessor2 (in_person_interaction_sum)
[2026-04-21 19:06:17,288] [23/MainThread] [DEBUG] [dku.ml.preprocessing]   Rescale in_person_interaction_sum (avg=1.828986574668029 std=1.7629440706182071 shift=2.2347212355920165 inv_scale=0.5147673584449718 nulls=0)
[2026-04-21 19:06:17,289] [23/MainThread] [DEBUG] [dku.ml.preprocessing] PROCESS WITH Step:RescalingProcessor2 (physical_services_sum)
[2026-04-21 19:06:17,289] [23/MainThread] [DEBUG] [dku.ml.preprocessing]   Rescale physical_services_sum (avg=0.7921842978356151 std=1.1003536487043108 shift=1.0245651825202227 inv_scale=0.7926333217565059 nulls=0)
[2026-04-21 19:06:17,290] [23/MainThread] [DEBUG] [dku.ml.preprocessing] PROCESS WITH Step:RescalingProcessor2 (customer_id)
[2026-04-21 19:06:17,290] [23/MainThread] [DEBUG] [dku.ml.preprocessing]   Rescale customer_id (avg=714414.4818016378 std=449856.2366704886 shift=607429.0255166258 inv_scale=2.359157617756241e-06 nulls=0)
[2026-04-21 19:06:17,291] [23/MainThread] [DEBUG] [dku.ml.preprocessing] PROCESS WITH Step:RescalingProcessor2 (region)
[2026-04-21 19:06:17,291] [23/MainThread] [DEBUG] [dku.ml.preprocessing]   Rescale region (avg=26.978616924476796 std=11.160230676210293 shift=27.170194750211685 inv_scale=0.0898019444610059 nulls=0)
[2026-04-21 19:06:17,292] [23/MainThread] [DEBUG] [dku.ml.preprocessing] PROCESS WITH Step:RescalingProcessor2 (fx_services_sum)
[2026-04-21 19:06:17,292] [23/MainThread] [DEBUG] [dku.ml.preprocessing]   Rescale fx_services_sum (avg=5.398611959429483 std=8.535314933783551 shift=6.461009647333807 inv_scale=0.16536860648777127 nulls=0)
[2026-04-21 19:06:17,292] [23/MainThread] [DEBUG] [dku.ml.preprocessing] PROCESS WITH Step:FlushDFBuilder(num_flagonly)
[2026-04-21 19:06:17,293] [23/MainThread] [DEBUG] [dku.ml.preprocessing] PROCESS WITH Step:FlushDFBuilder(datetime_cyclical)
[2026-04-21 19:06:17,293] [23/MainThread] [DEBUG] [dku.ml.preprocessing] PROCESS WITH Step:FastSparseDummifyProcessor (gender)
[2026-04-21 19:06:17,296] [23/MainThread] [DEBUG] [dku.ml.preprocessing] Dummifier: Append a sparse block shape=(2198, 4) nnz=2198
[2026-04-21 19:06:17,296] [23/MainThread] [DEBUG] [dku.ml.preprocessing] PROCESS WITH Step:FastSparseDummifyProcessor (tier)
[2026-04-21 19:06:17,298] [23/MainThread] [DEBUG] [dku.ml.preprocessing] Dummifier: Append a sparse block shape=(2198, 5) nnz=2198
[2026-04-21 19:06:17,298] [23/MainThread] [DEBUG] [dku.ml.preprocessing] PROCESS WITH Step:FastSparseDummifyProcessor (segment)
[2026-04-21 19:06:17,300] [23/MainThread] [DEBUG] [dku.ml.preprocessing] Dummifier: Append a sparse block shape=(2198, 6) nnz=2198
[2026-04-21 19:06:17,300] [23/MainThread] [DEBUG] [dku.ml.preprocessing] PROCESS WITH Step:FastSparseDummifyProcessor (first_name)
[2026-04-21 19:06:17,302] [23/MainThread] [DEBUG] [dku.ml.preprocessing] Dummifier: Append a sparse block shape=(2198, 103) nnz=2198
[2026-04-21 19:06:17,303] [23/MainThread] [DEBUG] [dku.ml.preprocessing] PROCESS WITH Step:FastSparseDummifyProcessor (product)
[2026-04-21 19:06:17,305] [23/MainThread] [DEBUG] [dku.ml.preprocessing] Dummifier: Append a sparse block shape=(2198, 12) nnz=2198
[2026-04-21 19:06:17,305] [23/MainThread] [DEBUG] [dku.ml.preprocessing] PROCESS WITH Step:FastSparseDummifyProcessor (last_name)
[2026-04-21 19:06:17,307] [23/MainThread] [DEBUG] [dku.ml.preprocessing] Dummifier: Append a sparse block shape=(2198, 103) nnz=2198
[2026-04-21 19:06:17,307] [23/MainThread] [DEBUG] [dku.ml.preprocessing] PROCESS WITH Step:FastSparseDummifyProcessor (product_type)
[2026-04-21 19:06:17,309] [23/MainThread] [DEBUG] [dku.ml.preprocessing] Dummifier: Append a sparse block shape=(2198, 6) nnz=2198
[2026-04-21 19:06:17,309] [23/MainThread] [DEBUG] [dku.ml.preprocessing] PROCESS WITH Step:MultipleImputeMissingFromInput
[2026-04-21 19:06:17,309] [23/MainThread] [DEBUG] [dku.ml.preprocessing] MIMIFI: Imputing with map {}
[2026-04-21 19:06:17,309] [23/MainThread] [DEBUG] [dku.ml.preprocessing] PROCESS WITH Step:FlushDFBuilder(cat_flagpresence)
[2026-04-21 19:06:17,309] [23/MainThread] [DEBUG] [dku.ml.preprocessing] PROCESS WITH Step:MultipleImputeMissingFromInput
[2026-04-21 19:06:17,309] [23/MainThread] [DEBUG] [dku.ml.preprocessing] MIMIFI: Imputing with map {}
[2026-04-21 19:06:17,309] [23/MainThread] [DEBUG] [dku.ml.preprocessing] PROCESS WITH Step:MultipleImputeMissingFromInput
[2026-04-21 19:06:17,309] [23/MainThread] [DEBUG] [dku.ml.preprocessing] MIMIFI: Imputing with map {}
[2026-04-21 19:06:17,309] [23/MainThread] [DEBUG] [dku.ml.preprocessing] PROCESS WITH Step:FlushDFBuilder(interaction)
[2026-04-21 19:06:17,309] [23/MainThread] [DEBUG] [dku.ml.preprocessing] PROCESS WITH Step:RealignTarget
[2026-04-21 19:06:17,309] [23/MainThread] [DEBUG] [dku.ml.preprocessing] Realign target series = (11043,)
[2026-04-21 19:06:17,310] [23/MainThread] [DEBUG] [dku.ml.preprocessing] After realign target: (2198,)
[2026-04-21 19:06:17,310] [23/MainThread] [DEBUG] [dku.ml.preprocessing] PROCESS WITH Step:DropRowsWhereNoTarget
[2026-04-21 19:06:17,311] [23/MainThread] [DEBUG] [dku.ml.preprocessing] Deleting 0 rows because one of ['target'] is missing or infinity
[2026-04-21 19:06:17,311] [23/MainThread] [DEBUG] [dku.ml.preprocessing] MF before = (2198, 285)
[2026-04-21 19:06:17,311] [23/MainThread] [DEBUG] [dku.ml.preprocessing] target before = (2198,)
[2026-04-21 19:06:17,311] [23/MainThread] [INFO] [dataiku.doctor.multiframe] MultiFrame, dropping rows: []
[2026-04-21 19:06:17,314] [23/MainThread] [DEBUG] [dku.ml.preprocessing] After DRWNT input_df=(2198, 31)
[2026-04-21 19:06:17,314] [23/MainThread] [DEBUG] [dku.ml.preprocessing] MF after = (2198, 285)
[2026-04-21 19:06:17,314] [23/MainThread] [DEBUG] [dku.ml.preprocessing] target after = (2198,)
[2026-04-21 19:06:17,315] [23/MainThread] [DEBUG] [dku.ml.preprocessing] PROCESS WITH Step:DumpPipelineState
[2026-04-21 19:06:17,315] [23/MainThread] [DEBUG] [dku.ml.preprocessing] ********* Pipeline state (Before feature selection)
[2026-04-21 19:06:17,315] [23/MainThread] [DEBUG] [dku.ml.preprocessing]    input_df= (2198, 31) 
[2026-04-21 19:06:17,315] [23/MainThread] [DEBUG] [dku.ml.preprocessing]    current_mf=(2198, 285) 
[2026-04-21 19:06:17,315] [23/MainThread] [DEBUG] [dku.ml.preprocessing]    PPR: 
[2026-04-21 19:06:17,315] [23/MainThread] [DEBUG] [dku.ml.preprocessing]       target = <class 'pandas.core.series.Series'> ((2198,))
[2026-04-21 19:06:17,315] [23/MainThread] [DEBUG] [dku.ml.preprocessing] PROCESS WITH Step:EmitCurrentMFAsResult
[2026-04-21 19:06:17,315] [23/MainThread] [INFO] [dataiku.doctor.multiframe] Set MF index len 2198
[2026-04-21 19:06:17,315] [23/MainThread] [DEBUG] [dku.ml.preprocessing] PROCESS WITH Step:DumpPipelineState
[2026-04-21 19:06:17,315] [23/MainThread] [DEBUG] [dku.ml.preprocessing] ********* Pipeline state (At end)
[2026-04-21 19:06:17,315] [23/MainThread] [DEBUG] [dku.ml.preprocessing]    input_df= (2198, 31) 
[2026-04-21 19:06:17,315] [23/MainThread] [DEBUG] [dku.ml.preprocessing]    current_mf=(0, 0) 
[2026-04-21 19:06:17,315] [23/MainThread] [DEBUG] [dku.ml.preprocessing]    PPR: 
[2026-04-21 19:06:17,315] [23/MainThread] [DEBUG] [dku.ml.preprocessing]       target = <class 'pandas.core.series.Series'> ((2198,))
[2026-04-21 19:06:17,315] [23/MainThread] [DEBUG] [dku.ml.preprocessing]       TRAIN = <class 'dataiku.doctor.multiframe.MultiFrame'> ((2198, 285))
[2026-04-21 19:06:17,315] [23/MainThread] [DEBUG] [dku.ml.preprocessing]       UNPROCESSED = <class 'pandas.core.frame.DataFrame'> ((2198, 31))
[2026-04-21 19:06:17,315] [23/MainThread] [DEBUG] [dataiku.doctor.diagnostics.diagnostics] calling DatasetSanityCheckDiagnostic.on_preprocess_test_dataset_end()
[2026-04-21 19:06:17,315] [23/MainThread] [DEBUG] [dataiku.doctor.diagnostics.diagnostics] calling ClassifierAccuracyCheckDiagnostic.on_preprocess_test_dataset_end()
[2026-04-21 19:06:17,315] [23/MainThread] [DEBUG] [dataiku.doctor.diagnostics.diagnostics] calling RegressionR2CheckDiagnostic.on_preprocess_test_dataset_end()
[2026-04-21 19:06:17,315] [23/MainThread] [DEBUG] [dataiku.doctor.diagnostics.diagnostics] calling LeakageDiagnostic.on_preprocess_test_dataset_end()
[2026-04-21 19:06:17,315] [23/MainThread] [DEBUG] [dataiku.doctor.diagnostics.diagnostics] calling TreeOverfitDiagnostic.on_preprocess_test_dataset_end()
[2026-04-21 19:06:17,316] [23/MainThread] [DEBUG] [dataiku.doctor.diagnostics.diagnostics] calling MLAssertionsDiagnostic.on_preprocess_test_dataset_end()
[2026-04-21 19:06:17,316] [23/MainThread] [DEBUG] [dataiku.doctor.diagnostics.diagnostics] calling ModelCheckDiagnostic.on_preprocess_test_dataset_end()
[2026-04-21 19:06:17,316] [23/MainThread] [INFO] [dataiku.doctor.diagnostics.modeling_parameters] test multiframe initial size: 11043
[2026-04-21 19:06:17,316] [23/MainThread] [INFO] [dataiku.doctor.diagnostics.modeling_parameters] 8845 rows dropped due to "drop null rows" selected on column "end_date"
[2026-04-21 19:06:17,316] [23/MainThread] [DEBUG] [dataiku.doctor.diagnostics.diagnostics] ModelCheckDiagnostic.on_preprocess_test_dataset_end() generated diagnostics: ["80.10% of the test dataset was dropped due to feature handling on 'end_date'"]
[2026-04-21 19:06:17,316] [23/MainThread] [INFO] [dataiku.doctor.diagnostics.diagnostics] Adding diagnostic: <DoctorDiagnostic ML_DIAGNOSTICS_MODEL_CHECK: 80.10% of the test dataset was dropped due to feature handling on 'end_date'>
[2026-04-21 19:06:17,316] [23/MainThread] [DEBUG] [dataiku.doctor.diagnostics.diagnostics] calling AbnormalPredictionsDetectionDiagnostic.on_preprocess_test_dataset_end()
[2026-04-21 19:06:17,316] [23/MainThread] [INFO] [root] Sending /home/dataiku/cache/analysis-data/PROJET_CHURN_BANQUE/FJvilP7A/Nq4dYPRo/sessions/s2/pp1/m1/ml_diagnostics.json to /data/dataiku/datadir/analysis-data/PROJET_CHURN_BANQUE/FJvilP7A/Nq4dYPRo/sessions/s2/pp1/m1/ml_diagnostics.json
[2026-04-21 19:06:17,320] [23/MainThread] [DEBUG] [urllib3.connectionpool] https://dss-headless-node-56800c84.space-1e09aade-dku.svc.cluster.local:10005 "POST /dip/api/tintercom/containers/put-file?executionId=doctor-preprocessing-yzrcjnu&fileKind=FILTERED_PATHS&path=%2Fdata%2Fdataiku%2Fdatadir%2Fanalysis-data%2FPROJET_CHURN_BANQUE%2FFJvilP7A%2FNq4dYPRo%2Fsessions%2Fs2%2Fpp1%2Fm1%2Fml_diagnostics.json&expand=false HTTP/1.1" 200 None
[2026-04-21 19:06:17,321] [23/MainThread] [INFO] [dataiku.doctor.utils.listener] END -  Preprocessing test set
[2026-04-21 19:06:17,322] [23/MainThread] [INFO] [root] Sending /home/dataiku/cache/analysis-data/PROJET_CHURN_BANQUE/FJvilP7A/Nq4dYPRo/sessions/s2/pp1/m1/train_info.json to /data/dataiku/datadir/analysis-data/PROJET_CHURN_BANQUE/FJvilP7A/Nq4dYPRo/sessions/s2/pp1/m1/train_info.json
[2026-04-21 19:06:17,325] [23/MainThread] [DEBUG] [urllib3.connectionpool] https://dss-headless-node-56800c84.space-1e09aade-dku.svc.cluster.local:10005 "POST /dip/api/tintercom/containers/put-file?executionId=doctor-preprocessing-yzrcjnu&fileKind=FILTERED_PATHS&path=%2Fdata%2Fdataiku%2Fdatadir%2Fanalysis-data%2FPROJET_CHURN_BANQUE%2FFJvilP7A%2FNq4dYPRo%2Fsessions%2Fs2%2Fpp1%2Fm1%2Ftrain_info.json&expand=false HTTP/1.1" 200 None
[2026-04-21 19:06:17,325] [23/MainThread] [INFO] [dataiku.doctor.utils.listener] START -  Hyperparameter searching
[2026-04-21 19:06:17,326] [23/MainThread] [INFO] [root] Sending /home/dataiku/cache/analysis-data/PROJET_CHURN_BANQUE/FJvilP7A/Nq4dYPRo/sessions/s2/pp1/m1/train_info.json to /data/dataiku/datadir/analysis-data/PROJET_CHURN_BANQUE/FJvilP7A/Nq4dYPRo/sessions/s2/pp1/m1/train_info.json
[2026-04-21 19:06:17,329] [23/MainThread] [DEBUG] [urllib3.connectionpool] https://dss-headless-node-56800c84.space-1e09aade-dku.svc.cluster.local:10005 "POST /dip/api/tintercom/containers/put-file?executionId=doctor-preprocessing-yzrcjnu&fileKind=FILTERED_PATHS&path=%2Fdata%2Fdataiku%2Fdatadir%2Fanalysis-data%2FPROJET_CHURN_BANQUE%2FFJvilP7A%2FNq4dYPRo%2Fsessions%2Fs2%2Fpp1%2Fm1%2Ftrain_info.json&expand=false HTTP/1.1" 200 None
[2026-04-21 19:06:17,330] [23/MainThread] [INFO] [dataiku.doctor.prediction.common] NaN support available: compatible algorithm RANDOM_FOREST_CLASSIFICATION and feature reduction None
[2026-04-21 19:06:17,332] [23/MainThread] [INFO] [dataiku.doctor.sparse] prepare multiframe shape=(8590,285) fill_ratio=0.18
[2026-04-21 19:06:17,332] [23/MainThread] [INFO] [dataiku.doctor.sparse] Using CSR (sparse matrix)
[2026-04-21 19:06:17,332] [23/MainThread] [INFO] [dataiku.doctor.multiframe] APPEND BLOCK NUM_IMPUTED_KEPT shape=(8590, 18)
[2026-04-21 19:06:17,332] [23/MainThread] [INFO] [dataiku.doctor.multiframe] APPEND BLOCK datetime_cyclical shape=(8590, 28)
[2026-04-21 19:06:17,332] [23/MainThread] [INFO] [dataiku.doctor.multiframe] APPEND BLOCK dummy:gender shape=(8590, 4)
[2026-04-21 19:06:17,332] [23/MainThread] [INFO] [dataiku.doctor.multiframe] APPEND BLOCK dummy:tier shape=(8590, 5)
[2026-04-21 19:06:17,332] [23/MainThread] [INFO] [dataiku.doctor.multiframe] APPEND BLOCK dummy:segment shape=(8590, 6)
[2026-04-21 19:06:17,332] [23/MainThread] [INFO] [dataiku.doctor.multiframe] APPEND BLOCK dummy:first_name shape=(8590, 103)
[2026-04-21 19:06:17,332] [23/MainThread] [INFO] [dataiku.doctor.multiframe] APPEND BLOCK dummy:product shape=(8590, 12)
[2026-04-21 19:06:17,332] [23/MainThread] [INFO] [dataiku.doctor.multiframe] APPEND BLOCK dummy:last_name shape=(8590, 103)
[2026-04-21 19:06:17,332] [23/MainThread] [INFO] [dataiku.doctor.multiframe] APPEND BLOCK dummy:product_type shape=(8590, 6)
[2026-04-21 19:06:17,343] [23/MainThread] [INFO] [dataiku.doctor.prediction.common] Create CLF from params: {'algorithm': 'RANDOM_FOREST_CLASSIFICATION', 'rf_classifier_grid': {'n_estimators': {'gridMode': 'EXPLICIT', 'randomMode': 'RANGE', 'limit': {'min': 1}, 'values': [100], 'range': {'min': 80, 'max': 200, 'nbValues': 3, 'scaling': 'LINEAR'}}, 'n_jobs': 4, 'max_tree_depth': {'gridMode': 'EXPLICIT', 'randomMode': 'RANGE', 'limit': {'min': 1}, 'values': [6, 15], 'range': {'min': 6, 'max': 20, 'nbValues': 3, 'scaling': 'LINEAR'}}, 'min_samples_leaf': {'gridMode': 'EXPLICIT', 'randomMode': 'RANGE', 'limit': {'min': 1}, 'values': [1], 'range': {'min': 1, 'max': 20, 'nbValues': 3, 'scaling': 'LINEAR'}}, 'selection_mode': 'sqrt', 'max_features': {'gridMode': 'EXPLICIT', 'randomMode': 'RANGE', 'limit': {'min': 1}, 'values': [5], 'range': {'min': 1, 'max': 20, 'nbValues': 3, 'scaling': 'LINEAR'}}, 'max_feature_prop': {'gridMode': 'EXPLICIT', 'randomMode': 'RANGE', 'limit': {'min': 1e-23, 'max': 1.0}, 'values': [0.3], 'range': {'min': 0.1, 'max': 0.7, 'nbValues': 3, 'scaling': 'LINEAR'}}, 'allow_sparse_matrices': True, 'enabled': True}, 'max_ensemble_nodes_serialized': 6000, 'metrics': {'customMetrics': [], 'evaluationMetric': 'ROC_AUC', 'classAveragingMethod': 'MACRO', 'thresholdOptimizationMetric': 'F1', 'costMatrixWeights': {'tpGain': 1.0, 'tnGain': 0.0, 'fpGain': -0.3, 'fnGain': 0.0}, 'liftPoint': 0.4, 'netUpliftPoint': 0.5, 'causalWeighting': 'NO_WEIGHTING'}, 'autoOptimizeThreshold': True, 'forcedClassifierThreshold': 0.0, 'isShiftWindowsCompatible': True, 'gridLength': 2, 'grid_search_params': {'mode': 'KFOLD', 'splitRatio': 0.8, 'shuffleIterations': 1, 'nFolds': 5, 'cvSeed': 1337, 'stratified': True, 'grouped': False, 'strategy': 'GRID', 'bayesianOptimizer': 'SCIKIT_OPTIMIZE', 'randomized': True, 'seed': 1337, 'nIter': 0, 'nIterRandom': 5, 'timeout': 0, 'nJobs': 4, 'distributed': False, 'nContainers': 4, 'foldOffset': True, 'equalDurationFolds': False}, 'pluginAlgoCustomGridSearch': False, 'computeLearningCurves': False, 'skipExpensiveReports': False, 'skipPermutationImportance': True, 'perIdentifierPermutationImportance': False, 'propensityModeling': {'enabled': True, 'calibrateProbabilities': False, 'calibrationDataRatio': 0.1}} for algorithm RANDOM_FOREST_CLASSIFICATION
[2026-04-21 19:06:17,343] [23/MainThread] [INFO] [dataiku.doctor.prediction.common] Using stratified K-Fold CV with k=5
[2026-04-21 19:06:17,345] [23/MainThread] [INFO] [dataiku.base.folder_context] Fetching file from backend: source='/data/dataiku/datadir/analysis-data/PROJET_CHURN_BANQUE/FJvilP7A/Nq4dYPRo/sessions/s2/pp1/m1/grid_search_done_py.json' target='/home/dataiku/cache/analysis-data/PROJET_CHURN_BANQUE/FJvilP7A/Nq4dYPRo/sessions/s2/pp1/m1/grid_search_done_py.json'
[2026-04-21 19:06:17,345] [23/MainThread] [INFO] [dataiku.container.file_exchange] Fetching file /data/dataiku/datadir/analysis-data/PROJET_CHURN_BANQUE/FJvilP7A/Nq4dYPRo/sessions/s2/pp1/m1/grid_search_done_py.json into /home/dataiku/cache/analysis-data/PROJET_CHURN_BANQUE/FJvilP7A/Nq4dYPRo/sessions/s2/pp1/m1/grid_search_done_py.json
[2026-04-21 19:06:17,349] [23/MainThread] [DEBUG] [urllib3.connectionpool] https://dss-headless-node-56800c84.space-1e09aade-dku.svc.cluster.local:10005 "POST /dip/api/tintercom/containers/get-file HTTP/1.1" 404 855
[2026-04-21 19:06:17,349] [23/MainThread] [WARNING] [dataiku.container.file_exchange] Could not fetch file /data/dataiku/datadir/analysis-data/PROJET_CHURN_BANQUE/FJvilP7A/Nq4dYPRo/sessions/s2/pp1/m1/grid_search_done_py.json, not found
[2026-04-21 19:06:17,351] [23/MainThread] [DEBUG] [urllib3.connectionpool] Starting new HTTPS connection (7): dss-headless-node-56800c84.space-1e09aade-dku.svc.cluster.local:10005
[2026-04-21 19:06:17,377] [23/MainThread] [DEBUG] [urllib3.connectionpool] https://dss-headless-node-56800c84.space-1e09aade-dku.svc.cluster.local:10005 "GET /dip/api/tintercom/ml/available-container-configurations?type=KUBERNETES HTTP/1.1" 200 None
[2026-04-21 19:06:17,377] [23/MainThread] [INFO] [dataiku.doctor.crossval.search_evaluation_monitor] The following distributed container configuration(s) are available to run this search: ['vCPU-0.5-RAM-4GiB', 'vCPU-1-RAM-8GiB', 'vCPU-2-RAM-16GiB', 'vCPU-4-RAM-32GiB']
[2026-04-21 19:06:17,380] [23/MainThread] [INFO] [dataiku.doctor.crossval.search_runner] Fitting 5 folds for each of 2 candidates, totalling 10 fits
[2026-04-21 19:06:17,381] [23/MainThread] [INFO] [dataiku.base.utils] Detected 1/8 usable CPUs
[2026-04-21 19:06:17,381] [23/MainThread] [INFO] [dataiku.doctor.crossval.search_runner] Execute hyperparameter search locally on 4 threads
[2026-04-21 19:06:17,381] [23/MainThread] [INFO] [dataiku.base.folder_context] Fetching file from backend: source='/data/dataiku/datadir/analysis-data/PROJET_CHURN_BANQUE/FJvilP7A/Nq4dYPRo/sessions/s2/pp1/m1/grid_search_scores.json' target='/home/dataiku/cache/analysis-data/PROJET_CHURN_BANQUE/FJvilP7A/Nq4dYPRo/sessions/s2/pp1/m1/grid_search_scores.json'
[2026-04-21 19:06:17,381] [23/MainThread] [INFO] [dataiku.container.file_exchange] Fetching file /data/dataiku/datadir/analysis-data/PROJET_CHURN_BANQUE/FJvilP7A/Nq4dYPRo/sessions/s2/pp1/m1/grid_search_scores.json into /home/dataiku/cache/analysis-data/PROJET_CHURN_BANQUE/FJvilP7A/Nq4dYPRo/sessions/s2/pp1/m1/grid_search_scores.json
[2026-04-21 19:06:17,385] [23/MainThread] [DEBUG] [urllib3.connectionpool] https://dss-headless-node-56800c84.space-1e09aade-dku.svc.cluster.local:10005 "POST /dip/api/tintercom/containers/get-file HTTP/1.1" 404 852
[2026-04-21 19:06:17,385] [23/MainThread] [WARNING] [dataiku.container.file_exchange] Could not fetch file /data/dataiku/datadir/analysis-data/PROJET_CHURN_BANQUE/FJvilP7A/Nq4dYPRo/sessions/s2/pp1/m1/grid_search_scores.json, not found
[2026-04-21 19:06:17,386] [23/MainThread] [INFO] [root] Sending /home/dataiku/cache/analysis-data/PROJET_CHURN_BANQUE/FJvilP7A/Nq4dYPRo/sessions/s2/pp1/m1/grid_search_scores.json to /data/dataiku/datadir/analysis-data/PROJET_CHURN_BANQUE/FJvilP7A/Nq4dYPRo/sessions/s2/pp1/m1/grid_search_scores.json
[2026-04-21 19:06:17,387] [23/MainThread] [DEBUG] [urllib3.connectionpool] Starting new HTTPS connection (8): dss-headless-node-56800c84.space-1e09aade-dku.svc.cluster.local:10005
[2026-04-21 19:06:17,410] [23/MainThread] [DEBUG] [urllib3.connectionpool] https://dss-headless-node-56800c84.space-1e09aade-dku.svc.cluster.local:10005 "POST /dip/api/tintercom/containers/put-file?executionId=doctor-preprocessing-yzrcjnu&fileKind=FILTERED_PATHS&path=%2Fdata%2Fdataiku%2Fdatadir%2Fanalysis-data%2FPROJET_CHURN_BANQUE%2FFJvilP7A%2FNq4dYPRo%2Fsessions%2Fs2%2Fpp1%2Fm1%2Fgrid_search_scores.json&expand=false HTTP/1.1" 200 None
[2026-04-21 19:06:17,411] [23/Thread-1] [INFO] [dataiku.base.folder_context] Fetching file from backend: source='/data/dataiku/datadir/analysis-data/PROJET_CHURN_BANQUE/FJvilP7A/Nq4dYPRo/sessions/s2/pp1/m1/stop_search' target='/home/dataiku/cache/analysis-data/PROJET_CHURN_BANQUE/FJvilP7A/Nq4dYPRo/sessions/s2/pp1/m1/stop_search'
[2026-04-21 19:06:17,411] [23/MainThread] [INFO] [dataiku.doctor.crossval.strategies.grid_search_strategy] Running GridSearchStrategy for hyperparameters space: <dataiku.doctor.prediction.common.TreesHyperparametersSpace object at 0x7f806033a8e0>
[2026-04-21 19:06:17,411] [23/MainThread] [INFO] [dataiku.doctor.crossval.search_evaluator] Schedule evaluation on split 0: {'max_depth': 6, 'max_features': 'sqrt', 'min_samples_leaf': 1, 'n_estimators': 100, 'min_samples_split': 3}
[2026-04-21 19:06:17,411] [23/Thread-1] [INFO] [dataiku.container.file_exchange] Fetching file /data/dataiku/datadir/analysis-data/PROJET_CHURN_BANQUE/FJvilP7A/Nq4dYPRo/sessions/s2/pp1/m1/stop_search into /home/dataiku/cache/analysis-data/PROJET_CHURN_BANQUE/FJvilP7A/Nq4dYPRo/sessions/s2/pp1/m1/stop_search
[2026-04-21 19:06:17,411] [23/Thread-2:local-0] [INFO] [dataiku.doctor.distributed.local_worker] Starting worker: local-0
[2026-04-21 19:06:17,411] [23/Thread-2:local-0] [INFO] [dataiku.doctor.distributed.local_worker] Started worker: local-0
[2026-04-21 19:06:17,412] [23/MainThread] [INFO] [dataiku.doctor.distributed.work_scheduler] Enqueued task T1
[2026-04-21 19:06:17,412] [23/MainThread] [INFO] [dataiku.doctor.crossval.search_evaluator] Schedule evaluation on split 1: {'max_depth': 6, 'max_features': 'sqrt', 'min_samples_leaf': 1, 'n_estimators': 100, 'min_samples_split': 3}
[2026-04-21 19:06:17,413] [23/Thread-2:local-0] [INFO] [dataiku.doctor.distributed.work_scheduler] Running task T1 on local-0...
[2026-04-21 19:06:17,413] [23/Thread-2:local-0] [INFO] [dataiku.doctor.crossval.search_context] Fit s=0: max_depth=6, max_features=sqrt, min_samples_leaf=1, n_estimators=100, min_samples_split=3 
[2026-04-21 19:06:17,414] [23/Thread-3:local-1] [INFO] [dataiku.doctor.distributed.local_worker] Starting worker: local-1
[2026-04-21 19:06:17,414] [23/MainThread] [INFO] [dataiku.doctor.distributed.work_scheduler] Enqueued task T2
[2026-04-21 19:06:17,414] [23/Thread-3:local-1] [INFO] [dataiku.doctor.distributed.local_worker] Started worker: local-1
[2026-04-21 19:06:17,415] [23/MainThread] [INFO] [dataiku.doctor.crossval.search_evaluator] Schedule evaluation on split 2: {'max_depth': 6, 'max_features': 'sqrt', 'min_samples_leaf': 1, 'n_estimators': 100, 'min_samples_split': 3}
[2026-04-21 19:06:17,415] [23/Thread-3:local-1] [INFO] [dataiku.doctor.distributed.work_scheduler] Running task T2 on local-1...
[2026-04-21 19:06:17,415] [23/Thread-3:local-1] [INFO] [dataiku.doctor.crossval.search_context] Fit s=1: max_depth=6, max_features=sqrt, min_samples_leaf=1, n_estimators=100, min_samples_split=3 
[2026-04-21 19:06:17,416] [23/Thread-4:local-2] [INFO] [dataiku.doctor.distributed.local_worker] Starting worker: local-2
[2026-04-21 19:06:17,416] [23/Thread-4:local-2] [INFO] [dataiku.doctor.distributed.local_worker] Started worker: local-2
[2026-04-21 19:06:17,416] [23/MainThread] [INFO] [dataiku.doctor.distributed.work_scheduler] Enqueued task T3
[2026-04-21 19:06:17,416] [23/MainThread] [INFO] [dataiku.doctor.crossval.search_evaluator] Schedule evaluation on split 3: {'max_depth': 6, 'max_features': 'sqrt', 'min_samples_leaf': 1, 'n_estimators': 100, 'min_samples_split': 3}
[2026-04-21 19:06:17,416] [23/Thread-1] [DEBUG] [urllib3.connectionpool] https://dss-headless-node-56800c84.space-1e09aade-dku.svc.cluster.local:10005 "POST /dip/api/tintercom/containers/get-file HTTP/1.1" 404 816
[2026-04-21 19:06:17,416] [23/Thread-4:local-2] [INFO] [dataiku.doctor.distributed.work_scheduler] Running task T3 on local-2...
[2026-04-21 19:06:17,417] [23/Thread-1] [WARNING] [dataiku.container.file_exchange] Could not fetch file /data/dataiku/datadir/analysis-data/PROJET_CHURN_BANQUE/FJvilP7A/Nq4dYPRo/sessions/s2/pp1/m1/stop_search, not found
[2026-04-21 19:06:17,417] [23/Thread-5:local-3] [INFO] [dataiku.doctor.distributed.local_worker] Starting worker: local-3
[2026-04-21 19:06:17,417] [23/Thread-4:local-2] [INFO] [dataiku.doctor.crossval.search_context] Fit s=2: max_depth=6, max_features=sqrt, min_samples_leaf=1, n_estimators=100, min_samples_split=3 
[2026-04-21 19:06:17,417] [23/MainThread] [INFO] [dataiku.doctor.distributed.work_scheduler] Enqueued task T4
[2026-04-21 19:06:17,418] [23/Thread-5:local-3] [INFO] [dataiku.doctor.distributed.local_worker] Started worker: local-3
[2026-04-21 19:06:17,418] [23/MainThread] [INFO] [dataiku.doctor.crossval.search_evaluator] Schedule evaluation on split 4: {'max_depth': 6, 'max_features': 'sqrt', 'min_samples_leaf': 1, 'n_estimators': 100, 'min_samples_split': 3}
[2026-04-21 19:06:17,419] [23/Thread-5:local-3] [INFO] [dataiku.doctor.distributed.work_scheduler] Running task T4 on local-3...
[2026-04-21 19:06:17,420] [23/Thread-5:local-3] [INFO] [dataiku.doctor.crossval.search_context] Fit s=3: max_depth=6, max_features=sqrt, min_samples_leaf=1, n_estimators=100, min_samples_split=3 
[2026-04-21 19:06:18,419] [23/Thread-1] [INFO] [dataiku.base.folder_context] Fetching file from backend: source='/data/dataiku/datadir/analysis-data/PROJET_CHURN_BANQUE/FJvilP7A/Nq4dYPRo/sessions/s2/pp1/m1/stop_search' target='/home/dataiku/cache/analysis-data/PROJET_CHURN_BANQUE/FJvilP7A/Nq4dYPRo/sessions/s2/pp1/m1/stop_search'
[2026-04-21 19:06:18,419] [23/Thread-1] [INFO] [dataiku.container.file_exchange] Fetching file /data/dataiku/datadir/analysis-data/PROJET_CHURN_BANQUE/FJvilP7A/Nq4dYPRo/sessions/s2/pp1/m1/stop_search into /home/dataiku/cache/analysis-data/PROJET_CHURN_BANQUE/FJvilP7A/Nq4dYPRo/sessions/s2/pp1/m1/stop_search
[2026-04-21 19:06:18,420] [23/Thread-1] [DEBUG] [urllib3.connectionpool] Starting new HTTPS connection (9): dss-headless-node-56800c84.space-1e09aade-dku.svc.cluster.local:10005
[2026-04-21 19:06:18,486] [23/Thread-1] [DEBUG] [urllib3.connectionpool] https://dss-headless-node-56800c84.space-1e09aade-dku.svc.cluster.local:10005 "POST /dip/api/tintercom/containers/get-file HTTP/1.1" 404 816
[2026-04-21 19:06:18,487] [23/Thread-1] [WARNING] [dataiku.container.file_exchange] Could not fetch file /data/dataiku/datadir/analysis-data/PROJET_CHURN_BANQUE/FJvilP7A/Nq4dYPRo/sessions/s2/pp1/m1/stop_search, not found
[2026-04-21 19:06:18,689] [23/Thread-3:local-1] [ERROR] [dataiku.doctor.distributed.work_scheduler] Task T2 failed
Traceback (most recent call last):
  File "/opt/dataiku/python/dataiku/doctor/distributed/work_scheduler.py", line 245, in run
    result = self.worker.execute_work(*task.work_args)
  File "/opt/dataiku/python/dataiku/doctor/distributed/local_worker.py", line 36, in execute_work
    return self._context.execute_work(*args)
  File "/opt/dataiku/python/dataiku/doctor/crossval/search_context.py", line 76, in execute_work
    return _dku_fit_and_score(
  File "/opt/dataiku/python/dataiku/doctor/crossval/search_context.py", line 700, in _dku_fit_and_score
    train_score = _dku_score(estimator, X_train, y_train, scorer, sample_weight=w_train, indices=train)
  File "/opt/dataiku/python/dataiku/doctor/crossval/search_context.py", line 640, in _dku_score
    score = scorer(estimator, X, y, sample_weight=sample_weight)
  File "/opt/dataiku/python/dataiku/doctor/prediction/common.py", line 1612, in score_with_remap
    return sign * score_func(y, y_pred, **kwargs)
  File "/opt/dataiku/python/dataiku/doctor/utils/metrics.py", line 116, in mroc_auc_score
    raise ValueError("Could not compute AUC: {reason}"
ValueError: Could not compute AUC: Ended up with less than two-classes in the validation set.
[2026-04-21 19:06:18,691] [23/MainThread] [INFO] [dataiku.doctor.distributed.work_scheduler] Enqueued task T5
[2026-04-21 19:06:18,691] [23/Thread-3:local-1] [INFO] [dataiku.doctor.distributed.work_scheduler] Running task T5 on local-1...
[2026-04-21 19:06:18,691] [23/Thread-3:local-1] [INFO] [dataiku.doctor.crossval.search_context] Fit s=4: max_depth=6, max_features=sqrt, min_samples_leaf=1, n_estimators=100, min_samples_split=3 
[2026-04-21 19:06:18,691] [23/MainThread] [INFO] [dataiku.doctor.crossval.search_evaluator] Schedule evaluation on split 0: {'max_depth': 15, 'max_features': 'sqrt', 'min_samples_leaf': 1, 'n_estimators': 100, 'min_samples_split': 3}
[2026-04-21 19:06:18,697] [23/Thread-5:local-3] [ERROR] [dataiku.doctor.distributed.work_scheduler] Task T4 failed
Traceback (most recent call last):
  File "/opt/dataiku/python/dataiku/doctor/distributed/work_scheduler.py", line 245, in run
    result = self.worker.execute_work(*task.work_args)
  File "/opt/dataiku/python/dataiku/doctor/distributed/local_worker.py", line 36, in execute_work
    return self._context.execute_work(*args)
  File "/opt/dataiku/python/dataiku/doctor/crossval/search_context.py", line 76, in execute_work
    return _dku_fit_and_score(
  File "/opt/dataiku/python/dataiku/doctor/crossval/search_context.py", line 700, in _dku_fit_and_score
    train_score = _dku_score(estimator, X_train, y_train, scorer, sample_weight=w_train, indices=train)
  File "/opt/dataiku/python/dataiku/doctor/crossval/search_context.py", line 640, in _dku_score
    score = scorer(estimator, X, y, sample_weight=sample_weight)
  File "/opt/dataiku/python/dataiku/doctor/prediction/common.py", line 1612, in score_with_remap
    return sign * score_func(y, y_pred, **kwargs)
  File "/opt/dataiku/python/dataiku/doctor/utils/metrics.py", line 116, in mroc_auc_score
    raise ValueError("Could not compute AUC: {reason}"
ValueError: Could not compute AUC: Ended up with less than two-classes in the validation set.
[2026-04-21 19:06:18,697] [23/Thread-2:local-0] [ERROR] [dataiku.doctor.distributed.work_scheduler] Task T1 failed
Traceback (most recent call last):
  File "/opt/dataiku/python/dataiku/doctor/distributed/work_scheduler.py", line 245, in run
    result = self.worker.execute_work(*task.work_args)
  File "/opt/dataiku/python/dataiku/doctor/distributed/local_worker.py", line 36, in execute_work
    return self._context.execute_work(*args)
  File "/opt/dataiku/python/dataiku/doctor/crossval/search_context.py", line 76, in execute_work
    return _dku_fit_and_score(
  File "/opt/dataiku/python/dataiku/doctor/crossval/search_context.py", line 700, in _dku_fit_and_score
    train_score = _dku_score(estimator, X_train, y_train, scorer, sample_weight=w_train, indices=train)
  File "/opt/dataiku/python/dataiku/doctor/crossval/search_context.py", line 640, in _dku_score
    score = scorer(estimator, X, y, sample_weight=sample_weight)
  File "/opt/dataiku/python/dataiku/doctor/prediction/common.py", line 1612, in score_with_remap
    return sign * score_func(y, y_pred, **kwargs)
  File "/opt/dataiku/python/dataiku/doctor/utils/metrics.py", line 116, in mroc_auc_score
    raise ValueError("Could not compute AUC: {reason}"
ValueError: Could not compute AUC: Ended up with less than two-classes in the validation set.
[2026-04-21 19:06:18,697] [23/Thread-4:local-2] [ERROR] [dataiku.doctor.distributed.work_scheduler] Task T3 failed
Traceback (most recent call last):
  File "/opt/dataiku/python/dataiku/doctor/distributed/work_scheduler.py", line 245, in run
    result = self.worker.execute_work(*task.work_args)
  File "/opt/dataiku/python/dataiku/doctor/distributed/local_worker.py", line 36, in execute_work
    return self._context.execute_work(*args)
  File "/opt/dataiku/python/dataiku/doctor/crossval/search_context.py", line 76, in execute_work
    return _dku_fit_and_score(
  File "/opt/dataiku/python/dataiku/doctor/crossval/search_context.py", line 700, in _dku_fit_and_score
    train_score = _dku_score(estimator, X_train, y_train, scorer, sample_weight=w_train, indices=train)
  File "/opt/dataiku/python/dataiku/doctor/crossval/search_context.py", line 640, in _dku_score
    score = scorer(estimator, X, y, sample_weight=sample_weight)
  File "/opt/dataiku/python/dataiku/doctor/prediction/common.py", line 1612, in score_with_remap
    return sign * score_func(y, y_pred, **kwargs)
  File "/opt/dataiku/python/dataiku/doctor/utils/metrics.py", line 116, in mroc_auc_score
    raise ValueError("Could not compute AUC: {reason}"
ValueError: Could not compute AUC: Ended up with less than two-classes in the validation set.
[2026-04-21 19:06:18,698] [23/MainThread] [INFO] [dataiku.doctor.distributed.work_scheduler] Enqueued task T6
[2026-04-21 19:06:18,698] [23/MainThread] [INFO] [dataiku.doctor.crossval.search_evaluator] Schedule evaluation on split 1: {'max_depth': 15, 'max_features': 'sqrt', 'min_samples_leaf': 1, 'n_estimators': 100, 'min_samples_split': 3}
[2026-04-21 19:06:18,698] [23/Thread-5:local-3] [INFO] [dataiku.doctor.distributed.work_scheduler] Running task T6 on local-3...
[2026-04-21 19:06:18,699] [23/Thread-5:local-3] [INFO] [dataiku.doctor.crossval.search_context] Fit s=0: max_depth=15, max_features=sqrt, min_samples_leaf=1, n_estimators=100, min_samples_split=3 
[2026-04-21 19:06:18,699] [23/MainThread] [INFO] [dataiku.doctor.distributed.work_scheduler] Enqueued task T7
[2026-04-21 19:06:18,700] [23/MainThread] [INFO] [dataiku.doctor.crossval.search_evaluator] Schedule evaluation on split 2: {'max_depth': 15, 'max_features': 'sqrt', 'min_samples_leaf': 1, 'n_estimators': 100, 'min_samples_split': 3}
[2026-04-21 19:06:18,700] [23/Thread-2:local-0] [INFO] [dataiku.doctor.distributed.work_scheduler] Running task T7 on local-0...
[2026-04-21 19:06:18,700] [23/Thread-2:local-0] [INFO] [dataiku.doctor.crossval.search_context] Fit s=1: max_depth=15, max_features=sqrt, min_samples_leaf=1, n_estimators=100, min_samples_split=3 
[2026-04-21 19:06:18,700] [23/MainThread] [INFO] [dataiku.doctor.distributed.work_scheduler] Enqueued task T8
[2026-04-21 19:06:18,701] [23/MainThread] [INFO] [dataiku.doctor.crossval.search_evaluator] Schedule evaluation on split 3: {'max_depth': 15, 'max_features': 'sqrt', 'min_samples_leaf': 1, 'n_estimators': 100, 'min_samples_split': 3}
[2026-04-21 19:06:18,701] [23/Thread-4:local-2] [INFO] [dataiku.doctor.distributed.work_scheduler] Running task T8 on local-2...
[2026-04-21 19:06:18,701] [23/Thread-4:local-2] [INFO] [dataiku.doctor.crossval.search_context] Fit s=2: max_depth=15, max_features=sqrt, min_samples_leaf=1, n_estimators=100, min_samples_split=3 
[2026-04-21 19:06:19,492] [23/Thread-1] [INFO] [dataiku.base.folder_context] Fetching file from backend: source='/data/dataiku/datadir/analysis-data/PROJET_CHURN_BANQUE/FJvilP7A/Nq4dYPRo/sessions/s2/pp1/m1/stop_search' target='/home/dataiku/cache/analysis-data/PROJET_CHURN_BANQUE/FJvilP7A/Nq4dYPRo/sessions/s2/pp1/m1/stop_search'
[2026-04-21 19:06:19,494] [23/Thread-1] [INFO] [dataiku.container.file_exchange] Fetching file /data/dataiku/datadir/analysis-data/PROJET_CHURN_BANQUE/FJvilP7A/Nq4dYPRo/sessions/s2/pp1/m1/stop_search into /home/dataiku/cache/analysis-data/PROJET_CHURN_BANQUE/FJvilP7A/Nq4dYPRo/sessions/s2/pp1/m1/stop_search
[2026-04-21 19:06:19,505] [23/Thread-1] [DEBUG] [urllib3.connectionpool] Starting new HTTPS connection (10): dss-headless-node-56800c84.space-1e09aade-dku.svc.cluster.local:10005
[2026-04-21 19:06:19,562] [23/Thread-1] [DEBUG] [urllib3.connectionpool] https://dss-headless-node-56800c84.space-1e09aade-dku.svc.cluster.local:10005 "POST /dip/api/tintercom/containers/get-file HTTP/1.1" 404 816
[2026-04-21 19:06:19,563] [23/Thread-1] [WARNING] [dataiku.container.file_exchange] Could not fetch file /data/dataiku/datadir/analysis-data/PROJET_CHURN_BANQUE/FJvilP7A/Nq4dYPRo/sessions/s2/pp1/m1/stop_search, not found
[2026-04-21 19:06:19,950] [23/Thread-3:local-1] [ERROR] [dataiku.doctor.distributed.work_scheduler] Task T5 failed
Traceback (most recent call last):
  File "/opt/dataiku/python/dataiku/doctor/distributed/work_scheduler.py", line 245, in run
    result = self.worker.execute_work(*task.work_args)
  File "/opt/dataiku/python/dataiku/doctor/distributed/local_worker.py", line 36, in execute_work
    return self._context.execute_work(*args)
  File "/opt/dataiku/python/dataiku/doctor/crossval/search_context.py", line 76, in execute_work
    return _dku_fit_and_score(
  File "/opt/dataiku/python/dataiku/doctor/crossval/search_context.py", line 700, in _dku_fit_and_score
    train_score = _dku_score(estimator, X_train, y_train, scorer, sample_weight=w_train, indices=train)
  File "/opt/dataiku/python/dataiku/doctor/crossval/search_context.py", line 640, in _dku_score
    score = scorer(estimator, X, y, sample_weight=sample_weight)
  File "/opt/dataiku/python/dataiku/doctor/prediction/common.py", line 1612, in score_with_remap
    return sign * score_func(y, y_pred, **kwargs)
  File "/opt/dataiku/python/dataiku/doctor/utils/metrics.py", line 116, in mroc_auc_score
    raise ValueError("Could not compute AUC: {reason}"
ValueError: Could not compute AUC: Ended up with less than two-classes in the validation set.
[2026-04-21 19:06:19,984] [23/MainThread] [INFO] [dataiku.doctor.distributed.work_scheduler] Enqueued task T9
[2026-04-21 19:06:19,984] [23/MainThread] [INFO] [dataiku.doctor.crossval.search_evaluator] Schedule evaluation on split 4: {'max_depth': 15, 'max_features': 'sqrt', 'min_samples_leaf': 1, 'n_estimators': 100, 'min_samples_split': 3}
[2026-04-21 19:06:19,985] [23/Thread-3:local-1] [INFO] [dataiku.doctor.distributed.work_scheduler] Running task T9 on local-1...
[2026-04-21 19:06:19,985] [23/Thread-3:local-1] [INFO] [dataiku.doctor.crossval.search_context] Fit s=3: max_depth=15, max_features=sqrt, min_samples_leaf=1, n_estimators=100, min_samples_split=3 
[2026-04-21 19:06:19,994] [23/Thread-5:local-3] [ERROR] [dataiku.doctor.distributed.work_scheduler] Task T6 failed
Traceback (most recent call last):
  File "/opt/dataiku/python/dataiku/doctor/distributed/work_scheduler.py", line 245, in run
    result = self.worker.execute_work(*task.work_args)
  File "/opt/dataiku/python/dataiku/doctor/distributed/local_worker.py", line 36, in execute_work
    return self._context.execute_work(*args)
  File "/opt/dataiku/python/dataiku/doctor/crossval/search_context.py", line 76, in execute_work
    return _dku_fit_and_score(
  File "/opt/dataiku/python/dataiku/doctor/crossval/search_context.py", line 700, in _dku_fit_and_score
    train_score = _dku_score(estimator, X_train, y_train, scorer, sample_weight=w_train, indices=train)
  File "/opt/dataiku/python/dataiku/doctor/crossval/search_context.py", line 640, in _dku_score
    score = scorer(estimator, X, y, sample_weight=sample_weight)
  File "/opt/dataiku/python/dataiku/doctor/prediction/common.py", line 1612, in score_with_remap
    return sign * score_func(y, y_pred, **kwargs)
  File "/opt/dataiku/python/dataiku/doctor/utils/metrics.py", line 116, in mroc_auc_score
    raise ValueError("Could not compute AUC: {reason}"
ValueError: Could not compute AUC: Ended up with less than two-classes in the validation set.
[2026-04-21 19:06:19,996] [23/MainThread] [INFO] [dataiku.doctor.distributed.work_scheduler] Enqueued task T10
[2026-04-21 19:06:19,996] [23/Thread-5:local-3] [INFO] [dataiku.doctor.distributed.work_scheduler] Running task T10 on local-3...
[2026-04-21 19:06:19,997] [23/Thread-5:local-3] [INFO] [dataiku.doctor.crossval.search_context] Fit s=4: max_depth=15, max_features=sqrt, min_samples_leaf=1, n_estimators=100, min_samples_split=3 
[2026-04-21 19:06:19,998] [23/Thread-4:local-2] [ERROR] [dataiku.doctor.distributed.work_scheduler] Task T8 failed
Traceback (most recent call last):
  File "/opt/dataiku/python/dataiku/doctor/distributed/work_scheduler.py", line 245, in run
    result = self.worker.execute_work(*task.work_args)
  File "/opt/dataiku/python/dataiku/doctor/distributed/local_worker.py", line 36, in execute_work
    return self._context.execute_work(*args)
  File "/opt/dataiku/python/dataiku/doctor/crossval/search_context.py", line 76, in execute_work
    return _dku_fit_and_score(
  File "/opt/dataiku/python/dataiku/doctor/crossval/search_context.py", line 700, in _dku_fit_and_score
    train_score = _dku_score(estimator, X_train, y_train, scorer, sample_weight=w_train, indices=train)
  File "/opt/dataiku/python/dataiku/doctor/crossval/search_context.py", line 640, in _dku_score
    score = scorer(estimator, X, y, sample_weight=sample_weight)
  File "/opt/dataiku/python/dataiku/doctor/prediction/common.py", line 1612, in score_with_remap
    return sign * score_func(y, y_pred, **kwargs)
  File "/opt/dataiku/python/dataiku/doctor/utils/metrics.py", line 116, in mroc_auc_score
    raise ValueError("Could not compute AUC: {reason}"
ValueError: Could not compute AUC: Ended up with less than two-classes in the validation set.
[2026-04-21 19:06:19,998] [23/Thread-2:local-0] [ERROR] [dataiku.doctor.distributed.work_scheduler] Task T7 failed
Traceback (most recent call last):
  File "/opt/dataiku/python/dataiku/doctor/distributed/work_scheduler.py", line 245, in run
    result = self.worker.execute_work(*task.work_args)
  File "/opt/dataiku/python/dataiku/doctor/distributed/local_worker.py", line 36, in execute_work
    return self._context.execute_work(*args)
  File "/opt/dataiku/python/dataiku/doctor/crossval/search_context.py", line 76, in execute_work
    return _dku_fit_and_score(
  File "/opt/dataiku/python/dataiku/doctor/crossval/search_context.py", line 700, in _dku_fit_and_score
    train_score = _dku_score(estimator, X_train, y_train, scorer, sample_weight=w_train, indices=train)
  File "/opt/dataiku/python/dataiku/doctor/crossval/search_context.py", line 640, in _dku_score
    score = scorer(estimator, X, y, sample_weight=sample_weight)
  File "/opt/dataiku/python/dataiku/doctor/prediction/common.py", line 1612, in score_with_remap
    return sign * score_func(y, y_pred, **kwargs)
  File "/opt/dataiku/python/dataiku/doctor/utils/metrics.py", line 116, in mroc_auc_score
    raise ValueError("Could not compute AUC: {reason}"
ValueError: Could not compute AUC: Ended up with less than two-classes in the validation set.
[2026-04-21 19:06:20,585] [23/Thread-1] [INFO] [dataiku.doctor.crossval.search_runner] Completed search for hyperparameters
[2026-04-21 19:06:20,587] [23/Thread-3:local-1] [ERROR] [dataiku.doctor.distributed.work_scheduler] Task T9 failed
Traceback (most recent call last):
  File "/opt/dataiku/python/dataiku/doctor/distributed/work_scheduler.py", line 245, in run
    result = self.worker.execute_work(*task.work_args)
  File "/opt/dataiku/python/dataiku/doctor/distributed/local_worker.py", line 36, in execute_work
    return self._context.execute_work(*args)
  File "/opt/dataiku/python/dataiku/doctor/crossval/search_context.py", line 76, in execute_work
    return _dku_fit_and_score(
  File "/opt/dataiku/python/dataiku/doctor/crossval/search_context.py", line 700, in _dku_fit_and_score
    train_score = _dku_score(estimator, X_train, y_train, scorer, sample_weight=w_train, indices=train)
  File "/opt/dataiku/python/dataiku/doctor/crossval/search_context.py", line 640, in _dku_score
    score = scorer(estimator, X, y, sample_weight=sample_weight)
  File "/opt/dataiku/python/dataiku/doctor/prediction/common.py", line 1612, in score_with_remap
    return sign * score_func(y, y_pred, **kwargs)
  File "/opt/dataiku/python/dataiku/doctor/utils/metrics.py", line 116, in mroc_auc_score
    raise ValueError("Could not compute AUC: {reason}"
ValueError: Could not compute AUC: Ended up with less than two-classes in the validation set.
[2026-04-21 19:06:20,588] [23/Thread-1] [INFO] [root] Sending /home/dataiku/cache/analysis-data/PROJET_CHURN_BANQUE/FJvilP7A/Nq4dYPRo/sessions/s2/pp1/m1/grid_search_scores.json to /data/dataiku/datadir/analysis-data/PROJET_CHURN_BANQUE/FJvilP7A/Nq4dYPRo/sessions/s2/pp1/m1/grid_search_scores.json
[2026-04-21 19:06:20,591] [23/Thread-1] [DEBUG] [urllib3.connectionpool] Starting new HTTPS connection (11): dss-headless-node-56800c84.space-1e09aade-dku.svc.cluster.local:10005
[2026-04-21 19:06:20,636] [23/Thread-5:local-3] [ERROR] [dataiku.doctor.distributed.work_scheduler] Task T10 failed
Traceback (most recent call last):
  File "/opt/dataiku/python/dataiku/doctor/distributed/work_scheduler.py", line 245, in run
    result = self.worker.execute_work(*task.work_args)
  File "/opt/dataiku/python/dataiku/doctor/distributed/local_worker.py", line 36, in execute_work
    return self._context.execute_work(*args)
  File "/opt/dataiku/python/dataiku/doctor/crossval/search_context.py", line 76, in execute_work
    return _dku_fit_and_score(
  File "/opt/dataiku/python/dataiku/doctor/crossval/search_context.py", line 700, in _dku_fit_and_score
    train_score = _dku_score(estimator, X_train, y_train, scorer, sample_weight=w_train, indices=train)
  File "/opt/dataiku/python/dataiku/doctor/crossval/search_context.py", line 640, in _dku_score
    score = scorer(estimator, X, y, sample_weight=sample_weight)
  File "/opt/dataiku/python/dataiku/doctor/prediction/common.py", line 1612, in score_with_remap
    return sign * score_func(y, y_pred, **kwargs)
  File "/opt/dataiku/python/dataiku/doctor/utils/metrics.py", line 116, in mroc_auc_score
    raise ValueError("Could not compute AUC: {reason}"
ValueError: Could not compute AUC: Ended up with less than two-classes in the validation set.
[2026-04-21 19:06:20,644] [23/Thread-1] [DEBUG] [urllib3.connectionpool] https://dss-headless-node-56800c84.space-1e09aade-dku.svc.cluster.local:10005 "POST /dip/api/tintercom/containers/put-file?executionId=doctor-preprocessing-yzrcjnu&fileKind=FILTERED_PATHS&path=%2Fdata%2Fdataiku%2Fdatadir%2Fanalysis-data%2FPROJET_CHURN_BANQUE%2FFJvilP7A%2FNq4dYPRo%2Fsessions%2Fs2%2Fpp1%2Fm1%2Fgrid_search_scores.json&expand=false HTTP/1.1" 200 None
[2026-04-21 19:06:20,644] [23/Thread-1] [INFO] [dataiku.doctor.distributed.work_scheduler] Scheduler has been soft interrupted
[2026-04-21 19:06:20,645] [23/MainThread] [INFO] [dataiku.doctor.distributed.work_scheduler] Scheduler has been hard interrupted (shutdown)
[2026-04-21 19:06:20,645] [23/Thread-4:local-2] [INFO] [dataiku.doctor.distributed.local_worker] Stopping worker: local-2
[2026-04-21 19:06:20,645] [23/Thread-4:local-2] [INFO] [dataiku.doctor.distributed.local_worker] Stopped worker: local-2
[2026-04-21 19:06:20,645] [23/Thread-5:local-3] [INFO] [dataiku.doctor.distributed.local_worker] Stopping worker: local-3
[2026-04-21 19:06:20,645] [23/Thread-5:local-3] [INFO] [dataiku.doctor.distributed.local_worker] Stopped worker: local-3
[2026-04-21 19:06:20,645] [23/Thread-2:local-0] [INFO] [dataiku.doctor.distributed.local_worker] Stopping worker: local-0
[2026-04-21 19:06:20,645] [23/Thread-2:local-0] [INFO] [dataiku.doctor.distributed.local_worker] Stopped worker: local-0
[2026-04-21 19:06:20,645] [23/Thread-3:local-1] [ERROR] [dataiku.doctor.distributed.work_scheduler] All workers are dead, interrupt the scheduler
[2026-04-21 19:06:20,646] [23/Thread-3:local-1] [INFO] [dataiku.doctor.distributed.local_worker] Stopping worker: local-1
[2026-04-21 19:06:20,646] [23/Thread-3:local-1] [INFO] [dataiku.doctor.distributed.local_worker] Stopped worker: local-1
[2026-04-21 19:06:20,646] [23/MainThread] [INFO] [dataiku.doctor.utils.listener] END -  Hyperparameter searching
[2026/04/21-19:06:20.646] [MRT-1276] [INFO] [dku.block.link.interaction]  - Check result for nullity exceptionIfNull=true result=null
Traceback (most recent call last):
  File "/opt/dataiku/python/dataiku/doctor/server.py", line 47, in serve
    ret = api_command(arg)
  File "/opt/dataiku/python/dataiku/doctor/dkuapi.py", line 46, in aux
    return api(**kwargs)
  File "/opt/dataiku/python/dataiku/doctor/commands.py", line 386, in train_prediction_models_nosave
    prediction_train_score_save(transformed_train,
  File "/opt/dataiku/python/dataiku/doctor/prediction_entrypoints.py", line 115, in prediction_train_score_save
    (clf, actual_params, prepared_X, iipd) = classification_fit(modeling_params, core_params, transformed_train,
  File "/opt/dataiku/python/dataiku/doctor/prediction/classification_fit.py", line 807, in classification_fit
    clf = hyperparameter_search_runner.get_best_estimator()
  File "/opt/dataiku/python/dataiku/doctor/crossval/search_runner.py", line 143, in get_best_estimator
    self.aggregated_results = self.search_settings.search_strategy.explore(evaluator)
  File "/opt/dataiku/python/dataiku/doctor/crossval/strategies/grid_search_strategy.py", line 33, in explore
    results, _ = self.explore_batch(evaluator, self.grid_elements)
  File "/opt/dataiku/python/dataiku/doctor/crossval/strategies/abstract_search_strategy.py", line 52, in explore_batch
    reraise_most_important(
  File "/opt/dataiku/python/dataiku/doctor/distributed/cheap_future.py", line 127, in reraise_most_important
    failed_future.result()
  File "/opt/dataiku/python/dataiku/doctor/distributed/cheap_future.py", line 41, in result
    return self._get_or_raise_result()
  File "/opt/dataiku/python/dataiku/doctor/distributed/cheap_future.py", line 54, in _get_or_raise_result
    six.reraise(*self._exc_info)
  File "/opt/dataiku/pyenv/lib/python3.9/site-packages/six.py", line 723, in reraise
    raise value.with_traceback(tb)
  File "/opt/dataiku/python/dataiku/doctor/distributed/cheap_future.py", line 26, in _resolve
    result = task_fn()
  File "/opt/dataiku/python/dataiku/doctor/crossval/search_evaluator.py", line 60, in execute_all_splits_aggregate_store_fn
    reraise_most_important(per_split_futures,
  File "/opt/dataiku/python/dataiku/doctor/distributed/cheap_future.py", line 127, in reraise_most_important
    failed_future.result()
  File "/opt/dataiku/python/dataiku/doctor/distributed/cheap_future.py", line 41, in result
    return self._get_or_raise_result()
  File "/opt/dataiku/python/dataiku/doctor/distributed/cheap_future.py", line 54, in _get_or_raise_result
    six.reraise(*self._exc_info)
  File "/opt/dataiku/pyenv/lib/python3.9/site-packages/six.py", line 723, in reraise
    raise value.with_traceback(tb)
  File "/opt/dataiku/python/dataiku/doctor/distributed/work_scheduler.py", line 245, in run
    result = self.worker.execute_work(*task.work_args)
  File "/opt/dataiku/python/dataiku/doctor/distributed/local_worker.py", line 36, in execute_work
    return self._context.execute_work(*args)
  File "/opt/dataiku/python/dataiku/doctor/crossval/search_context.py", line 76, in execute_work
    return _dku_fit_and_score(
  File "/opt/dataiku/python/dataiku/doctor/crossval/search_context.py", line 700, in _dku_fit_and_score
    train_score = _dku_score(estimator, X_train, y_train, scorer, sample_weight=w_train, indices=train)
  File "/opt/dataiku/python/dataiku/doctor/crossval/search_context.py", line 640, in _dku_score
    score = scorer(estimator, X, y, sample_weight=sample_weight)
  File "/opt/dataiku/python/dataiku/doctor/prediction/common.py", line 1612, in score_with_remap
    return sign * score_func(y, y_pred, **kwargs)
  File "/opt/dataiku/python/dataiku/doctor/utils/metrics.py", line 116, in mroc_auc_score
    raise ValueError("Could not compute AUC: {reason}"
ValueError: Could not compute AUC: Ended up with less than two-classes in the validation set.
[2026-04-21 19:06:20,649] [23/MainThread] [INFO] [dataiku.base.socket_block_link] Client closed
Installing debugging signal handler
[2026-04-21 19:06:20,984] [1/MainThread] [INFO] [root] Stop monitoring process 23
[2026/04/21-19:06:21.065] [KNL-python-single-command-kernel-k8smonitor-1316] [INFO] [dku.containers.kubernetes]  - wait for pod to complete, getting pod status
[2026/04/21-19:06:21.065] [KNL-python-single-command-kernel-k8smonitor-1316] [INFO] [dku.containers.kubernetes]  - Querying status on pod dataiku-exec-doctor-preprocessing-yzrcjnu- try number 1
[2026/04/21-19:06:21.149] [MRT-1276] [INFO] [dku.kernels]  - Getting kernel tail
[2026/04/21-19:06:21.151] [MRT-1276] [INFO] [dku.ml.kernel]  - Kubernetes: Trying to enrich exception: com.dataiku.dip.io.SocketBlockLinkKernelException: Could not compute AUC: Ended up with less than two-classes in the validation set. from kernel com.dataiku.dip.analysis.coreservices.AnalysisMLContainerKernel@38549811 process=com.dataiku.dip.containers.exec.KubernetesExecUtils$KubernetesPod@2ea67fbb pid=20879 retcode=null
[2026/04/21-19:06:21.151] [MRT-1276] [WARN] [dku.analysis.ml.python]  - Training failed
com.dataiku.dip.io.SocketBlockLinkKernelException: Could not compute AUC: Ended up with less than two-classes in the validation set.
	at com.dataiku.dip.io.SocketBlockLinkInteraction.throwExceptionFromPython(SocketBlockLinkInteraction.java:306)
	at com.dataiku.dip.io.SocketBlockLinkInteraction$AsyncResult.checkException(SocketBlockLinkInteraction.java:219)
	at com.dataiku.dip.io.SocketBlockLinkInteraction$AsyncResult.get(SocketBlockLinkInteraction.java:194)
	at com.dataiku.dip.io.SingleCommandKernelLink$1.call(SingleCommandKernelLink.java:215)
	at com.dataiku.dip.analysis.ml.prediction.PredictionTrainAdditionalThread.process(PredictionTrainAdditionalThread.java:76)
	at com.dataiku.dip.analysis.ml.shared.PRNSTrainThread.run(PRNSTrainThread.java:164)
[2026/04/21-19:06:21.151] [MRT-1276] [INFO] [dku.ml.kernel]  - Waiting for error after pod failed
[2026/04/21-19:06:21.152] [MRT-1276] [INFO] [dku.ml.kernel]  - /data/dataiku/datadir/analysis-data/PROJET_CHURN_BANQUE/FJvilP7A/Nq4dYPRo/sessions/s2/pp1/error.json not here, still waiting
[2026/04/21-19:06:21.199] [Thread-1089] [DEBUG] [dku.utils]  - Process kubectl-get-pod done (return code 0)
[2026/04/21-19:06:21.199] [KNL-python-single-command-kernel-k8smonitor-1316] [DEBUG] [dku.containers.kubernetes]  - kubectl get pod OK, out=Running
[2026/04/21-19:06:21.200] [KNL-python-single-command-kernel-k8smonitor-1316] [DEBUG] [dku.containers.kubernetes]  - Kubernetes pod is running
[2026/04/21-19:06:23.652] [MRT-1276] [INFO] [dku.ml.kernel]  - /data/dataiku/datadir/analysis-data/PROJET_CHURN_BANQUE/FJvilP7A/Nq4dYPRo/sessions/s2/pp1/error.json not here, still waiting
[2026-04-21 19:06:24,915] [1/Thread-1] [WARNING] [root] Process not yet started, or shutting down
[2026-04-21 19:06:24,915] [1/Thread-1] [INFO] [root] Done monitoring process 23
[2026-04-21 19:06:24,915] [1/MainThread] [INFO] [root] Containerized process exited with status 0
[2026-04-21 19:06:24,919] [1/MainThread] [DEBUG] [urllib3.connectionpool] https://dss-headless-node-56800c84.space-1e09aade-dku.svc.cluster.local:10005 "POST /dip/api/tintercom/containers/put-file?executionId=doctor-preprocessing-yzrcjnu&fileKind=EXECUTION_DIR&path=container_done.txt HTTP/1.1" 200 None
Installing debugging signal handler
[2026/04/21-19:06:26.153] [MRT-1276] [INFO] [dku.ml.kernel]  - Didn't get error file
[2026/04/21-19:06:26.153] [MRT-1276] [INFO] [dku.ml.kernel]  - Deleting pod
[2026/04/21-19:06:26.154] [MRT-1276] [INFO] [dku.containers.kubernetes]  - Deleting Kubernetes object: ["delete","-f","/data/dataiku/datadir/analysis-data/PROJET_CHURN_BANQUE/FJvilP7A/Nq4dYPRo/sessions/s2/pp1/pod.yaml","-f","/data/dataiku/datadir/analysis-data/PROJET_CHURN_BANQUE/FJvilP7A/Nq4dYPRo/sessions/s2/pp1/secret.yaml"]
[2026/04/21-19:06:26.200] [KNL-python-single-command-kernel-k8smonitor-1316] [INFO] [dku.containers.kubernetes]  - wait for pod to complete, getting pod status
[2026/04/21-19:06:26.201] [KNL-python-single-command-kernel-k8smonitor-1316] [INFO] [dku.containers.kubernetes]  - Querying status on pod dataiku-exec-doctor-preprocessing-yzrcjnu- try number 1
[2026/04/21-19:06:26.398] [Thread-1104] [DEBUG] [dku.utils]  - Process kubectl-get-pod done (return code 0)
[2026/04/21-19:06:26.399] [KNL-python-single-command-kernel-k8smonitor-1316] [DEBUG] [dku.containers.kubernetes]  - kubectl get pod OK, out=Running
[2026/04/21-19:06:26.399] [KNL-python-single-command-kernel-k8smonitor-1316] [DEBUG] [dku.containers.kubernetes]  - Kubernetes pod is running
[2026/04/21-19:06:27.685] [Thread-1101] [DEBUG] [dku.utils]  - Process kubectl done (return code 0)
[2026/04/21-19:06:27.685] [MRT-1276] [INFO] [dku.ml.kernel]  - Pod deleted
[2026/04/21-19:06:27.686] [MRT-1276] [WARN] [dku.kernels]  - Killing kernel python-single-command-kernel
[2026/04/21-19:06:27.686] [MRT-1276] [INFO] [dku.containers.kubernetes]  - Deleting Kubernetes object: ["delete","-f","/data/dataiku/datadir/analysis-data/PROJET_CHURN_BANQUE/FJvilP7A/Nq4dYPRo/sessions/s2/pp1/pod.yaml","-f","/data/dataiku/datadir/analysis-data/PROJET_CHURN_BANQUE/FJvilP7A/Nq4dYPRo/sessions/s2/pp1/secret.yaml"]
[2026/04/21-19:06:27.813] [Thread-1107] [INFO] [dku.utils]  - Process kubectl completed, return code 1
[2026/04/21-19:06:27.813] [MRT-1276] [INFO] [dku.engine]  - Schedule closing for WorkerPool
[2026/04/21-19:06:27.814] [MRT-1276] [DEBUG] [dku.remoterun.registry]  - Finished with container execution doctor-preprocessing-yzrcjnu
[2026/04/21-19:06:27.814] [MRT-1276] [INFO] [dip.tickets]  - Destroying API ticket for analysis-ml-PROJET_CHURN_BANQUE-yzrcjnu on behalf of karunakaranrishikaran@gmail.com
[2026/04/21-19:06:27.815] [MRT-1276] [ERROR] [dku.analysis.ml.python]  - Failure while destroying ml kernel
java.io.IOException: Could not stop kubernetes object: return value was 1 (Error from server (NotFound): error when deleting "/data/dataiku/datadir/analysis-data/PROJET_CHURN_BANQUE/FJvilP7A/Nq4dYPRo/sessions/s2/pp1/pod.yaml": pods "dataiku-exec-doctor-preprocessing-yzrcjnu" not found
Error from server (NotFound): error when deleting "/data/dataiku/datadir/analysis-data/PROJET_CHURN_BANQUE/FJvilP7A/Nq4dYPRo/sessions/s2/pp1/secret.yaml": secrets "dkusecret-doctor-preprocessing-yzrcjnu" not found
)
	at com.dataiku.dip.containers.exec.KubernetesExecUtils.delete(KubernetesExecUtils.java:2287)
	at com.dataiku.dip.containers.exec.KubernetesExecUtils.deleteFromFiles(KubernetesExecUtils.java:2272)
	at com.dataiku.dip.containers.exec.KubernetesExecUtils$KubernetesPod.delete(KubernetesExecUtils.java:2402)
	at com.dataiku.dip.containers.exec.KubernetesExecUtils$KubernetesPod.evilKill(KubernetesExecUtils.java:2417)
	at com.dataiku.dip.kernels.DSSKernelBase.killWithoutMercy(DSSKernelBase.java:226)
	at com.dataiku.dip.kernels.DSSKernelBase.killWithoutMercy(DSSKernelBase.java:214)
	at com.dataiku.dip.analysis.ml.shared.PRNSTrainThread.run(PRNSTrainThread.java:192)
[2026/04/21-19:06:27.816] [MRT-1276] [INFO] [dku.block.link]  - Closed socket
[2026/04/21-19:06:27.816] [MRT-1276] [INFO] [dku.block.link]  - Closed socket
[2026/04/21-19:06:27.816] [MRT-1276] [INFO] [dku.block.link]  - Closed serverSocket
[2026/04/21-19:06:27.817] [MRT-1276] [ERROR] [dku.analysis.ml.python]  - Processing failed
com.dataiku.dip.io.SocketBlockLinkKernelException: Could not compute AUC: Ended up with less than two-classes in the validation set.
	at com.dataiku.dip.io.SocketBlockLinkInteraction.throwExceptionFromPython(SocketBlockLinkInteraction.java:306)
	at com.dataiku.dip.io.SocketBlockLinkInteraction$AsyncResult.checkException(SocketBlockLinkInteraction.java:219)
	at com.dataiku.dip.io.SocketBlockLinkInteraction$AsyncResult.get(SocketBlockLinkInteraction.java:194)
	at com.dataiku.dip.io.SingleCommandKernelLink$1.call(SingleCommandKernelLink.java:215)
	at com.dataiku.dip.analysis.ml.prediction.PredictionTrainAdditionalThread.process(PredictionTrainAdditionalThread.java:76)
	at com.dataiku.dip.analysis.ml.shared.PRNSTrainThread.run(PRNSTrainThread.java:164)
[2026/04/21-19:06:27.817] [MRT-1276] [INFO] [dku.analysis.ml]  - Locking model train info file /data/dataiku/datadir/analysis-data/PROJET_CHURN_BANQUE/FJvilP7A/Nq4dYPRo/sessions/s2/pp1/m1/train_info.json
[2026/04/21-19:06:27.819] [MRT-1276] [INFO] [dku.analysis.ml]  - Unlocked model train info file /data/dataiku/datadir/analysis-data/PROJET_CHURN_BANQUE/FJvilP7A/Nq4dYPRo/sessions/s2/pp1/m1/train_info.json
[2026/04/21-19:06:27.819] [FT-TrainWorkThread-Ke94I2dm-1275] [INFO] [dku.analysis.ml.python] T-Nq4dYPRo - [ct: 23418] Processing thread joined ...
[2026/04/21-19:06:27.820] [FT-TrainWorkThread-Ke94I2dm-1275] [INFO] [dku.analysis.ml.python] T-Nq4dYPRo - [ct: 23419] Joining processing thread ...
[2026/04/21-19:06:27.820] [FT-TrainWorkThread-Ke94I2dm-1275] [INFO] [dku.analysis.ml.python] T-Nq4dYPRo - [ct: 23419] Processing thread joined ...
[2026/04/21-19:06:27.821] [FT-TrainWorkThread-Ke94I2dm-1275] [INFO] [dku.analysis] T-Nq4dYPRo - [ct: 23420] Train done
[2026/04/21-19:06:27.821] [FT-TrainWorkThread-Ke94I2dm-1275] [INFO] [dku.analysis.prediction] T-Nq4dYPRo - [ct: 23420] Train done
[2026/04/21-19:06:27.827] [FT-TrainWorkThread-Ke94I2dm-1275] [INFO] [dku.analysis.trainingdetails] T-Nq4dYPRo - Publishing mltask-train-done reflected event
[2026/04/21-19:06:27.828] [FT-TrainWorkThread-Ke94I2dm-1275] [INFO] [dku.futures]  - [ct: 23427] Completed future execution: TrainWorkThread
[2026/04/21-19:06:31.399] [KNL-python-single-command-kernel-k8smonitor-1316] [INFO] [dku.containers.kubernetes]  - wait for pod to complete, getting pod status
[2026/04/21-19:06:31.400] [KNL-python-single-command-kernel-k8smonitor-1316] [INFO] [dku.containers.kubernetes]  - Querying status on pod dataiku-exec-doctor-preprocessing-yzrcjnu- try number 1
[2026/04/21-19:06:31.523] [Thread-1114] [DEBUG] [dku.utils]  - Process kubectl-get-pod done (return code 0)
[2026/04/21-19:06:31.523] [KNL-python-single-command-kernel-k8smonitor-1316] [ERROR] [dku.containers.kubernetes]  - kubectl get pod failed, no pod found : dataiku-exec-doctor-preprocessing-yzrcjnu
[2026/04/21-19:06:36.524] [KNL-python-single-command-kernel-k8smonitor-1316] [INFO] [dku.containers.kubernetes]  - Querying status on pod dataiku-exec-doctor-preprocessing-yzrcjnu- try number 2
[2026/04/21-19:06:36.647] [Thread-1120] [DEBUG] [dku.utils]  - Process kubectl-get-pod done (return code 0)
[2026/04/21-19:06:36.647] [KNL-python-single-command-kernel-k8smonitor-1316] [ERROR] [dku.containers.kubernetes]  - kubectl get pod failed, no pod found : dataiku-exec-doctor-preprocessing-yzrcjnu
[2026/04/21-19:06:41.648] [KNL-python-single-command-kernel-k8smonitor-1316] [INFO] [dku.containers.kubernetes]  - Querying status on pod dataiku-exec-doctor-preprocessing-yzrcjnu- try number 3
[2026/04/21-19:06:41.770] [Thread-1123] [DEBUG] [dku.utils]  - Process kubectl-get-pod done (return code 0)
[2026/04/21-19:06:41.771] [KNL-python-single-command-kernel-k8smonitor-1316] [ERROR] [dku.containers.kubernetes]  - kubectl get pod failed, no pod found : dataiku-exec-doctor-preprocessing-yzrcjnu
[2026/04/21-19:06:46.771] [KNL-python-single-command-kernel-k8smonitor-1316] [WARN] [dku.containers.kubernetes]  - Error getting pod status
java.io.IOException: Error while checking kubernetes pod status, no pod found
	at com.dataiku.dip.containers.exec.KubernetesExecUtils.getPodStatus(KubernetesExecUtils.java:1990)
	at com.dataiku.dip.containers.exec.KubernetesExecUtils.waitForPod(KubernetesExecUtils.java:2057)
	at com.dataiku.dip.analysis.coreservices.AnalysisMLContainerKernel$K8SKernelMonitorThread.run(AnalysisMLContainerKernel.java:312)
[2026/04/21-19:06:46.772] [KNL-python-single-command-kernel-k8smonitor-1316] [INFO] [dku.ml.kernel]  - K8S pod terminated, exception:java.io.IOException: Error while checking kubernetes pod status, no pod found
[2026/04/21-19:06:46.772] [KNL-python-single-command-kernel-k8smonitor-1316] [INFO] [dku.ml.kernel]  - Log handling process done with code 0
[2026/04/21-19:06:46.772] [KNL-python-single-command-kernel-k8smonitor-1316] [DEBUG] [dku.resourceusage]  - Reporting completion of CRU:{"context":{"type":"ANALYSIS_ML_TRAIN","authIdentifier":"karunakaranrishikaran@gmail.com","projectKey":"PROJET_CHURN_BANQUE","analysisId":"FJvilP7A","mlTaskId":"Nq4dYPRo","sessionId":"s2"},"type":"SINGLE_K8S_JOB","id":"PR8msjxq2s0n2D5F","startTime":1776798367551,"singleK8SJob":{"k8sClusterId":"__builtin__","executionId":"doctor-preprocessing-yzrcjnu","cpuRequest":1.0,"cpuLimit":1.0,"memoryRequestMB":8192,"memoryLimitMB":8192,"containerConfigName":"vCPU-1-RAM-8GiB"}}
