"181479.0"	"Current Account"	"Deposit Account"	"2015-06-28T00:00:00.000000Z"	"5558564483359964089"	"2015-07-28T00:00:00.000000Z"	"1"	"-1183.06"	"-1183.06"	"1.0"	"-1183.06"	""	"1.0"	"1.5"	"1.5"	"8.0"	"220.0"	"7820.0"	"5.0"	"82.21999999999998"	"44.0"	"10.0"	"Male"	"2000-07-10T00:00:00.000000Z"	"35.0"	"24180.0"	"2.SILVER"	"1970-07-02T00:00:00.000000Z"	"Federica"	"Cejka"	"Loyalist"
"438153.0"	"Mortgage"	"Secured Lending"	"2015-01-28T00:00:00.000000Z"	"6921853962136525353"	""	"0"	"47457.99"	"52300.59"	"16.0"	"49879.29"	"1537.0258359138609"	"16.0"	"3.803084820523558"	"60.84935712837693"	"4.0"	"186.0"	"3980.0"	"0.0"	"0.0"	"47.0"	"12.0"	"Male"	"2003-10-04T00:00:00.000000Z"	"7.0"	"16270.0"	"2.SILVER"	"1976-06-04T00:00:00.000000Z"	"Maximilian"	"Brodnecke"	"Sophisticates"
"1140569.0"	"Car Loan"	"Secured Lending"	"2015-12-28T00:00:00.000000Z"	"5962548631715772386"	"2016-01-28T00:00:00.000000Z"	"1"	"394.88"	"394.88"	"1.0"	"394.88"	""	"1.0"	"2.298984031927452"	"2.298984031927452"	"0.0"	"155.0"	"4010.0"	"0.0"	"0.0"	"51.0"	"2.0"	"Male"	"2013-07-10T00:00:00.000000Z"	"12.0"	"13390.0"	"2.SILVER"	"1993-06-09T00:00:00.000000Z"	"Sherwood"	"Brunstan"	"Loyalist"
"94216.0"	"Current Account"	"Deposit Account"	"2015-01-28T00:00:00.000000Z"	"6745620049057674670"	""	"0"	"408.01"	"6292.09"	"16.0"	"2154.4031250000007"	"1496.0185246434116"	"16.0"	"0.5"	"8.0"	"4.0"	"204.0"	"9250.0"	"1.0"	"25.14"	"43.0"	"7.0"	"Female"	"1998-04-27T00:00:00.000000Z"	"28.0"	"28700.0"	"2.SILVER"	"1962-06-25T00:00:00.000000Z"	"Foss"	"Jochanany"	"Sophisticates"
"550606.0"	"Current Account"	"Deposit Account"	"2015-01-28T00:00:00.000000Z"	"1188061896553108523"	""	"0"	"-259.01"	"3953.69"	"16.0"	"1434.87625"	"1271.0441754446092"	"16.0"	"2.5"	"40.0"	"0.0"	"215.0"	"10080.0"	"0.0"	"0.0"	"43.0"	"5.0"	"Female"	"2005-08-22T00:00:00.000000Z"	"33.0"	"35020.0"	"2.SILVER"	"1974-06-30T00:00:00.000000Z"	"Brianna"	"Rocks"	"Emergent"
"739300.0"	"Car Loan"	"Secured Lending"	"2015-01-28T00:00:00.000000Z"	"896172103433879937"	""	"0"	"748.7"	"4492.25"	"16.0"	"2620.4750000000004"	"1188.19086194096"	"16.0"	"29.252403270837377"	"468.038452333398"	"5.0"	"184.0"	"21960.0"	"2.0"	"163.52999999999997"	"37.0"	"8.0"	"Male"	"2007-12-28T00:00:00.000000Z"	"28.0"	"74490.0"	"1.GOLD"	"1958-06-25T00:00:00.000000Z"	"Roselle"	"Bessant"	"Sophisticates"
"24861.0"	"Savings Account"	"Deposit Account"	"2015-01-28T00:00:00.000000Z"	"1247407242918210015"	""	"0"	"-1975.34"	"9149.48"	"16.0"	"2825.7056250000005"	"3330.5105826764134"	"16.0"	""	""	"0.0"	"231.0"	"15520.0"	"4.0"	"310.29999999999995"	"44.0"	"7.0"	"Female"	"1995-10-23T00:00:00.000000Z"	"28.0"	"55240.0"	"2.SILVER"	"1969-06-25T00:00:00.000000Z"	"Sara"	"Kisbey"	"Loyalist"
"1434588.0"	"Current Account"	"Deposit Account"	"2015-09-28T00:00:00.000000Z"	"6597859799076242390"	"2015-12-28T00:00:00.000000Z"	"1"	"-19.82"	"88.5"	"3.0"	"36.99"	"54.35414519611177"	"3.0"	"2.5"	"7.5"	"0.0"	"34.0"	"1270.0"	"0.0"	"0.0"	"10.0"	"0.0"	"Female"	"2015-08-11T00:00:00.000000Z"	"38.0"	"23140.0"	"2.SILVER"	"1979-07-05T00:00:00.000000Z"	"Alvira"	"Duckett"	"Emergent"
"326602.0"	"Premium Credit Card"	"Unsecured Lending"	"2015-01-28T00:00:00.000000Z"	"2484856469388838813"	""	"0"	"-66.88"	"719.34"	"16.0"	"309.648125"	"252.34532747061118"	"16.0"	"15.445625"	"247.13"	"3.0"	"196.0"	"11870.0"	"1.0"	"22.51"	"34.0"	"8.0"	"Female"	"2002-02-04T00:00:00.000000Z"	"28.0"	"41090.0"	"2.SILVER"	"1961-06-25T00:00:00.000000Z"	"Newton"	"Stow"	"Sophisticates"
"565698.0"	"Mortgage"	"Secured Lending"	"2015-01-28T00:00:00.000000Z"	"2033749614730359367"	""	"0"	"158746.8"	"165876.15"	"16.0"	"162311.47499999998"	"2262.8330118681233"	"16.0"	"2.313035874846894"	"37.00857399755031"	"4.0"	"229.0"	"12280.0"	"1.0"	"103.97"	"41.0"	"4.0"	"Male"	"2005-10-17T00:00:00.000000Z"	"28.0"	"40980.0"	"2.SILVER"	"1960-06-25T00:00:00.000000Z"	"Artemas"	"Philbin"	"Sophisticates"
"72645.0"	"Current Account"	"Deposit Account"	"2015-01-28T00:00:00.000000Z"	"6931552257386672588"	""	"0"	"-816.81"	"1553.11"	"16.0"	"528.1524999999999"	"661.2318035253094"	"16.0"	"1.5"	"24.0"	"2.0"	"215.0"	"3800.0"	"2.0"	"76.78"	"44.0"	"3.0"	"Female"	"1997-09-29T00:00:00.000000Z"	"11.0"	"13090.0"	"2.SILVER"	"1962-06-08T00:00:00.000000Z"	"Antonio"	"Starsmeare"	"Loyalist"
"193480.0"	"Savings Account"	"Deposit Account"	"2015-01-28T00:00:00.000000Z"	"3927316430961321284"	""	"0"	"-554.06"	"3006.57"	"16.0"	"1014.9174999999999"	"889.1822209911008"	"16.0"	""	""	"1.0"	"200.0"	"6830.0"	"1.0"	"13.65"	"37.0"	"8.0"	"Female"	"2000-09-20T00:00:00.000000Z"	"28.0"	"24090.0"	"2.SILVER"	"1954-06-25T00:00:00.000000Z"	"Merola"	"Hucker"	"Sophisticates"
"898316.0"	"Standard Credit Card"	"Unsecured Lending"	"2015-12-28T00:00:00.000000Z"	"5734838133667000446"	"2015-12-28T00:00:00.000000Z"	"1"	""	""	""	""	""	""	""	""	"2.0"	"189.0"	"7890.0"	"1.0"	"28.35"	"47.0"	"4.0"	"Male"	"2010-12-07T00:00:00.000000Z"	"46.0"	"30240.0"	"3.BRONZE"	"1977-07-13T00:00:00.000000Z"	"Bengt"	"Perrelli"	"Loyalist"
"147225.0"	"Savings Account"	"Deposit Account"	"2015-01-28T00:00:00.000000Z"	"8102630109948816441"	""	"0"	"-727.89"	"6223.3"	"16.0"	"2982.298125"	"2096.3888159856183"	"16.0"	""	""	"3.0"	"202.0"	"6770.0"	"0.0"	"0.0"	"43.0"	"6.0"	"Female"	"1999-10-25T00:00:00.000000Z"	"14.0"	"23970.0"	"2.SILVER"	"1963-06-11T00:00:00.000000Z"	"Alaine"	"Strachan"	"Sophisticates"
"96251.0"	"Car Loan"	"Secured Lending"	"2015-02-28T00:00:00.000000Z"	"954133013176349438"	"2015-02-28T00:00:00.000000Z"	"1"	""	""	""	""	""	""	""	""	"4.0"	"193.0"	"15620.0"	"2.0"	"249.69"	"42.0"	"4.0"	"Female"	"1998-05-13T00:00:00.000000Z"	"8.0"	"50770.0"	"2.SILVER"	"1972-06-05T00:00:00.000000Z"	"Dalis"	"Elms"	"Loyalist"
"875337.0"	"Current Account"	"Deposit Account"	"2015-01-28T00:00:00.000000Z"	"2207860207194298338"	""	"0"	"-49.38"	"141.89"	"16.0"	"63.88687499999999"	"50.49327872350934"	"16.0"	"1.5"	"24.0"	"1.0"	"218.0"	"6220.0"	"0.0"	"0.0"	"45.0"	"6.0"	"Female"	"2010-04-23T00:00:00.000000Z"	"28.0"	"19050.0"	"2.SILVER"	"1979-06-25T00:00:00.000000Z"	"Fleming"	"Caff"	"Emergent"
"667228.0"	"Managed Securities"	"Securities"	"2015-01-28T00:00:00.000000Z"	"1030564838339904550"	"2015-09-28T00:00:00.000000Z"	"1"	"-1932.2"	"3597.62"	"8.0"	"947.1137499999999"	"1752.8676402882343"	"8.0"	"18.387500000000003"	"147.10000000000002"	"1.0"	"243.0"	"3300.0"	"1.0"	"36.16"	"39.0"	"1.0"	"Female"	"2007-01-09T00:00:00.000000Z"	"41.0"	"11180.0"	"2.SILVER"	"1965-07-08T00:00:00.000000Z"	"Dennison"	"Garfath"	"Loyalist"
"915344.0"	"Mortgage"	"Secured Lending"	"2015-01-28T00:00:00.000000Z"	"3450124659509312470"	""	"0"	"153919.28"	"160873.43"	"16.0"	"157396.35499999998"	"2207.2250891712233"	"16.0"	"17.76378927695351"	"284.22062843125616"	"2.0"	"217.0"	"11630.0"	"3.0"	"152.44"	"53.0"	"7.0"	"Male"	"2011-06-16T00:00:00.000000Z"	"28.0"	"38090.0"	"3.BRONZE"	"1986-06-25T00:00:00.000000Z"	"Jeremias"	"Sturgess"	"Loyalist"
"802704.0"	"Savings Account"	"Deposit Account"	"2015-01-28T00:00:00.000000Z"	"5911966998820795891"	""	"0"	"-2698.16"	"13710.99"	"16.0"	"6701.03625"	"4675.62409106902"	"16.0"	""	""	"2.0"	"182.0"	"12030.0"	"0.0"	"0.0"	"39.0"	"4.0"	"Male"	"2008-10-10T00:00:00.000000Z"	"39.0"	"45410.0"	"2.SILVER"	"1948-07-06T00:00:00.000000Z"	"Frank"	"Gores"	"Sophisticates"
"853469.0"	"Premium Credit Card"	"Unsecured Lending"	"2015-01-28T00:00:00.000000Z"	"7513873892803465681"	""	"0"	"-1528.42"	"5938.51"	"16.0"	"2121.0837500000002"	"2119.022982294356"	"16.0"	"3.48375"	"55.74"	"0.0"	"215.0"	"7100.0"	"1.0"	"67.36"	"45.0"	"5.0"	"Female"	"2009-10-05T00:00:00.000000Z"	"28.0"	"24460.0"	"2.SILVER"	"1973-06-25T00:00:00.000000Z"	"Margette"	"Wakes"	"Loyalist"
"973204.0"	"Current Account"	"Deposit Account"	"2015-01-28T00:00:00.000000Z"	"7837908081406900270"	""	"0"	"-7.95"	"35.9"	"16.0"	"16.089374999999997"	"15.079482956984965"	"16.0"	"2.5"	"40.0"	"0.0"	"195.0"	"4380.0"	"0.0"	"0.0"	"43.0"	"1.0"	"Female"	"2011-11-04T00:00:00.000000Z"	"16.0"	"14380.0"	"3.BRONZE"	"1991-06-13T00:00:00.000000Z"	"Oralee"	"Drinkwater"	"Emergent"
"1291786.0"	"Mortgage"	"Secured Lending"	"2016-05-28T00:00:00.000000Z"	"5708361976851414987"	""	"0"	""	""	""	""	""	""	""	""	"0.0"	"179.0"	"10400.0"	"0.0"	"0.0"	"47.0"	"2.0"	"Female"	"2015-01-02T00:00:00.000000Z"	"28.0"	"40720.0"	"2.SILVER"	"1990-06-25T00:00:00.000000Z"	"Iver"	"Durtnel"	"Emergent"
"228845.0"	"Car Loan"	"Secured Lending"	"2015-01-28T00:00:00.000000Z"	"4512720770728903008"	""	"0"	"3430.43"	"4749.83"	"16.0"	"4090.13"	"418.7733630497529"	"16.0"	"4.161698046982339"	"66.58716875171743"	"5.0"	"189.0"	"5880.0"	"1.0"	"21.6"	"41.0"	"13.0"	"Male"	"2001-03-15T00:00:00.000000Z"	"28.0"	"22550.0"	"2.SILVER"	"1973-06-25T00:00:00.000000Z"	"Forester"	"Tesche"	"Traditionalist"
"111024.0"	"Current Account"	"Deposit Account"	"2015-01-28T00:00:00.000000Z"	"4720749802098287309"	""	"0"	"-334.88"	"774.05"	"16.0"	"307.89874999999995"	"302.39849862667415"	"16.0"	"1.5"	"24.0"	"0.0"	"221.0"	"3940.0"	"0.0"	"0.0"	"37.0"	"2.0"	"Female"	"1998-11-10T00:00:00.000000Z"	"28.0"	"13830.0"	"2.SILVER"	"1973-06-25T00:00:00.000000Z"	"Ernest"	"Prendergast"	"Emergent"
"408145.0"	"Current Account"	"Deposit Account"	"2015-01-28T00:00:00.000000Z"	"8781399720345169357"	""	"0"	"-263.69"	"5109.76"	"16.0"	"1891.3518749999998"	"1256.7850327573594"	"16.0"	"0.5"	"8.0"	"3.0"	"207.0"	"3680.0"	"1.0"	"6.79"	"34.0"	"4.0"	"Female"	"2003-02-21T00:00:00.000000Z"	"28.0"	"17310.0"	"2.SILVER"	"1943-06-25T00:00:00.000000Z"	"Ralina"	"Orhrt"	"Sophisticates"
"799778.0"	"Current Account"	"Deposit Account"	"2015-01-28T00:00:00.000000Z"	"7540380911358649055"	""	"0"	"-32.9"	"325.09"	"16.0"	"154.825625"	"90.74574700548415"	"16.0"	"0.5"	"8.0"	"3.0"	"203.0"	"6120.0"	"0.0"	"0.0"	"41.0"	"5.0"	"Female"	"2008-10-30T00:00:00.000000Z"	"28.0"	"21640.0"	"2.SILVER"	"1963-06-25T00:00:00.000000Z"	"Mamie"	"Lansbury"	"Sophisticates"
"212774.0"	"Personal Loan"	"Unsecured Lending"	"2015-01-28T00:00:00.000000Z"	"5360988170471460300"	"2015-05-28T00:00:00.000000Z"	"1"	"3112.54"	"3536.98"	"4.0"	"3324.76"	"182.6498946071418"	"4.0"	"4.108697586020761"	"16.434790344083044"	"3.0"	"201.0"	"3840.0"	"0.0"	"0.0"	"49.0"	"7.0"	"Female"	"2001-01-03T00:00:00.000000Z"	"28.0"	"13670.0"	"1.GOLD"	"1971-06-25T00:00:00.000000Z"	"Bertina"	"Izhakov"	"Loyalist"
"53318.0"	"Standard Credit Card"	"Unsecured Lending"	"2015-02-28T00:00:00.000000Z"	"3195176298282169375"	"2016-03-28T00:00:00.000000Z"	"1"	"1530.21"	"6686.93"	"13.0"	"3570.823076923077"	"1405.8539254807893"	"13.0"	"4.180000000000001"	"54.34"	"2.0"	"208.0"	"5320.0"	"0.0"	"0.0"	"45.0"	"6.0"	"Female"	"1997-01-02T00:00:00.000000Z"	"23.0"	"20200.0"	"2.SILVER"	"1962-06-20T00:00:00.000000Z"	"Gerty"	"MacCoughan"	"Sophisticates"
"1061545.0"	"Mortgage"	"Secured Lending"	"2015-08-28T00:00:00.000000Z"	"6989294275070442636"	"2015-09-28T00:00:00.000000Z"	"1"	"109187.37"	"109187.37"	"1.0"	"109187.37"	""	"1.0"	"4.27886132611282"	"4.27886132611282"	"1.0"	"191.0"	"6110.0"	"0.0"	"0.0"	"48.0"	"4.0"	"Male"	"2012-09-17T00:00:00.000000Z"	"36.0"	"28080.0"	"3.BRONZE"	"1993-07-03T00:00:00.000000Z"	"Elton"	"Gristock"	"Loyalist"
"419684.0"	"Car Loan"	"Secured Lending"	"2015-03-28T00:00:00.000000Z"	"5047150253596863683"	""	"0"	"5978.75"	"7829.3"	"14.0"	"6904.025000000001"	"595.492773885627"	"14.0"	"0.8695290598413882"	"12.173406837779435"	"7.0"	"172.0"	"6950.0"	"2.0"	"28.5"	"40.0"	"11.0"	"Male"	"2003-05-19T00:00:00.000000Z"	"28.0"	"23430.0"	"2.SILVER"	"1951-06-25T00:00:00.000000Z"	"Jonathan"	"Comiam"	"Loyalist"
"125126.0"	"Standard Credit Card"	"Unsecured Lending"	"2015-01-28T00:00:00.000000Z"	"7195678687935841797"	""	"0"	"-92.41"	"2858.51"	"16.0"	"1395.4950000000001"	"912.667121696989"	"16.0"	"11.6375"	"186.2"	"2.0"	"213.0"	"9110.0"	"2.0"	"68.07"	"36.0"	"4.0"	"Male"	"1999-03-12T00:00:00.000000Z"	"28.0"	"32080.0"	"2.SILVER"	"1964-06-25T00:00:00.000000Z"	"Sharline"	"Brookson"	"Traditionalist"
"668218.0"	"Standard Credit Card"	"Unsecured Lending"	"2015-01-28T00:00:00.000000Z"	"8151170888615027356"	"2016-04-28T00:00:00.000000Z"	"1"	"84.33"	"702.83"	"15.0"	"375.9533333333333"	"182.1089845852386"	"15.0"	"5.750666666666666"	"86.25999999999999"	"0.0"	"222.0"	"4610.0"	"0.0"	"0.0"	"41.0"	"4.0"	"Female"	"2007-01-13T00:00:00.000000Z"	"46.0"	"16910.0"	"2.SILVER"	"1970-07-13T00:00:00.000000Z"	"Talyah"	"Thoumas"	"Sophisticates"
"1401390.0"	"Car Loan"	"Secured Lending"	"2015-07-28T00:00:00.000000Z"	"2804593388592371067"	"2015-09-28T00:00:00.000000Z"	"1"	"4401.47"	"4694.9"	"2.0"	"4548.1849999999995"	"207.48634280356788"	"2.0"	"12.223797499512587"	"24.447594999025174"	"0.0"	"111.0"	"8220.0"	"0.0"	"0.0"	"29.0"	"2.0"	"Male"	"2015-06-12T00:00:00.000000Z"	"7.0"	"38830.0"	"2.SILVER"	"1996-06-04T00:00:00.000000Z"	"Rubi"	"Pickrell"	"Loyalist"
"407969.0"	"Savings Account"	"Deposit Account"	"2015-01-28T00:00:00.000000Z"	"5767915931613938853"	""	"0"	"-72.34"	"2806.3"	"16.0"	"1436.6124999999997"	"787.1557187113615"	"16.0"	""	""	"2.0"	"197.0"	"7440.0"	"0.0"	"0.0"	"41.0"	"2.0"	"Female"	"2003-02-20T00:00:00.000000Z"	"28.0"	"24160.0"	"2.SILVER"	"1973-06-25T00:00:00.000000Z"	"Donal"	"Summerley"	"Sophisticates"
"944010.0"	"Standard Credit Card"	"Unsecured Lending"	"2015-01-28T00:00:00.000000Z"	"8050735643169704824"	""	"0"	"-320.38"	"1480.68"	"16.0"	"456.525"	"490.9091186224459"	"16.0"	"0.7912500000000001"	"12.660000000000002"	"1.0"	"203.0"	"4590.0"	"2.0"	"19.69"	"41.0"	"14.0"	"Female"	"2011-09-15T00:00:00.000000Z"	"46.0"	"14880.0"	"2.SILVER"	"1972-07-13T00:00:00.000000Z"	"Isidro"	"MacIlhagga"	"Emergent"
"454059.0"	"Personal Loan"	"Unsecured Lending"	"2015-01-28T00:00:00.000000Z"	"3835636506535685873"	""	"0"	"-1202.56"	"1202.54"	"16.0"	"-0.010000000000005116"	"763.3710894883739"	"16.0"	"10.979865339948597"	"175.67784543917756"	"2.0"	"224.0"	"10700.0"	"3.0"	"198.43000000000004"	"35.0"	"13.0"	"Female"	"2004-01-20T00:00:00.000000Z"	"50.0"	"37540.0"	"1.GOLD"	"1948-07-17T00:00:00.000000Z"	"Harlen"	"Gregoretti"	"Sophisticates"
"587401.0"	"Savings Account"	"Deposit Account"	"2015-01-28T00:00:00.000000Z"	"8198422605384592206"	""	"0"	"-513.35"	"5132.97"	"16.0"	"1782.29"	"1623.3456783117188"	"16.0"	""	""	"0.0"	"207.0"	"4980.0"	"1.0"	"13.06"	"43.0"	"4.0"	"Female"	"2005-12-26T00:00:00.000000Z"	"28.0"	"16430.0"	"2.SILVER"	"1969-06-25T00:00:00.000000Z"	"Munmro"	"Oldacres"	"Sophisticates"
"1124960.0"	"Managed Securities"	"Securities"	"2015-01-28T00:00:00.000000Z"	"8559518163585741302"	""	"0"	"-741.17"	"5041.96"	"16.0"	"1963.6568750000001"	"1524.5651041383078"	"16.0"	"22.907500000000006"	"366.5200000000001"	"0.0"	"200.0"	"8100.0"	"0.0"	"0.0"	"38.0"	"6.0"	"Female"	"2013-03-19T00:00:00.000000Z"	"28.0"	"24840.0"	"1.GOLD"	"1958-06-25T00:00:00.000000Z"	"Dalis"	"Reilingen"	"Sophisticates"
"222531.0"	"Savings Account"	"Deposit Account"	"2015-01-28T00:00:00.000000Z"	"4240517193147976080"	""	"0"	"-692.98"	"5285.6"	"16.0"	"2151.350625"	"1985.0509527514864"	"16.0"	""	""	"7.0"	"215.0"	"7580.0"	"2.0"	"123.38"	"36.0"	"13.0"	"Female"	"2001-02-14T00:00:00.000000Z"	"15.0"	"26740.0"	"2.SILVER"	"1973-06-12T00:00:00.000000Z"	"Marin"	"Scawton"	"Loyalist"
"101377.0"	"Current Account"	"Deposit Account"	"2015-01-28T00:00:00.000000Z"	"8355664293432269368"	""	"0"	"-1422.64"	"14898.26"	"16.0"	"5197.23875"	"3679.1183868709186"	"16.0"	"1.0"	"16.0"	"1.0"	"181.0"	"25960.0"	"3.0"	"173.57"	"41.0"	"8.0"	"Female"	"1998-07-06T00:00:00.000000Z"	"28.0"	"77220.0"	"2.SILVER"	"1968-06-25T00:00:00.000000Z"	"Melinde"	"Brannan"	"Sophisticates"
"140515.0"	"Current Account"	"Deposit Account"	"2015-04-28T00:00:00.000000Z"	"6990337339100874016"	"2016-01-28T00:00:00.000000Z"	"1"	"-375.68"	"9708.42"	"9.0"	"4944.4622222222215"	"3162.680962979738"	"9.0"	"1.5"	"13.5"	"1.0"	"189.0"	"10240.0"	"0.0"	"0.0"	"38.0"	"4.0"	"Male"	"1999-08-23T00:00:00.000000Z"	"28.0"	"31150.0"	"1.GOLD"	"1974-06-25T00:00:00.000000Z"	"Sula"	"Nand"	"Loyalist"
"252803.0"	"Mortgage"	"Secured Lending"	"2015-01-28T00:00:00.000000Z"	"7810355928207039625"	""	"0"	"85034.85"	"91167.15"	"16.0"	"88101.0"	"1946.3725134378888"	"16.0"	"3.467658652387669"	"55.4825384382027"	"2.0"	"192.0"	"12480.0"	"0.0"	"0.0"	"48.0"	"6.0"	"Male"	"2001-06-18T00:00:00.000000Z"	"28.0"	"45550.0"	"2.SILVER"	"1981-06-25T00:00:00.000000Z"	"Giavani"	"Torregiani"	"Loyalist"
"1119900.0"	"Current Account"	"Deposit Account"	"2015-01-28T00:00:00.000000Z"	"6162255661876826726"	""	"0"	"-3603.58"	"10816.33"	"16.0"	"2502.9518749999997"	"3760.305751212648"	"16.0"	"2.5"	"40.0"	"1.0"	"209.0"	"6040.0"	"2.0"	"85.21000000000001"	"43.0"	"7.0"	"Male"	"2013-01-29T00:00:00.000000Z"	"28.0"	"23780.0"	"2.SILVER"	"1974-06-25T00:00:00.000000Z"	"Kyla"	"Filyashin"	"Loyalist"
"91730.0"	"Current Account"	"Deposit Account"	"2015-01-28T00:00:00.000000Z"	"717349190220821395"	""	"0"	"35.68"	"5261.58"	"16.0"	"2288.4687500000005"	"1729.1051927316819"	"16.0"	"2.0"	"32.0"	"0.0"	"204.0"	"9770.0"	"0.0"	"0.0"	"50.0"	"2.0"	"Female"	"1998-04-28T00:00:00.000000Z"	"28.0"	"31360.0"	"2.SILVER"	"1978-06-25T00:00:00.000000Z"	"Germain"	"Birk"	"Emergent"
"1220649.0"	"Car Loan"	"Secured Lending"	"2015-01-28T00:00:00.000000Z"	"8779362866069161600"	"2016-02-28T00:00:00.000000Z"	"1"	"578.62"	"925.78"	"13.0"	"752.2"	"112.66616313990032"	"13.0"	"0.149048656729259"	"1.9376325374803667"	"4.0"	"215.0"	"3070.0"	"2.0"	"33.55"	"48.0"	"4.0"	"Female"	"2013-11-15T00:00:00.000000Z"	"47.0"	"11530.0"	"2.SILVER"	"1978-07-14T00:00:00.000000Z"	"Sapphira"	"Patesel"	"Loyalist"
"270975.0"	"Current Account"	"Deposit Account"	"2015-01-28T00:00:00.000000Z"	"6401736572700302067"	""	"0"	"-339.72"	"3728.93"	"16.0"	"1266.036875"	"984.9839508385826"	"16.0"	"0.0"	"0.0"	"4.0"	"184.0"	"10270.0"	"0.0"	"0.0"	"35.0"	"7.0"	"Female"	"2001-09-07T00:00:00.000000Z"	"28.0"	"39290.0"	"2.SILVER"	"1970-06-25T00:00:00.000000Z"	"Raffaello"	"Moffatt"	"Sophisticates"
"476565.0"	"Savings Account"	"Deposit Account"	"2015-01-28T00:00:00.000000Z"	"8143598640464766231"	""	"0"	"-298.25"	"1024.43"	"16.0"	"400.185"	"344.13545964731196"	"16.0"	""	""	"2.0"	"212.0"	"8250.0"	"1.0"	"5.4"	"43.0"	"7.0"	"Male"	"2004-05-27T00:00:00.000000Z"	"46.0"	"27720.0"	"2.SILVER"	"1955-07-13T00:00:00.000000Z"	"Craggie"	"Worgen"	"Traditionalist"
"486916.0"	"Car Loan"	"Secured Lending"	"2015-01-28T00:00:00.000000Z"	"948105136262028239"	"2016-03-28T00:00:00.000000Z"	"1"	"2158.59"	"5666.38"	"14.0"	"3912.4849999999997"	"1128.7798747984484"	"14.0"	"5.4910591071243875"	"76.87482749974143"	"1.0"	"196.0"	"12540.0"	"2.0"	"137.52"	"44.0"	"8.0"	"Female"	"2004-08-12T00:00:00.000000Z"	"28.0"	"42290.0"	"2.SILVER"	"1973-06-25T00:00:00.000000Z"	"Abbott"	"Eshelby"	"Loyalist"
"118911.0"	"Premium Credit Card"	"Unsecured Lending"	"2015-01-28T00:00:00.000000Z"	"1410070772019645069"	""	"0"	"226.55"	"12957.45"	"16.0"	"5385.36125"	"3159.924966765034"	"16.0"	"10.2575"	"164.12"	"1.0"	"187.0"	"10350.0"	"0.0"	"0.0"	"42.0"	"19.0"	"Female"	"1999-01-15T00:00:00.000000Z"	"28.0"	"37910.0"	"2.SILVER"	"1966-06-25T00:00:00.000000Z"	"Kaia"	"Lineham"	"Loyalist"
"548230.0"	"Current Account"	"Deposit Account"	"2015-01-28T00:00:00.000000Z"	"1916320610972976899"	""	"0"	"-1335.71"	"7471.75"	"16.0"	"2304.8450000000003"	"2598.1879275731126"	"16.0"	"2.0"	"32.0"	"0.0"	"175.0"	"17810.0"	"0.0"	"0.0"	"46.0"	"3.0"	"Male"	"2005-08-12T00:00:00.000000Z"	"11.0"	"60970.0"	"2.SILVER"	"1984-06-08T00:00:00.000000Z"	"Daphna"	"Golsworthy"	"Emergent"
"67904.0"	"Managed Securities"	"Securities"	"2015-01-28T00:00:00.000000Z"	"4115472137075083414"	"2015-07-28T00:00:00.000000Z"	"1"	"-3139.72"	"4638.54"	"6.0"	"2470.0116666666668"	"2925.7249749449566"	"6.0"	"33.23666666666667"	"199.42000000000002"	"0.0"	"205.0"	"13690.0"	"0.0"	"0.0"	"41.0"	"1.0"	"Female"	"1997-07-16T00:00:00.000000Z"	"28.0"	"49770.0"	"2.SILVER"	"1956-06-25T00:00:00.000000Z"	"Eduardo"	"Dolle"	"Loyalist"
"1454201.0"	"Current Account"	"Deposit Account"	"2015-10-28T00:00:00.000000Z"	"8615963488013318607"	""	"0"	"194.24"	"2242.34"	"7.0"	"810.75"	"706.4402253316742"	"7.0"	"1.5"	"10.5"	"0.0"	"86.0"	"1440.0"	"0.0"	"0.0"	"20.0"	"0.0"	"Female"	"2015-09-18T00:00:00.000000Z"	"14.0"	"9610.0"	"3.BRONZE"	"1984-06-11T00:00:00.000000Z"	"Engracia"	"Yakob"	"Emergent"
"466192.0"	"Managed Securities"	"Securities"	"2015-01-28T00:00:00.000000Z"	"3837808699507172747"	"2016-04-28T00:00:00.000000Z"	"1"	"-19.53"	"1110.66"	"15.0"	"547.048"	"296.2865681155902"	"15.0"	"107.22266666666668"	"1608.3400000000001"	"3.0"	"195.0"	"21410.0"	"0.0"	"0.0"	"46.0"	"10.0"	"Female"	"2004-03-29T00:00:00.000000Z"	"8.0"	"79880.0"	"1.GOLD"	"1975-06-05T00:00:00.000000Z"	"Alvan"	"Bendel"	"Loyalist"
"1375485.0"	"Current Account"	"Deposit Account"	"2015-01-28T00:00:00.000000Z"	"8711594590334858851"	"2015-01-28T00:00:00.000000Z"	"1"	""	""	""	""	""	""	""	""	"4.0"	"168.0"	"9600.0"	"0.0"	"0.0"	"44.0"	"9.0"	"Female"	"2015-01-12T00:00:00.000000Z"	"24.0"	"35110.0"	"3.BRONZE"	"1990-06-21T00:00:00.000000Z"	"Major"	"Boone"	"Loyalist"
"204821.0"	"Savings Account"	"Deposit Account"	"2015-01-28T00:00:00.000000Z"	"7606788562277145882"	""	"0"	"-6605.74"	"10501.24"	"16.0"	"3152.248125"	"4242.03940475839"	"16.0"	""	""	"2.0"	"218.0"	"14610.0"	"1.0"	"16.05"	"46.0"	"4.0"	"Male"	"2000-11-15T00:00:00.000000Z"	"28.0"	"49850.0"	"2.SILVER"	"1974-06-25T00:00:00.000000Z"	"Zorah"	"Paramore"	"Sophisticates"
"1392777.0"	"Current Account"	"Deposit Account"	"2015-04-28T00:00:00.000000Z"	"4723218376842595907"	"2015-04-28T00:00:00.000000Z"	"1"	""	""	""	""	""	""	""	""	"3.0"	"157.0"	"2590.0"	"0.0"	"0.0"	"35.0"	"5.0"	"Female"	"2015-04-17T00:00:00.000000Z"	"45.0"	"10240.0"	"2.SILVER"	"1983-07-12T00:00:00.000000Z"	"Eddi"	"Brodnecke"	"Loyalist"
"646933.0"	"Savings Account"	"Deposit Account"	"2015-01-28T00:00:00.000000Z"	"971280762339086644"	""	"0"	"-707.05"	"5117.75"	"16.0"	"2551.9231250000003"	"1507.9725342137094"	"16.0"	""	""	"2.0"	"212.0"	"5610.0"	"3.0"	"248.18"	"49.0"	"1.0"	"Male"	"2006-11-09T00:00:00.000000Z"	"37.0"	"22500.0"	"2.SILVER"	"1972-07-04T00:00:00.000000Z"	"Willetta"	"Acreman"	"Sophisticates"
"446480.0"	"Standard Credit Card"	"Unsecured Lending"	"2015-04-28T00:00:00.000000Z"	"26965306909783785"	"2016-02-28T00:00:00.000000Z"	"1"	"-48.15"	"2276.88"	"10.0"	"1310.495"	"690.7629740326594"	"10.0"	"1.288"	"12.88"	"1.0"	"213.0"	"6050.0"	"0.0"	"0.0"	"47.0"	"5.0"	"Male"	"2003-11-25T00:00:00.000000Z"	"28.0"	"20790.0"	"2.SILVER"	"1974-06-25T00:00:00.000000Z"	"Sibyl"	"Curner"	"Loyalist"
"626374.0"	"Personal Loan"	"Unsecured Lending"	"2015-12-28T00:00:00.000000Z"	"436186744628340887"	""	"0"	"7455.55"	"10437.79"	"5.0"	"8946.670000000002"	"1178.8338661575685"	"5.0"	"14.41209084934141"	"72.06045424670705"	"2.0"	"203.0"	"12850.0"	"1.0"	"65.21"	"41.0"	"5.0"	"Female"	"2006-07-08T00:00:00.000000Z"	"28.0"	"46730.0"	"2.SILVER"	"1995-06-25T00:00:00.000000Z"	"Darcy"	"Healy"	"Loyalist"
"270271.0"	"Car Loan"	"Secured Lending"	"2015-01-28T00:00:00.000000Z"	"7840077024845982252"	"2015-01-28T00:00:00.000000Z"	"1"	""	""	""	""	""	""	""	""	"2.0"	"204.0"	"15080.0"	"1.0"	"81.09"	"41.0"	"6.0"	"Female"	"2001-09-03T00:00:00.000000Z"	"28.0"	"52410.0"	"2.SILVER"	"1964-06-25T00:00:00.000000Z"	"Darnall"	"Kersley"	"Loyalist"
"415075.0"	"Premium Credit Card"	"Unsecured Lending"	"2015-01-28T00:00:00.000000Z"	"2566673942068574395"	""	"0"	"-1168.43"	"5271.79"	"16.0"	"2242.135"	"1612.5780446767012"	"16.0"	"31.441874999999996"	"503.06999999999994"	"2.0"	"177.0"	"12850.0"	"1.0"	"124.75"	"35.0"	"11.0"	"Female"	"2003-04-14T00:00:00.000000Z"	"28.0"	"41880.0"	"2.SILVER"	"1940-06-25T00:00:00.000000Z"	"Maryjane"	"Mourton"	"Traditionalist"
"466863.0"	"Savings Account"	"Deposit Account"	"2015-01-28T00:00:00.000000Z"	"6135313612950575372"	""	"0"	"48.23"	"2815.79"	"16.0"	"1259.659375"	"926.4147872270373"	"16.0"	""	""	"0.0"	"185.0"	"3410.0"	"1.0"	"2.87"	"49.0"	"5.0"	"Female"	"2004-10-11T00:00:00.000000Z"	"46.0"	"11750.0"	"2.SILVER"	"1974-07-13T00:00:00.000000Z"	"Kellia"	"Simmance"	"Emergent"
"346864.0"	"Premium Credit Card"	"Unsecured Lending"	"2015-01-28T00:00:00.000000Z"	"6697287437706849239"	"2016-03-28T00:00:00.000000Z"	"1"	"-18.02"	"139.68"	"14.0"	"63.59928571428571"	"44.47994387522153"	"14.0"	"46.67285714285714"	"653.42"	"5.0"	"179.0"	"26750.0"	"2.0"	"2010.2"	"42.0"	"8.0"	"Male"	"2002-04-02T00:00:00.000000Z"	"28.0"	"102400.0"	"2.SILVER"	"1975-06-25T00:00:00.000000Z"	"Franz"	"MacRannell"	"Sophisticates"
"209463.0"	"Current Account"	"Deposit Account"	"2015-01-28T00:00:00.000000Z"	"4131701643380925669"	""	"0"	"-930.14"	"2851.17"	"16.0"	"989.434375"	"1092.8115783486726"	"16.0"	"1.0"	"16.0"	"0.0"	"198.0"	"3220.0"	"0.0"	"0.0"	"37.0"	"7.0"	"Female"	"2000-12-13T00:00:00.000000Z"	"28.0"	"11710.0"	"2.SILVER"	"1970-06-25T00:00:00.000000Z"	"Loni"	"Wisniewski"	"Sophisticates"
"1290752.0"	"Current Account"	"Deposit Account"	"2015-01-28T00:00:00.000000Z"	"5126009474444440998"	"2016-03-28T00:00:00.000000Z"	"1"	"-136.39"	"739.49"	"14.0"	"284.635"	"253.95071077641455"	"14.0"	"1.5"	"21.0"	"0.0"	"168.0"	"1930.0"	"0.0"	"0.0"	"50.0"	"0.0"	"Female"	"2014-08-04T00:00:00.000000Z"	"47.0"	"7690.0"	"3.BRONZE"	"1995-07-14T00:00:00.000000Z"	"Phil"	"De Domenicis"	"Emergent"
"284659.0"	"Savings Account"	"Deposit Account"	"2015-01-28T00:00:00.000000Z"	"6038367983124937119"	""	"0"	"-562.53"	"20942.48"	"16.0"	"8191.8550000000005"	"5759.280821995052"	"16.0"	""	""	"2.0"	"201.0"	"11220.0"	"1.0"	"12.54"	"39.0"	"3.0"	"Female"	"2001-10-22T00:00:00.000000Z"	"28.0"	"38540.0"	"2.SILVER"	"1948-06-25T00:00:00.000000Z"	"Megen"	"Reichhardt"	"Sophisticates"
"74493.0"	"Direct Securities"	"Securities"	"2015-01-28T00:00:00.000000Z"	"311120523788379890"	""	"0"	"572.17"	"8680.49"	"16.0"	"4708.695"	"2656.0913778256954"	"16.0"	"30.419375"	"486.71"	"4.0"	"205.0"	"8620.0"	"5.0"	"362.46000000000004"	"45.0"	"16.0"	"Female"	"1997-10-23T00:00:00.000000Z"	"28.0"	"30340.0"	"1.GOLD"	"1968-06-25T00:00:00.000000Z"	"Jens"	"Reilingen"	"Traditionalist"
"1245399.0"	"Personal Loan"	"Unsecured Lending"	"2015-01-28T00:00:00.000000Z"	"576859483137262397"	""	"0"	"-3319.91"	"114.49"	"16.0"	"-1602.71"	"1090.0676353327806"	"16.0"	"0.5589382969457742"	"8.943012751132388"	"0.0"	"203.0"	"5300.0"	"0.0"	"0.0"	"43.0"	"5.0"	"Female"	"2014-02-25T00:00:00.000000Z"	"29.0"	"18760.0"	"2.SILVER"	"1986-06-26T00:00:00.000000Z"	"Cindelyn"	"Liversage"	"Emergent"
"482208.0"	"Current Account"	"Deposit Account"	"2015-01-28T00:00:00.000000Z"	"678121523195034863"	""	"0"	"-392.69"	"5370.97"	"16.0"	"1947.3525"	"1614.162102225176"	"16.0"	"1.5"	"24.0"	"3.0"	"205.0"	"9060.0"	"3.0"	"102.55"	"36.0"	"6.0"	"Male"	"2009-06-25T00:00:00.000000Z"	"30.0"	"31640.0"	"2.SILVER"	"1952-06-27T00:00:00.000000Z"	"Thornie"	"Birk"	"Sophisticates"
"1389488.0"	"Personal Loan"	"Unsecured Lending"	"2015-04-28T00:00:00.000000Z"	"6498953788070053065"	""	"0"	"-954.18"	"190.86"	"13.0"	"-381.65999999999997"	"371.6075107780609"	"13.0"	"0.19934082371951684"	"2.5914307083537187"	"3.0"	"195.0"	"1730.0"	"0.0"	"0.0"	"45.0"	"4.0"	"Female"	"2015-03-25T00:00:00.000000Z"	"45.0"	"6060.0"	"2.SILVER"	"1973-07-12T00:00:00.000000Z"	"Lavina"	"Britch"	"Loyalist"
"413689.0"	"Current Account"	"Deposit Account"	"2015-01-28T00:00:00.000000Z"	"2812837707994400598"	""	"0"	"-517.62"	"1807.35"	"16.0"	"702.0074999999999"	"657.3167742826387"	"16.0"	"2.0"	"32.0"	"5.0"	"207.0"	"7180.0"	"0.0"	"0.0"	"33.0"	"7.0"	"Female"	"2003-04-03T00:00:00.000000Z"	"28.0"	"25910.0"	"2.SILVER"	"1938-06-25T00:00:00.000000Z"	"Alvy"	"Billitteri"	"Sophisticates"
"1098681.0"	"Current Account"	"Deposit Account"	"2015-01-28T00:00:00.000000Z"	"7262142490117013865"	"2015-04-28T00:00:00.000000Z"	"1"	"-520.65"	"168.51"	"3.0"	"-68.38666666666667"	"391.8194446850913"	"3.0"	"1.5"	"4.5"	"2.0"	"173.0"	"6400.0"	"1.0"	"82.3"	"37.0"	"5.0"	"Female"	"2012-11-12T00:00:00.000000Z"	"34.0"	"25270.0"	"2.SILVER"	"1980-07-01T00:00:00.000000Z"	"Kania"	"Thornthwaite"	"Loyalist"
"239317.0"	"Car Loan"	"Secured Lending"	"2015-02-28T00:00:00.000000Z"	"3558922189716402800"	""	"0"	"-39.95"	"53.29"	"15.0"	"6.67"	"29.784425460297204"	"15.0"	"2.088516062289661"	"31.32774093434491"	"2.0"	"171.0"	"2260.0"	"1.0"	"23.03"	"53.0"	"9.0"	"Female"	"2001-04-10T00:00:00.000000Z"	"50.0"	"7720.0"	"2.SILVER"	"1974-07-17T00:00:00.000000Z"	"Peta"	"Marlor"	"Sophisticates"
"417044.0"	"Current Account"	"Deposit Account"	"2015-01-28T00:00:00.000000Z"	"6622798975260009262"	""	"0"	"-500.99"	"6925.93"	"16.0"	"3295.5000000000005"	"2067.38999462285"	"16.0"	"1.0"	"16.0"	"1.0"	"232.0"	"6480.0"	"2.0"	"55.379999999999995"	"42.0"	"6.0"	"Female"	"2003-04-29T00:00:00.000000Z"	"28.0"	"22400.0"	"2.SILVER"	"1969-06-25T00:00:00.000000Z"	"Jimmie"	"Sturgess"	"Sophisticates"
"153605.0"	"Managed Securities"	"Securities"	"2015-01-28T00:00:00.000000Z"	"6400936825342963292"	"2015-03-28T00:00:00.000000Z"	"1"	"1125.76"	"1861.92"	"2.0"	"1493.8400000000001"	"520.5437280382888"	"2.0"	"41.875"	"83.75"	"4.0"	"214.0"	"12000.0"	"3.0"	"104.12"	"42.0"	"16.0"	"Female"	"1999-12-21T00:00:00.000000Z"	"28.0"	"38650.0"	"2.SILVER"	"1957-06-25T00:00:00.000000Z"	"Wesley"	"MacIlhagga"	"Traditionalist"
"879264.0"	"Premium Credit Card"	"Unsecured Lending"	"2015-01-28T00:00:00.000000Z"	"7721863630938763442"	""	"0"	"-6723.27"	"32046.93"	"16.0"	"11073.799374999999"	"9790.502743537038"	"16.0"	"10.56375"	"169.02"	"3.0"	"200.0"	"14340.0"	"1.0"	"6.17"	"37.0"	"8.0"	"Male"	"2010-05-21T00:00:00.000000Z"	"28.0"	"46140.0"	"1.GOLD"	"1967-06-25T00:00:00.000000Z"	"Elora"	"Balfre"	"Sophisticates"
"366994.0"	"Savings Account"	"Deposit Account"	"2015-01-28T00:00:00.000000Z"	"408423685931396082"	""	"0"	"35.67"	"949.67"	"16.0"	"446.940625"	"305.3330333798108"	"16.0"	""	""	"2.0"	"219.0"	"9400.0"	"1.0"	"13.28"	"37.0"	"6.0"	"Female"	"2002-07-01T00:00:00.000000Z"	"28.0"	"35880.0"	"2.SILVER"	"1965-06-25T00:00:00.000000Z"	"Simmonds"	"Reijmers"	"Sophisticates"
"211311.0"	"Standard Credit Card"	"Unsecured Lending"	"2015-06-28T00:00:00.000000Z"	"7565665392803384544"	""	"0"	"-12.58"	"4429.05"	"11.0"	"2857.6081818181815"	"1472.6393421732166"	"11.0"	"5.027272727272727"	"55.3"	"3.0"	"219.0"	"6720.0"	"3.0"	"151.1"	"48.0"	"6.0"	"Male"	"2000-12-27T00:00:00.000000Z"	"28.0"	"22270.0"	"1.GOLD"	"1972-06-25T00:00:00.000000Z"	"Micah"	"Galvan"	"Traditionalist"
"446953.0"	"Premium Credit Card"	"Unsecured Lending"	"2015-01-28T00:00:00.000000Z"	"1844530147025823428"	"2015-03-28T00:00:00.000000Z"	"1"	"763.01"	"1651.57"	"2.0"	"1207.29"	"628.3068014911187"	"2.0"	"14.325"	"28.65"	"2.0"	"209.0"	"8770.0"	"1.0"	"12.81"	"41.0"	"10.0"	"Male"	"2003-11-28T00:00:00.000000Z"	"28.0"	"35280.0"	"1.GOLD"	"1973-06-25T00:00:00.000000Z"	"Alard"	"Cassella"	"Traditionalist"
"131429.0"	"Car Loan"	"Secured Lending"	"2015-01-28T00:00:00.000000Z"	"7664872430402989812"	"2015-12-28T00:00:00.000000Z"	"1"	"-1743.43"	"1162.27"	"11.0"	"-290.58"	"963.7116653335686"	"11.0"	"12.291595112500096"	"135.20754623750105"	"1.0"	"172.0"	"12960.0"	"0.0"	"0.0"	"37.0"	"7.0"	"Female"	"1999-06-04T00:00:00.000000Z"	"8.0"	"42980.0"	"2.SILVER"	"1965-06-05T00:00:00.000000Z"	"Livy"	"Tugman"	"Loyalist"
"293844.0"	"Savings Account"	"Deposit Account"	"2015-01-28T00:00:00.000000Z"	"2650064593402232847"	""	"0"	"287.09"	"3692.43"	"16.0"	"1714.1387499999998"	"952.6524738075615"	"16.0"	""	""	"0.0"	"199.0"	"3740.0"	"0.0"	"0.0"	"47.0"	"6.0"	"Female"	"2001-11-10T00:00:00.000000Z"	"28.0"	"13460.0"	"2.SILVER"	"1980-06-25T00:00:00.000000Z"	"Ingaborg"	"Filipczynski"	"Sophisticates"
"148611.0"	"Mortgage"	"Secured Lending"	"2015-01-28T00:00:00.000000Z"	"8305503775184740069"	"2016-04-28T00:00:00.000000Z"	"1"	"53311.58"	"63973.84"	"15.0"	"58642.71"	"3405.9340219681403"	"15.0"	"6.1112835623363155"	"91.66925343504474"	"5.0"	"226.0"	"10500.0"	"0.0"	"0.0"	"39.0"	"9.0"	"Female"	"1999-11-12T00:00:00.000000Z"	"8.0"	"35910.0"	"1.GOLD"	"1971-06-05T00:00:00.000000Z"	"Abbott"	"Leneve"	"Loyalist"
"1385000.0"	"Mortgage"	"Secured Lending"	"2015-04-28T00:00:00.000000Z"	"244848623643693413"	"2015-11-28T00:00:00.000000Z"	"1"	"-2577.14"	"2577.16"	"7.0"	"0.010000000000023388"	"1855.7600989890907"	"7.0"	"4.546307726721746"	"31.824154087052225"	"1.0"	"175.0"	"7980.0"	"0.0"	"0.0"	"42.0"	"3.0"	"Female"	"2015-02-26T00:00:00.000000Z"	"45.0"	"32790.0"	"2.SILVER"	"1987-07-12T00:00:00.000000Z"	"Elmo"	"Pardew"	"Loyalist"
"100893.0"	"Managed Securities"	"Securities"	"2015-06-28T00:00:00.000000Z"	"6346068950443745879"	""	"0"	"-145.72"	"20289.96"	"11.0"	"7110.064545454545"	"5533.2306931635585"	"11.0"	"34.46363636363637"	"379.1"	"3.0"	"221.0"	"17490.0"	"4.0"	"196.42"	"36.0"	"12.0"	"Female"	"1998-06-30T00:00:00.000000Z"	"28.0"	"55090.0"	"2.SILVER"	"1963-06-25T00:00:00.000000Z"	"Cam"	"Colcutt"	"Sophisticates"
"49985.0"	"Current Account"	"Deposit Account"	"2015-01-28T00:00:00.000000Z"	"7788934276414337651"	"2016-04-28T00:00:00.000000Z"	"1"	"-2639.99"	"61103.32"	"15.0"	"24634.560666666664"	"17221.41870492484"	"15.0"	"0.5"	"7.5"	"2.0"	"220.0"	"30390.0"	"1.0"	"74.33"	"36.0"	"8.0"	"Male"	"1997-01-13T00:00:00.000000Z"	"28.0"	"92380.0"	"2.SILVER"	"1961-06-25T00:00:00.000000Z"	"Sharai"	"Ismail"	"Loyalist"
"353541.0"	"Savings Account"	"Deposit Account"	"2015-01-28T00:00:00.000000Z"	"4917725667660743040"	""	"0"	"-2837.04"	"5780.61"	"16.0"	"2821.7162499999995"	"1964.782463150819"	"16.0"	""	""	"1.0"	"198.0"	"8140.0"	"1.0"	"24.98"	"38.0"	"8.0"	"Female"	"2002-04-22T00:00:00.000000Z"	"28.0"	"28880.0"	"2.SILVER"	"1961-06-25T00:00:00.000000Z"	"Mareah"	"Gaye"	"Loyalist"
"1362307.0"	"Personal Loan"	"Unsecured Lending"	"2015-07-28T00:00:00.000000Z"	"4543264884610854129"	""	"0"	"43.38"	"822.96"	"10.0"	"433.1700000000001"	"262.2550736719247"	"10.0"	"5.5452250764032565"	"55.45225076403256"	"0.0"	"162.0"	"3930.0"	"0.0"	"0.0"	"48.0"	"0.0"	"Female"	"2014-11-27T00:00:00.000000Z"	"30.0"	"16530.0"	"3.BRONZE"	"1992-06-27T00:00:00.000000Z"	"Eloisa"	"Belson"	"Loyalist"
"463013.0"	"Savings Account"	"Deposit Account"	"2015-01-28T00:00:00.000000Z"	"5246947779777642950"	""	"0"	"220.27"	"4187.86"	"16.0"	"1978.9131250000003"	"1093.0307456530747"	"16.0"	""	""	"9.0"	"164.0"	"14920.0"	"3.0"	"169.92"	"47.0"	"19.0"	"Male"	"2004-03-08T00:00:00.000000Z"	"28.0"	"48230.0"	"2.SILVER"	"1973-06-25T00:00:00.000000Z"	"Lincoln"	"Hellwig"	"Sophisticates"
"179565.0"	"Managed Securities"	"Securities"	"2015-01-28T00:00:00.000000Z"	"7520672564257921108"	""	"0"	"-76.72"	"6022.08"	"16.0"	"3057.6793749999997"	"1434.7750611133847"	"16.0"	"14.547500000000001"	"232.76000000000002"	"5.0"	"191.0"	"8770.0"	"2.0"	"104.32000000000001"	"46.0"	"5.0"	"Female"	"2001-09-18T00:00:00.000000Z"	"28.0"	"30530.0"	"2.SILVER"	"1968-06-25T00:00:00.000000Z"	"Stephannie"	"Marunchak"	"Sophisticates"
"856725.0"	"Standard Credit Card"	"Unsecured Lending"	"2015-01-28T00:00:00.000000Z"	"7087953756618268359"	""	"0"	"673.58"	"3469.06"	"16.0"	"1577.5925000000002"	"788.8095733403173"	"16.0"	"2.715625"	"43.45"	"0.0"	"197.0"	"3890.0"	"2.0"	"28.259999999999998"	"47.0"	"8.0"	"Female"	"2009-11-13T00:00:00.000000Z"	"46.0"	"12330.0"	"2.SILVER"	"1980-07-13T00:00:00.000000Z"	"Lynn"	"Donnel"	"Loyalist"
"440221.0"	"Savings Account"	"Deposit Account"	"2015-01-28T00:00:00.000000Z"	"8263866586907143376"	""	"0"	"248.81"	"14751.27"	"16.0"	"6040.750625000001"	"3722.8460574287674"	"16.0"	""	""	"5.0"	"211.0"	"12570.0"	"2.0"	"115.13"	"44.0"	"19.0"	"Male"	"2003-10-16T00:00:00.000000Z"	"28.0"	"43500.0"	"2.SILVER"	"1976-06-25T00:00:00.000000Z"	"Clemmie"	"Hinckley"	"Sophisticates"
"1096448.0"	"Mortgage"	"Secured Lending"	"2016-04-28T00:00:00.000000Z"	"533345365499901601"	"2016-04-28T00:00:00.000000Z"	"1"	""	""	""	""	""	""	""	""	"0.0"	"200.0"	"14750.0"	"0.0"	"0.0"	"46.0"	"0.0"	"Female"	"2012-11-06T00:00:00.000000Z"	"28.0"	"56070.0"	"3.BRONZE"	"1993-06-25T00:00:00.000000Z"	"Norrie"	"Asaaf"	"Loyalist"
"761663.0"	"Mortgage"	"Secured Lending"	"2015-01-28T00:00:00.000000Z"	"4601514049448386759"	"2016-01-28T00:00:00.000000Z"	"1"	"336261.12"	"345260.77"	"12.0"	"340760.945"	"2949.881776020808"	"12.0"	"23.59447894023349"	"283.1337472828019"	"3.0"	"196.0"	"13510.0"	"0.0"	"0.0"	"46.0"	"8.0"	"Male"	"2008-04-17T00:00:00.000000Z"	"28.0"	"42170.0"	"2.SILVER"	"1969-06-25T00:00:00.000000Z"	"Tedd"	"Bertwistle"	"Loyalist"
"1064141.0"	"Current Account"	"Deposit Account"	"2015-01-28T00:00:00.000000Z"	"7594109213824697487"	"2015-11-28T00:00:00.000000Z"	"1"	"-813.63"	"2952.67"	"10.0"	"1448.6889999999999"	"1227.2035479400581"	"10.0"	"1.0"	"10.0"	"1.0"	"148.0"	"2450.0"	"0.0"	"0.0"	"26.0"	"2.0"	"Female"	"2012-09-20T00:00:00.000000Z"	"15.0"	"14030.0"	"2.SILVER"	"1977-06-12T00:00:00.000000Z"	"Clark"	"Brodnecke"	"Loyalist"
"1380149.0"	"Current Account"	"Deposit Account"	"2015-02-28T00:00:00.000000Z"	"8574503496942670053"	"2015-06-28T00:00:00.000000Z"	"1"	"187.55"	"385.8"	"4.0"	"280.435"	"81.35925290545221"	"4.0"	"0.5"	"2.0"	"4.0"	"171.0"	"5990.0"	"0.0"	"0.0"	"38.0"	"3.0"	"Female"	"2015-02-04T00:00:00.000000Z"	"28.0"	"26900.0"	"3.BRONZE"	"1988-06-25T00:00:00.000000Z"	"Shepherd"	"Bucklan"	"Loyalist"
"1400444.0"	"Direct Securities"	"Securities"	"2016-01-28T00:00:00.000000Z"	"5506979266087455817"	""	"0"	"26.12"	"375.74"	"4.0"	"210.75"	"143.54593062849256"	"4.0"	"5.842500000000001"	"23.370000000000005"	"2.0"	"149.0"	"3150.0"	"1.0"	"13.08"	"25.0"	"9.0"	"Female"	"2015-06-04T00:00:00.000000Z"	"46.0"	"19500.0"	"1.GOLD"	"1952-07-13T00:00:00.000000Z"	"Jami"	"Bellefonte"	"Sophisticates"
"718510.0"	"Current Account"	"Deposit Account"	"2015-01-28T00:00:00.000000Z"	"1520783380028857180"	""	"0"	"5.27"	"1220.25"	"16.0"	"565.71"	"343.0034156486881"	"16.0"	"2.5"	"40.0"	"1.0"	"203.0"	"9200.0"	"0.0"	"0.0"	"47.0"	"4.0"	"Female"	"2007-09-13T00:00:00.000000Z"	"28.0"	"30350.0"	"2.SILVER"	"1975-06-25T00:00:00.000000Z"	"Alric"	"Stigger"	"Emergent"
"281260.0"	"Current Account"	"Deposit Account"	"2015-01-28T00:00:00.000000Z"	"339524409841327052"	""	"0"	"217.82"	"3577.13"	"16.0"	"1086.989375"	"837.9252070478905"	"16.0"	"2.0"	"32.0"	"0.0"	"170.0"	"7510.0"	"0.0"	"0.0"	"46.0"	"5.0"	"Female"	"2001-10-10T00:00:00.000000Z"	"50.0"	"28360.0"	"2.SILVER"	"1960-07-17T00:00:00.000000Z"	"Joelie"	"O'Loughnan"	"Emergent"
"457623.0"	"Current Account"	"Deposit Account"	"2015-01-28T00:00:00.000000Z"	"3212851056191824540"	""	"0"	"302.52"	"13770.57"	"16.0"	"7450.81125"	"3927.9264149537817"	"16.0"	"1.0"	"16.0"	"1.0"	"186.0"	"19090.0"	"1.0"	"170.24"	"33.0"	"5.0"	"Male"	"2004-03-23T00:00:00.000000Z"	"28.0"	"65730.0"	"2.SILVER"	"1947-06-25T00:00:00.000000Z"	"Marice"	"De Micoli"	"Loyalist"
"838091.0"	"Premium Credit Card"	"Unsecured Lending"	"2015-01-28T00:00:00.000000Z"	"3562613268169184360"	""	"0"	"-211.07"	"1148.28"	"16.0"	"424.0925"	"365.713626790143"	"16.0"	"13.916875"	"222.67"	"4.0"	"189.0"	"12760.0"	"0.0"	"0.0"	"44.0"	"6.0"	"Male"	"2009-03-11T00:00:00.000000Z"	"28.0"	"45790.0"	"2.SILVER"	"1963-06-25T00:00:00.000000Z"	"Glyn"	"Baggott"	"Sophisticates"
"1106139.0"	"Current Account"	"Deposit Account"	"2015-01-28T00:00:00.000000Z"	"791012684597633555"	""	"0"	"99.99"	"2646.09"	"16.0"	"1264.5968750000002"	"614.1386083365736"	"16.0"	"0.0"	"0.0"	"1.0"	"200.0"	"4730.0"	"0.0"	"0.0"	"50.0"	"1.0"	"Male"	"2012-11-27T00:00:00.000000Z"	"28.0"	"16840.0"	"3.BRONZE"	"1984-06-25T00:00:00.000000Z"	"Sondra"	"Congram"	"Emergent"
"35564.0"	"Savings Account"	"Deposit Account"	"2015-01-28T00:00:00.000000Z"	"4292268593764024146"	""	"0"	"-2795.32"	"6108.35"	"16.0"	"3120.7968750000005"	"2260.4889158283695"	"16.0"	""	""	"8.0"	"171.0"	"7150.0"	"3.0"	"142.68"	"45.0"	"11.0"	"Female"	"1996-03-28T00:00:00.000000Z"	"28.0"	"22640.0"	"1.GOLD"	"1967-06-25T00:00:00.000000Z"	"Karoly"	"Gabites"	"Sophisticates"
"586807.0"	"Managed Securities"	"Securities"	"2015-01-28T00:00:00.000000Z"	"7283430358916039367"	""	"0"	"-10290.94"	"23034.57"	"16.0"	"8280.359375"	"8605.508405146455"	"16.0"	"47.839375000000004"	"765.4300000000001"	"1.0"	"209.0"	"18920.0"	"0.0"	"0.0"	"33.0"	"4.0"	"Female"	"2005-12-22T00:00:00.000000Z"	"28.0"	"63470.0"	"2.SILVER"	"1945-06-25T00:00:00.000000Z"	"Kizzie"	"Benian"	"Sophisticates"
"380689.0"	"Savings Account"	"Deposit Account"	"2015-01-28T00:00:00.000000Z"	"4245561142767117434"	""	"0"	"-197.86"	"10664.87"	"16.0"	"4093.4325"	"2986.957173431406"	"16.0"	""	""	"2.0"	"214.0"	"7590.0"	"0.0"	"0.0"	"42.0"	"6.0"	"Female"	"2002-09-06T00:00:00.000000Z"	"29.0"	"26840.0"	"2.SILVER"	"1973-06-26T00:00:00.000000Z"	"Wesley"	"Gricks"	"Emergent"
"509829.0"	"Current Account"	"Deposit Account"	"2015-01-28T00:00:00.000000Z"	"3492428304400587845"	""	"0"	"-20.51"	"475.03"	"16.0"	"165.54375000000002"	"151.86994764710144"	"16.0"	"2.5"	"40.0"	"1.0"	"196.0"	"5600.0"	"0.0"	"0.0"	"50.0"	"2.0"	"Female"	"2005-01-04T00:00:00.000000Z"	"28.0"	"17840.0"	"2.SILVER"	"1973-06-25T00:00:00.000000Z"	"Annadiana"	"Orhrt"	"Emergent"
"90322.0"	"Savings Account"	"Deposit Account"	"2015-01-28T00:00:00.000000Z"	"5637293465671671621"	""	"0"	"-173.3"	"863.33"	"16.0"	"336.7049999999999"	"347.07335480173833"	"16.0"	""	""	"2.0"	"194.0"	"11580.0"	"1.0"	"469.21"	"43.0"	"2.0"	"Female"	"1998-03-23T00:00:00.000000Z"	"28.0"	"38240.0"	"2.SILVER"	"1970-06-25T00:00:00.000000Z"	"Marin"	"Penella"	"Sophisticates"
"183140.0"	"Savings Account"	"Deposit Account"	"2015-01-28T00:00:00.000000Z"	"8878627083685825608"	"2015-11-28T00:00:00.000000Z"	"1"	"479.87"	"12357.75"	"10.0"	"5079.762000000001"	"3910.340478519883"	"10.0"	""	""	"2.0"	"167.0"	"14020.0"	"0.0"	"0.0"	"40.0"	"15.0"	"Female"	"2000-11-03T00:00:00.000000Z"	"28.0"	"51580.0"	"1.GOLD"	"1960-06-25T00:00:00.000000Z"	"Bren"	"Hillborne"	"Loyalist"
"1136312.0"	"Current Account"	"Deposit Account"	"2015-01-28T00:00:00.000000Z"	"3144008108997800719"	""	"0"	"-121.93"	"416.0"	"16.0"	"130.135625"	"162.27365043730913"	"16.0"	"1.5"	"24.0"	"3.0"	"202.0"	"3000.0"	"0.0"	"0.0"	"39.0"	"5.0"	"Female"	"2013-06-04T00:00:00.000000Z"	"46.0"	"10200.0"	"2.SILVER"	"1971-07-13T00:00:00.000000Z"	"Karalee"	"Reichhardt"	"Emergent"
"124730.0"	"Managed Securities"	"Securities"	"2015-01-28T00:00:00.000000Z"	"6140364397742084799"	"2016-01-28T00:00:00.000000Z"	"1"	"-2759.64"	"11737.95"	"12.0"	"4409.866666666667"	"4084.618817698534"	"12.0"	"51.57750000000001"	"618.9300000000001"	"4.0"	"234.0"	"16100.0"	"1.0"	"100.47"	"43.0"	"17.0"	"Male"	"1999-03-09T00:00:00.000000Z"	"28.0"	"48990.0"	"1.GOLD"	"1967-06-25T00:00:00.000000Z"	"Wylma"	"Struijs"	"Loyalist"
"1019525.0"	"Car Loan"	"Secured Lending"	"2015-01-28T00:00:00.000000Z"	"7460913229154608988"	"2016-03-28T00:00:00.000000Z"	"1"	"-1558.2"	"129.85"	"14.0"	"-714.1750000000001"	"543.2015222272486"	"14.0"	"2.7551225585297066"	"38.57171581941589"	"1.0"	"209.0"	"5590.0"	"1.0"	"68.83"	"45.0"	"3.0"	"Male"	"2012-06-13T00:00:00.000000Z"	"35.0"	"19770.0"	"2.SILVER"	"1982-07-02T00:00:00.000000Z"	"Cirilo"	"Kimpton"	"Loyalist"
"1262856.0"	"Mortgage"	"Secured Lending"	"2015-03-28T00:00:00.000000Z"	"8500621461174450072"	""	"0"	"63322.53"	"65824.64"	"14.0"	"64573.585"	"805.1597765350624"	"14.0"	"3.1242793074803865"	"43.73991030472541"	"2.0"	"172.0"	"2040.0"	"0.0"	"0.0"	"44.0"	"7.0"	"Female"	"2014-06-10T00:00:00.000000Z"	"35.0"	"8210.0"	"2.SILVER"	"1981-07-02T00:00:00.000000Z"	"Kyla"	"Baggott"	"Loyalist"
"1301587.0"	"Current Account"	"Deposit Account"	"2015-01-28T00:00:00.000000Z"	"6780286625958080295"	""	"0"	"-493.33"	"5760.97"	"16.0"	"2609.5243750000004"	"1616.9344449666423"	"16.0"	"1.5"	"24.0"	"1.0"	"234.0"	"7760.0"	"2.0"	"83.55"	"52.0"	"2.0"	"Male"	"2014-09-03T00:00:00.000000Z"	"4.0"	"26000.0"	"2.SILVER"	"1983-06-01T00:00:00.000000Z"	"Arni"	"Venables"	"Loyalist"
"591977.0"	"Standard Credit Card"	"Unsecured Lending"	"2015-01-28T00:00:00.000000Z"	"1949676453760483646"	"2015-05-28T00:00:00.000000Z"	"1"	"349.58"	"944.39"	"4.0"	"790.665"	"294.1004017338297"	"4.0"	"5.79"	"23.16"	"3.0"	"209.0"	"6530.0"	"2.0"	"93.16"	"48.0"	"10.0"	"Male"	"2006-01-17T00:00:00.000000Z"	"28.0"	"23980.0"	"2.SILVER"	"1978-06-25T00:00:00.000000Z"	"Henry"	"Lauxmann"	"Loyalist"
"792034.0"	"Current Account"	"Deposit Account"	"2015-01-28T00:00:00.000000Z"	"354278599623504580"	""	"0"	"-766.45"	"3542.07"	"16.0"	"1304.4368749999999"	"976.1547937611723"	"16.0"	"0.5"	"8.0"	"2.0"	"200.0"	"7340.0"	"1.0"	"40.39"	"35.0"	"4.0"	"Male"	"2008-09-04T00:00:00.000000Z"	"46.0"	"25170.0"	"2.SILVER"	"1942-07-13T00:00:00.000000Z"	"Antonio"	"Tison"	"Sophisticates"
"74372.0"	"Savings Account"	"Deposit Account"	"2015-01-28T00:00:00.000000Z"	"2287484226077691084"	""	"0"	"-578.61"	"1143.8"	"16.0"	"350.19375"	"402.33461203124614"	"16.0"	""	""	"2.0"	"196.0"	"20760.0"	"1.0"	"134.41"	"33.0"	"3.0"	"Male"	"1997-10-22T00:00:00.000000Z"	"28.0"	"68400.0"	"2.SILVER"	"1951-06-25T00:00:00.000000Z"	"Jaquenetta"	"Akred"	"Traditionalist"
"361648.0"	"Current Account"	"Deposit Account"	"2015-01-28T00:00:00.000000Z"	"1968871020842322407"	""	"0"	"-212.82"	"1004.75"	"16.0"	"340.02624999999995"	"330.21066509881234"	"16.0"	"1.5"	"24.0"	"2.0"	"192.0"	"2600.0"	"4.0"	"45.03"	"35.0"	"2.0"	"Male"	"2002-06-04T00:00:00.000000Z"	"50.0"	"8800.0"	"2.SILVER"	"1962-07-17T00:00:00.000000Z"	"Jonathan"	"Slipper"	"Sophisticates"
"848299.0"	"Premium Credit Card"	"Unsecured Lending"	"2015-01-28T00:00:00.000000Z"	"1251673330190161347"	""	"0"	"486.5"	"3345.67"	"16.0"	"2150.5000000000005"	"692.4734113210893"	"16.0"	"13.884999999999998"	"222.15999999999997"	"1.0"	"189.0"	"17380.0"	"1.0"	"23.53"	"31.0"	"5.0"	"Male"	"2009-07-31T00:00:00.000000Z"	"28.0"	"57150.0"	"2.SILVER"	"1936-06-25T00:00:00.000000Z"	"Abraham"	"Warham"	"Sophisticates"
"89574.0"	"Direct Securities"	"Securities"	"2015-01-28T00:00:00.000000Z"	"8693893518473855220"	""	"0"	"-2346.75"	"13477.53"	"16.0"	"7134.280625"	"4066.6385365023843"	"16.0"	"47.833124999999995"	"765.3299999999999"	"10.0"	"195.0"	"18870.0"	"2.0"	"90.81"	"44.0"	"11.0"	"Female"	"1998-03-16T00:00:00.000000Z"	"28.0"	"58430.0"	"2.SILVER"	"1978-06-25T00:00:00.000000Z"	"Estelle"	"Hairsine"	"Sophisticates"
"191467.0"	"Managed Securities"	"Securities"	"2015-01-28T00:00:00.000000Z"	"1547244152871699631"	"2015-04-28T00:00:00.000000Z"	"1"	"3220.79"	"6970.37"	"3.0"	"5286.416666666667"	"1903.7051883454362"	"3.0"	"14.18"	"42.54"	"2.0"	"243.0"	"33530.0"	"2.0"	"87.89"	"49.0"	"12.0"	"Female"	"2000-09-11T00:00:00.000000Z"	"24.0"	"127440.0"	"1.GOLD"	"1972-06-21T00:00:00.000000Z"	"Cirilo"	"Landeg"	"Traditionalist"
"1349723.0"	"Current Account"	"Deposit Account"	"2015-01-28T00:00:00.000000Z"	"6388807638245231115"	""	"0"	"569.82"	"5013.44"	"16.0"	"2432.4125"	"1258.2914844317008"	"16.0"	"1.5"	"24.0"	"1.0"	"236.0"	"5720.0"	"0.0"	"0.0"	"52.0"	"2.0"	"Male"	"2014-11-06T00:00:00.000000Z"	"46.0"	"19900.0"	"3.BRONZE"	"1988-07-13T00:00:00.000000Z"	"Twila"	"Philbin"	"Emergent"
"191357.0"	"Standard Credit Card"	"Unsecured Lending"	"2015-01-28T00:00:00.000000Z"	"3627878490413387553"	""	"0"	"-4150.69"	"21071.74"	"16.0"	"10287.225625"	"7334.489142372921"	"16.0"	"15.605"	"249.68"	"1.0"	"208.0"	"26470.0"	"0.0"	"0.0"	"45.0"	"4.0"	"Male"	"2000-09-11T00:00:00.000000Z"	"28.0"	"74110.0"	"2.SILVER"	"1974-06-25T00:00:00.000000Z"	"Margo"	"Leist"	"Sophisticates"
"1159159.0"	"Car Loan"	"Secured Lending"	"2015-01-28T00:00:00.000000Z"	"7522463289370664884"	""	"0"	"411.79"	"1956.19"	"16.0"	"1183.9899999999998"	"490.1876473351811"	"16.0"	"3.560094849212236"	"56.961517587395775"	"5.0"	"211.0"	"5560.0"	"2.0"	"73.19"	"52.0"	"8.0"	"Female"	"2013-08-07T00:00:00.000000Z"	"45.0"	"19120.0"	"2.SILVER"	"1974-07-12T00:00:00.000000Z"	"Barton"	"Kelson"	"Sophisticates"
"533072.0"	"Mortgage"	"Secured Lending"	"2015-01-28T00:00:00.000000Z"	"6330898292325545870"	""	"0"	"577640.35"	"596683.45"	"16.0"	"587161.8999999999"	"6044.219364781318"	"16.0"	"2.931994330899954"	"46.911909294399265"	"8.0"	"198.0"	"16990.0"	"3.0"	"226.49"	"32.0"	"19.0"	"Male"	"2005-05-16T00:00:00.000000Z"	"28.0"	"57250.0"	"2.SILVER"	"1940-06-25T00:00:00.000000Z"	"Niccolo"	"Hundy"	"Sophisticates"
"596212.0"	"Direct Securities"	"Securities"	"2016-02-28T00:00:00.000000Z"	"4204293768746700726"	""	"0"	"1144.56"	"8467.32"	"3.0"	"4363.946666666666"	"3740.5584909921317"	"3.0"	"44.56333333333333"	"133.69"	"2.0"	"184.0"	"14760.0"	"0.0"	"0.0"	"45.0"	"1.0"	"Female"	"2006-02-08T00:00:00.000000Z"	"28.0"	"45650.0"	"2.SILVER"	"1969-06-25T00:00:00.000000Z"	"Riley"	"Iacopetti"	"Emergent"
"1118976.0"	"Standard Credit Card"	"Unsecured Lending"	"2015-01-28T00:00:00.000000Z"	"3215304730037109048"	"2015-02-28T00:00:00.000000Z"	"1"	"2274.25"	"2274.25"	"1.0"	"2274.25"	""	"1.0"	"0.0"	"0.0"	"0.0"	"7.0"	"790.0"	"0.0"	"0.0"	"4.0"	"0.0"	"Female"	"2013-01-22T00:00:00.000000Z"	"28.0"	"35170.0"	"2.SILVER"	"1970-06-25T00:00:00.000000Z"	"Letti"	"Benian"	"Loyalist"
"348316.0"	"Car Loan"	"Secured Lending"	"2015-04-28T00:00:00.000000Z"	"8491055506765979779"	"2015-05-28T00:00:00.000000Z"	"1"	"78.27"	"78.27"	"1.0"	"78.27"	""	"1.0"	"4.440239466099801"	"4.440239466099801"	"2.0"	"209.0"	"4320.0"	"2.0"	"39.3"	"42.0"	"7.0"	"Male"	"2002-04-08T00:00:00.000000Z"	"28.0"	"14490.0"	"2.SILVER"	"1976-06-25T00:00:00.000000Z"	"Thaxter"	"Crews"	"Loyalist"
"665710.0"	"Standard Credit Card"	"Unsecured Lending"	"2015-01-28T00:00:00.000000Z"	"5500352743383842101"	""	"0"	"-60.06"	"3052.3"	"16.0"	"1637.7625"	"849.8807350956172"	"16.0"	"17.205"	"275.28"	"2.0"	"204.0"	"16320.0"	"0.0"	"0.0"	"49.0"	"4.0"	"Female"	"2007-01-01T00:00:00.000000Z"	"28.0"	"57620.0"	"2.SILVER"	"1972-06-25T00:00:00.000000Z"	"Eugenius"	"Mackrill"	"Sophisticates"
"390875.0"	"Standard Credit Card"	"Unsecured Lending"	"2015-03-28T00:00:00.000000Z"	"79595869255837398"	"2015-12-28T00:00:00.000000Z"	"1"	"-482.23"	"14972.85"	"9.0"	"8176.661111111111"	"5088.697605113327"	"9.0"	"15.052222222222222"	"135.47"	"2.0"	"224.0"	"19490.0"	"1.0"	"63.7"	"51.0"	"10.0"	"Female"	"2002-11-15T00:00:00.000000Z"	"8.0"	"66400.0"	"2.SILVER"	"1967-06-05T00:00:00.000000Z"	"Kleon"	"Buesnel"	"Loyalist"
"837860.0"	"Current Account"	"Deposit Account"	"2015-01-28T00:00:00.000000Z"	"5010822933191617703"	""	"0"	"-618.97"	"7508.8"	"16.0"	"3059.873125"	"2127.2993068198584"	"16.0"	"0.5"	"8.0"	"3.0"	"175.0"	"5490.0"	"1.0"	"44.9"	"48.0"	"4.0"	"Female"	"2009-03-09T00:00:00.000000Z"	"29.0"	"19620.0"	"2.SILVER"	"1969-06-26T00:00:00.000000Z"	"Electra"	"Jaher"	"Loyalist"
"196560.0"	"Standard Credit Card"	"Unsecured Lending"	"2015-04-28T00:00:00.000000Z"	"6333965347373875513"	""	"0"	"-7396.01"	"14250.26"	"13.0"	"5722.6469230769235"	"5724.349518270445"	"13.0"	"13.376153846153844"	"173.89"	"3.0"	"209.0"	"17280.0"	"3.0"	"131.36"	"30.0"	"9.0"	"Female"	"2000-10-16T00:00:00.000000Z"	"28.0"	"55160.0"	"1.GOLD"	"1937-06-25T00:00:00.000000Z"	"Antonio"	"Asman"	"Sophisticates"
"873742.0"	"Current Account"	"Deposit Account"	"2015-01-28T00:00:00.000000Z"	"4138678794910095296"	""	"0"	"-684.97"	"1722.25"	"16.0"	"659.6774999999999"	"600.56151341335"	"16.0"	"0.5"	"8.0"	"2.0"	"214.0"	"1910.0"	"2.0"	"2.9200000000000004"	"44.0"	"3.0"	"Male"	"2010-04-15T00:00:00.000000Z"	"46.0"	"7260.0"	"2.SILVER"	"1976-07-13T00:00:00.000000Z"	"Elisha"	"Alesi"	"Traditionalist"
"857627.0"	"Mortgage"	"Secured Lending"	"2015-01-28T00:00:00.000000Z"	"1573738625381679359"	""	"0"	"197294.21"	"209275.61"	"16.0"	"203284.91000000003"	"3802.8582477218724"	"16.0"	"6.9691778065447405"	"111.50684490471585"	"3.0"	"213.0"	"15120.0"	"1.0"	"211.88"	"42.0"	"14.0"	"Male"	"2009-11-20T00:00:00.000000Z"	"28.0"	"52260.0"	"2.SILVER"	"1966-06-25T00:00:00.000000Z"	"Enoch"	"Heare"	"Sophisticates"
"445325.0"	"Savings Account"	"Deposit Account"	"2015-01-28T00:00:00.000000Z"	"5829964005686044505"	""	"0"	"-431.07"	"8698.49"	"16.0"	"2608.82875"	"2419.323415507939"	"16.0"	""	""	"0.0"	"202.0"	"14800.0"	"1.0"	"13.09"	"38.0"	"2.0"	"Male"	"2003-11-18T00:00:00.000000Z"	"37.0"	"51700.0"	"2.SILVER"	"1953-07-04T00:00:00.000000Z"	"Wit"	"Vasyutichev"	"Sophisticates"
"434721.0"	"Direct Securities"	"Securities"	"2015-01-28T00:00:00.000000Z"	"8742675266773289228"	""	"0"	"-635.44"	"4507.75"	"16.0"	"1905.1043749999997"	"1232.5408461113639"	"16.0"	"10.544999999999998"	"168.71999999999997"	"0.0"	"189.0"	"5810.0"	"0.0"	"0.0"	"43.0"	"1.0"	"Female"	"2003-09-11T00:00:00.000000Z"	"24.0"	"18730.0"	"1.GOLD"	"1961-06-21T00:00:00.000000Z"	"Courtney"	"Heber"	"Emergent"
"1227282.0"	"Current Account"	"Deposit Account"	"2015-01-28T00:00:00.000000Z"	"4497169423011948951"	""	"0"	"-4199.97"	"8341.15"	"16.0"	"2213.6525"	"3108.1474037406915"	"16.0"	"1.5"	"24.0"	"0.0"	"231.0"	"5830.0"	"0.0"	"0.0"	"45.0"	"2.0"	"Male"	"2013-11-29T00:00:00.000000Z"	"33.0"	"19870.0"	"2.SILVER"	"1980-06-30T00:00:00.000000Z"	"Kimball"	"Kittredge"	"Emergent"
"151988.0"	"Managed Securities"	"Securities"	"2015-01-28T00:00:00.000000Z"	"8490574996129138704"	"2015-10-28T00:00:00.000000Z"	"1"	"-46.79"	"539.36"	"9.0"	"288.0977777777778"	"176.83543174218352"	"9.0"	"3.4744444444444444"	"31.27"	"1.0"	"187.0"	"10900.0"	"1.0"	"76.53"	"42.0"	"3.0"	"Female"	"1999-12-07T00:00:00.000000Z"	"28.0"	"40330.0"	"1.GOLD"	"1972-06-25T00:00:00.000000Z"	"Inesita"	"Truluck"	"Sophisticates"
"360449.0"	"Car Loan"	"Secured Lending"	"2015-01-28T00:00:00.000000Z"	"8219154784674729509"	""	"0"	"6957.24"	"10822.44"	"16.0"	"8889.840000000002"	"1226.8021849779468"	"16.0"	"16.49659121059884"	"263.94545936958144"	"2.0"	"196.0"	"9980.0"	"1.0"	"60.8"	"46.0"	"10.0"	"Male"	"2002-10-15T00:00:00.000000Z"	"28.0"	"38500.0"	"2.SILVER"	"1976-06-25T00:00:00.000000Z"	"Earle"	"Edgeon"	"Sophisticates"
"333059.0"	"Current Account"	"Deposit Account"	"2015-01-28T00:00:00.000000Z"	"9151598600884340135"	""	"0"	"0.12"	"830.12"	"16.0"	"503.695625"	"244.94416152717338"	"16.0"	"1.5"	"24.0"	"4.0"	"198.0"	"11200.0"	"0.0"	"0.0"	"43.0"	"7.0"	"Female"	"2002-02-21T00:00:00.000000Z"	"8.0"	"37590.0"	"2.SILVER"	"1974-06-05T00:00:00.000000Z"	"Gabi"	"Watterson"	"Loyalist"
"1423566.0"	"Current Account"	"Deposit Account"	"2015-08-28T00:00:00.000000Z"	"1911272383826921239"	""	"0"	"-13.72"	"84.97"	"9.0"	"27.97888888888889"	"36.38885730702616"	"9.0"	"0.0"	"0.0"	"0.0"	"130.0"	"1730.0"	"0.0"	"0.0"	"26.0"	"0.0"	"Male"	"2015-07-31T00:00:00.000000Z"	"12.0"	"10900.0"	"3.BRONZE"	"1996-06-09T00:00:00.000000Z"	"Sherwood"	"Doppler"	"Emergent"
"1385660.0"	"Standard Credit Card"	"Unsecured Lending"	"2015-06-28T00:00:00.000000Z"	"3059397277796967078"	""	"0"	"43.54"	"2569.92"	"11.0"	"1179.5354545454545"	"801.5965658155434"	"11.0"	"14.508181818181818"	"159.59"	"2.0"	"169.0"	"9190.0"	"0.0"	"0.0"	"34.0"	"4.0"	"Female"	"2015-03-03T00:00:00.000000Z"	"28.0"	"35410.0"	"2.SILVER"	"1970-06-25T00:00:00.000000Z"	"Stacee"	"Whye"	"Emergent"
"1158565.0"	"Current Account"	"Deposit Account"	"2015-01-28T00:00:00.000000Z"	"8666078915426593043"	"2016-02-28T00:00:00.000000Z"	"1"	"-1065.48"	"12541.89"	"13.0"	"3922.647692307692"	"3548.584707398979"	"13.0"	"0.5"	"6.5"	"1.0"	"149.0"	"6400.0"	"0.0"	"0.0"	"48.0"	"1.0"	"Male"	"2013-08-07T00:00:00.000000Z"	"15.0"	"28180.0"	"3.BRONZE"	"1994-06-12T00:00:00.000000Z"	"Claretta"	"Hembrow"	"Emergent"
"796632.0"	"Current Account"	"Deposit Account"	"2015-01-28T00:00:00.000000Z"	"2446680490708726156"	""	"0"	"-1858.07"	"3523.67"	"16.0"	"1120.3575"	"1438.0797387280024"	"16.0"	"0.5"	"8.0"	"3.0"	"146.0"	"4610.0"	"1.0"	"17.88"	"37.0"	"7.0"	"Female"	"2008-09-24T00:00:00.000000Z"	"10.0"	"14700.0"	"2.SILVER"	"1958-06-07T00:00:00.000000Z"	"Josephina"	"Lisciandro"	"Emergent"
"1342639.0"	"Mortgage"	"Secured Lending"	"2015-01-28T00:00:00.000000Z"	"5847824158373096725"	""	"0"	"100690.85"	"107781.8"	"16.0"	"104236.32500000001"	"2250.64497401669"	"16.0"	"4.349523967057038"	"69.5923834729126"	"1.0"	"172.0"	"7880.0"	"0.0"	"0.0"	"47.0"	"9.0"	"Female"	"2014-10-27T00:00:00.000000Z"	"28.0"	"25180.0"	"3.BRONZE"	"1988-06-25T00:00:00.000000Z"	"Tedd"	"Josefson"	"Sophisticates"
"153913.0"	"Personal Loan"	"Unsecured Lending"	"2015-01-28T00:00:00.000000Z"	"7302328111625858461"	""	"0"	"60.15"	"962.55"	"16.0"	"511.35"	"286.4188895074251"	"16.0"	"7.0192384756582"	"112.3078156105312"	"6.0"	"208.0"	"5700.0"	"3.0"	"155.99"	"33.0"	"14.0"	"Male"	"2000-03-06T00:00:00.000000Z"	"39.0"	"20580.0"	"1.GOLD"	"1962-07-06T00:00:00.000000Z"	"Beck"	"Matveiko"	"Sophisticates"
"153187.0"	"Personal Loan"	"Unsecured Lending"	"2015-01-28T00:00:00.000000Z"	"3359900915015068771"	""	"0"	"-547.24"	"18.86"	"16.0"	"-264.19"	"179.6783392621381"	"16.0"	"1.2974835137910374"	"20.7597362206566"	"3.0"	"203.0"	"940.0"	"1.0"	"1.97"	"41.0"	"7.0"	"Female"	"1999-12-16T00:00:00.000000Z"	"37.0"	"3290.0"	"1.GOLD"	"1971-07-04T00:00:00.000000Z"	"Joannes"	"Woolway"	"Sophisticates"
"205162.0"	"Current Account"	"Deposit Account"	"2015-01-28T00:00:00.000000Z"	"7576652696108519483"	""	"0"	"-710.24"	"4951.18"	"16.0"	"1942.5137499999998"	"1751.43165927335"	"16.0"	"1.0"	"16.0"	"2.0"	"211.0"	"7650.0"	"1.0"	"49.25"	"44.0"	"8.0"	"Female"	"2000-11-17T00:00:00.000000Z"	"28.0"	"27060.0"	"2.SILVER"	"1976-06-25T00:00:00.000000Z"	"Enoch"	"O'Crowley"	"Sophisticates"
"149964.0"	"Savings Account"	"Deposit Account"	"2015-01-28T00:00:00.000000Z"	"1662775785193320898"	""	"0"	"17.86"	"9117.05"	"16.0"	"2990.4893749999997"	"2570.8567341555454"	"16.0"	""	""	"0.0"	"206.0"	"13720.0"	"0.0"	"0.0"	"32.0"	"0.0"	"Male"	"1999-11-22T00:00:00.000000Z"	"29.0"	"40600.0"	"2.SILVER"	"1967-06-26T00:00:00.000000Z"	"Valentina"	"Gregoretti"	"Sophisticates"
"1338437.0"	"Current Account"	"Deposit Account"	"2015-01-28T00:00:00.000000Z"	"2251294692869916799"	""	"0"	"-3551.74"	"7072.2"	"16.0"	"2993.064375"	"2674.367536982576"	"16.0"	"2.5"	"40.0"	"1.0"	"183.0"	"6360.0"	"0.0"	"0.0"	"51.0"	"1.0"	"Female"	"2014-10-21T00:00:00.000000Z"	"32.0"	"24670.0"	"3.BRONZE"	"1995-06-29T00:00:00.000000Z"	"Dorelia"	"Heare"	"Emergent"
"1089947.0"	"Current Account"	"Deposit Account"	"2015-01-28T00:00:00.000000Z"	"8108302910821116272"	""	"0"	"-946.22"	"5192.82"	"16.0"	"2017.57125"	"1537.917112152559"	"16.0"	"2.0"	"32.0"	"2.0"	"198.0"	"8130.0"	"0.0"	"0.0"	"46.0"	"4.0"	"Male"	"2012-10-26T00:00:00.000000Z"	"28.0"	"29670.0"	"3.BRONZE"	"1992-06-25T00:00:00.000000Z"	"Beckie"	"Brogi"	"Emergent"
"449527.0"	"Current Account"	"Deposit Account"	"2015-01-28T00:00:00.000000Z"	"7303634898350981179"	""	"0"	"-217.83"	"3041.65"	"16.0"	"1343.1050000000002"	"932.4064826315469"	"16.0"	"2.0"	"32.0"	"0.0"	"210.0"	"5040.0"	"2.0"	"121.41000000000001"	"40.0"	"7.0"	"Female"	"2003-12-19T00:00:00.000000Z"	"11.0"	"17700.0"	"2.SILVER"	"1962-06-08T00:00:00.000000Z"	"Martin"	"Wildor"	"Sophisticates"
"896270.0"	"Direct Securities"	"Securities"	"2016-02-28T00:00:00.000000Z"	"8594767230190757147"	""	"0"	"-69.3"	"151.59"	"3.0"	"62.839999999999996"	"116.6624065412676"	"3.0"	"9.096666666666666"	"27.29"	"0.0"	"208.0"	"5260.0"	"2.0"	"40.82"	"43.0"	"3.0"	"Female"	"2010-11-09T00:00:00.000000Z"	"36.0"	"19320.0"	"2.SILVER"	"1972-07-03T00:00:00.000000Z"	"Raffaello"	"Vaz"	"Emergent"
"792375.0"	"Mortgage"	"Secured Lending"	"2015-02-28T00:00:00.000000Z"	"4277232267691780230"	""	"0"	"88895.25"	"91571.63"	"15.0"	"90233.44"	"854.9382305172628"	"15.0"	"14.801399873143202"	"222.02099809714804"	"5.0"	"209.0"	"6190.0"	"1.0"	"3.03"	"43.0"	"8.0"	"Female"	"2008-11-28T00:00:00.000000Z"	"3.0"	"22010.0"	"2.SILVER"	"1977-05-31T00:00:00.000000Z"	"Aleen"	"Burborough"	"Loyalist"
"80785.0"	"Managed Securities"	"Securities"	"2015-01-28T00:00:00.000000Z"	"1997587840069176997"	""	"0"	"-662.14"	"2676.01"	"16.0"	"1085.82125"	"991.2431745498511"	"16.0"	"14.154999999999996"	"226.47999999999993"	"2.0"	"184.0"	"5670.0"	"1.0"	"11.02"	"42.0"	"13.0"	"Female"	"1997-12-26T00:00:00.000000Z"	"28.0"	"17760.0"	"2.SILVER"	"1971-06-25T00:00:00.000000Z"	"Rad"	"Asaaf"	"Traditionalist"
"477940.0"	"Direct Securities"	"Securities"	"2015-01-28T00:00:00.000000Z"	"513018978676003760"	""	"0"	"-2185.09"	"9674.6"	"16.0"	"3383.0331250000004"	"3026.1297356143846"	"16.0"	"8.99"	"143.84"	"1.0"	"205.0"	"9260.0"	"2.0"	"31.9"	"48.0"	"5.0"	"Female"	"2004-06-07T00:00:00.000000Z"	"28.0"	"32970.0"	"2.SILVER"	"1971-06-25T00:00:00.000000Z"	"Grazia"	"Palatino"	"Sophisticates"
"589392.0"	"Premium Credit Card"	"Unsecured Lending"	"2015-01-28T00:00:00.000000Z"	"653337120212880834"	""	"0"	"-4385.32"	"21867.36"	"16.0"	"6069.49"	"6783.030594891931"	"16.0"	"22.33125"	"357.3"	"1.0"	"207.0"	"14540.0"	"5.0"	"579.36"	"42.0"	"7.0"	"Male"	"2006-01-04T00:00:00.000000Z"	"28.0"	"47610.0"	"2.SILVER"	"1971-06-25T00:00:00.000000Z"	"Clare"	"Summerley"	"Sophisticates"
"1165770.0"	"Personal Loan"	"Unsecured Lending"	"2015-01-28T00:00:00.000000Z"	"196228567391070156"	""	"0"	"1147.48"	"4589.38"	"16.0"	"2868.43"	"1092.4481114756281"	"16.0"	"8.258417612452815"	"132.13468179924504"	"2.0"	"179.0"	"9860.0"	"0.0"	"0.0"	"46.0"	"4.0"	"Female"	"2013-08-14T00:00:00.000000Z"	"8.0"	"36480.0"	"3.BRONZE"	"1994-06-05T00:00:00.000000Z"	"Wally"	"Lowmass"	"Emergent"
"307671.0"	"Personal Loan"	"Unsecured Lending"	"2015-01-28T00:00:00.000000Z"	"4594727187486978485"	""	"0"	"-197.41"	"1775.69"	"16.0"	"789.14"	"626.2556636603513"	"16.0"	"3.3054673867466544"	"52.88747818794647"	"3.0"	"192.0"	"4540.0"	"1.0"	"166.05"	"46.0"	"12.0"	"Male"	"2001-12-14T00:00:00.000000Z"	"28.0"	"18070.0"	"2.SILVER"	"1975-06-25T00:00:00.000000Z"	"Micheal"	"Truluck"	"Sophisticates"
"800878.0"	"Current Account"	"Deposit Account"	"2015-01-28T00:00:00.000000Z"	"3252859311533548257"	""	"0"	"-1669.86"	"11053.07"	"16.0"	"3351.30875"	"3993.46513457319"	"16.0"	"2.5"	"40.0"	"1.0"	"161.0"	"15370.0"	"0.0"	"0.0"	"52.0"	"5.0"	"Male"	"2008-10-05T00:00:00.000000Z"	"28.0"	"51350.0"	"2.SILVER"	"1975-06-25T00:00:00.000000Z"	"Flynn"	"O'Loughnan"	"Emergent"
"520829.0"	"Mortgage"	"Secured Lending"	"2015-01-28T00:00:00.000000Z"	"7201100733954292647"	""	"0"	"244899.2"	"262145.6"	"16.0"	"253522.40000000002"	"5473.95250000089"	"16.0"	"3.1722609680780085"	"50.756175489248136"	"6.0"	"193.0"	"15050.0"	"1.0"	"81.49"	"38.0"	"16.0"	"Female"	"2010-02-16T00:00:00.000000Z"	"28.0"	"50060.0"	"1.GOLD"	"1943-06-25T00:00:00.000000Z"	"Nonie"	"Odell"	"Sophisticates"
"1404591.0"	"Personal Loan"	"Unsecured Lending"	"2015-12-28T00:00:00.000000Z"	"4879138927628312555"	""	"0"	"4018.89"	"4766.57"	"5.0"	"4392.73"	"295.54647011933645"	"5.0"	"10.299455699058003"	"51.49727849529001"	"1.0"	"107.0"	"2120.0"	"0.0"	"0.0"	"24.0"	"3.0"	"Female"	"2015-07-05T00:00:00.000000Z"	"12.0"	"15510.0"	"2.SILVER"	"1980-06-09T00:00:00.000000Z"	"Alena"	"Lints"	"Loyalist"
"389225.0"	"Savings Account"	"Deposit Account"	"2015-01-28T00:00:00.000000Z"	"4762546474071020354"	""	"0"	"21.7"	"2391.33"	"16.0"	"1008.795625"	"628.2941201907352"	"16.0"	""	""	"3.0"	"185.0"	"3630.0"	"1.0"	"9.16"	"42.0"	"9.0"	"Male"	"2002-11-05T00:00:00.000000Z"	"41.0"	"11860.0"	"1.GOLD"	"1969-07-08T00:00:00.000000Z"	"Milzie"	"Goves"	"Sophisticates"
"183140.0"	"Personal Loan"	"Unsecured Lending"	"2015-01-28T00:00:00.000000Z"	"6153447903570871992"	""	"0"	"-2456.93"	"2149.87"	"16.0"	"-153.52999999999994"	"1462.1836659827202"	"16.0"	"9.985442243115527"	"159.76707588984843"	"2.0"	"167.0"	"14020.0"	"0.0"	"0.0"	"40.0"	"15.0"	"Female"	"2000-11-03T00:00:00.000000Z"	"28.0"	"51580.0"	"1.GOLD"	"1960-06-25T00:00:00.000000Z"	"Bren"	"Hillborne"	"Loyalist"
"198848.0"	"Car Loan"	"Secured Lending"	"2015-02-28T00:00:00.000000Z"	"1488173670133119158"	""	"0"	"3226.52"	"4839.74"	"15.0"	"4033.1299999999997"	"515.324226094603"	"15.0"	"0.7004211085211924"	"10.506316627817887"	"2.0"	"182.0"	"4240.0"	"2.0"	"98.64"	"42.0"	"1.0"	"Female"	"2004-09-13T00:00:00.000000Z"	"28.0"	"14290.0"	"2.SILVER"	"1967-06-25T00:00:00.000000Z"	"Manolo"	"Prester"	"Sophisticates"
"1259512.0"	"Current Account"	"Deposit Account"	"2015-01-28T00:00:00.000000Z"	"8282235287650352444"	""	"0"	"-768.26"	"5285.04"	"16.0"	"2297.67625"	"1614.6491988824282"	"16.0"	"1.0"	"16.0"	"0.0"	"180.0"	"9820.0"	"2.0"	"69.22"	"41.0"	"0.0"	"Female"	"2014-05-22T00:00:00.000000Z"	"28.0"	"32030.0"	"2.SILVER"	"1972-06-25T00:00:00.000000Z"	"Faulkner"	"Nand"	"Emergent"
"100475.0"	"Current Account"	"Deposit Account"	"2015-01-28T00:00:00.000000Z"	"7917375384089015707"	""	"0"	"-1086.79"	"3326.89"	"16.0"	"1259.3106249999998"	"1096.9068005409194"	"16.0"	"0.0"	"0.0"	"1.0"	"191.0"	"11340.0"	"1.0"	"29.51"	"34.0"	"8.0"	"Female"	"1998-06-25T00:00:00.000000Z"	"27.0"	"36970.0"	"2.SILVER"	"1968-06-24T00:00:00.000000Z"	"Kelila"	"Cavnor"	"Sophisticates"
"915663.0"	"Mortgage"	"Secured Lending"	"2015-04-28T00:00:00.000000Z"	"7006164808083837732"	"2015-04-28T00:00:00.000000Z"	"1"	""	""	""	""	""	""	""	""	"1.0"	"176.0"	"21330.0"	"1.0"	"196.46"	"42.0"	"3.0"	"Female"	"2011-06-21T00:00:00.000000Z"	"28.0"	"71500.0"	"2.SILVER"	"1978-06-25T00:00:00.000000Z"	"Ardith"	"McReedy"	"Loyalist"
"219803.0"	"Standard Credit Card"	"Unsecured Lending"	"2015-01-28T00:00:00.000000Z"	"4868055130686919829"	""	"0"	"-528.2"	"1688.26"	"16.0"	"419.808125"	"536.3119122577675"	"16.0"	"9.759375"	"156.15"	"5.0"	"183.0"	"7470.0"	"1.0"	"2.12"	"43.0"	"13.0"	"Female"	"2001-02-01T00:00:00.000000Z"	"8.0"	"26110.0"	"2.SILVER"	"1973-06-05T00:00:00.000000Z"	"Geoffrey"	"Dorot"	"Sophisticates"
"30559.0"	"Mortgage"	"Secured Lending"	"2015-01-28T00:00:00.000000Z"	"850180234951528590"	"2016-02-28T00:00:00.000000Z"	"1"	"114321.96"	"118059.96"	"13.0"	"116190.95999999998"	"1213.1182100960593"	"13.0"	"13.555225550270857"	"176.21793215352113"	"4.0"	"195.0"	"5560.0"	"1.0"	"26.46"	"44.0"	"15.0"	"Female"	"1996-01-04T00:00:00.000000Z"	"8.0"	"20980.0"	"1.GOLD"	"1965-06-05T00:00:00.000000Z"	"Waneta"	"Iorns"	"Loyalist"
"32715.0"	"Savings Account"	"Deposit Account"	"2015-01-28T00:00:00.000000Z"	"8787873499427444105"	"2015-03-28T00:00:00.000000Z"	"1"	"173.82"	"842.57"	"2.0"	"508.19500000000005"	"472.8776599185037"	"2.0"	""	""	"1.0"	"187.0"	"8250.0"	"0.0"	"0.0"	"41.0"	"11.0"	"Female"	"1998-03-13T00:00:00.000000Z"	"7.0"	"27470.0"	"2.SILVER"	"1945-06-04T00:00:00.000000Z"	"Forest"	"Woodlands"	"Sophisticates"
"1154616.0"	"Personal Loan"	"Unsecured Lending"	"2015-01-28T00:00:00.000000Z"	"1593741722386764171"	""	"0"	"-200.66"	"1303.84"	"16.0"	"551.59"	"477.52351425523193"	"16.0"	"0.9469039082694053"	"15.150462532310485"	"1.0"	"187.0"	"3230.0"	"1.0"	"23.63"	"53.0"	"8.0"	"Female"	"2013-08-03T00:00:00.000000Z"	"30.0"	"11160.0"	"3.BRONZE"	"1987-06-27T00:00:00.000000Z"	"Malory"	"Wildor"	"Loyalist"
"797479.0"	"Current Account"	"Deposit Account"	"2015-02-28T00:00:00.000000Z"	"8329696110713926984"	"2015-09-28T00:00:00.000000Z"	"1"	"-453.73"	"2294.63"	"7.0"	"956.842857142857"	"947.5335512742946"	"7.0"	"1.0"	"7.0"	"1.0"	"194.0"	"2470.0"	"0.0"	"0.0"	"39.0"	"2.0"	"Female"	"2008-09-26T00:00:00.000000Z"	"47.0"	"8040.0"	"1.GOLD"	"1970-07-14T00:00:00.000000Z"	"Sherline"	"McOrkill"	"Loyalist"
"156553.0"	"Personal Loan"	"Unsecured Lending"	"2015-01-28T00:00:00.000000Z"	"125032518950161708"	""	"0"	"8555.19"	"21388.29"	"16.0"	"14971.74"	"4073.185118503697"	"16.0"	"3.612503070363146"	"57.80004912581034"	"6.0"	"190.0"	"18590.0"	"2.0"	"158.18"	"34.0"	"9.0"	"Female"	"2000-01-17T00:00:00.000000Z"	"28.0"	"58660.0"	"2.SILVER"	"1937-06-25T00:00:00.000000Z"	"Rickard"	"Pinchon"	"Sophisticates"
"473793.0"	"Managed Securities"	"Securities"	"2015-01-28T00:00:00.000000Z"	"2758360657424614883"	""	"0"	"-675.61"	"10533.88"	"16.0"	"3672.7075"	"3050.517544416575"	"16.0"	"27.615624999999994"	"441.8499999999999"	"3.0"	"231.0"	"7050.0"	"1.0"	"15.14"	"35.0"	"6.0"	"Male"	"2004-05-13T00:00:00.000000Z"	"28.0"	"30130.0"	"1.GOLD"	"1976-06-25T00:00:00.000000Z"	"Lynette"	"Atter"	"Sophisticates"
"1301059.0"	"Current Account"	"Deposit Account"	"2015-01-28T00:00:00.000000Z"	"2966577440526286405"	""	"0"	"-37.17"	"596.93"	"16.0"	"221.366875"	"169.8238545363499"	"16.0"	"1.0"	"16.0"	"0.0"	"203.0"	"4180.0"	"0.0"	"0.0"	"46.0"	"0.0"	"Female"	"2014-09-02T00:00:00.000000Z"	"3.0"	"14220.0"	"3.BRONZE"	"1995-05-31T00:00:00.000000Z"	"Daniela"	"Burlingame"	"Emergent"
"309134.0"	"Current Account"	"Deposit Account"	"2015-01-28T00:00:00.000000Z"	"883887257249295268"	""	"0"	"1183.79"	"10606.61"	"16.0"	"6208.858124999999"	"2754.0851806851547"	"16.0"	"0.0"	"0.0"	"2.0"	"187.0"	"9020.0"	"1.0"	"62.68"	"35.0"	"8.0"	"Male"	"2001-12-19T00:00:00.000000Z"	"28.0"	"32940.0"	"2.SILVER"	"1978-06-25T00:00:00.000000Z"	"Yorke"	"Dagworthy"	"Sophisticates"
"1185383.0"	"Current Account"	"Deposit Account"	"2015-01-28T00:00:00.000000Z"	"6584488816504593313"	""	"0"	"-2432.89"	"8117.59"	"16.0"	"3388.5106250000003"	"2553.369084968508"	"16.0"	"2.0"	"32.0"	"0.0"	"184.0"	"8900.0"	"0.0"	"0.0"	"51.0"	"0.0"	"Male"	"2013-09-30T00:00:00.000000Z"	"29.0"	"28670.0"	"3.BRONZE"	"1992-06-26T00:00:00.000000Z"	"Indira"	"Loakes"	"Emergent"
"717245.0"	"Personal Loan"	"Unsecured Lending"	"2015-01-28T00:00:00.000000Z"	"9109308283035577331"	""	"0"	"-2505.15"	"762.45"	"16.0"	"-871.3499999999999"	"1037.1258459158496"	"16.0"	"8.85059169259436"	"141.60946708150976"	"5.0"	"197.0"	"6370.0"	"1.0"	"4.16"	"35.0"	"10.0"	"Female"	"2007-09-07T00:00:00.000000Z"	"9.0"	"23720.0"	"2.SILVER"	"1982-06-06T00:00:00.000000Z"	"Cassius"	"Patesel"	"Loyalist"
"735186.0"	"Current Account"	"Deposit Account"	"2015-01-28T00:00:00.000000Z"	"3621253203713659919"	""	"0"	"-1339.94"	"8872.11"	"16.0"	"3332.6287500000003"	"2332.403090368029"	"16.0"	"2.0"	"32.0"	"4.0"	"191.0"	"18280.0"	"2.0"	"118.73"	"51.0"	"15.0"	"Male"	"2007-11-29T00:00:00.000000Z"	"28.0"	"59740.0"	"1.GOLD"	"1979-06-25T00:00:00.000000Z"	"Pepito"	"Shuter"	"Sophisticates"
"608070.0"	"Personal Loan"	"Unsecured Lending"	"2016-02-28T00:00:00.000000Z"	"3350519407468211013"	""	"0"	"4182.93"	"4591.01"	"3.0"	"4386.97"	"204.03999999999974"	"3.0"	"1.872508784820517"	"5.6175263544615515"	"2.0"	"210.0"	"7580.0"	"4.0"	"47.24999999999999"	"43.0"	"4.0"	"Male"	"2006-04-19T00:00:00.000000Z"	"28.0"	"29010.0"	"2.SILVER"	"1974-06-25T00:00:00.000000Z"	"Holli"	"Heare"	"Loyalist"
"1026477.0"	"Current Account"	"Deposit Account"	"2015-01-28T00:00:00.000000Z"	"3787986613536241105"	""	"0"	"-568.6"	"2042.3"	"16.0"	"792.7537499999999"	"748.4352551902314"	"16.0"	"0.0"	"0.0"	"0.0"	"208.0"	"7880.0"	"0.0"	"0.0"	"52.0"	"1.0"	"Male"	"2012-07-19T00:00:00.000000Z"	"15.0"	"31310.0"	"3.BRONZE"	"1993-06-12T00:00:00.000000Z"	"Dania"	"Venables"	"Emergent"
"104831.0"	"Current Account"	"Deposit Account"	"2015-01-28T00:00:00.000000Z"	"6291301930316907117"	""	"0"	"-741.89"	"4332.24"	"16.0"	"1138.5893750000002"	"1441.5811249202209"	"16.0"	"2.5"	"40.0"	"1.0"	"179.0"	"5480.0"	"1.0"	"47.81"	"33.0"	"3.0"	"Female"	"1998-09-07T00:00:00.000000Z"	"28.0"	"20890.0"	"2.SILVER"	"1962-06-25T00:00:00.000000Z"	"Marty"	"Baldcock"	"Emergent"
"940820.0"	"Current Account"	"Deposit Account"	"2015-01-28T00:00:00.000000Z"	"6771985289370530070"	""	"0"	"-314.47"	"1165.25"	"16.0"	"521.8106250000001"	"380.69756567768684"	"16.0"	"2.5"	"40.0"	"1.0"	"232.0"	"3380.0"	"1.0"	"2.31"	"36.0"	"5.0"	"Male"	"2011-09-12T00:00:00.000000Z"	"29.0"	"10940.0"	"2.SILVER"	"1948-06-26T00:00:00.000000Z"	"Josephina"	"Pickrill"	"Sophisticates"
"316119.0"	"Current Account"	"Deposit Account"	"2015-01-28T00:00:00.000000Z"	"7818581222287959278"	""	"0"	"-227.15"	"1121.99"	"16.0"	"435.27625"	"352.58990756732294"	"16.0"	"0.0"	"0.0"	"8.0"	"171.0"	"9170.0"	"3.0"	"249.20999999999998"	"39.0"	"10.0"	"Female"	"2002-01-15T00:00:00.000000Z"	"28.0"	"36260.0"	"2.SILVER"	"1941-06-25T00:00:00.000000Z"	"Jenni"	"O'Lenane"	"Sophisticates"
"187331.0"	"Savings Account"	"Deposit Account"	"2015-01-28T00:00:00.000000Z"	"6864529303497509229"	""	"0"	"-151.86"	"6908.09"	"16.0"	"2807.6406249999995"	"2025.430379919187"	"16.0"	""	""	"2.0"	"204.0"	"7160.0"	"2.0"	"39.78"	"43.0"	"7.0"	"Male"	"2000-08-08T00:00:00.000000Z"	"28.0"	"24420.0"	"2.SILVER"	"1963-06-25T00:00:00.000000Z"	"Hamnet"	"Bennen"	"Sophisticates"
"650365.0"	"Car Loan"	"Secured Lending"	"2015-02-28T00:00:00.000000Z"	"4159712678650480011"	""	"0"	"3368.26"	"4715.48"	"15.0"	"4041.87"	"430.3536429496108"	"15.0"	"3.4712129650930947"	"52.06819447639642"	"3.0"	"185.0"	"4930.0"	"1.0"	"5.13"	"43.0"	"3.0"	"Male"	"2006-10-21T00:00:00.000000Z"	"46.0"	"17590.0"	"3.BRONZE"	"1985-07-13T00:00:00.000000Z"	"Margi"	"Kenworth"	"Sophisticates"
"1311828.0"	"Car Loan"	"Secured Lending"	"2015-01-28T00:00:00.000000Z"	"471638135023161566"	"2015-11-28T00:00:00.000000Z"	"1"	"3357.75"	"4796.76"	"10.0"	"4077.255"	"484.0910151166486"	"10.0"	"13.146903940849555"	"131.46903940849555"	"4.0"	"199.0"	"6750.0"	"1.0"	"29.38"	"47.0"	"5.0"	"Female"	"2014-09-19T00:00:00.000000Z"	"37.0"	"23190.0"	"3.BRONZE"	"1982-07-04T00:00:00.000000Z"	"Valene"	"Braunston"	"Loyalist"
"951039.0"	"Mortgage"	"Secured Lending"	"2015-01-28T00:00:00.000000Z"	"6339558228299762934"	"2015-05-28T00:00:00.000000Z"	"1"	"0.01"	"760.75"	"4.0"	"380.38"	"327.3703723104256"	"4.0"	"17.297885226858135"	"69.19154090743254"	"1.0"	"222.0"	"6770.0"	"0.0"	"0.0"	"41.0"	"2.0"	"Male"	"2011-09-29T00:00:00.000000Z"	"15.0"	"24420.0"	"3.BRONZE"	"1991-06-12T00:00:00.000000Z"	"Odetta"	"Bee"	"Loyalist"
"1152119.0"	"Current Account"	"Deposit Account"	"2015-01-28T00:00:00.000000Z"	"7550726305518765498"	""	"0"	"-1010.29"	"9441.65"	"16.0"	"4196.444375"	"3145.4367047199635"	"16.0"	"1.0"	"16.0"	"0.0"	"188.0"	"8230.0"	"0.0"	"0.0"	"46.0"	"0.0"	"Female"	"2013-07-31T00:00:00.000000Z"	"18.0"	"29580.0"	"3.BRONZE"	"1990-06-15T00:00:00.000000Z"	"Reuben"	"Byneth"	"Emergent"
"188937.0"	"Savings Account"	"Deposit Account"	"2015-01-28T00:00:00.000000Z"	"5482401681579009181"	""	"0"	"-6298.4"	"20476.25"	"16.0"	"10353.89125"	"6810.2258446181495"	"16.0"	""	""	"1.0"	"208.0"	"16290.0"	"0.0"	"0.0"	"37.0"	"3.0"	"Female"	"2000-08-22T00:00:00.000000Z"	"45.0"	"60420.0"	"2.SILVER"	"1957-07-12T00:00:00.000000Z"	"Finley"	"Comiam"	"Sophisticates"
"1404426.0"	"Current Account"	"Deposit Account"	"2015-08-28T00:00:00.000000Z"	"9010588089401927932"	""	"0"	"-58.83"	"235.27"	"9.0"	"108.8"	"89.2916304868491"	"9.0"	"2.0"	"18.0"	"1.0"	"116.0"	"3210.0"	"1.0"	"27.5"	"28.0"	"0.0"	"Male"	"2015-07-03T00:00:00.000000Z"	"18.0"	"19320.0"	"2.SILVER"	"1977-06-15T00:00:00.000000Z"	"Jo ann"	"Foulstone"	"Emergent"
"1451132.0"	"Current Account"	"Deposit Account"	"2015-10-28T00:00:00.000000Z"	"5144847687702098283"	""	"0"	"-437.41"	"5663.75"	"7.0"	"2116.9914285714285"	"1978.9717728779306"	"7.0"	"2.5"	"17.5"	"0.0"	"99.0"	"3880.0"	"0.0"	"0.0"	"21.0"	"0.0"	"Male"	"2015-09-16T00:00:00.000000Z"	"28.0"	"24230.0"	"3.BRONZE"	"1991-06-25T00:00:00.000000Z"	"Marilee"	"Figurski"	"Emergent"
"876041.0"	"Current Account"	"Deposit Account"	"2015-01-28T00:00:00.000000Z"	"4529486186503012438"	""	"0"	"-889.62"	"6024.1"	"16.0"	"1838.946875"	"1816.3176858054273"	"16.0"	"0.5"	"8.0"	"4.0"	"218.0"	"5680.0"	"1.0"	"4.74"	"42.0"	"6.0"	"Female"	"2010-04-28T00:00:00.000000Z"	"29.0"	"19070.0"	"1.GOLD"	"1974-06-26T00:00:00.000000Z"	"Izzy"	"Iacobassi"	"Sophisticates"
"43308.0"	"Premium Credit Card"	"Unsecured Lending"	"2015-01-28T00:00:00.000000Z"	"3364997758352197638"	""	"0"	"-2329.94"	"20268.94"	"16.0"	"8424.76875"	"6559.921539794893"	"16.0"	"37.021875"	"592.35"	"3.0"	"207.0"	"13580.0"	"0.0"	"0.0"	"33.0"	"7.0"	"Male"	"1996-07-15T00:00:00.000000Z"	"28.0"	"51320.0"	"2.SILVER"	"1971-06-25T00:00:00.000000Z"	"Casey"	"Jaher"	"Loyalist"
"306131.0"	"Premium Credit Card"	"Unsecured Lending"	"2015-01-28T00:00:00.000000Z"	"1775448258911090591"	""	"0"	"-581.41"	"2391.53"	"16.0"	"989.073125"	"814.4986074284699"	"16.0"	"3.34625"	"53.54"	"3.0"	"227.0"	"20040.0"	"2.0"	"259.67"	"45.0"	"7.0"	"Female"	"2001-12-10T00:00:00.000000Z"	"28.0"	"69510.0"	"2.SILVER"	"1977-06-25T00:00:00.000000Z"	"Reuben"	"Gristock"	"Sophisticates"
"468117.0"	"Current Account"	"Deposit Account"	"2015-01-28T00:00:00.000000Z"	"3534095793150500906"	""	"0"	"-596.13"	"2285.92"	"16.0"	"960.36375"	"906.056955096275"	"16.0"	"0.5"	"8.0"	"1.0"	"196.0"	"9490.0"	"0.0"	"0.0"	"56.0"	"0.0"	"Female"	"2004-04-12T00:00:00.000000Z"	"28.0"	"33010.0"	"2.SILVER"	"1982-06-25T00:00:00.000000Z"	"Josselyn"	"Hillett"	"Emergent"
"350362.0"	"Car Loan"	"Secured Lending"	"2015-01-28T00:00:00.000000Z"	"8625068535406078384"	""	"0"	"5548.0"	"9166.15"	"16.0"	"7357.075"	"1148.3893008325483"	"16.0"	"4.777669692640849"	"76.44271508225359"	"6.0"	"175.0"	"9670.0"	"0.0"	"0.0"	"44.0"	"11.0"	"Female"	"2002-04-15T00:00:00.000000Z"	"28.0"	"33210.0"	"2.SILVER"	"1972-06-25T00:00:00.000000Z"	"Suzette"	"Cory"	"Sophisticates"
"599985.0"	"Savings Account"	"Deposit Account"	"2015-01-28T00:00:00.000000Z"	"2691283711200825609"	""	"0"	"49.7"	"2403.67"	"16.0"	"1120.4225"	"601.0580978629825"	"16.0"	""	""	"3.0"	"194.0"	"4200.0"	"2.0"	"39.24"	"36.0"	"12.0"	"Male"	"2006-03-01T00:00:00.000000Z"	"35.0"	"15640.0"	"2.SILVER"	"1939-07-02T00:00:00.000000Z"	"Barde"	"Colcutt"	"Sophisticates"
"644150.0"	"Current Account"	"Deposit Account"	"2015-01-28T00:00:00.000000Z"	"789952073356841985"	"2015-07-28T00:00:00.000000Z"	"1"	"1747.39"	"7660.07"	"6.0"	"4816.075"	"1995.9810683345668"	"6.0"	"2.5"	"15.0"	"0.0"	"81.0"	"3630.0"	"0.0"	"0.0"	"17.0"	"1.0"	"Female"	"2006-09-27T00:00:00.000000Z"	"8.0"	"34430.0"	"2.SILVER"	"1964-06-05T00:00:00.000000Z"	"Adriaens"	"Braney"	"Loyalist"
"280149.0"	"Current Account"	"Deposit Account"	"2015-01-28T00:00:00.000000Z"	"8041383586352327648"	""	"0"	"-550.15"	"4752.56"	"16.0"	"1235.24875"	"1317.5425707069203"	"16.0"	"1.0"	"16.0"	"2.0"	"183.0"	"1990.0"	"1.0"	"11.4"	"39.0"	"2.0"	"Female"	"2001-10-08T00:00:00.000000Z"	"24.0"	"7310.0"	"2.SILVER"	"1968-06-21T00:00:00.000000Z"	"Harlen"	"Killeley"	"Sophisticates"
"743436.0"	"Current Account"	"Deposit Account"	"2015-10-28T00:00:00.000000Z"	"7192665529516091552"	""	"0"	"-320.98"	"2921.56"	"7.0"	"861.8171428571428"	"1113.0922703998126"	"7.0"	"1.0"	"7.0"	"0.0"	"78.0"	"4320.0"	"0.0"	"0.0"	"22.0"	"1.0"	"Male"	"2008-01-24T00:00:00.000000Z"	"8.0"	"42280.0"	"3.BRONZE"	"1996-06-05T00:00:00.000000Z"	"Megan"	"Jeandeau"	"Emergent"
"314931.0"	"Standard Credit Card"	"Unsecured Lending"	"2015-01-28T00:00:00.000000Z"	"7439593516705200967"	""	"0"	"14.99"	"1973.95"	"16.0"	"829.6968750000001"	"546.6967275399741"	"16.0"	"8.908125000000002"	"142.53000000000003"	"1.0"	"182.0"	"8270.0"	"0.0"	"0.0"	"49.0"	"6.0"	"Female"	"2002-01-14T00:00:00.000000Z"	"28.0"	"29490.0"	"2.SILVER"	"1964-06-25T00:00:00.000000Z"	"Sylvan"	"Leathard"	"Sophisticates"
"1420112.0"	"Current Account"	"Deposit Account"	"2015-08-28T00:00:00.000000Z"	"765309792180133545"	""	"0"	"0.62"	"1526.08"	"9.0"	"576.6433333333333"	"546.0331221867406"	"9.0"	"0.5"	"4.5"	"0.0"	"99.0"	"1890.0"	"0.0"	"0.0"	"28.0"	"0.0"	"Male"	"2015-07-29T00:00:00.000000Z"	"6.0"	"11910.0"	"3.BRONZE"	"1995-06-03T00:00:00.000000Z"	"Kathe"	"Rominov"	"Emergent"
"195031.0"	"Savings Account"	"Deposit Account"	"2015-01-28T00:00:00.000000Z"	"5490044109905603733"	""	"0"	"-8166.45"	"9114.38"	"16.0"	"2433.50125"	"4132.056737803221"	"16.0"	""	""	"2.0"	"220.0"	"27940.0"	"1.0"	"30.79"	"35.0"	"3.0"	"Female"	"2000-09-28T00:00:00.000000Z"	"28.0"	"113440.0"	"2.SILVER"	"1962-06-25T00:00:00.000000Z"	"Niles"	"Sabatini"	"Sophisticates"
"1204314.0"	"Personal Loan"	"Unsecured Lending"	"2015-01-28T00:00:00.000000Z"	"4167099550663590323"	"2015-05-28T00:00:00.000000Z"	"1"	"438.31"	"532.27"	"4.0"	"485.28999999999996"	"40.433946134405424"	"4.0"	"1.0152256024669133"	"4.060902409867653"	"2.0"	"163.0"	"5740.0"	"0.0"	"0.0"	"36.0"	"1.0"	"Female"	"2013-10-22T00:00:00.000000Z"	"18.0"	"18770.0"	"2.SILVER"	"1979-06-15T00:00:00.000000Z"	"Carlin"	"Hillett"	"Loyalist"
"81973.0"	"Standard Credit Card"	"Unsecured Lending"	"2015-01-28T00:00:00.000000Z"	"7309452205128004383"	""	"0"	"55.01"	"6279.61"	"16.0"	"2463.919375"	"1598.9556791917605"	"16.0"	"0.48312499999999997"	"7.7299999999999995"	"5.0"	"204.0"	"6860.0"	"1.0"	"65.34"	"33.0"	"14.0"	"Male"	"2001-09-27T00:00:00.000000Z"	"9.0"	"21500.0"	"2.SILVER"	"1966-06-06T00:00:00.000000Z"	"Lek"	"Cheeseman"	"Sophisticates"
"1089914.0"	"Car Loan"	"Secured Lending"	"2015-01-28T00:00:00.000000Z"	"3089839154048359393"	"2016-04-28T00:00:00.000000Z"	"1"	"1110.83"	"4998.63"	"15.0"	"3054.7300000000005"	"1241.9121547033826"	"15.0"	"5.8063979262529255"	"87.09596889379388"	"2.0"	"203.0"	"16100.0"	"0.0"	"0.0"	"45.0"	"7.0"	"Male"	"2012-10-26T00:00:00.000000Z"	"8.0"	"61240.0"	"3.BRONZE"	"1988-06-05T00:00:00.000000Z"	"Grazia"	"Aspell"	"Loyalist"
"202610.0"	"Mortgage"	"Secured Lending"	"2015-01-28T00:00:00.000000Z"	"5760909607953396043"	""	"0"	"498552.65"	"544715.0"	"16.0"	"521633.825"	"14651.783049704252"	"16.0"	"15.207532846333384"	"243.32052554133415"	"5.0"	"187.0"	"24640.0"	"3.0"	"338.01"	"42.0"	"13.0"	"Male"	"2000-11-03T00:00:00.000000Z"	"28.0"	"115340.0"	"3.BRONZE"	"1970-06-25T00:00:00.000000Z"	"Fonzie"	"Lambal"	"Sophisticates"
"275012.0"	"Current Account"	"Deposit Account"	"2015-01-28T00:00:00.000000Z"	"8474507496214874604"	""	"0"	"-494.53"	"6160.75"	"16.0"	"3399.346875"	"2104.738816096409"	"16.0"	"1.5"	"24.0"	"4.0"	"196.0"	"13210.0"	"1.0"	"116.18"	"37.0"	"7.0"	"Female"	"2001-09-26T00:00:00.000000Z"	"46.0"	"49340.0"	"2.SILVER"	"1942-07-13T00:00:00.000000Z"	"Marilee"	"Galpen"	"Sophisticates"
"1134046.0"	"Current Account"	"Deposit Account"	"2015-01-28T00:00:00.000000Z"	"3612423950414585357"	""	"0"	"-1670.03"	"5889.06"	"16.0"	"3236.185625000001"	"2133.332522766415"	"16.0"	"2.5"	"40.0"	"1.0"	"194.0"	"6850.0"	"0.0"	"0.0"	"47.0"	"1.0"	"Female"	"2013-05-14T00:00:00.000000Z"	"28.0"	"27020.0"	"2.SILVER"	"1965-06-25T00:00:00.000000Z"	"Jarret"	"Croix"	"Emergent"
"387729.0"	"Current Account"	"Deposit Account"	"2015-01-28T00:00:00.000000Z"	"7443051715307800501"	""	"0"	"-1178.56"	"4065.53"	"16.0"	"1826.1968749999999"	"1557.9695300303267"	"16.0"	"0.0"	"0.0"	"5.0"	"234.0"	"23100.0"	"0.0"	"0.0"	"33.0"	"22.0"	"Female"	"2010-06-21T00:00:00.000000Z"	"28.0"	"79320.0"	"1.GOLD"	"1944-06-25T00:00:00.000000Z"	"Brad"	"Sabatini"	"Sophisticates"
"417055.0"	"Mortgage"	"Secured Lending"	"2016-05-28T00:00:00.000000Z"	"3096790727332753213"	""	"0"	""	""	""	""	""	""	""	""	"1.0"	"167.0"	"13830.0"	"0.0"	"0.0"	"42.0"	"1.0"	"Male"	"2003-04-29T00:00:00.000000Z"	"8.0"	"52940.0"	"2.SILVER"	"1965-06-05T00:00:00.000000Z"	"Giulietta"	"Odda"	"Sophisticates"
"1282953.0"	"Current Account"	"Deposit Account"	"2015-01-28T00:00:00.000000Z"	"4630878179542307014"	""	"0"	"-751.76"	"12876.81"	"16.0"	"5316.574374999999"	"3799.3191278560575"	"16.0"	"1.0"	"16.0"	"1.0"	"190.0"	"11520.0"	"0.0"	"0.0"	"46.0"	"2.0"	"Female"	"2014-07-29T00:00:00.000000Z"	"5.0"	"40610.0"	"3.BRONZE"	"1991-06-02T00:00:00.000000Z"	"Melissa"	"Venables"	"Emergent"
"1245663.0"	"Mortgage"	"Secured Lending"	"2015-01-28T00:00:00.000000Z"	"4069597520689149173"	""	"0"	"13860.9"	"17508.45"	"16.0"	"15684.675000000001"	"1157.7207673125117"	"16.0"	"1.0127845318663231"	"16.20455250986117"	"2.0"	"189.0"	"4600.0"	"4.0"	"51.67"	"33.0"	"8.0"	"Female"	"2014-02-26T00:00:00.000000Z"	"28.0"	"14840.0"	"2.SILVER"	"1935-06-25T00:00:00.000000Z"	"Reinaldo"	"Djurkovic"	"Sophisticates"
"1303875.0"	"Mortgage"	"Secured Lending"	"2015-05-28T00:00:00.000000Z"	"6317524347496714938"	""	"0"	"164961.62"	"169687.11"	"12.0"	"167324.365"	"1548.9087724265664"	"12.0"	"7.167566659185028"	"86.01079991022034"	"2.0"	"248.0"	"6670.0"	"0.0"	"0.0"	"39.0"	"4.0"	"Female"	"2014-09-09T00:00:00.000000Z"	"28.0"	"21950.0"	"2.SILVER"	"1976-06-25T00:00:00.000000Z"	"Ives"	"Betjeman"	"Loyalist"
"1346632.0"	"Current Account"	"Deposit Account"	"2015-01-28T00:00:00.000000Z"	"5519849857184142190"	""	"0"	"-304.82"	"1012.42"	"16.0"	"367.18"	"371.8804189879681"	"16.0"	"2.5"	"40.0"	"2.0"	"196.0"	"6560.0"	"2.0"	"17.22"	"43.0"	"6.0"	"Female"	"2014-11-03T00:00:00.000000Z"	"45.0"	"20150.0"	"2.SILVER"	"1951-07-12T00:00:00.000000Z"	"Trip"	"Lauxmann"	"Emergent"
"477995.0"	"Savings Account"	"Deposit Account"	"2015-01-28T00:00:00.000000Z"	"7583777840861104857"	"2015-08-28T00:00:00.000000Z"	"1"	"-621.0"	"5826.5"	"7.0"	"2036.9242857142856"	"2178.2179165842363"	"7.0"	""	""	"2.0"	"210.0"	"9630.0"	"0.0"	"0.0"	"48.0"	"3.0"	"Female"	"2004-06-07T00:00:00.000000Z"	"28.0"	"33600.0"	"2.SILVER"	"1962-06-25T00:00:00.000000Z"	"Annadiana"	"Hedon"	"Loyalist"
"1228283.0"	"Current Account"	"Deposit Account"	"2015-01-28T00:00:00.000000Z"	"9080370920283888381"	""	"0"	"-831.9"	"2255.45"	"16.0"	"1024.04125"	"982.6208627805877"	"16.0"	"2.5"	"40.0"	"0.0"	"176.0"	"4100.0"	"0.0"	"0.0"	"36.0"	"1.0"	"Male"	"2013-12-03T00:00:00.000000Z"	"30.0"	"14310.0"	"2.SILVER"	"1957-06-27T00:00:00.000000Z"	"Reine"	"Baldcock"	"Emergent"
"240197.0"	"Savings Account"	"Deposit Account"	"2015-01-28T00:00:00.000000Z"	"8099334381577770466"	""	"0"	"138.11"	"2349.19"	"16.0"	"854.1412500000001"	"628.586757871709"	"16.0"	""	""	"9.0"	"218.0"	"13220.0"	"0.0"	"0.0"	"37.0"	"14.0"	"Female"	"2001-04-16T00:00:00.000000Z"	"28.0"	"44760.0"	"2.SILVER"	"1963-06-25T00:00:00.000000Z"	"Cheri"	"Cape"	"Sophisticates"
"468260.0"	"Current Account"	"Deposit Account"	"2015-01-28T00:00:00.000000Z"	"8679176326419999194"	""	"0"	"-2490.41"	"6853.5"	"16.0"	"3272.7425"	"2556.7394751558086"	"16.0"	"2.0"	"32.0"	"0.0"	"186.0"	"9130.0"	"2.0"	"160.54999999999998"	"45.0"	"11.0"	"Female"	"2004-04-13T00:00:00.000000Z"	"28.0"	"28720.0"	"2.SILVER"	"1956-06-25T00:00:00.000000Z"	"Darrel"	"Gitting"	"Traditionalist"
"213621.0"	"Standard Credit Card"	"Unsecured Lending"	"2015-01-28T00:00:00.000000Z"	"5056508185851939229"	""	"0"	"-2819.58"	"20422.39"	"16.0"	"8813.041874999999"	"8156.236884387488"	"16.0"	"23.724999999999994"	"379.5999999999999"	"13.0"	"178.0"	"15900.0"	"4.0"	"159.61"	"36.0"	"23.0"	"Male"	"2001-01-08T00:00:00.000000Z"	"28.0"	"59480.0"	"1.GOLD"	"1931-06-25T00:00:00.000000Z"	"Nicki"	"Leavold"	"Sophisticates"
"300070.0"	"Savings Account"	"Deposit Account"	"2015-01-28T00:00:00.000000Z"	"4499874476791077901"	""	"0"	"6.22"	"543.66"	"16.0"	"189.88"	"133.07387917995027"	"16.0"	""	""	"2.0"	"206.0"	"5110.0"	"0.0"	"0.0"	"46.0"	"5.0"	"Female"	"2001-11-22T00:00:00.000000Z"	"29.0"	"20530.0"	"2.SILVER"	"1967-06-26T00:00:00.000000Z"	"Venita"	"Torregiani"	"Sophisticates"
"1384318.0"	"Personal Loan"	"Unsecured Lending"	"2015-04-28T00:00:00.000000Z"	"7785316226343464802"	""	"0"	"-1589.51"	"144.49"	"13.0"	"-722.5100000000001"	"562.746649627225"	"13.0"	"17.86402269069816"	"232.2322949790761"	"1.0"	"166.0"	"8800.0"	"0.0"	"0.0"	"35.0"	"7.0"	"Female"	"2015-04-07T00:00:00.000000Z"	"28.0"	"35440.0"	"2.SILVER"	"1985-06-25T00:00:00.000000Z"	"Carver"	"O'Gaven"	"Sophisticates"
"543808.0"	"Savings Account"	"Deposit Account"	"2015-01-28T00:00:00.000000Z"	"3225946193827762582"	""	"0"	"-800.2"	"7333.41"	"16.0"	"2947.2174999999997"	"2301.741048115535"	"16.0"	""	""	"1.0"	"204.0"	"8060.0"	"1.0"	"25.39"	"45.0"	"9.0"	"Male"	"2005-07-27T00:00:00.000000Z"	"50.0"	"28600.0"	"2.SILVER"	"1963-07-17T00:00:00.000000Z"	"Tisha"	"Leathard"	"Sophisticates"
"832712.0"	"Current Account"	"Deposit Account"	"2015-01-28T00:00:00.000000Z"	"6285913515324104743"	""	"0"	"-22.65"	"158.31"	"16.0"	"55.83187499999999"	"49.89468217739575"	"16.0"	"1.0"	"16.0"	"2.0"	"223.0"	"3650.0"	"1.0"	"18.75"	"43.0"	"6.0"	"Male"	"2009-02-06T00:00:00.000000Z"	"23.0"	"13210.0"	"2.SILVER"	"1974-06-20T00:00:00.000000Z"	"Gannon"	"Henzley"	"Emergent"
"1338778.0"	"Managed Securities"	"Securities"	"2015-04-28T00:00:00.000000Z"	"5320916201574952076"	"2016-04-28T00:00:00.000000Z"	"1"	"45.34"	"1681.33"	"12.0"	"687.1608333333334"	"462.4440585029685"	"12.0"	"4.960833333333334"	"59.53000000000001"	"0.0"	"184.0"	"3950.0"	"0.0"	"0.0"	"45.0"	"3.0"	"Male"	"2014-10-22T00:00:00.000000Z"	"38.0"	"15300.0"	"3.BRONZE"	"1988-07-05T00:00:00.000000Z"	"Avictor"	"Beaver"	"Emergent"
"67409.0"	"Personal Loan"	"Unsecured Lending"	"2015-01-28T00:00:00.000000Z"	"1052565273878838196"	""	"0"	"3402.8"	"16163.9"	"16.0"	"9783.349999999999"	"4050.332547532362"	"16.0"	"28.411448141372162"	"454.5831702619546"	"0.0"	"196.0"	"19720.0"	"2.0"	"302.35"	"43.0"	"12.0"	"Female"	"1997-07-02T00:00:00.000000Z"	"28.0"	"69050.0"	"1.GOLD"	"1959-06-25T00:00:00.000000Z"	"Sarette"	"Yurukhin"	"Sophisticates"
"176243.0"	"Mortgage"	"Secured Lending"	"2015-01-28T00:00:00.000000Z"	"4969166949592695249"	""	"0"	"75758.39"	"80079.29"	"16.0"	"77918.83999999998"	"1371.4399154173734"	"16.0"	"13.332009917062381"	"213.3121586729981"	"8.0"	"178.0"	"5750.0"	"3.0"	"65.58"	"30.0"	"20.0"	"Female"	"2000-05-16T00:00:00.000000Z"	"28.0"	"20270.0"	"2.SILVER"	"1936-06-25T00:00:00.000000Z"	"Aidan"	"Halsworth"	"Sophisticates"
"990617.0"	"Current Account"	"Deposit Account"	"2015-01-28T00:00:00.000000Z"	"8809675111444894067"	"2015-03-28T00:00:00.000000Z"	"1"	"169.15"	"399.08"	"2.0"	"284.115"	"162.58506219822283"	"2.0"	"2.0"	"4.0"	"2.0"	"197.0"	"9250.0"	"0.0"	"0.0"	"56.0"	"8.0"	"Male"	"2011-12-07T00:00:00.000000Z"	"28.0"	"29900.0"	"3.BRONZE"	"1988-06-25T00:00:00.000000Z"	"Kent"	"Jessope"	"Loyalist"
"1268202.0"	"Current Account"	"Deposit Account"	"2015-12-28T00:00:00.000000Z"	"4079447263757512021"	"2016-04-28T00:00:00.000000Z"	"1"	"-137.64"	"1539.38"	"4.0"	"539.1800000000001"	"787.9861939145889"	"4.0"	"0.0"	"0.0"	"2.0"	"170.0"	"2860.0"	"2.0"	"41.2"	"40.0"	"12.0"	"Female"	"2014-07-10T00:00:00.000000Z"	"46.0"	"9930.0"	"2.SILVER"	"1960-07-13T00:00:00.000000Z"	"Bondon"	"Wilflinger"	"Loyalist"
"380392.0"	"Car Loan"	"Secured Lending"	"2015-01-28T00:00:00.000000Z"	"3587254910070818488"	""	"0"	"1587.37"	"3571.42"	"16.0"	"2579.395"	"629.7311588289084"	"16.0"	"1.5374334988573561"	"24.5989359817177"	"3.0"	"223.0"	"4920.0"	"1.0"	"29.14"	"40.0"	"9.0"	"Male"	"2002-11-11T00:00:00.000000Z"	"3.0"	"16510.0"	"1.GOLD"	"1968-05-31T00:00:00.000000Z"	"Fee"	"Piele"	"Loyalist"
"404174.0"	"Standard Credit Card"	"Unsecured Lending"	"2015-07-28T00:00:00.000000Z"	"6063070462074913478"	"2015-07-28T00:00:00.000000Z"	"1"	""	""	""	""	""	""	""	""	"0.0"	"180.0"	"7330.0"	"5.0"	"335.64"	"31.0"	"8.0"	"Female"	"2003-01-31T00:00:00.000000Z"	"3.0"	"23310.0"	"2.SILVER"	"1953-05-31T00:00:00.000000Z"	"Lois"	"Herche"	"Loyalist"
"147918.0"	"Car Loan"	"Secured Lending"	"2015-04-28T00:00:00.000000Z"	"690075446188082306"	""	"0"	"-1913.36"	"956.68"	"13.0"	"-478.3399999999999"	"931.4333300438988"	"13.0"	"15.689622339239115"	"203.9650904101085"	"3.0"	"214.0"	"13870.0"	"1.0"	"64.79"	"35.0"	"6.0"	"Male"	"1999-10-30T00:00:00.000000Z"	"28.0"	"45650.0"	"1.GOLD"	"1966-06-25T00:00:00.000000Z"	"Lucias"	"Simmen"	"Loyalist"
"428693.0"	"Personal Loan"	"Unsecured Lending"	"2015-01-28T00:00:00.000000Z"	"1882276176699337228"	""	"0"	"-1866.5"	"1866.4"	"16.0"	"-0.049999999999940314"	"1184.8105858181157"	"16.0"	"5.560354585466793"	"88.96567336746868"	"7.0"	"204.0"	"5580.0"	"4.0"	"24.19"	"45.0"	"8.0"	"Female"	"2003-09-18T00:00:00.000000Z"	"28.0"	"18810.0"	"1.GOLD"	"1959-06-25T00:00:00.000000Z"	"Leigh"	"Medgewick"	"Traditionalist"
"909712.0"	"Car Loan"	"Secured Lending"	"2015-01-28T00:00:00.000000Z"	"8714883419105088063"	""	"0"	"7908.02"	"10949.57"	"16.0"	"9428.795"	"965.3782949704204"	"16.0"	"13.88807714606696"	"222.20923433707136"	"3.0"	"229.0"	"13960.0"	"3.0"	"174.91000000000003"	"36.0"	"8.0"	"Female"	"2011-04-15T00:00:00.000000Z"	"28.0"	"41280.0"	"2.SILVER"	"1964-06-25T00:00:00.000000Z"	"Bridgette"	"Antoniutti"	"Sophisticates"
"282525.0"	"Current Account"	"Deposit Account"	"2015-01-28T00:00:00.000000Z"	"849967596047531634"	""	"0"	"-563.56"	"5726.94"	"16.0"	"1913.52125"	"1476.0973767150324"	"16.0"	"0.0"	"0.0"	"3.0"	"192.0"	"7520.0"	"1.0"	"83.74"	"45.0"	"3.0"	"Female"	"2001-10-15T00:00:00.000000Z"	"28.0"	"24340.0"	"2.SILVER"	"1975-06-25T00:00:00.000000Z"	"Iago"	"Lathwood"	"Sophisticates"
"938939.0"	"Car Loan"	"Secured Lending"	"2015-01-28T00:00:00.000000Z"	"1756787349486557318"	"2016-04-28T00:00:00.000000Z"	"1"	"-2475.37"	"1375.19"	"15.0"	"-550.09"	"1230.0162730630843"	"15.0"	"7.034031057313144"	"105.51046585969716"	"5.0"	"176.0"	"19210.0"	"3.0"	"215.99"	"43.0"	"10.0"	"Male"	"2011-09-06T00:00:00.000000Z"	"46.0"	"63780.0"	"2.SILVER"	"1971-07-13T00:00:00.000000Z"	"Donal"	"Venables"	"Loyalist"
"563047.0"	"Standard Credit Card"	"Unsecured Lending"	"2015-01-28T00:00:00.000000Z"	"6651764367879948454"	""	"0"	"-795.76"	"3543.55"	"16.0"	"1597.923125"	"1267.8270923892776"	"16.0"	"10.31875"	"165.1"	"2.0"	"209.0"	"9300.0"	"1.0"	"216.75"	"33.0"	"12.0"	"Female"	"2005-10-05T00:00:00.000000Z"	"28.0"	"31770.0"	"2.SILVER"	"1946-06-25T00:00:00.000000Z"	"Gabi"	"Prester"	"Sophisticates"
"1305800.0"	"Current Account"	"Deposit Account"	"2015-01-28T00:00:00.000000Z"	"9201994453720365575"	"2015-06-28T00:00:00.000000Z"	"1"	"-1753.26"	"6108.25"	"5.0"	"2570.158"	"3162.5156209211045"	"5.0"	"0.0"	"0.0"	"2.0"	"191.0"	"10490.0"	"0.0"	"0.0"	"48.0"	"5.0"	"Female"	"2014-09-11T00:00:00.000000Z"	"8.0"	"37920.0"	"3.BRONZE"	"1995-06-05T00:00:00.000000Z"	"Vanda"	"Asman"	"Loyalist"
"258600.0"	"Savings Account"	"Deposit Account"	"2015-01-28T00:00:00.000000Z"	"4622345080235827994"	"2015-02-28T00:00:00.000000Z"	"1"	"4097.82"	"4097.82"	"1.0"	"4097.82"	""	"1.0"	""	""	"0.0"	"156.0"	"13330.0"	"0.0"	"0.0"	"32.0"	"8.0"	"Male"	"2001-07-02T00:00:00.000000Z"	"28.0"	"46020.0"	"2.SILVER"	"1945-06-25T00:00:00.000000Z"	"Hermon"	"Bigham"	"Sophisticates"
"877086.0"	"Managed Securities"	"Securities"	"2015-01-28T00:00:00.000000Z"	"5177753271919348449"	"2015-06-28T00:00:00.000000Z"	"1"	"-426.78"	"1252.27"	"5.0"	"598.702"	"635.5815656310368"	"5.0"	"4.5600000000000005"	"22.8"	"4.0"	"213.0"	"1510.0"	"0.0"	"0.0"	"41.0"	"6.0"	"Male"	"2010-05-05T00:00:00.000000Z"	"41.0"	"5310.0"	"2.SILVER"	"1971-07-08T00:00:00.000000Z"	"Prue"	"Atter"	"Loyalist"
"888262.0"	"Personal Loan"	"Unsecured Lending"	"2016-02-28T00:00:00.000000Z"	"4723239233378417341"	""	"0"	"18789.74"	"21295.06"	"3.0"	"20042.400000000005"	"1252.6600000000008"	"3.0"	"10.594972023099809"	"31.784916069299427"	"3.0"	"200.0"	"27500.0"	"0.0"	"0.0"	"36.0"	"6.0"	"Female"	"2010-08-10T00:00:00.000000Z"	"28.0"	"99570.0"	"2.SILVER"	"1954-06-25T00:00:00.000000Z"	"Artie"	"Fice"	"Loyalist"
"420322.0"	"Direct Securities"	"Securities"	"2015-01-28T00:00:00.000000Z"	"6477778217331931535"	""	"0"	"-1527.38"	"11314.83"	"16.0"	"4718.6325"	"3917.671580517353"	"16.0"	"78.20562499999998"	"1251.2899999999997"	"4.0"	"207.0"	"15540.0"	"3.0"	"589.6999999999999"	"41.0"	"10.0"	"Female"	"2003-05-23T00:00:00.000000Z"	"28.0"	"65930.0"	"1.GOLD"	"1965-06-25T00:00:00.000000Z"	"Garnet"	"McElvine"	"Sophisticates"
"157631.0"	"Premium Credit Card"	"Unsecured Lending"	"2015-01-28T00:00:00.000000Z"	"8211559383328587544"	""	"0"	"-1600.15"	"29583.35"	"16.0"	"11007.019999999999"	"9552.963727181213"	"16.0"	"28.55625"	"456.9"	"1.0"	"194.0"	"25010.0"	"0.0"	"0.0"	"40.0"	"5.0"	"Male"	"2000-11-27T00:00:00.000000Z"	"28.0"	"85230.0"	"2.SILVER"	"1975-06-25T00:00:00.000000Z"	"Zorine"	"Girardini"	"Sophisticates"
"492669.0"	"Managed Securities"	"Securities"	"2015-01-28T00:00:00.000000Z"	"1723535058358088282"	"2015-08-28T00:00:00.000000Z"	"1"	"670.4"	"4103.87"	"7.0"	"2995.605714285714"	"1261.9776608146587"	"7.0"	"6.697142857142857"	"46.879999999999995"	"2.0"	"184.0"	"7160.0"	"0.0"	"0.0"	"45.0"	"8.0"	"Female"	"2004-09-23T00:00:00.000000Z"	"8.0"	"23660.0"	"1.GOLD"	"1967-06-05T00:00:00.000000Z"	"Micah"	"Drinkwater"	"Loyalist"
"440452.0"	"Current Account"	"Deposit Account"	"2015-01-28T00:00:00.000000Z"	"6001430963305184214"	""	"0"	"-245.49"	"1853.57"	"16.0"	"1170.7000000000003"	"589.0829831186774"	"16.0"	"0.5"	"8.0"	"4.0"	"211.0"	"10810.0"	"2.0"	"376.01"	"43.0"	"5.0"	"Female"	"2003-10-17T00:00:00.000000Z"	"28.0"	"33880.0"	"2.SILVER"	"1975-06-25T00:00:00.000000Z"	"Bink"	"Jaher"	"Sophisticates"
"443983.0"	"Current Account"	"Deposit Account"	"2015-12-28T00:00:00.000000Z"	"4660984069181946738"	"2016-03-28T00:00:00.000000Z"	"1"	"1391.4"	"2714.5"	"3.0"	"2226.4066666666668"	"726.5741862558381"	"3.0"	"0.0"	"0.0"	"2.0"	"193.0"	"6200.0"	"1.0"	"13.92"	"44.0"	"7.0"	"Male"	"2003-11-10T00:00:00.000000Z"	"33.0"	"25600.0"	"2.SILVER"	"1951-06-30T00:00:00.000000Z"	"Alard"	"Gregoretti"	"Traditionalist"
"1385561.0"	"Personal Loan"	"Unsecured Lending"	"2015-06-28T00:00:00.000000Z"	"4326088236563072107"	""	"0"	"12790.86"	"20314.86"	"11.0"	"16552.86"	"2495.428492263399"	"11.0"	"8.647033407101732"	"95.11736747811905"	"1.0"	"174.0"	"14080.0"	"0.0"	"0.0"	"43.0"	"0.0"	"Male"	"2015-03-02T00:00:00.000000Z"	"33.0"	"49580.0"	"3.BRONZE"	"1995-06-30T00:00:00.000000Z"	"Oralee"	"Timbridge"	"Loyalist"
"78101.0"	"Standard Credit Card"	"Unsecured Lending"	"2015-03-28T00:00:00.000000Z"	"3809339563054852222"	"2016-04-28T00:00:00.000000Z"	"1"	"-275.56"	"2321.36"	"13.0"	"1221.670769230769"	"742.3787867216836"	"13.0"	"29.38230769230769"	"381.96999999999997"	"4.0"	"191.0"	"14080.0"	"1.0"	"12.33"	"38.0"	"7.0"	"Female"	"1997-12-01T00:00:00.000000Z"	"28.0"	"43670.0"	"2.SILVER"	"1965-06-25T00:00:00.000000Z"	"Goldia"	"Pyford"	"Sophisticates"
"161624.0"	"Savings Account"	"Deposit Account"	"2015-01-28T00:00:00.000000Z"	"480495592358526576"	""	"0"	"-8355.74"	"16475.63"	"16.0"	"6675.7625"	"7038.891899296365"	"16.0"	""	""	"2.0"	"214.0"	"17800.0"	"3.0"	"266.38"	"38.0"	"7.0"	"Female"	"2000-02-18T00:00:00.000000Z"	"28.0"	"56540.0"	"1.GOLD"	"1953-06-25T00:00:00.000000Z"	"Thomasin"	"Odda"	"Sophisticates"
"1326799.0"	"Personal Loan"	"Unsecured Lending"	"2015-01-28T00:00:00.000000Z"	"5957050985396150765"	""	"0"	"1516.68"	"16682.88"	"16.0"	"9099.78"	"4813.703637020736"	"16.0"	"57.399298695537716"	"918.3887791286035"	"0.0"	"189.0"	"21530.0"	"0.0"	"0.0"	"40.0"	"5.0"	"Male"	"2014-10-07T00:00:00.000000Z"	"28.0"	"82940.0"	"2.SILVER"	"1965-06-25T00:00:00.000000Z"	"Wallie"	"Prester"	"Loyalist"
"1103906.0"	"Current Account"	"Deposit Account"	"2015-01-28T00:00:00.000000Z"	"3608266188414258767"	""	"0"	"-123.2"	"3241.71"	"16.0"	"1540.89875"	"1046.3331995043452"	"16.0"	"1.0"	"16.0"	"0.0"	"199.0"	"3050.0"	"0.0"	"0.0"	"44.0"	"3.0"	"Male"	"2012-11-21T00:00:00.000000Z"	"11.0"	"11360.0"	"3.BRONZE"	"1990-06-08T00:00:00.000000Z"	"Rosemarie"	"Haslam"	"Emergent"
"173922.0"	"Car Loan"	"Secured Lending"	"2015-01-28T00:00:00.000000Z"	"3172664906295037166"	""	"0"	"7511.7"	"15559.8"	"16.0"	"11535.750000000002"	"2554.441339366916"	"16.0"	"149.9823925770704"	"2399.7182812331266"	"1.0"	"210.0"	"30390.0"	"2.0"	"89.53"	"43.0"	"15.0"	"Male"	"2000-04-25T00:00:00.000000Z"	"28.0"	"282660.0"	"2.SILVER"	"1976-06-25T00:00:00.000000Z"	"Christi"	"Prozescky"	"Sophisticates"
"406550.0"	"Car Loan"	"Secured Lending"	"2015-01-28T00:00:00.000000Z"	"9205296100224342271"	""	"0"	"17544.76"	"23525.86"	"16.0"	"20535.309999999998"	"1898.3821143981236"	"16.0"	"5.811771425790131"	"92.9883428126421"	"6.0"	"177.0"	"30790.0"	"0.0"	"0.0"	"43.0"	"9.0"	"Male"	"2003-02-11T00:00:00.000000Z"	"28.0"	"97740.0"	"1.GOLD"	"1973-06-25T00:00:00.000000Z"	"Royal"	"Howerd"	"Sophisticates"
"238371.0"	"Managed Securities"	"Securities"	"2015-01-28T00:00:00.000000Z"	"6142932553564999942"	""	"0"	"-466.67"	"2348.62"	"16.0"	"1096.676875"	"871.3363032241053"	"16.0"	"18.483125"	"295.73"	"1.0"	"220.0"	"10130.0"	"0.0"	"0.0"	"48.0"	"6.0"	"Male"	"2001-04-09T00:00:00.000000Z"	"44.0"	"37060.0"	"2.SILVER"	"1974-07-11T00:00:00.000000Z"	"Griswold"	"Chazerand"	"Sophisticates"
"318297.0"	"Managed Securities"	"Securities"	"2015-01-28T00:00:00.000000Z"	"7391146669987891691"	""	"0"	"-55.48"	"4467.25"	"16.0"	"1724.12"	"1262.3339699355847"	"16.0"	"7.47875"	"119.66"	"14.0"	"203.0"	"3510.0"	"8.0"	"166.31"	"33.0"	"23.0"	"Female"	"2002-01-18T00:00:00.000000Z"	"28.0"	"14380.0"	"1.GOLD"	"1939-06-25T00:00:00.000000Z"	"Eugenius"	"Dumbarton"	"Traditionalist"
"401083.0"	"Current Account"	"Deposit Account"	"2015-01-28T00:00:00.000000Z"	"2013137923814001986"	""	"0"	"-558.12"	"2042.17"	"16.0"	"886.295625"	"702.9156121846469"	"16.0"	"1.5"	"24.0"	"1.0"	"234.0"	"5650.0"	"1.0"	"18.32"	"48.0"	"8.0"	"Female"	"2003-01-13T00:00:00.000000Z"	"45.0"	"20170.0"	"2.SILVER"	"1970-07-12T00:00:00.000000Z"	"Nevsa"	"Letham"	"Sophisticates"
"947574.0"	"Car Loan"	"Secured Lending"	"2016-04-28T00:00:00.000000Z"	"6444134870216566238"	""	"0"	"4358.18"	"4358.18"	"1.0"	"4358.18"	""	"1.0"	"19.178912542071668"	"19.178912542071668"	"0.0"	"199.0"	"15720.0"	"0.0"	"0.0"	"41.0"	"4.0"	"Female"	"2011-09-22T00:00:00.000000Z"	"15.0"	"54370.0"	"3.BRONZE"	"1992-06-12T00:00:00.000000Z"	"Dreddy"	"McClintock"	"Emergent"
"815178.0"	"Current Account"	"Deposit Account"	"2015-01-28T00:00:00.000000Z"	"5254927204951817212"	""	"0"	"229.01"	"3573.83"	"16.0"	"1677.41"	"1022.021843745687"	"16.0"	"1.0"	"16.0"	"0.0"	"224.0"	"3310.0"	"1.0"	"28.91"	"44.0"	"4.0"	"Female"	"2008-11-08T00:00:00.000000Z"	"28.0"	"10580.0"	"2.SILVER"	"1975-06-25T00:00:00.000000Z"	"Deny"	"Iorns"	"Emergent"
"876943.0"	"Personal Loan"	"Unsecured Lending"	"2015-01-28T00:00:00.000000Z"	"420975754774371949"	""	"0"	"8426.78"	"17455.58"	"16.0"	"12941.179999999998"	"2865.712399805676"	"16.0"	"22.389336385552266"	"358.22938216883625"	"4.0"	"179.0"	"11750.0"	"2.0"	"51.26"	"34.0"	"9.0"	"Male"	"2010-11-17T00:00:00.000000Z"	"28.0"	"39440.0"	"2.SILVER"	"1964-06-25T00:00:00.000000Z"	"Sondra"	"Larive"	"Sophisticates"
"176111.0"	"Standard Credit Card"	"Unsecured Lending"	"2015-01-28T00:00:00.000000Z"	"1467284222104084352"	""	"0"	"-2069.23"	"6437.82"	"16.0"	"2306.390625"	"2346.9205076652215"	"16.0"	"16.156875"	"258.51"	"1.0"	"188.0"	"10860.0"	"1.0"	"198.45"	"46.0"	"3.0"	"Female"	"2000-05-16T00:00:00.000000Z"	"28.0"	"34320.0"	"2.SILVER"	"1973-06-25T00:00:00.000000Z"	"Rosa"	"Mathwin"	"Sophisticates"
"139074.0"	"Current Account"	"Deposit Account"	"2015-01-28T00:00:00.000000Z"	"4820880885993903016"	""	"0"	"-1246.35"	"21161.34"	"16.0"	"7995.6900000000005"	"5726.468295623985"	"16.0"	"0.5"	"8.0"	"2.0"	"216.0"	"13320.0"	"0.0"	"0.0"	"44.0"	"10.0"	"Male"	"1999-07-27T00:00:00.000000Z"	"29.0"	"40540.0"	"2.SILVER"	"1971-06-26T00:00:00.000000Z"	"Barton"	"Herety"	"Sophisticates"
"1344388.0"	"Mortgage"	"Secured Lending"	"2015-11-28T00:00:00.000000Z"	"1167533193374007102"	"2016-04-28T00:00:00.000000Z"	"1"	"108943.55"	"115081.23"	"5.0"	"112012.39000000001"	"2426.131043657781"	"5.0"	"15.579379966962605"	"77.89689983481303"	"0.0"	"199.0"	"17580.0"	"0.0"	"0.0"	"43.0"	"4.0"	"Female"	"2014-10-29T00:00:00.000000Z"	"28.0"	"61320.0"	"3.BRONZE"	"1992-06-25T00:00:00.000000Z"	"Kelley"	"Asman"	"Loyalist"
"1054164.0"	"Managed Securities"	"Securities"	"2015-01-28T00:00:00.000000Z"	"1050463207926881148"	"2016-03-28T00:00:00.000000Z"	"1"	"368.64"	"11483.43"	"14.0"	"6859.186428571427"	"3346.202548280219"	"14.0"	"20.542857142857144"	"287.6"	"0.0"	"187.0"	"10110.0"	"0.0"	"0.0"	"35.0"	"5.0"	"Male"	"2012-08-27T00:00:00.000000Z"	"5.0"	"38570.0"	"1.GOLD"	"1948-06-02T00:00:00.000000Z"	"Carlyn"	"Byneth"	"Sophisticates"
"870310.0"	"Current Account"	"Deposit Account"	"2015-01-28T00:00:00.000000Z"	"510289239137140667"	""	"0"	"-636.11"	"10062.51"	"16.0"	"4328.862499999999"	"3098.1176680849294"	"16.0"	"1.5"	"24.0"	"2.0"	"193.0"	"11500.0"	"0.0"	"0.0"	"31.0"	"3.0"	"Female"	"2010-03-29T00:00:00.000000Z"	"39.0"	"40570.0"	"2.SILVER"	"1942-07-06T00:00:00.000000Z"	"Nichole"	"Botha"	"Sophisticates"
"311620.0"	"Savings Account"	"Deposit Account"	"2015-01-28T00:00:00.000000Z"	"2932849148947374568"	""	"0"	"-1242.2"	"12440.11"	"16.0"	"4815.0625"	"4083.341109218447"	"16.0"	""	""	"0.0"	"194.0"	"7880.0"	"2.0"	"366.0"	"38.0"	"7.0"	"Female"	"2001-12-28T00:00:00.000000Z"	"8.0"	"29380.0"	"2.SILVER"	"1956-06-05T00:00:00.000000Z"	"Michaella"	"Vakhonin"	"Sophisticates"
"837123.0"	"Current Account"	"Deposit Account"	"2015-01-28T00:00:00.000000Z"	"6557445427866515887"	""	"0"	"-745.41"	"2507.52"	"16.0"	"1061.598125"	"944.8533207238659"	"16.0"	"0.0"	"0.0"	"1.0"	"197.0"	"9690.0"	"0.0"	"0.0"	"42.0"	"3.0"	"Male"	"2009-03-02T00:00:00.000000Z"	"50.0"	"36710.0"	"3.BRONZE"	"1988-07-17T00:00:00.000000Z"	"Desmund"	"Petow"	"Emergent"
"376531.0"	"Standard Credit Card"	"Unsecured Lending"	"2015-01-28T00:00:00.000000Z"	"5964926797791298744"	"2016-03-28T00:00:00.000000Z"	"1"	"-1769.88"	"5820.72"	"14.0"	"1982.6135714285717"	"2234.499691208155"	"14.0"	"22.392857142857142"	"313.5"	"0.0"	"208.0"	"20310.0"	"1.0"	"65.29"	"54.0"	"5.0"	"Male"	"2002-07-31T00:00:00.000000Z"	"28.0"	"75610.0"	"3.BRONZE"	"1984-06-25T00:00:00.000000Z"	"Dirk"	"Tesche"	"Loyalist"
"163967.0"	"Current Account"	"Deposit Account"	"2015-01-28T00:00:00.000000Z"	"7530215113461818784"	""	"0"	"184.82"	"3350.84"	"16.0"	"1119.618125"	"774.1057711124388"	"16.0"	"1.0"	"16.0"	"2.0"	"201.0"	"9390.0"	"1.0"	"19.74"	"34.0"	"4.0"	"Female"	"2000-03-03T00:00:00.000000Z"	"12.0"	"31900.0"	"2.SILVER"	"1952-06-09T00:00:00.000000Z"	"Antonina"	"Abbey"	"Sophisticates"
"480844.0"	"Personal Loan"	"Unsecured Lending"	"2015-01-28T00:00:00.000000Z"	"9013419941979331805"	""	"0"	"157.28"	"831.98"	"16.0"	"494.63000000000005"	"214.14763381057156"	"16.0"	"17.28899759768546"	"276.62396156296734"	"2.0"	"224.0"	"6290.0"	"2.0"	"23.14"	"44.0"	"5.0"	"Female"	"2004-06-28T00:00:00.000000Z"	"28.0"	"20970.0"	"2.SILVER"	"1972-06-25T00:00:00.000000Z"	"Adriaens"	"Gadeaux"	"Loyalist"
"1012617.0"	"Car Loan"	"Secured Lending"	"2015-01-28T00:00:00.000000Z"	"3313263790899607530"	""	"0"	"6402.96"	"10768.71"	"16.0"	"8585.835"	"1385.6751627516"	"16.0"	"6.584410495194103"	"105.35056792310564"	"1.0"	"173.0"	"18050.0"	"0.0"	"0.0"	"47.0"	"7.0"	"Male"	"2012-04-18T00:00:00.000000Z"	"8.0"	"58010.0"	"3.BRONZE"	"1983-06-05T00:00:00.000000Z"	"Steffie"	"Kelle"	"Sophisticates"
"1068497.0"	"Current Account"	"Deposit Account"	"2015-04-28T00:00:00.000000Z"	"3383452702571993375"	""	"0"	"-909.78"	"1905.1"	"13.0"	"1057.690769230769"	"863.8879871686833"	"13.0"	"1.0"	"13.0"	"3.0"	"186.0"	"2510.0"	"1.0"	"26.93"	"33.0"	"13.0"	"Female"	"2012-09-26T00:00:00.000000Z"	"50.0"	"8690.0"	"1.GOLD"	"1924-07-17T00:00:00.000000Z"	"Lincoln"	"Pitts"	"Traditionalist"
"1103466.0"	"Mortgage"	"Secured Lending"	"2015-01-28T00:00:00.000000Z"	"3422498048360410843"	""	"0"	"45628.25"	"47169.8"	"16.0"	"46399.024999999994"	"489.2830664008893"	"16.0"	"3.8454139742281517"	"61.52662358765043"	"2.0"	"210.0"	"3160.0"	"0.0"	"0.0"	"53.0"	"3.0"	"Male"	"2012-11-20T00:00:00.000000Z"	"28.0"	"10770.0"	"3.BRONZE"	"1986-06-25T00:00:00.000000Z"	"Marty"	"Chazerand"	"Emergent"
"1035761.0"	"Current Account"	"Deposit Account"	"2015-01-28T00:00:00.000000Z"	"1024674879970515240"	"2015-07-28T00:00:00.000000Z"	"1"	"270.58"	"4211.6"	"6.0"	"2429.226666666667"	"1636.0610218407708"	"6.0"	"0.5"	"3.0"	"0.0"	"78.0"	"2270.0"	"0.0"	"0.0"	"18.0"	"2.0"	"Male"	"2012-07-30T00:00:00.000000Z"	"30.0"	"17470.0"	"3.BRONZE"	"1990-06-27T00:00:00.000000Z"	"Ignatius"	"Fesby"	"Emergent"
"21022.0"	"Mortgage"	"Secured Lending"	"2015-01-28T00:00:00.000000Z"	"365976989097289697"	""	"0"	"177983.05"	"183876.55"	"16.0"	"180929.80000000002"	"1870.5781530496365"	"16.0"	"3.709435049099694"	"59.350960785595106"	"3.0"	"203.0"	"4440.0"	"3.0"	"68.92"	"30.0"	"16.0"	"Male"	"1995-07-24T00:00:00.000000Z"	"28.0"	"14980.0"	"2.SILVER"	"1940-06-25T00:00:00.000000Z"	"Steffie"	"Coopland"	"Sophisticates"
"31472.0"	"Standard Credit Card"	"Unsecured Lending"	"2015-02-28T00:00:00.000000Z"	"5297004897623987638"	"2016-03-28T00:00:00.000000Z"	"1"	"472.46"	"10813.96"	"13.0"	"3863.0538461538463"	"2798.511343900951"	"13.0"	"19.303076923076926"	"250.94000000000003"	"0.0"	"188.0"	"17050.0"	"2.0"	"373.30999999999995"	"49.0"	"2.0"	"Female"	"1996-01-18T00:00:00.000000Z"	"28.0"	"57520.0"	"2.SILVER"	"1972-06-25T00:00:00.000000Z"	"Ralina"	"Dat"	"Loyalist"
"511743.0"	"Car Loan"	"Secured Lending"	"2015-01-28T00:00:00.000000Z"	"4026080058135575096"	"2015-01-28T00:00:00.000000Z"	"1"	""	""	""	""	""	""	""	""	"3.0"	"193.0"	"15290.0"	"1.0"	"352.64"	"45.0"	"13.0"	"Female"	"2005-01-14T00:00:00.000000Z"	"28.0"	"51960.0"	"2.SILVER"	"1977-06-25T00:00:00.000000Z"	"Emiline"	"Belton"	"Loyalist"
"342684.0"	"Savings Account"	"Deposit Account"	"2015-01-28T00:00:00.000000Z"	"821683411786037887"	""	"0"	"-2517.11"	"15649.19"	"16.0"	"6158.32625"	"4948.1134098346"	"16.0"	""	""	"4.0"	"185.0"	"14040.0"	"1.0"	"19.02"	"35.0"	"9.0"	"Male"	"2002-03-14T00:00:00.000000Z"	"28.0"	"50270.0"	"2.SILVER"	"1948-06-25T00:00:00.000000Z"	"Duff"	"Garthshore"	"Sophisticates"
"530531.0"	"Managed Securities"	"Securities"	"2015-01-28T00:00:00.000000Z"	"6423417138121978118"	""	"0"	"-2538.59"	"11785.03"	"16.0"	"5870.348125"	"4104.688523104961"	"16.0"	"34.159375"	"546.55"	"3.0"	"193.0"	"16400.0"	"0.0"	"0.0"	"36.0"	"2.0"	"Female"	"2005-04-26T00:00:00.000000Z"	"28.0"	"62300.0"	"1.GOLD"	"1970-06-25T00:00:00.000000Z"	"Merrel"	"Gadeaux"	"Loyalist"
"598676.0"	"Savings Account"	"Deposit Account"	"2015-01-28T00:00:00.000000Z"	"6712783804931961553"	""	"0"	"-642.84"	"1344.25"	"16.0"	"425.56"	"592.8225365374252"	"16.0"	""	""	"1.0"	"214.0"	"5560.0"	"2.0"	"43.019999999999996"	"29.0"	"11.0"	"Male"	"2006-02-22T00:00:00.000000Z"	"50.0"	"18560.0"	"2.SILVER"	"1943-07-17T00:00:00.000000Z"	"Danette"	"Likly"	"Sophisticates"
"1133023.0"	"Current Account"	"Deposit Account"	"2015-02-28T00:00:00.000000Z"	"5342085899572888968"	""	"0"	"-64.18"	"980.08"	"15.0"	"353.1700000000001"	"267.2019583172463"	"15.0"	"1.5"	"22.5"	"1.0"	"203.0"	"4900.0"	"2.0"	"14.27"	"38.0"	"6.0"	"Female"	"2013-05-06T00:00:00.000000Z"	"3.0"	"21940.0"	"1.GOLD"	"1957-05-31T00:00:00.000000Z"	"Rosalynd"	"Brogi"	"Sophisticates"
"306219.0"	"Savings Account"	"Deposit Account"	"2015-01-28T00:00:00.000000Z"	"8619705548075829774"	""	"0"	"-1460.77"	"3469.81"	"16.0"	"1225.67375"	"1458.3939352629204"	"16.0"	""	""	"1.0"	"166.0"	"10330.0"	"0.0"	"0.0"	"40.0"	"6.0"	"Female"	"2001-12-10T00:00:00.000000Z"	"28.0"	"34540.0"	"2.SILVER"	"1973-06-25T00:00:00.000000Z"	"Teodor"	"Synan"	"Sophisticates"
"500094.0"	"Personal Loan"	"Unsecured Lending"	"2015-01-28T00:00:00.000000Z"	"4985248749666952231"	""	"0"	"2683.39"	"7418.59"	"16.0"	"5050.990000000001"	"1502.93741754827"	"16.0"	"6.2245656919887455"	"99.59305107181993"	"8.0"	"190.0"	"7080.0"	"3.0"	"81.96"	"46.0"	"13.0"	"Male"	"2004-11-05T00:00:00.000000Z"	"28.0"	"23440.0"	"2.SILVER"	"1977-06-25T00:00:00.000000Z"	"Sylvan"	"Fratson"	"Loyalist"
"131704.0"	"Personal Loan"	"Unsecured Lending"	"2015-01-28T00:00:00.000000Z"	"485293677634578021"	""	"0"	"-6875.22"	"2500.08"	"16.0"	"-2187.57"	"2975.6903976052345"	"16.0"	"38.85950217242998"	"621.7520347588796"	"10.0"	"203.0"	"10830.0"	"0.0"	"0.0"	"52.0"	"16.0"	"Female"	"1999-05-17T00:00:00.000000Z"	"28.0"	"43510.0"	"2.SILVER"	"1971-06-25T00:00:00.000000Z"	"Stanfield"	"Mackrill"	"Sophisticates"
"1267421.0"	"Car Loan"	"Secured Lending"	"2015-01-28T00:00:00.000000Z"	"2069564296241007314"	""	"0"	"3167.94"	"4299.39"	"16.0"	"3733.665000000001"	"359.1186309099908"	"16.0"	"6.488876619895237"	"103.82202591832379"	"3.0"	"177.0"	"5480.0"	"2.0"	"40.7"	"37.0"	"9.0"	"Female"	"2014-07-07T00:00:00.000000Z"	"28.0"	"21640.0"	"2.SILVER"	"1971-06-25T00:00:00.000000Z"	"Carver"	"Duckitt"	"Loyalist"
"312159.0"	"Current Account"	"Deposit Account"	"2015-10-28T00:00:00.000000Z"	"5325438814967456735"	""	"0"	"-35.64"	"13598.49"	"7.0"	"6969.424285714286"	"4757.82558429043"	"7.0"	"1.0"	"7.0"	"0.0"	"122.0"	"17500.0"	"2.0"	"1314.26"	"31.0"	"2.0"	"Female"	"2001-12-31T00:00:00.000000Z"	"28.0"	"85910.0"	"2.SILVER"	"1964-06-25T00:00:00.000000Z"	"Drugi"	"Brownjohn"	"Traditionalist"
"438307.0"	"Savings Account"	"Deposit Account"	"2015-01-28T00:00:00.000000Z"	"1337890941924994077"	""	"0"	"-3177.17"	"12892.83"	"16.0"	"6650.53"	"4757.282301974521"	"16.0"	""	""	"3.0"	"227.0"	"14310.0"	"4.0"	"190.76"	"47.0"	"4.0"	"Male"	"2003-10-06T00:00:00.000000Z"	"15.0"	"45810.0"	"1.GOLD"	"1964-06-12T00:00:00.000000Z"	"Borg"	"Guilloneau"	"Sophisticates"
"1403293.0"	"Car Loan"	"Secured Lending"	"2015-12-28T00:00:00.000000Z"	"6365917806063074469"	""	"0"	"3401.45"	"3870.61"	"5.0"	"3636.03"	"185.45177338057485"	"5.0"	"9.23974744980453"	"46.198737249022656"	"0.0"	"138.0"	"9030.0"	"1.0"	"65.51"	"36.0"	"5.0"	"Male"	"2015-06-25T00:00:00.000000Z"	"28.0"	"51250.0"	"3.BRONZE"	"1988-06-25T00:00:00.000000Z"	"Munmro"	"Sanday"	"Loyalist"
"234301.0"	"Mortgage"	"Secured Lending"	"2015-10-28T00:00:00.000000Z"	"2994146969339789286"	""	"0"	"131799.16"	"135896.56"	"7.0"	"133847.86"	"1475.2326076475695"	"7.0"	"28.495643149770665"	"199.46950204839465"	"0.0"	"66.0"	"4920.0"	"0.0"	"0.0"	"18.0"	"2.0"	"Female"	"2001-03-28T00:00:00.000000Z"	"28.0"	"39440.0"	"2.SILVER"	"1962-06-25T00:00:00.000000Z"	"Nat"	"Battie"	"Loyalist"
"794344.0"	"Standard Credit Card"	"Unsecured Lending"	"2015-01-28T00:00:00.000000Z"	"7831047018167596911"	""	"0"	"-144.85"	"1013.77"	"16.0"	"504.67562499999997"	"315.18961772175066"	"16.0"	"2.29125"	"36.66"	"2.0"	"210.0"	"5480.0"	"1.0"	"18.24"	"46.0"	"2.0"	"Female"	"2008-09-15T00:00:00.000000Z"	"34.0"	"17770.0"	"2.SILVER"	"1979-07-01T00:00:00.000000Z"	"Leland"	"Rushforth"	"Loyalist"
"522072.0"	"Car Loan"	"Secured Lending"	"2015-01-28T00:00:00.000000Z"	"313598314712417290"	""	"0"	"2412.69"	"3753.09"	"16.0"	"3082.8899999999994"	"425.4386962497266"	"16.0"	"4.094753698132108"	"65.51605917011373"	"5.0"	"212.0"	"4790.0"	"1.0"	"7.86"	"44.0"	"11.0"	"Female"	"2005-03-09T00:00:00.000000Z"	"28.0"	"16490.0"	"2.SILVER"	"1973-06-25T00:00:00.000000Z"	"Tate"	"Leonarde"	"Sophisticates"
"384495.0"	"Savings Account"	"Deposit Account"	"2015-01-28T00:00:00.000000Z"	"6920041216532795008"	""	"0"	"-33.98"	"1577.19"	"16.0"	"690.1975"	"508.90184227740167"	"16.0"	""	""	"6.0"	"187.0"	"2270.0"	"3.0"	"42.55"	"40.0"	"9.0"	"Female"	"2002-10-07T00:00:00.000000Z"	"28.0"	"9360.0"	"2.SILVER"	"1974-06-25T00:00:00.000000Z"	"Manolo"	"Blagbrough"	"Sophisticates"
"160557.0"	"Managed Securities"	"Securities"	"2015-01-28T00:00:00.000000Z"	"4786189527133336769"	""	"0"	"-685.92"	"15447.83"	"16.0"	"6434.6025"	"4912.747075860918"	"16.0"	"13.685000000000002"	"218.96000000000004"	"1.0"	"193.0"	"14690.0"	"4.0"	"250.34"	"39.0"	"9.0"	"Male"	"2000-02-14T00:00:00.000000Z"	"28.0"	"43250.0"	"1.GOLD"	"1973-06-25T00:00:00.000000Z"	"Moyra"	"Grenville"	"Sophisticates"
"1161326.0"	"Current Account"	"Deposit Account"	"2015-01-28T00:00:00.000000Z"	"6133952807291866412"	""	"0"	"-1305.74"	"4779.1"	"16.0"	"1249.99625"	"1647.1761782633737"	"16.0"	"1.5"	"24.0"	"1.0"	"204.0"	"7220.0"	"0.0"	"0.0"	"48.0"	"3.0"	"Male"	"2013-08-09T00:00:00.000000Z"	"8.0"	"31380.0"	"3.BRONZE"	"1994-06-05T00:00:00.000000Z"	"Bride"	"Mariner"	"Emergent"
"857627.0"	"Standard Credit Card"	"Unsecured Lending"	"2015-01-28T00:00:00.000000Z"	"4027366283230068188"	""	"0"	"-973.76"	"10222.14"	"16.0"	"4980.733125"	"3297.7595110129314"	"16.0"	"8.429374999999999"	"134.86999999999998"	"3.0"	"213.0"	"15120.0"	"1.0"	"211.88"	"42.0"	"14.0"	"Male"	"2009-11-20T00:00:00.000000Z"	"28.0"	"52260.0"	"2.SILVER"	"1966-06-25T00:00:00.000000Z"	"Enoch"	"Heare"	"Sophisticates"
"176969.0"	"Current Account"	"Deposit Account"	"2015-01-28T00:00:00.000000Z"	"8551838407888532270"	""	"0"	"-223.42"	"12406.44"	"16.0"	"5749.4193749999995"	"4422.276060052439"	"16.0"	"2.0"	"32.0"	"1.0"	"202.0"	"28600.0"	"1.0"	"141.33"	"42.0"	"5.0"	"Female"	"2000-05-24T00:00:00.000000Z"	"28.0"	"138900.0"	"2.SILVER"	"1972-06-25T00:00:00.000000Z"	"Valene"	"Daymont"	"Sophisticates"
"257368.0"	"Savings Account"	"Deposit Account"	"2015-01-28T00:00:00.000000Z"	"7642740755016672500"	""	"0"	"-1467.37"	"4873.62"	"16.0"	"1810.6887499999998"	"1448.3842876754084"	"16.0"	""	""	"2.0"	"203.0"	"6750.0"	"1.0"	"63.16"	"44.0"	"2.0"	"Male"	"2001-06-28T00:00:00.000000Z"	"28.0"	"28840.0"	"2.SILVER"	"1957-06-25T00:00:00.000000Z"	"Winona"	"Eskrigge"	"Sophisticates"
"1228602.0"	"Current Account"	"Deposit Account"	"2015-01-28T00:00:00.000000Z"	"5417952434742876223"	""	"0"	"-78.97"	"5154.07"	"16.0"	"1945.031875"	"1495.4393189615716"	"16.0"	"0.0"	"0.0"	"1.0"	"236.0"	"4490.0"	"0.0"	"0.0"	"45.0"	"5.0"	"Male"	"2013-12-03T00:00:00.000000Z"	"33.0"	"13220.0"	"3.BRONZE"	"1993-06-30T00:00:00.000000Z"	"Magdalen"	"Torregiani"	"Emergent"
"111464.0"	"Current Account"	"Deposit Account"	"2015-01-28T00:00:00.000000Z"	"2141577803260810183"	""	"0"	"-1546.14"	"3072.85"	"16.0"	"1241.245625"	"1374.4613723344805"	"16.0"	"0.5"	"8.0"	"1.0"	"189.0"	"4880.0"	"0.0"	"0.0"	"44.0"	"7.0"	"Female"	"1998-11-13T00:00:00.000000Z"	"28.0"	"17750.0"	"2.SILVER"	"1970-06-25T00:00:00.000000Z"	"Arther"	"Hembrow"	"Sophisticates"
"731193.0"	"Personal Loan"	"Unsecured Lending"	"2015-01-28T00:00:00.000000Z"	"4728177211989877983"	"2015-11-28T00:00:00.000000Z"	"1"	"-1723.98"	"1379.22"	"10.0"	"-172.37999999999994"	"1043.9338420928152"	"10.0"	"30.181997563022623"	"301.8199756302262"	"0.0"	"215.0"	"11540.0"	"0.0"	"0.0"	"45.0"	"6.0"	"Female"	"2007-11-07T00:00:00.000000Z"	"28.0"	"44830.0"	"2.SILVER"	"1981-06-25T00:00:00.000000Z"	"Rochella"	"Rosenauer"	"Loyalist"
"427296.0"	"Current Account"	"Deposit Account"	"2015-01-28T00:00:00.000000Z"	"6997448475163322852"	""	"0"	"-1131.04"	"7406.87"	"16.0"	"2723.644375"	"2288.658560470066"	"16.0"	"1.0"	"16.0"	"0.0"	"230.0"	"14630.0"	"1.0"	"170.08"	"40.0"	"4.0"	"Female"	"2003-07-14T00:00:00.000000Z"	"28.0"	"46990.0"	"2.SILVER"	"1958-06-25T00:00:00.000000Z"	"Ahmad"	"Welch"	"Sophisticates"
"36180.0"	"Standard Credit Card"	"Unsecured Lending"	"2015-01-28T00:00:00.000000Z"	"4976085145105870139"	"2016-04-28T00:00:00.000000Z"	"1"	"-3030.66"	"26521.45"	"15.0"	"8706.075333333332"	"8895.53793640133"	"15.0"	"5.498666666666666"	"82.47999999999999"	"0.0"	"206.0"	"26490.0"	"1.0"	"94.46"	"45.0"	"4.0"	"Female"	"1996-04-09T00:00:00.000000Z"	"3.0"	"74910.0"	"2.SILVER"	"1964-05-31T00:00:00.000000Z"	"Filberte"	"Belly"	"Sophisticates"
"1158675.0"	"Current Account"	"Deposit Account"	"2015-01-28T00:00:00.000000Z"	"225972582294199350"	"2015-04-28T00:00:00.000000Z"	"1"	"272.83"	"1300.34"	"3.0"	"934.3966666666665"	"574.0113817977248"	"3.0"	"0.5"	"1.5"	"5.0"	"203.0"	"3450.0"	"0.0"	"0.0"	"47.0"	"3.0"	"Female"	"2013-08-07T00:00:00.000000Z"	"37.0"	"13900.0"	"3.BRONZE"	"1995-07-04T00:00:00.000000Z"	"Stefan"	"O'Loughnan"	"Loyalist"
"1172964.0"	"Mortgage"	"Secured Lending"	"2015-05-28T00:00:00.000000Z"	"8151501651865623521"	""	"0"	"164858.7"	"169605.97"	"12.0"	"167232.335"	"1556.0477639519727"	"12.0"	"3.314850802543425"	"39.7782096305211"	"3.0"	"227.0"	"11850.0"	"0.0"	"0.0"	"48.0"	"4.0"	"Male"	"2013-09-05T00:00:00.000000Z"	"28.0"	"44000.0"	"3.BRONZE"	"1989-06-25T00:00:00.000000Z"	"Alric"	"Corsham"	"Loyalist"
"1407858.0"	"Mortgage"	"Secured Lending"	"2015-08-28T00:00:00.000000Z"	"4827438579565682493"	"2015-08-28T00:00:00.000000Z"	"1"	""	""	""	""	""	""	""	""	"0.0"	"110.0"	"5310.0"	"0.0"	"0.0"	"18.0"	"0.0"	"Male"	"2015-07-17T00:00:00.000000Z"	"15.0"	"30920.0"	"2.SILVER"	"1989-06-12T00:00:00.000000Z"	"Borg"	"Oldacres"	"Loyalist"
"205690.0"	"Personal Loan"	"Unsecured Lending"	"2015-01-28T00:00:00.000000Z"	"6988145402467488991"	""	"0"	"-440.23"	"2861.27"	"16.0"	"1210.52"	"1047.8855980815208"	"16.0"	"1.7032862810270624"	"27.252580496432998"	"5.0"	"181.0"	"3400.0"	"3.0"	"44.35"	"41.0"	"6.0"	"Male"	"2000-11-20T00:00:00.000000Z"	"46.0"	"13770.0"	"2.SILVER"	"1973-07-13T00:00:00.000000Z"	"Calv"	"Litster"	"Sophisticates"
"422742.0"	"Savings Account"	"Deposit Account"	"2015-01-28T00:00:00.000000Z"	"5526459540960284530"	""	"0"	"-125.23"	"270.68"	"16.0"	"80.758125"	"101.4368435509669"	"16.0"	""	""	"4.0"	"206.0"	"3620.0"	"2.0"	"30.19"	"34.0"	"5.0"	"Female"	"2003-06-11T00:00:00.000000Z"	"28.0"	"13090.0"	"2.SILVER"	"1939-06-25T00:00:00.000000Z"	"Keane"	"McClintock"	"Sophisticates"
"468084.0"	"Personal Loan"	"Unsecured Lending"	"2015-01-28T00:00:00.000000Z"	"7259012362102717990"	"2015-11-28T00:00:00.000000Z"	"1"	"-1382.02"	"531.56"	"10.0"	"-425.23"	"643.7390182882086"	"10.0"	"1.809459108378865"	"18.09459108378865"	"1.0"	"105.0"	"3970.0"	"0.0"	"0.0"	"28.0"	"0.0"	"Female"	"2004-04-12T00:00:00.000000Z"	"8.0"	"24860.0"	"2.SILVER"	"1964-06-05T00:00:00.000000Z"	"Linet"	"Marlor"	"Loyalist"
"126743.0"	"Car Loan"	"Secured Lending"	"2015-01-28T00:00:00.000000Z"	"6105584016400818365"	""	"0"	"863.49"	"1942.89"	"16.0"	"1403.19"	"342.5981264786289"	"16.0"	"1.0255992538068754"	"16.409588060910007"	"3.0"	"223.0"	"8600.0"	"2.0"	"86.4"	"39.0"	"12.0"	"Female"	"1999-04-12T00:00:00.000000Z"	"8.0"	"31980.0"	"2.SILVER"	"1961-06-05T00:00:00.000000Z"	"Corenda"	"Sheehy"	"Loyalist"
"262516.0"	"Managed Securities"	"Securities"	"2015-01-28T00:00:00.000000Z"	"5290926243684341609"	"2015-09-28T00:00:00.000000Z"	"1"	"112.52"	"3314.27"	"8.0"	"1346.67625"	"1059.2243425118415"	"8.0"	"8.975"	"71.8"	"3.0"	"200.0"	"8130.0"	"0.0"	"0.0"	"49.0"	"10.0"	"Male"	"2001-07-17T00:00:00.000000Z"	"28.0"	"24480.0"	"1.GOLD"	"1972-06-25T00:00:00.000000Z"	"Arlen"	"Droogan"	"Loyalist"
"157037.0"	"Current Account"	"Deposit Account"	"2015-01-28T00:00:00.000000Z"	"6753283814436945386"	""	"0"	"-633.07"	"3020.84"	"16.0"	"1248.46"	"872.3182377550064"	"16.0"	"1.5"	"24.0"	"1.0"	"217.0"	"7140.0"	"0.0"	"0.0"	"32.0"	"2.0"	"Female"	"2000-01-20T00:00:00.000000Z"	"15.0"	"24930.0"	"2.SILVER"	"1952-06-12T00:00:00.000000Z"	"Inigo"	"Perassi"	"Emergent"
"524976.0"	"Standard Credit Card"	"Unsecured Lending"	"2015-01-28T00:00:00.000000Z"	"8898554979942543406"	""	"0"	"-1941.16"	"15254.31"	"16.0"	"6098.124374999999"	"4851.560048201635"	"16.0"	"0.991875"	"15.87"	"3.0"	"175.0"	"31120.0"	"0.0"	"0.0"	"39.0"	"4.0"	"Female"	"2005-03-28T00:00:00.000000Z"	"28.0"	"98450.0"	"2.SILVER"	"1980-06-25T00:00:00.000000Z"	"Kermie"	"Hugnet"	"Sophisticates"
"47433.0"	"Current Account"	"Deposit Account"	"2015-01-28T00:00:00.000000Z"	"6498061289886438782"	""	"0"	"-1397.89"	"10823.58"	"16.0"	"5334.251249999999"	"3441.9607665493513"	"16.0"	"2.0"	"32.0"	"1.0"	"230.0"	"7400.0"	"1.0"	"56.88"	"42.0"	"4.0"	"Female"	"1996-10-18T00:00:00.000000Z"	"4.0"	"26760.0"	"2.SILVER"	"1961-06-01T00:00:00.000000Z"	"Gilbertine"	"Liversage"	"Sophisticates"
"32858.0"	"Direct Securities"	"Securities"	"2015-01-28T00:00:00.000000Z"	"2030637535908421687"	""	"0"	"-5912.85"	"15218.57"	"16.0"	"3820.4824999999996"	"4825.888316158315"	"16.0"	"61.938125"	"991.01"	"4.0"	"208.0"	"15590.0"	"7.0"	"312.5"	"36.0"	"11.0"	"Female"	"1998-02-03T00:00:00.000000Z"	"28.0"	"50290.0"	"1.GOLD"	"1958-06-25T00:00:00.000000Z"	"Talyah"	"Jessope"	"Sophisticates"
"667459.0"	"Current Account"	"Deposit Account"	"2015-01-28T00:00:00.000000Z"	"7376101731986260464"	""	"0"	"-1498.89"	"4714.13"	"16.0"	"2107.765625"	"1413.1234086045881"	"16.0"	"2.5"	"40.0"	"1.0"	"175.0"	"9700.0"	"1.0"	"8.69"	"45.0"	"5.0"	"Female"	"2007-01-10T00:00:00.000000Z"	"8.0"	"31490.0"	"2.SILVER"	"1964-06-05T00:00:00.000000Z"	"Desmond"	"Ketteman"	"Sophisticates"
"519256.0"	"Standard Credit Card"	"Unsecured Lending"	"2015-01-28T00:00:00.000000Z"	"2096997582958944404"	""	"0"	"-4917.76"	"6232.88"	"16.0"	"2492.9981249999996"	"3048.504936188052"	"16.0"	"20.164375"	"322.63"	"3.0"	"222.0"	"8760.0"	"1.0"	"43.23"	"41.0"	"12.0"	"Female"	"2005-02-22T00:00:00.000000Z"	"8.0"	"32020.0"	"2.SILVER"	"1961-06-05T00:00:00.000000Z"	"Joannes"	"Rickerby"	"Sophisticates"
"801824.0"	"Standard Credit Card"	"Unsecured Lending"	"2015-01-28T00:00:00.000000Z"	"1878985470447096422"	"2016-04-28T00:00:00.000000Z"	"1"	"-3236.56"	"3479.34"	"15.0"	"1353.6666666666665"	"1727.642247799281"	"15.0"	"4.056"	"60.84"	"0.0"	"198.0"	"4510.0"	"3.0"	"86.48"	"50.0"	"9.0"	"Female"	"2008-10-07T00:00:00.000000Z"	"28.0"	"13890.0"	"1.GOLD"	"1980-06-25T00:00:00.000000Z"	"Adham"	"Kenneway"	"Loyalist"
"446535.0"	"Current Account"	"Deposit Account"	"2015-01-28T00:00:00.000000Z"	"5752212365695313045"	""	"0"	"439.38"	"3350.4"	"16.0"	"1892.704375"	"979.9523674884663"	"16.0"	"0.5"	"8.0"	"0.0"	"204.0"	"9740.0"	"0.0"	"0.0"	"37.0"	"9.0"	"Male"	"2010-03-31T00:00:00.000000Z"	"28.0"	"31990.0"	"2.SILVER"	"1960-06-25T00:00:00.000000Z"	"Trip"	"Curner"	"Sophisticates"
"536537.0"	"Car Loan"	"Secured Lending"	"2015-09-28T00:00:00.000000Z"	"1470235217033266555"	""	"0"	"1296.87"	"2809.92"	"8.0"	"2053.395"	"529.4572079025841"	"8.0"	"4.7232064977994765"	"37.78565198239581"	"4.0"	"179.0"	"7770.0"	"0.0"	"0.0"	"52.0"	"3.0"	"Female"	"2005-06-08T00:00:00.000000Z"	"13.0"	"27510.0"	"2.SILVER"	"1994-06-10T00:00:00.000000Z"	"Reid"	"Tremblay"	"Loyalist"
"67079.0"	"Current Account"	"Deposit Account"	"2015-01-28T00:00:00.000000Z"	"2815994205330239883"	""	"0"	"-939.85"	"3537.95"	"16.0"	"1583.82375"	"1472.1081322958808"	"16.0"	"0.5"	"8.0"	"1.0"	"214.0"	"5470.0"	"0.0"	"0.0"	"45.0"	"6.0"	"Female"	"1997-06-27T00:00:00.000000Z"	"28.0"	"18740.0"	"2.SILVER"	"1958-06-25T00:00:00.000000Z"	"Karoly"	"Filyashin"	"Sophisticates"
"535239.0"	"Current Account"	"Deposit Account"	"2015-12-28T00:00:00.000000Z"	"3884492746052490604"	""	"0"	"858.38"	"1346.5"	"5.0"	"1149.384"	"198.13247495047347"	"5.0"	"2.5"	"12.5"	"0.0"	"231.0"	"13750.0"	"0.0"	"0.0"	"44.0"	"4.0"	"Male"	"2005-05-31T00:00:00.000000Z"	"28.0"	"46740.0"	"2.SILVER"	"1979-06-25T00:00:00.000000Z"	"Klara"	"Punch"	"Loyalist"
"1191279.0"	"Current Account"	"Deposit Account"	"2015-01-28T00:00:00.000000Z"	"1798486776425729888"	""	"0"	"-7055.84"	"14486.29"	"16.0"	"4667.949375"	"5371.848832934485"	"16.0"	"1.5"	"24.0"	"0.0"	"195.0"	"10110.0"	"0.0"	"0.0"	"47.0"	"2.0"	"Female"	"2013-10-07T00:00:00.000000Z"	"41.0"	"36270.0"	"3.BRONZE"	"1986-07-08T00:00:00.000000Z"	"Barbie"	"Pearman"	"Emergent"
"515494.0"	"Savings Account"	"Deposit Account"	"2015-01-28T00:00:00.000000Z"	"7758439704100106543"	""	"0"	"-4285.96"	"27589.48"	"16.0"	"11072.928125"	"8756.770610332114"	"16.0"	""	""	"2.0"	"178.0"	"26560.0"	"0.0"	"0.0"	"47.0"	"0.0"	"Female"	"2005-02-02T00:00:00.000000Z"	"28.0"	"95670.0"	"1.GOLD"	"1979-06-25T00:00:00.000000Z"	"Briney"	"Feveryear"	"Loyalist"
"95888.0"	"Personal Loan"	"Unsecured Lending"	"2015-01-28T00:00:00.000000Z"	"3807841703689825604"	"2015-05-28T00:00:00.000000Z"	"1"	"332.52"	"831.36"	"4.0"	"581.94"	"214.66655693578977"	"4.0"	"4.639447065180033"	"18.55778826072013"	"1.0"	"54.0"	"930.0"	"0.0"	"0.0"	"7.0"	"4.0"	"Female"	"1998-05-11T00:00:00.000000Z"	"38.0"	"16330.0"	"2.SILVER"	"1948-07-05T00:00:00.000000Z"	"Enrique"	"Marunchak"	"Loyalist"
"21462.0"	"Premium Credit Card"	"Unsecured Lending"	"2015-01-28T00:00:00.000000Z"	"5702314426193933061"	""	"0"	"-2443.48"	"6878.13"	"16.0"	"2109.185"	"2427.8908954371627"	"16.0"	"6.6137500000000005"	"105.82000000000001"	"3.0"	"167.0"	"7950.0"	"1.0"	"10.54"	"44.0"	"5.0"	"Male"	"2002-01-29T00:00:00.000000Z"	"28.0"	"27150.0"	"2.SILVER"	"1973-06-25T00:00:00.000000Z"	"Dalis"	"Drinkwater"	"Sophisticates"
"649683.0"	"Current Account"	"Deposit Account"	"2015-01-28T00:00:00.000000Z"	"4275632734459660491"	"2016-03-28T00:00:00.000000Z"	"1"	"-3337.59"	"11199.94"	"14.0"	"5358.563571428573"	"3808.7198873649586"	"14.0"	"1.5"	"21.0"	"1.0"	"161.0"	"8960.0"	"0.0"	"0.0"	"39.0"	"1.0"	"Male"	"2006-10-19T00:00:00.000000Z"	"28.0"	"33780.0"	"2.SILVER"	"1969-06-25T00:00:00.000000Z"	"Klaus"	"Dun"	"Emergent"
"236369.0"	"Savings Account"	"Deposit Account"	"2015-01-28T00:00:00.000000Z"	"28978095697302092"	""	"0"	"-1568.6"	"4876.54"	"16.0"	"2577.63375"	"1459.2188789891436"	"16.0"	""	""	"0.0"	"209.0"	"13940.0"	"1.0"	"79.63"	"51.0"	"5.0"	"Female"	"2001-04-02T00:00:00.000000Z"	"28.0"	"45850.0"	"2.SILVER"	"1969-06-25T00:00:00.000000Z"	"Sharron"	"Lanceter"	"Sophisticates"
"611645.0"	"Standard Credit Card"	"Unsecured Lending"	"2015-01-28T00:00:00.000000Z"	"3366008537951795819"	"2015-02-28T00:00:00.000000Z"	"1"	"-0.57"	"-0.57"	"1.0"	"-0.57"	""	"1.0"	"0.0"	"0.0"	"1.0"	"217.0"	"4170.0"	"0.0"	"0.0"	"43.0"	"1.0"	"Female"	"2006-05-08T00:00:00.000000Z"	"15.0"	"12510.0"	"2.SILVER"	"1978-06-12T00:00:00.000000Z"	"Katine"	"Matveiko"	"Loyalist"
"865360.0"	"Current Account"	"Deposit Account"	"2015-01-28T00:00:00.000000Z"	"3947622473493152524"	""	"0"	"-508.85"	"2734.32"	"16.0"	"1001.9868749999998"	"780.9710301389226"	"16.0"	"1.5"	"24.0"	"1.0"	"248.0"	"29580.0"	"1.0"	"50.83"	"43.0"	"6.0"	"Female"	"2010-02-17T00:00:00.000000Z"	"49.0"	"105120.0"	"2.SILVER"	"1954-07-16T00:00:00.000000Z"	"Bertina"	"Iacopetti"	"Sophisticates"
"502932.0"	"Current Account"	"Deposit Account"	"2015-01-28T00:00:00.000000Z"	"4017418089031463533"	""	"0"	"-394.01"	"5855.97"	"16.0"	"1801.2893750000003"	"1688.9969670881344"	"16.0"	"0.5"	"8.0"	"2.0"	"187.0"	"15520.0"	"6.0"	"239.34"	"33.0"	"6.0"	"Male"	"2004-11-19T00:00:00.000000Z"	"11.0"	"49770.0"	"2.SILVER"	"1951-06-08T00:00:00.000000Z"	"Nathalie"	"Litster"	"Sophisticates"
"1415954.0"	"Current Account"	"Deposit Account"	"2015-08-28T00:00:00.000000Z"	"2542439449789055710"	""	"0"	"-324.04"	"1347.79"	"9.0"	"362.88444444444445"	"466.0292630863193"	"9.0"	"2.0"	"18.0"	"0.0"	"128.0"	"590.0"	"0.0"	"0.0"	"30.0"	"0.0"	"Male"	"2015-07-25T00:00:00.000000Z"	"15.0"	"4310.0"	"3.BRONZE"	"1996-06-12T00:00:00.000000Z"	"Dacie"	"Kelson"	"Emergent"
"1045848.0"	"Personal Loan"	"Unsecured Lending"	"2015-08-28T00:00:00.000000Z"	"7692334205069061319"	""	"0"	"-3500.25"	"233.35"	"9.0"	"-1633.4499999999998"	"1278.1105879383053"	"9.0"	"34.70174200925759"	"312.31567808331835"	"1.0"	"213.0"	"8520.0"	"0.0"	"0.0"	"42.0"	"2.0"	"Female"	"2012-08-07T00:00:00.000000Z"	"50.0"	"34880.0"	"3.BRONZE"	"1986-07-17T00:00:00.000000Z"	"Adolpho"	"Salleir"	"Loyalist"
"352980.0"	"Managed Securities"	"Securities"	"2015-01-28T00:00:00.000000Z"	"5471381056444418432"	""	"0"	"-3718.2"	"6055.25"	"16.0"	"2252.2693749999994"	"2680.6049491348494"	"16.0"	"12.965000000000002"	"207.44000000000003"	"2.0"	"196.0"	"5790.0"	"3.0"	"51.769999999999996"	"31.0"	"10.0"	"Male"	"2007-02-26T00:00:00.000000Z"	"23.0"	"20350.0"	"2.SILVER"	"1922-06-20T00:00:00.000000Z"	"Edmon"	"McGuinley"	"Sophisticates"
"623140.0"	"Current Account"	"Deposit Account"	"2015-11-28T00:00:00.000000Z"	"2950298154738476589"	"2015-11-28T00:00:00.000000Z"	"1"	""	""	""	""	""	""	""	""	"0.0"	"196.0"	"13490.0"	"0.0"	"0.0"	"40.0"	"3.0"	"Female"	"2006-06-21T00:00:00.000000Z"	"28.0"	"43220.0"	"1.GOLD"	"1956-06-25T00:00:00.000000Z"	"Klara"	"Kivelle"	"Loyalist"
"1243562.0"	"Mortgage"	"Secured Lending"	"2015-07-28T00:00:00.000000Z"	"8519238419483208527"	"2016-04-28T00:00:00.000000Z"	"1"	"110114.17"	"112226.65"	"9.0"	"111170.41"	"723.1580926740719"	"9.0"	"0.5367339743944285"	"4.830605769549856"	"2.0"	"201.0"	"8820.0"	"0.0"	"0.0"	"41.0"	"2.0"	"Male"	"2014-02-13T00:00:00.000000Z"	"8.0"	"29930.0"	"3.BRONZE"	"1987-06-05T00:00:00.000000Z"	"Isidro"	"Carnson"	"Loyalist"
"421455.0"	"Managed Securities"	"Securities"	"2015-01-28T00:00:00.000000Z"	"5647098826429485319"	""	"0"	"-454.58"	"3559.21"	"16.0"	"1754.0262500000001"	"1356.5581031314755"	"16.0"	"5.029999999999999"	"80.47999999999999"	"0.0"	"204.0"	"5080.0"	"3.0"	"49.14000000000001"	"33.0"	"10.0"	"Male"	"2003-06-02T00:00:00.000000Z"	"28.0"	"18330.0"	"2.SILVER"	"1949-06-25T00:00:00.000000Z"	"Peta"	"Maypole"	"Sophisticates"
"875568.0"	"Current Account"	"Deposit Account"	"2015-01-28T00:00:00.000000Z"	"6771856925797927045"	""	"0"	"-153.17"	"747.64"	"16.0"	"206.770625"	"213.05310316033888"	"16.0"	"2.0"	"32.0"	"0.0"	"179.0"	"11760.0"	"1.0"	"45.73"	"42.0"	"3.0"	"Male"	"2010-04-26T00:00:00.000000Z"	"28.0"	"36750.0"	"2.SILVER"	"1976-06-25T00:00:00.000000Z"	"Jenni"	"Kelcey"	"Emergent"
"664456.0"	"Direct Securities"	"Securities"	"2015-01-28T00:00:00.000000Z"	"6537193108403710433"	"2015-04-28T00:00:00.000000Z"	"1"	"4122.52"	"14083.23"	"3.0"	"8477.086666666668"	"5096.937221551128"	"3.0"	"36.583333333333336"	"109.75"	"0.0"	"197.0"	"12770.0"	"0.0"	"0.0"	"33.0"	"4.0"	"Female"	"2006-12-22T00:00:00.000000Z"	"28.0"	"48820.0"	"2.SILVER"	"1947-06-25T00:00:00.000000Z"	"Regina"	"Picken"	"Loyalist"
"892211.0"	"Current Account"	"Deposit Account"	"2015-06-28T00:00:00.000000Z"	"875193841623999200"	""	"0"	"-1012.7"	"7994.19"	"11.0"	"3750.2427272727273"	"3090.094587623786"	"11.0"	"1.0"	"11.0"	"1.0"	"194.0"	"5870.0"	"1.0"	"44.22"	"39.0"	"4.0"	"Male"	"2010-09-21T00:00:00.000000Z"	"19.0"	"22180.0"	"2.SILVER"	"1971-06-16T00:00:00.000000Z"	"Erich"	"Keepe"	"Loyalist"
"91103.0"	"Personal Loan"	"Unsecured Lending"	"2015-01-28T00:00:00.000000Z"	"1368578614084659604"	""	"0"	"7067.74"	"15549.34"	"16.0"	"11308.539999999999"	"2692.0328604235146"	"16.0"	"15.135601673323158"	"242.16962677317053"	"5.0"	"227.0"	"31100.0"	"2.0"	"262.25"	"46.0"	"14.0"	"Female"	"1998-03-31T00:00:00.000000Z"	"28.0"	"110690.0"	"2.SILVER"	"1964-06-25T00:00:00.000000Z"	"Patten"	"Taynton"	"Sophisticates"
"199519.0"	"Savings Account"	"Deposit Account"	"2015-01-28T00:00:00.000000Z"	"3560786153517643200"	""	"0"	"-414.3"	"947.3"	"16.0"	"343.06062499999996"	"405.44628478535844"	"16.0"	""	""	"2.0"	"195.0"	"10290.0"	"0.0"	"0.0"	"50.0"	"9.0"	"Female"	"2000-10-18T00:00:00.000000Z"	"28.0"	"30380.0"	"2.SILVER"	"1976-06-25T00:00:00.000000Z"	"Diandra"	"McGahy"	"Loyalist"
"1297869.0"	"Current Account"	"Deposit Account"	"2015-09-28T00:00:00.000000Z"	"5180599372371510582"	"2015-12-28T00:00:00.000000Z"	"1"	"-4727.7"	"9044.13"	"3.0"	"3031.986666666666"	"7050.266389551059"	"3.0"	"1.0"	"3.0"	"1.0"	"180.0"	"24790.0"	"0.0"	"0.0"	"47.0"	"4.0"	"Male"	"2014-08-20T00:00:00.000000Z"	"8.0"	"79810.0"	"2.SILVER"	"1973-06-05T00:00:00.000000Z"	"Maude"	"Gerdes"	"Loyalist"
"828675.0"	"Premium Credit Card"	"Unsecured Lending"	"2015-01-28T00:00:00.000000Z"	"7921933846853994258"	""	"0"	"-2301.84"	"5399.83"	"16.0"	"2158.004375"	"2524.3195346970074"	"16.0"	"12.720624999999998"	"203.52999999999997"	"3.0"	"219.0"	"8060.0"	"0.0"	"0.0"	"39.0"	"5.0"	"Female"	"2009-01-26T00:00:00.000000Z"	"28.0"	"27840.0"	"2.SILVER"	"1977-06-25T00:00:00.000000Z"	"Aileen"	"Vakhonin"	"Emergent"
"476983.0"	"Current Account"	"Deposit Account"	"2015-01-28T00:00:00.000000Z"	"1224938031488013189"	""	"0"	"1016.15"	"7339.63"	"16.0"	"3942.03625"	"2268.95455697075"	"16.0"	"1.0"	"16.0"	"4.0"	"173.0"	"8590.0"	"1.0"	"105.4"	"29.0"	"8.0"	"Male"	"2005-10-25T00:00:00.000000Z"	"28.0"	"32410.0"	"2.SILVER"	"1940-06-25T00:00:00.000000Z"	"Ruben"	"Sheahan"	"Sophisticates"
"802924.0"	"Current Account"	"Deposit Account"	"2015-06-28T00:00:00.000000Z"	"8563719165344852032"	""	"0"	"1754.35"	"17559.13"	"11.0"	"9073.528181818181"	"5971.866325871367"	"11.0"	"1.5"	"16.5"	"3.0"	"190.0"	"19510.0"	"0.0"	"0.0"	"42.0"	"1.0"	"Female"	"2008-10-08T00:00:00.000000Z"	"28.0"	"68930.0"	"1.GOLD"	"1964-06-25T00:00:00.000000Z"	"Julian"	"Hoppner"	"Loyalist"
"214039.0"	"Car Loan"	"Secured Lending"	"2015-01-28T00:00:00.000000Z"	"3037428466405978867"	""	"0"	"4391.57"	"7858.52"	"16.0"	"6125.045"	"1100.3989017927397"	"16.0"	"25.665813511187988"	"410.6530161790078"	"0.0"	"233.0"	"23510.0"	"0.0"	"0.0"	"32.0"	"7.0"	"Female"	"2001-04-02T00:00:00.000000Z"	"28.0"	"71790.0"	"2.SILVER"	"1938-06-25T00:00:00.000000Z"	"Garrek"	"Hartley"	"Sophisticates"
"639871.0"	"Standard Credit Card"	"Unsecured Lending"	"2016-03-28T00:00:00.000000Z"	"6589936017039893243"	"2016-03-28T00:00:00.000000Z"	"1"	""	""	""	""	""	""	""	""	"2.0"	"184.0"	"11320.0"	"0.0"	"0.0"	"43.0"	"8.0"	"Female"	"2006-09-06T00:00:00.000000Z"	"8.0"	"41100.0"	"2.SILVER"	"1952-06-05T00:00:00.000000Z"	"Jodi"	"Straw"	"Loyalist"
"310234.0"	"Savings Account"	"Deposit Account"	"2015-01-28T00:00:00.000000Z"	"9061077031418930394"	""	"0"	"-5625.07"	"19476.5"	"16.0"	"8123.505624999999"	"6843.102115869156"	"16.0"	""	""	"5.0"	"231.0"	"15120.0"	"1.0"	"65.06"	"44.0"	"4.0"	"Female"	"2001-12-22T00:00:00.000000Z"	"28.0"	"55730.0"	"2.SILVER"	"1965-06-25T00:00:00.000000Z"	"Cornall"	"Pettegree"	"Sophisticates"
"798150.0"	"Mortgage"	"Secured Lending"	"2015-01-28T00:00:00.000000Z"	"6875095022141018414"	""	"0"	"50435.07"	"57130.02"	"16.0"	"53782.545"	"2124.9558336743426"	"16.0"	"7.870644301534058"	"125.93030882454492"	"1.0"	"196.0"	"6570.0"	"1.0"	"20.05"	"47.0"	"4.0"	"Female"	"2008-09-29T00:00:00.000000Z"	"13.0"	"25390.0"	"3.BRONZE"	"1986-06-10T00:00:00.000000Z"	"Alvan"	"Alesi"	"Emergent"
"844053.0"	"Premium Credit Card"	"Unsecured Lending"	"2015-01-28T00:00:00.000000Z"	"2398233165868133781"	""	"0"	"-2293.76"	"9434.42"	"16.0"	"4324.696250000001"	"3112.3633971734407"	"16.0"	"25.596875000000004"	"409.55000000000007"	"7.0"	"196.0"	"14900.0"	"2.0"	"200.55"	"36.0"	"16.0"	"Female"	"2009-06-05T00:00:00.000000Z"	"28.0"	"53970.0"	"2.SILVER"	"1942-06-25T00:00:00.000000Z"	"Ralina"	"Dulinty"	"Sophisticates"
"820997.0"	"Direct Securities"	"Securities"	"2015-01-28T00:00:00.000000Z"	"921104805405403436"	""	"0"	"-233.65"	"1918.16"	"16.0"	"537.979375"	"514.596761635992"	"16.0"	"8.088750000000001"	"129.42000000000002"	"0.0"	"201.0"	"4030.0"	"0.0"	"0.0"	"38.0"	"3.0"	"Male"	"2008-12-03T00:00:00.000000Z"	"28.0"	"14010.0"	"2.SILVER"	"1963-06-25T00:00:00.000000Z"	"Poppy"	"Murrthum"	"Sophisticates"
"1107360.0"	"Personal Loan"	"Unsecured Lending"	"2015-02-28T00:00:00.000000Z"	"7341737255692351546"	""	"0"	"-2752.11"	"4253.21"	"15.0"	"750.5499999999998"	"2237.767389162689"	"15.0"	"0.45005743922162883"	"6.750861588324432"	"3.0"	"187.0"	"19870.0"	"0.0"	"0.0"	"36.0"	"3.0"	"Female"	"2012-11-29T00:00:00.000000Z"	"28.0"	"74210.0"	"2.SILVER"	"1971-06-25T00:00:00.000000Z"	"Louise"	"Pessel"	"Loyalist"
"1127270.0"	"Managed Securities"	"Securities"	"2015-01-28T00:00:00.000000Z"	"8052345042240320081"	"2015-11-28T00:00:00.000000Z"	"1"	"45.52"	"1499.01"	"10.0"	"1007.8490000000002"	"397.7728941787428"	"10.0"	"26.781"	"267.81"	"1.0"	"192.0"	"5930.0"	"0.0"	"0.0"	"43.0"	"4.0"	"Female"	"2013-04-09T00:00:00.000000Z"	"8.0"	"20930.0"	"1.GOLD"	"1970-06-05T00:00:00.000000Z"	"Julianna"	"Woodlands"	"Loyalist"
"345731.0"	"Current Account"	"Deposit Account"	"2015-01-28T00:00:00.000000Z"	"545925590296379523"	""	"0"	"-86.12"	"353.93"	"16.0"	"118.67875000000002"	"114.74927711464389"	"16.0"	"2.0"	"32.0"	"2.0"	"166.0"	"4670.0"	"3.0"	"48.27"	"45.0"	"9.0"	"Female"	"2002-03-26T00:00:00.000000Z"	"41.0"	"15290.0"	"2.SILVER"	"1967-07-08T00:00:00.000000Z"	"Ingaberg"	"Grishakov"	"Loyalist"
"897337.0"	"Current Account"	"Deposit Account"	"2015-01-28T00:00:00.000000Z"	"2932648477654525570"	""	"0"	"-766.53"	"2982.45"	"16.0"	"1635.5525"	"1099.5182521177173"	"16.0"	"2.5"	"40.0"	"3.0"	"199.0"	"26180.0"	"1.0"	"79.75"	"48.0"	"1.0"	"Male"	"2010-11-19T00:00:00.000000Z"	"11.0"	"81740.0"	"2.SILVER"	"1978-06-08T00:00:00.000000Z"	"Garth"	"Garwood"	"Emergent"
"1267883.0"	"Car Loan"	"Secured Lending"	"2015-01-28T00:00:00.000000Z"	"5425029859166012952"	"2015-01-28T00:00:00.000000Z"	"1"	""	""	""	""	""	""	""	""	"0.0"	"185.0"	"6430.0"	"0.0"	"0.0"	"38.0"	"3.0"	"Female"	"2014-07-08T00:00:00.000000Z"	"4.0"	"21500.0"	"2.SILVER"	"1974-06-01T00:00:00.000000Z"	"Cyrus"	"Girardini"	"Loyalist"
"1383658.0"	"Personal Loan"	"Unsecured Lending"	"2015-03-28T00:00:00.000000Z"	"6713206711389393729"	""	"0"	"-4329.4"	"1298.82"	"14.0"	"-1515.2899999999997"	"1811.1179594383134"	"14.0"	"3.81744227490151"	"53.44419184862114"	"4.0"	"165.0"	"21570.0"	"1.0"	"99.45"	"34.0"	"5.0"	"Female"	"2015-02-19T00:00:00.000000Z"	"3.0"	"86270.0"	"2.SILVER"	"1975-05-31T00:00:00.000000Z"	"Angel"	"Hedderly"	"Loyalist"
"445358.0"	"Savings Account"	"Deposit Account"	"2015-01-28T00:00:00.000000Z"	"8401320873429448573"	""	"0"	"-451.4"	"6418.67"	"16.0"	"3212.6475"	"1895.406253070829"	"16.0"	""	""	"5.0"	"206.0"	"6970.0"	"2.0"	"37.55"	"46.0"	"12.0"	"Female"	"2003-11-18T00:00:00.000000Z"	"37.0"	"22980.0"	"2.SILVER"	"1977-07-04T00:00:00.000000Z"	"Winona"	"Daymont"	"Traditionalist"
"273098.0"	"Savings Account"	"Deposit Account"	"2015-09-28T00:00:00.000000Z"	"2276358052576597774"	""	"0"	"-2178.91"	"16586.29"	"8.0"	"4899.57375"	"6048.192141080406"	"8.0"	""	""	"8.0"	"228.0"	"19480.0"	"2.0"	"220.09"	"45.0"	"13.0"	"Female"	"2001-09-19T00:00:00.000000Z"	"28.0"	"64150.0"	"2.SILVER"	"1958-06-25T00:00:00.000000Z"	"Clark"	"Atter"	"Loyalist"
"107372.0"	"Standard Credit Card"	"Unsecured Lending"	"2015-01-28T00:00:00.000000Z"	"8897640525560290670"	"2016-04-28T00:00:00.000000Z"	"1"	"-1256.08"	"4517.01"	"15.0"	"1915.4820000000002"	"1382.0701676481037"	"15.0"	"12.376666666666665"	"185.64999999999998"	"1.0"	"183.0"	"9060.0"	"0.0"	"0.0"	"52.0"	"8.0"	"Female"	"1998-10-08T00:00:00.000000Z"	"28.0"	"28710.0"	"2.SILVER"	"1971-06-25T00:00:00.000000Z"	"Lowell"	"Gilffillan"	"Loyalist"
"1263912.0"	"Personal Loan"	"Unsecured Lending"	"2015-01-28T00:00:00.000000Z"	"2789157722010383417"	""	"0"	"-344.22"	"1721.58"	"16.0"	"688.68"	"655.6783487859476"	"16.0"	"3.944344995377392"	"63.109519926038274"	"4.0"	"171.0"	"3400.0"	"2.0"	"51.980000000000004"	"40.0"	"2.0"	"Female"	"2014-06-17T00:00:00.000000Z"	"28.0"	"13540.0"	"2.SILVER"	"1974-06-25T00:00:00.000000Z"	"Roselle"	"Grenville"	"Traditionalist"
"79157.0"	"Savings Account"	"Deposit Account"	"2015-01-28T00:00:00.000000Z"	"977570278506708481"	""	"0"	"-212.3"	"6292.52"	"16.0"	"2827.9825"	"1818.1790120502437"	"16.0"	""	""	"2.0"	"175.0"	"6620.0"	"2.0"	"68.64"	"37.0"	"7.0"	"Male"	"1998-09-30T00:00:00.000000Z"	"28.0"	"23580.0"	"2.SILVER"	"1943-06-25T00:00:00.000000Z"	"Odo"	"Dwerryhouse"	"Sophisticates"
"21451.0"	"Savings Account"	"Deposit Account"	"2015-01-28T00:00:00.000000Z"	"1456225472272108439"	""	"0"	"-65.61"	"343.47"	"16.0"	"157.67812500000002"	"112.89175028724051"	"16.0"	""	""	"0.0"	"165.0"	"7150.0"	"0.0"	"0.0"	"36.0"	"5.0"	"Female"	"1995-08-09T00:00:00.000000Z"	"29.0"	"24300.0"	"2.SILVER"	"1962-06-26T00:00:00.000000Z"	"Aleen"	"Tarver"	"Sophisticates"
"1002013.0"	"Standard Credit Card"	"Unsecured Lending"	"2015-01-28T00:00:00.000000Z"	"5929391262301155740"	""	"0"	"-1097.39"	"3448.07"	"16.0"	"1374.215"	"1291.6679297198127"	"16.0"	"5.495625"	"87.93"	"4.0"	"184.0"	"6030.0"	"3.0"	"92.89"	"49.0"	"12.0"	"Male"	"2012-01-18T00:00:00.000000Z"	"36.0"	"23490.0"	"2.SILVER"	"1982-07-03T00:00:00.000000Z"	"Nichols"	"Leist"	"Loyalist"
"413458.0"	"Mortgage"	"Secured Lending"	"2015-01-28T00:00:00.000000Z"	"3567895676046900828"	""	"0"	"99116.35"	"102647.8"	"16.0"	"100882.075"	"1120.870996621248"	"16.0"	"5.438239656327044"	"87.0118345012327"	"5.0"	"166.0"	"7110.0"	"1.0"	"21.44"	"44.0"	"16.0"	"Male"	"2003-04-02T00:00:00.000000Z"	"47.0"	"25050.0"	"1.GOLD"	"1974-07-14T00:00:00.000000Z"	"Drugi"	"Grishakov"	"Traditionalist"
"1289982.0"	"Current Account"	"Deposit Account"	"2015-01-28T00:00:00.000000Z"	"6851309732811176998"	""	"0"	"180.35"	"6675.97"	"16.0"	"3802.2881250000005"	"2130.4068505091345"	"16.0"	"2.0"	"32.0"	"0.0"	"192.0"	"8570.0"	"0.0"	"0.0"	"46.0"	"1.0"	"Female"	"2014-08-04T00:00:00.000000Z"	"47.0"	"28140.0"	"3.BRONZE"	"1992-07-14T00:00:00.000000Z"	"Leonid"	"Boddie"	"Emergent"
"1212960.0"	"Car Loan"	"Secured Lending"	"2015-01-28T00:00:00.000000Z"	"6499179547169437792"	""	"0"	"728.96"	"2915.66"	"16.0"	"1822.3100000000002"	"694.0516242086517"	"16.0"	"2.586814868505544"	"41.3890378960887"	"4.0"	"185.0"	"5090.0"	"1.0"	"15.17"	"44.0"	"8.0"	"Female"	"2013-10-31T00:00:00.000000Z"	"28.0"	"20450.0"	"2.SILVER"	"1980-06-25T00:00:00.000000Z"	"Daphna"	"Albutt"	"Sophisticates"
"328252.0"	"Current Account"	"Deposit Account"	"2015-01-28T00:00:00.000000Z"	"1074371003156961381"	""	"0"	"44.86"	"538.76"	"16.0"	"281.514375"	"164.75335314620057"	"16.0"	"0.5"	"8.0"	"1.0"	"194.0"	"4770.0"	"0.0"	"0.0"	"47.0"	"4.0"	"Female"	"2002-02-07T00:00:00.000000Z"	"50.0"	"15750.0"	"2.SILVER"	"1976-07-17T00:00:00.000000Z"	"Courtnay"	"Lanceter"	"Emergent"
"213841.0"	"Mortgage"	"Secured Lending"	"2015-01-28T00:00:00.000000Z"	"2360698706580129812"	""	"0"	"310509.62"	"323932.22"	"16.0"	"317220.92"	"4260.2905433316055"	"16.0"	"16.297024730923457"	"260.7523956947753"	"5.0"	"163.0"	"11880.0"	"1.0"	"127.02"	"39.0"	"12.0"	"Male"	"2001-01-09T00:00:00.000000Z"	"28.0"	"43990.0"	"1.GOLD"	"1976-06-25T00:00:00.000000Z"	"Wolfgang"	"Wodham"	"Sophisticates"
"1236544.0"	"Current Account"	"Deposit Account"	"2015-07-28T00:00:00.000000Z"	"5111233412245769842"	"2015-07-28T00:00:00.000000Z"	"1"	""	""	""	""	""	""	""	""	"1.0"	"212.0"	"17730.0"	"2.0"	"39.83"	"36.0"	"4.0"	"Male"	"2014-01-07T00:00:00.000000Z"	"8.0"	"55770.0"	"2.SILVER"	"1971-06-05T00:00:00.000000Z"	"Jacklyn"	"Hoffmann"	"Loyalist"
"312973.0"	"Current Account"	"Deposit Account"	"2015-01-28T00:00:00.000000Z"	"8209718171504397143"	""	"0"	"89.0"	"1227.8"	"16.0"	"759.7293750000001"	"370.0330394702388"	"16.0"	"0.5"	"8.0"	"0.0"	"188.0"	"5230.0"	"1.0"	"102.63"	"51.0"	"3.0"	"Female"	"2002-01-03T00:00:00.000000Z"	"41.0"	"18000.0"	"2.SILVER"	"1969-07-08T00:00:00.000000Z"	"Phillis"	"Fairpo"	"Emergent"
"41229.0"	"Car Loan"	"Secured Lending"	"2015-01-28T00:00:00.000000Z"	"5433300923814066689"	""	"0"	"-2511.6"	"179.4"	"16.0"	"-1166.1"	"854.1148400537248"	"16.0"	"5.298088127719494"	"84.7694100435119"	"2.0"	"192.0"	"13350.0"	"0.0"	"0.0"	"41.0"	"10.0"	"Female"	"1996-06-14T00:00:00.000000Z"	"8.0"	"41060.0"	"2.SILVER"	"1966-06-05T00:00:00.000000Z"	"Tanney"	"Pitts"	"Sophisticates"
"71028.0"	"Standard Credit Card"	"Unsecured Lending"	"2015-03-28T00:00:00.000000Z"	"1116026514502822900"	"2015-11-28T00:00:00.000000Z"	"1"	"-1589.22"	"5535.56"	"8.0"	"2805.5225"	"2562.297947154635"	"8.0"	"36.67375"	"293.39"	"1.0"	"218.0"	"20760.0"	"1.0"	"141.72"	"48.0"	"7.0"	"Male"	"1997-08-29T00:00:00.000000Z"	"28.0"	"82050.0"	"1.GOLD"	"1973-06-25T00:00:00.000000Z"	"Patty"	"Brocking"	"Loyalist"
"905653.0"	"Car Loan"	"Secured Lending"	"2015-09-28T00:00:00.000000Z"	"6199652343038274026"	""	"0"	"1347.75"	"2205.39"	"8.0"	"1776.5700000000002"	"300.111483285795"	"8.0"	"5.645917707373695"	"45.16734165898956"	"1.0"	"185.0"	"6200.0"	"0.0"	"0.0"	"42.0"	"3.0"	"Male"	"2011-03-04T00:00:00.000000Z"	"41.0"	"20520.0"	"2.SILVER"	"1972-07-08T00:00:00.000000Z"	"Skipp"	"Mairs"	"Sophisticates"
"136401.0"	"Car Loan"	"Secured Lending"	"2015-01-28T00:00:00.000000Z"	"5982087085772012672"	""	"0"	"-964.02"	"3856.08"	"16.0"	"1446.03"	"1529.884407485306"	"16.0"	"45.48792705062127"	"727.8068328099404"	"5.0"	"200.0"	"17640.0"	"1.0"	"58.92"	"39.0"	"15.0"	"Female"	"1999-06-25T00:00:00.000000Z"	"28.0"	"53200.0"	"2.SILVER"	"1971-06-25T00:00:00.000000Z"	"Lulita"	"Whye"	"Loyalist"
"1117810.0"	"Personal Loan"	"Unsecured Lending"	"2015-01-28T00:00:00.000000Z"	"1821025941325133735"	""	"0"	"-1146.18"	"2674.32"	"16.0"	"764.07"	"1212.6145471665761"	"16.0"	"24.121341311604844"	"385.9414609856775"	"1.0"	"211.0"	"9720.0"	"2.0"	"73.91"	"41.0"	"9.0"	"Female"	"2013-01-11T00:00:00.000000Z"	"28.0"	"32870.0"	"2.SILVER"	"1980-06-25T00:00:00.000000Z"	"Nessi"	"Eagar"	"Loyalist"
"1245201.0"	"Personal Loan"	"Unsecured Lending"	"2015-01-28T00:00:00.000000Z"	"290301279041513369"	"2016-01-28T00:00:00.000000Z"	"1"	"8625.29"	"14375.43"	"12.0"	"11500.36"	"1884.765873736045"	"12.0"	"3.2996487708168067"	"39.59578524980168"	"2.0"	"130.0"	"8070.0"	"0.0"	"0.0"	"38.0"	"1.0"	"Female"	"2014-02-24T00:00:00.000000Z"	"3.0"	"32430.0"	"2.SILVER"	"1980-05-31T00:00:00.000000Z"	"Holli"	"Dagworthy"	"Loyalist"
"410807.0"	"Car Loan"	"Secured Lending"	"2015-01-28T00:00:00.000000Z"	"6309648532392175200"	""	"0"	"-242.08"	"276.62"	"16.0"	"17.270000000000003"	"164.63373003934117"	"16.0"	"21.15521093791005"	"338.4833750065608"	"2.0"	"209.0"	"9770.0"	"3.0"	"153.06"	"47.0"	"18.0"	"Male"	"2003-03-12T00:00:00.000000Z"	"28.0"	"34550.0"	"2.SILVER"	"1961-06-25T00:00:00.000000Z"	"Shepherd"	"Bee"	"Traditionalist"
"382713.0"	"Savings Account"	"Deposit Account"	"2015-01-28T00:00:00.000000Z"	"1560740725790414523"	""	"0"	"-1584.12"	"11075.86"	"16.0"	"4907.675625"	"3244.6976704236895"	"16.0"	""	""	"1.0"	"169.0"	"12350.0"	"0.0"	"0.0"	"51.0"	"4.0"	"Female"	"2002-09-24T00:00:00.000000Z"	"28.0"	"44910.0"	"2.SILVER"	"1979-06-25T00:00:00.000000Z"	"Thadeus"	"Huntingdon"	"Sophisticates"
"1180246.0"	"Current Account"	"Deposit Account"	"2015-01-28T00:00:00.000000Z"	"2031636361948183247"	""	"0"	"-689.77"	"6019.19"	"16.0"	"2018.5037499999999"	"2034.1430773141303"	"16.0"	"1.0"	"16.0"	"0.0"	"189.0"	"12270.0"	"0.0"	"0.0"	"53.0"	"1.0"	"Male"	"2013-09-20T00:00:00.000000Z"	"46.0"	"41310.0"	"3.BRONZE"	"1994-07-13T00:00:00.000000Z"	"Tiphany"	"Ditch"	"Emergent"
"658340.0"	"Savings Account"	"Deposit Account"	"2015-01-28T00:00:00.000000Z"	"7650179913442137706"	""	"0"	"21.44"	"3732.11"	"16.0"	"1780.899375"	"1056.1572870330046"	"16.0"	""	""	"1.0"	"185.0"	"3260.0"	"0.0"	"0.0"	"39.0"	"7.0"	"Female"	"2006-11-21T00:00:00.000000Z"	"18.0"	"10970.0"	"2.SILVER"	"1965-06-15T00:00:00.000000Z"	"Karin"	"Caldow"	"Emergent"
"194085.0"	"Savings Account"	"Deposit Account"	"2015-01-28T00:00:00.000000Z"	"7702700503689994181"	""	"0"	"-1192.63"	"2677.73"	"16.0"	"986.2325"	"1055.723344135827"	"16.0"	""	""	"0.0"	"217.0"	"5520.0"	"1.0"	"16.08"	"40.0"	"10.0"	"Male"	"2004-02-21T00:00:00.000000Z"	"28.0"	"19910.0"	"2.SILVER"	"1970-06-25T00:00:00.000000Z"	"Dian"	"Sinclair"	"Sophisticates"
"522754.0"	"Personal Loan"	"Unsecured Lending"	"2015-03-28T00:00:00.000000Z"	"4790210079001365236"	"2016-01-28T00:00:00.000000Z"	"1"	"357.3"	"1000.44"	"10.0"	"678.8700000000001"	"216.3558943038067"	"10.0"	"39.66075722598792"	"396.6075722598792"	"1.0"	"112.0"	"7660.0"	"1.0"	"15.29"	"28.0"	"1.0"	"Male"	"2005-03-14T00:00:00.000000Z"	"45.0"	"41820.0"	"2.SILVER"	"1974-07-12T00:00:00.000000Z"	"Levon"	"Gaskamp"	"Loyalist"
"578557.0"	"Savings Account"	"Deposit Account"	"2015-01-28T00:00:00.000000Z"	"2496525978194202464"	""	"0"	"-470.89"	"3202.43"	"16.0"	"1145.2793749999998"	"879.1705374079877"	"16.0"	""	""	"1.0"	"185.0"	"5970.0"	"0.0"	"0.0"	"42.0"	"1.0"	"Male"	"2005-11-09T00:00:00.000000Z"	"8.0"	"21040.0"	"2.SILVER"	"1972-06-05T00:00:00.000000Z"	"Wit"	"Tupman"	"Emergent"
"485354.0"	"Standard Credit Card"	"Unsecured Lending"	"2015-01-28T00:00:00.000000Z"	"5262164838722233387"	""	"0"	"-10642.79"	"30744.61"	"16.0"	"9618.783124999998"	"10323.085312255389"	"16.0"	"49.598125"	"793.57"	"3.0"	"174.0"	"26960.0"	"2.0"	"38.83"	"46.0"	"10.0"	"Female"	"2004-07-29T00:00:00.000000Z"	"28.0"	"158580.0"	"2.SILVER"	"1970-06-25T00:00:00.000000Z"	"Alaine"	"Maypole"	"Loyalist"
"189773.0"	"Car Loan"	"Secured Lending"	"2015-01-28T00:00:00.000000Z"	"370606832789104819"	"2015-06-28T00:00:00.000000Z"	"1"	"2933.01"	"3715.13"	"5.0"	"3324.0699999999997"	"309.16007544636153"	"5.0"	"6.047330225388929"	"30.236651126944647"	"6.0"	"191.0"	"7130.0"	"4.0"	"45.79"	"44.0"	"7.0"	"Female"	"2003-01-28T00:00:00.000000Z"	"52.0"	"29010.0"	"2.SILVER"	"1966-07-19T00:00:00.000000Z"	"Sherri"	"Blaydes"	"Loyalist"
"1453915.0"	"Car Loan"	"Secured Lending"	"2015-11-28T00:00:00.000000Z"	"3494221569605418601"	""	"0"	"0.01"	"80.51"	"6.0"	"40.26"	"30.120341963530233"	"6.0"	"1.0936090057132908"	"6.561654034279745"	"0.0"	"74.0"	"870.0"	"0.0"	"0.0"	"19.0"	"1.0"	"Female"	"2015-09-18T00:00:00.000000Z"	"23.0"	"10110.0"	"2.SILVER"	"1981-06-20T00:00:00.000000Z"	"Dalis"	"Vina"	"Loyalist"
"375112.0"	"Direct Securities"	"Securities"	"2015-01-28T00:00:00.000000Z"	"8952282577574995661"	""	"0"	"-1283.63"	"4199.55"	"16.0"	"1317.8562500000003"	"1623.2729904686396"	"16.0"	"13.151250000000001"	"210.42000000000002"	"2.0"	"194.0"	"12000.0"	"1.0"	"25.6"	"30.0"	"7.0"	"Female"	"2002-07-25T00:00:00.000000Z"	"28.0"	"39790.0"	"2.SILVER"	"1944-06-25T00:00:00.000000Z"	"Cross"	"Stegers"	"Sophisticates"
"116502.0"	"Car Loan"	"Secured Lending"	"2015-01-28T00:00:00.000000Z"	"4446321777450531108"	""	"0"	"567.69"	"1419.09"	"16.0"	"993.39"	"270.23165173606145"	"16.0"	"28.526405440246265"	"456.42248704394024"	"3.0"	"188.0"	"14720.0"	"0.0"	"0.0"	"39.0"	"14.0"	"Male"	"1998-12-26T00:00:00.000000Z"	"28.0"	"52410.0"	"1.GOLD"	"1954-06-25T00:00:00.000000Z"	"Lowrance"	"Aves"	"Sophisticates"
"730170.0"	"Savings Account"	"Deposit Account"	"2015-01-28T00:00:00.000000Z"	"6696400703058023344"	""	"0"	"-103.94"	"4893.92"	"16.0"	"2486.1112500000004"	"1378.1565174530554"	"16.0"	""	""	"3.0"	"228.0"	"6970.0"	"0.0"	"0.0"	"34.0"	"12.0"	"Male"	"2007-11-02T00:00:00.000000Z"	"46.0"	"27050.0"	"2.SILVER"	"1946-07-13T00:00:00.000000Z"	"Brandy"	"Wallbank"	"Sophisticates"
"723790.0"	"Personal Loan"	"Unsecured Lending"	"2015-01-28T00:00:00.000000Z"	"4710718472312496231"	""	"0"	"350.77"	"1052.77"	"16.0"	"701.77"	"222.812566970537"	"16.0"	"3.987607352705176"	"63.801717643282814"	"2.0"	"181.0"	"4270.0"	"2.0"	"8.65"	"51.0"	"5.0"	"Male"	"2007-10-06T00:00:00.000000Z"	"41.0"	"13190.0"	"2.SILVER"	"1971-07-08T00:00:00.000000Z"	"Warden"	"Pedersen"	"Sophisticates"
"357413.0"	"Savings Account"	"Deposit Account"	"2015-01-28T00:00:00.000000Z"	"4398627590090018838"	""	"0"	"-142.83"	"1991.55"	"16.0"	"1050.93"	"609.9627786021044"	"16.0"	""	""	"1.0"	"208.0"	"6360.0"	"1.0"	"9.25"	"39.0"	"8.0"	"Male"	"2002-05-06T00:00:00.000000Z"	"26.0"	"21550.0"	"2.SILVER"	"1964-06-23T00:00:00.000000Z"	"Cam"	"Odda"	"Traditionalist"
"887250.0"	"Personal Loan"	"Unsecured Lending"	"2015-01-28T00:00:00.000000Z"	"6899532598076365207"	"2015-11-28T00:00:00.000000Z"	"1"	"-1879.23"	"536.91"	"10.0"	"-671.1600000000001"	"812.8030140610125"	"10.0"	"2.8064519803588452"	"28.064519803588453"	"2.0"	"184.0"	"5170.0"	"0.0"	"0.0"	"44.0"	"2.0"	"Female"	"2010-07-29T00:00:00.000000Z"	"28.0"	"18060.0"	"3.BRONZE"	"1988-06-25T00:00:00.000000Z"	"Adriaens"	"Prantl"	"Loyalist"
"1328240.0"	"Current Account"	"Deposit Account"	"2015-01-28T00:00:00.000000Z"	"5983573640174184639"	""	"0"	"-297.83"	"915.55"	"16.0"	"413.280625"	"389.3915824200406"	"16.0"	"2.0"	"32.0"	"1.0"	"184.0"	"8350.0"	"0.0"	"0.0"	"39.0"	"4.0"	"Female"	"2014-10-09T00:00:00.000000Z"	"28.0"	"30350.0"	"2.SILVER"	"1972-06-25T00:00:00.000000Z"	"Suzette"	"Bee"	"Emergent"
"880859.0"	"Premium Credit Card"	"Unsecured Lending"	"2015-01-28T00:00:00.000000Z"	"2685892623021453641"	""	"0"	"-599.96"	"21198.49"	"16.0"	"7750.986875"	"5417.932544899046"	"16.0"	"16.996875"	"271.95"	"3.0"	"205.0"	"11190.0"	"1.0"	"8.02"	"46.0"	"5.0"	"Female"	"2010-06-01T00:00:00.000000Z"	"28.0"	"39990.0"	"2.SILVER"	"1972-06-25T00:00:00.000000Z"	"Margy"	"Cassella"	"Emergent"
"1403524.0"	"Personal Loan"	"Unsecured Lending"	"2015-09-28T00:00:00.000000Z"	"730539939158067070"	""	"0"	"5806.51"	"8197.43"	"8.0"	"7001.97"	"836.6477165450228"	"8.0"	"12.320440534368926"	"98.5635242749514"	"3.0"	"94.0"	"3590.0"	"0.0"	"0.0"	"30.0"	"5.0"	"Female"	"2015-06-28T00:00:00.000000Z"	"28.0"	"24280.0"	"2.SILVER"	"1986-06-25T00:00:00.000000Z"	"Eada"	"Wiggington"	"Loyalist"
"1317317.0"	"Car Loan"	"Secured Lending"	"2016-04-28T00:00:00.000000Z"	"7705577516140836509"	""	"0"	"7321.68"	"7321.68"	"1.0"	"7321.68"	""	"1.0"	"10.83377439630928"	"10.83377439630928"	"1.0"	"184.0"	"7190.0"	"1.0"	"16.06"	"43.0"	"1.0"	"Male"	"2014-09-25T00:00:00.000000Z"	"28.0"	"25010.0"	"2.SILVER"	"1979-06-25T00:00:00.000000Z"	"Kippie"	"Easum"	"Emergent"
"85834.0"	"Personal Loan"	"Unsecured Lending"	"2015-01-28T00:00:00.000000Z"	"178632397981926257"	"2016-04-28T00:00:00.000000Z"	"1"	"-10213.37"	"2220.31"	"15.0"	"-3996.5299999999997"	"3971.793384354227"	"15.0"	"17.198380144483938"	"257.97570216725904"	"2.0"	"197.0"	"18410.0"	"0.0"	"0.0"	"46.0"	"8.0"	"Female"	"1998-02-14T00:00:00.000000Z"	"28.0"	"54260.0"	"2.SILVER"	"1972-06-25T00:00:00.000000Z"	"Jacob"	"Dumbarton"	"Loyalist"
"1127798.0"	"Current Account"	"Deposit Account"	"2015-01-28T00:00:00.000000Z"	"1515508311303570877"	""	"0"	"366.61"	"3506.75"	"16.0"	"1237.80625"	"908.8219013270237"	"16.0"	"2.5"	"40.0"	"1.0"	"204.0"	"4690.0"	"0.0"	"0.0"	"44.0"	"1.0"	"Male"	"2013-04-12T00:00:00.000000Z"	"3.0"	"15000.0"	"2.SILVER"	"1982-05-31T00:00:00.000000Z"	"Kizzie"	"Golsworthy"	"Emergent"
"973578.0"	"Current Account"	"Deposit Account"	"2015-01-28T00:00:00.000000Z"	"4318904869457946985"	""	"0"	"2.46"	"275.89"	"16.0"	"155.87500000000003"	"73.88564488451055"	"16.0"	"0.0"	"0.0"	"1.0"	"200.0"	"3910.0"	"0.0"	"0.0"	"40.0"	"7.0"	"Female"	"2011-11-04T00:00:00.000000Z"	"12.0"	"13470.0"	"2.SILVER"	"1967-06-09T00:00:00.000000Z"	"Dean"	"Klimpke"	"Emergent"
"339428.0"	"Personal Loan"	"Unsecured Lending"	"2015-01-28T00:00:00.000000Z"	"1121051040572456129"	""	"0"	"8639.72"	"30238.52"	"16.0"	"19439.12"	"6855.390415218285"	"16.0"	"45.604837024508235"	"729.6773923921318"	"2.0"	"224.0"	"26690.0"	"2.0"	"68.94999999999999"	"41.0"	"7.0"	"Female"	"2002-03-07T00:00:00.000000Z"	"11.0"	"90410.0"	"2.SILVER"	"1963-06-08T00:00:00.000000Z"	"Al"	"Alden"	"Sophisticates"
"59830.0"	"Direct Securities"	"Securities"	"2015-01-28T00:00:00.000000Z"	"5607067258914529536"	""	"0"	"-184.39"	"6210.23"	"16.0"	"2141.3012500000004"	"1741.4279504853669"	"16.0"	"39.96375"	"639.42"	"3.0"	"211.0"	"13900.0"	"3.0"	"281.39"	"42.0"	"16.0"	"Female"	"1997-03-14T00:00:00.000000Z"	"41.0"	"47910.0"	"1.GOLD"	"1965-07-08T00:00:00.000000Z"	"Pauline"	"Straw"	"Traditionalist"
"370030.0"	"Current Account"	"Deposit Account"	"2015-01-28T00:00:00.000000Z"	"1551216745640018617"	""	"0"	"-555.16"	"1118.89"	"16.0"	"312.40250000000003"	"529.0599029536573"	"16.0"	"1.0"	"16.0"	"3.0"	"204.0"	"4120.0"	"3.0"	"53.73"	"36.0"	"9.0"	"Male"	"2002-07-08T00:00:00.000000Z"	"4.0"	"15010.0"	"1.GOLD"	"1956-06-01T00:00:00.000000Z"	"Fabian"	"Shuter"	"Sophisticates"
"1140910.0"	"Car Loan"	"Secured Lending"	"2016-05-28T00:00:00.000000Z"	"2651232134047467689"	""	"0"	""	""	""	""	""	""	""	""	"0.0"	"216.0"	"7100.0"	"0.0"	"0.0"	"40.0"	"5.0"	"Female"	"2013-07-12T00:00:00.000000Z"	"28.0"	"27060.0"	"2.SILVER"	"1975-06-25T00:00:00.000000Z"	"Dian"	"Mollene"	"Emergent"
"113136.0"	"Personal Loan"	"Unsecured Lending"	"2015-01-28T00:00:00.000000Z"	"2200004189828643073"	""	"0"	"-6361.69"	"4864.91"	"16.0"	"-748.3899999999999"	"3563.2871287057405"	"16.0"	"12.3172118501933"	"197.0753896030928"	"6.0"	"192.0"	"15380.0"	"3.0"	"202.13"	"43.0"	"10.0"	"Female"	"1998-12-11T00:00:00.000000Z"	"28.0"	"49120.0"	"1.GOLD"	"1966-06-25T00:00:00.000000Z"	"Rosamund"	"Cranney"	"Sophisticates"
"934451.0"	"Mortgage"	"Secured Lending"	"2015-01-28T00:00:00.000000Z"	"4100308005034147671"	"2015-01-28T00:00:00.000000Z"	"1"	""	""	""	""	""	""	""	""	"0.0"	"208.0"	"6370.0"	"0.0"	"0.0"	"38.0"	"8.0"	"Male"	"2011-08-16T00:00:00.000000Z"	"28.0"	"22160.0"	"2.SILVER"	"1967-06-25T00:00:00.000000Z"	"Brittni"	"Trighton"	"Loyalist"
"538616.0"	"Savings Account"	"Deposit Account"	"2015-01-28T00:00:00.000000Z"	"9215352570842378090"	""	"0"	"-2312.59"	"11697.49"	"16.0"	"4653.340625"	"3708.233316002772"	"16.0"	""	""	"2.0"	"188.0"	"14170.0"	"0.0"	"0.0"	"40.0"	"4.0"	"Female"	"2005-06-24T00:00:00.000000Z"	"6.0"	"50340.0"	"2.SILVER"	"1978-06-03T00:00:00.000000Z"	"Latashia"	"Fanstone"	"Sophisticates"
"206944.0"	"Current Account"	"Deposit Account"	"2015-01-28T00:00:00.000000Z"	"7451572398031663541"	""	"0"	"-1822.14"	"9949.15"	"16.0"	"4666.7837500000005"	"2722.0623591188473"	"16.0"	"1.5"	"24.0"	"2.0"	"198.0"	"10950.0"	"4.0"	"557.9300000000001"	"39.0"	"15.0"	"Female"	"2000-11-28T00:00:00.000000Z"	"43.0"	"36020.0"	"2.SILVER"	"1956-07-10T00:00:00.000000Z"	"Valry"	"Austin"	"Sophisticates"
"841369.0"	"Standard Credit Card"	"Unsecured Lending"	"2015-01-28T00:00:00.000000Z"	"1728314083915727611"	""	"0"	"-19.16"	"5728.62"	"16.0"	"2173.48625"	"1526.9853980741489"	"16.0"	"6.349374999999999"	"101.58999999999999"	"2.0"	"191.0"	"10690.0"	"2.0"	"190.89"	"45.0"	"2.0"	"Female"	"2009-04-23T00:00:00.000000Z"	"15.0"	"36830.0"	"1.GOLD"	"1969-06-12T00:00:00.000000Z"	"Nickolaus"	"Dibnah"	"Loyalist"
"319287.0"	"Premium Credit Card"	"Unsecured Lending"	"2015-01-28T00:00:00.000000Z"	"1260447820381586553"	""	"0"	"31.91"	"3026.87"	"16.0"	"1170.114375"	"927.7707675567908"	"16.0"	"14.1475"	"226.36"	"5.0"	"183.0"	"7860.0"	"4.0"	"188.57"	"32.0"	"13.0"	"Male"	"2002-01-21T00:00:00.000000Z"	"46.0"	"32000.0"	"1.GOLD"	"1935-07-13T00:00:00.000000Z"	"Dena"	"Eagar"	"Loyalist"
"49512.0"	"Standard Credit Card"	"Unsecured Lending"	"2015-01-28T00:00:00.000000Z"	"4493998732307430257"	"2015-03-28T00:00:00.000000Z"	"1"	"1347.49"	"3040.1"	"2.0"	"2193.795"	"1196.856008904162"	"2.0"	"0.08"	"0.16"	"1.0"	"202.0"	"8780.0"	"2.0"	"50.870000000000005"	"32.0"	"7.0"	"Female"	"1996-11-08T00:00:00.000000Z"	"29.0"	"30720.0"	"2.SILVER"	"1949-06-26T00:00:00.000000Z"	"Barrie"	"Thirtle"	"Loyalist"
"499896.0"	"Savings Account"	"Deposit Account"	"2015-01-28T00:00:00.000000Z"	"2795902293058488056"	""	"0"	"1219.05"	"27160.61"	"16.0"	"9220.643750000001"	"7495.771332605138"	"16.0"	""	""	"2.0"	"199.0"	"17800.0"	"1.0"	"49.73"	"37.0"	"5.0"	"Male"	"2004-11-04T00:00:00.000000Z"	"28.0"	"58720.0"	"2.SILVER"	"1963-06-25T00:00:00.000000Z"	"Julio"	"de Verson"	"Traditionalist"
"122816.0"	"Car Loan"	"Secured Lending"	"2015-01-28T00:00:00.000000Z"	"8758066547398077423"	""	"0"	"8888.72"	"15237.77"	"16.0"	"12063.244999999999"	"2015.1682739662199"	"16.0"	"9.971399246085621"	"159.54238793736994"	"6.0"	"201.0"	"15690.0"	"1.0"	"74.35"	"41.0"	"14.0"	"Male"	"1999-02-22T00:00:00.000000Z"	"28.0"	"53160.0"	"1.GOLD"	"1964-06-25T00:00:00.000000Z"	"Alex"	"Rominov"	"Sophisticates"
"622150.0"	"Savings Account"	"Deposit Account"	"2015-01-28T00:00:00.000000Z"	"3021907252267716726"	""	"0"	"-2635.85"	"15327.02"	"16.0"	"6753.267500000001"	"4883.8650861334545"	"16.0"	""	""	"3.0"	"214.0"	"28060.0"	"0.0"	"0.0"	"51.0"	"2.0"	"Male"	"2006-06-16T00:00:00.000000Z"	"28.0"	"336190.0"	"2.SILVER"	"1993-06-25T00:00:00.000000Z"	"Nico"	"Blankhorn"	"Emergent"
"977505.0"	"Managed Securities"	"Securities"	"2015-12-28T00:00:00.000000Z"	"3821749426886464999"	""	"0"	"625.14"	"2984.85"	"5.0"	"1965.7420000000002"	"1073.8076519423767"	"5.0"	"15.854"	"79.27"	"1.0"	"204.0"	"10970.0"	"0.0"	"0.0"	"39.0"	"2.0"	"Male"	"2011-11-11T00:00:00.000000Z"	"28.0"	"39350.0"	"2.SILVER"	"1979-06-25T00:00:00.000000Z"	"Katine"	"Edgeon"	"Emergent"
"1322377.0"	"Current Account"	"Deposit Account"	"2015-11-28T00:00:00.000000Z"	"6799662693701184379"	""	"0"	"-446.45"	"1753.86"	"6.0"	"1034.9866666666667"	"769.1305157817278"	"6.0"	"0.5"	"3.0"	"0.0"	"73.0"	"3170.0"	"0.0"	"0.0"	"19.0"	"2.0"	"Female"	"2014-10-03T00:00:00.000000Z"	"28.0"	"28630.0"	"3.BRONZE"	"1994-06-25T00:00:00.000000Z"	"Brandy"	"Averill"	"Emergent"
"1393184.0"	"Managed Securities"	"Securities"	"2015-05-28T00:00:00.000000Z"	"8044117427139377002"	""	"0"	"-293.76"	"1723.91"	"12.0"	"580.6533333333333"	"576.6891680703714"	"12.0"	"15.216666666666667"	"182.6"	"3.0"	"179.0"	"1930.0"	"1.0"	"14.88"	"31.0"	"2.0"	"Female"	"2015-04-20T00:00:00.000000Z"	"46.0"	"9000.0"	"2.SILVER"	"1958-07-13T00:00:00.000000Z"	"Fleming"	"Hillett"	"Emergent"
"661255.0"	"Car Loan"	"Secured Lending"	"2015-02-28T00:00:00.000000Z"	"7514042026068098158"	""	"0"	"740.15"	"1480.19"	"15.0"	"1110.1700000000003"	"236.39710658127746"	"15.0"	"4.015001910404286"	"60.225028656064296"	"3.0"	"173.0"	"4310.0"	"1.0"	"19.78"	"41.0"	"6.0"	"Female"	"2006-12-04T00:00:00.000000Z"	"50.0"	"15240.0"	"2.SILVER"	"1975-07-17T00:00:00.000000Z"	"Rosemarie"	"Endean"	"Sophisticates"
"45959.0"	"Premium Credit Card"	"Unsecured Lending"	"2015-01-28T00:00:00.000000Z"	"7317580557706892869"	""	"0"	"133.99"	"2598.77"	"16.0"	"984.5931250000001"	"667.640439725044"	"16.0"	"7.3031250000000005"	"116.85000000000001"	"3.0"	"183.0"	"14090.0"	"0.0"	"0.0"	"47.0"	"16.0"	"Female"	"2001-10-04T00:00:00.000000Z"	"41.0"	"50730.0"	"3.BRONZE"	"1968-07-08T00:00:00.000000Z"	"Bennie"	"Kinsell"	"Loyalist"
"1357379.0"	"Current Account"	"Deposit Account"	"2015-01-28T00:00:00.000000Z"	"6703302810323306239"	""	"0"	"-417.87"	"2444.45"	"16.0"	"971.064375"	"840.3187117672971"	"16.0"	"0.5"	"8.0"	"0.0"	"221.0"	"2420.0"	"0.0"	"0.0"	"55.0"	"1.0"	"Male"	"2014-11-19T00:00:00.000000Z"	"46.0"	"8740.0"	"3.BRONZE"	"1992-07-13T00:00:00.000000Z"	"Inigo"	"Blaydes"	"Emergent"
"871289.0"	"Current Account"	"Deposit Account"	"2015-01-28T00:00:00.000000Z"	"171489764241273520"	"2015-09-28T00:00:00.000000Z"	"1"	"-3152.26"	"20788.63"	"8.0"	"8204.08"	"8643.559375161534"	"8.0"	"1.5"	"12.0"	"1.0"	"146.0"	"26190.0"	"0.0"	"0.0"	"50.0"	"4.0"	"Female"	"2010-04-05T00:00:00.000000Z"	"28.0"	"87240.0"	"1.GOLD"	"1963-06-25T00:00:00.000000Z"	"Tamarra"	"Prozescky"	"Loyalist"
"457909.0"	"Current Account"	"Deposit Account"	"2015-01-28T00:00:00.000000Z"	"3260507500079286077"	""	"0"	"-1052.64"	"4992.36"	"16.0"	"1832.5518749999999"	"1798.2547144132789"	"16.0"	"0.5"	"8.0"	"2.0"	"194.0"	"21130.0"	"0.0"	"0.0"	"33.0"	"16.0"	"Female"	"2004-02-06T00:00:00.000000Z"	"28.0"	"67850.0"	"2.SILVER"	"1942-06-25T00:00:00.000000Z"	"Lavina"	"Cavnor"	"Sophisticates"
"664566.0"	"Premium Credit Card"	"Unsecured Lending"	"2015-01-28T00:00:00.000000Z"	"8011972593891769331"	""	"0"	"176.94"	"15786.2"	"16.0"	"5713.485625"	"4673.885932016981"	"16.0"	"16.766875"	"268.27"	"1.0"	"195.0"	"7790.0"	"2.0"	"89.97"	"46.0"	"11.0"	"Female"	"2006-12-23T00:00:00.000000Z"	"28.0"	"31150.0"	"1.GOLD"	"1963-06-25T00:00:00.000000Z"	"Finley"	"Vowell"	"Traditionalist"
"1199925.0"	"Current Account"	"Deposit Account"	"2015-03-28T00:00:00.000000Z"	"7281637142722102509"	"2016-04-28T00:00:00.000000Z"	"1"	"273.77"	"1490.14"	"13.0"	"849.9146153846153"	"387.15738564601406"	"13.0"	"1.5"	"19.5"	"0.0"	"197.0"	"2290.0"	"0.0"	"0.0"	"36.0"	"2.0"	"Female"	"2013-10-15T00:00:00.000000Z"	"28.0"	"8420.0"	"2.SILVER"	"1975-06-25T00:00:00.000000Z"	"Nessi"	"Barzen"	"Emergent"
"1241318.0"	"Mortgage"	"Secured Lending"	"2015-01-28T00:00:00.000000Z"	"8758818847414400692"	"2016-04-28T00:00:00.000000Z"	"1"	"45881.08"	"47603.22"	"15.0"	"46742.149999999994"	"550.1174438245058"	"15.0"	"0.753932138638937"	"11.308982079584055"	"4.0"	"177.0"	"2700.0"	"2.0"	"9.29"	"43.0"	"5.0"	"Male"	"2014-02-03T00:00:00.000000Z"	"28.0"	"10400.0"	"3.BRONZE"	"1988-06-25T00:00:00.000000Z"	"Dallas"	"Torregiani"	"Loyalist"
"91840.0"	"Standard Credit Card"	"Unsecured Lending"	"2015-01-28T00:00:00.000000Z"	"2724807153602049133"	""	"0"	"-180.69"	"723.32"	"16.0"	"319.3925"	"273.51351685063025"	"16.0"	"24.335625"	"389.37"	"7.0"	"193.0"	"22200.0"	"1.0"	"122.73"	"47.0"	"10.0"	"Female"	"1998-04-06T00:00:00.000000Z"	"28.0"	"69320.0"	"2.SILVER"	"1968-06-25T00:00:00.000000Z"	"Yvette"	"Gendricke"	"Sophisticates"
"164759.0"	"Direct Securities"	"Securities"	"2015-03-28T00:00:00.000000Z"	"2290333592221984522"	""	"0"	"-916.37"	"3991.72"	"14.0"	"2108.7692857142856"	"1280.4073864832978"	"14.0"	"14.735714285714286"	"206.3"	"0.0"	"196.0"	"5120.0"	"0.0"	"0.0"	"43.0"	"7.0"	"Female"	"2000-03-06T00:00:00.000000Z"	"46.0"	"17610.0"	"2.SILVER"	"1973-07-13T00:00:00.000000Z"	"Trula"	"Demko"	"Loyalist"
"110067.0"	"Managed Securities"	"Securities"	"2015-01-28T00:00:00.000000Z"	"3315347527200919038"	""	"0"	"-273.06"	"4922.04"	"16.0"	"1482.3574999999998"	"1196.9854842923812"	"16.0"	"29.002500000000005"	"464.0400000000001"	"3.0"	"208.0"	"7950.0"	"0.0"	"0.0"	"47.0"	"16.0"	"Female"	"1998-11-03T00:00:00.000000Z"	"39.0"	"25850.0"	"2.SILVER"	"1962-07-06T00:00:00.000000Z"	"Josefa"	"Nisen"	"Sophisticates"
"778493.0"	"Managed Securities"	"Securities"	"2015-01-28T00:00:00.000000Z"	"1774853941752976737"	""	"0"	"-172.03"	"1105.62"	"16.0"	"520.43875"	"377.68516414027533"	"16.0"	"12.076875"	"193.23"	"1.0"	"172.0"	"3110.0"	"0.0"	"0.0"	"36.0"	"3.0"	"Female"	"2008-07-10T00:00:00.000000Z"	"28.0"	"11710.0"	"1.GOLD"	"1962-06-25T00:00:00.000000Z"	"Darcy"	"Elgee"	"Sophisticates"
"137534.0"	"Managed Securities"	"Securities"	"2015-01-28T00:00:00.000000Z"	"3430010416172913022"	""	"0"	"219.49"	"8853.66"	"16.0"	"2953.8881250000004"	"2384.8561301155223"	"16.0"	"17.288124999999997"	"276.60999999999996"	"3.0"	"211.0"	"5580.0"	"1.0"	"36.08"	"38.0"	"11.0"	"Male"	"2000-11-27T00:00:00.000000Z"	"28.0"	"20120.0"	"1.GOLD"	"1968-06-25T00:00:00.000000Z"	"Cullan"	"Lanceter"	"Loyalist"
"1238689.0"	"Current Account"	"Deposit Account"	"2015-05-28T00:00:00.000000Z"	"1420917252049684894"	""	"0"	"-1899.47"	"9590.78"	"12.0"	"1907.1416666666664"	"3698.1332327979"	"12.0"	"2.5"	"30.0"	"3.0"	"193.0"	"16520.0"	"1.0"	"73.67"	"54.0"	"10.0"	"Female"	"2014-01-17T00:00:00.000000Z"	"8.0"	"52580.0"	"2.SILVER"	"1972-06-05T00:00:00.000000Z"	"Georg"	"Wildor"	"Sophisticates"
"465906.0"	"Current Account"	"Deposit Account"	"2015-01-28T00:00:00.000000Z"	"7207461187203496770"	""	"0"	"-1647.9"	"9579.06"	"16.0"	"3220.485"	"2932.4036024417464"	"16.0"	"1.5"	"24.0"	"2.0"	"208.0"	"12120.0"	"0.0"	"0.0"	"46.0"	"5.0"	"Female"	"2004-03-27T00:00:00.000000Z"	"28.0"	"44400.0"	"2.SILVER"	"1969-06-25T00:00:00.000000Z"	"Federica"	"Sanham"	"Sophisticates"
"1042317.0"	"Current Account"	"Deposit Account"	"2015-01-28T00:00:00.000000Z"	"5988740928785899192"	""	"0"	"-270.26"	"805.61"	"16.0"	"221.38062499999998"	"284.692099351065"	"16.0"	"1.0"	"16.0"	"1.0"	"199.0"	"6150.0"	"0.0"	"0.0"	"46.0"	"1.0"	"Male"	"2012-08-03T00:00:00.000000Z"	"39.0"	"21460.0"	"3.BRONZE"	"1991-07-06T00:00:00.000000Z"	"Cherey"	"Beadon"	"Emergent"
"413326.0"	"Current Account"	"Deposit Account"	"2015-01-28T00:00:00.000000Z"	"4416588041765485430"	""	"0"	"-746.69"	"7911.38"	"16.0"	"3108.0325"	"2041.9740262092791"	"16.0"	"1.0"	"16.0"	"2.0"	"219.0"	"6100.0"	"0.0"	"0.0"	"42.0"	"3.0"	"Female"	"2003-04-01T00:00:00.000000Z"	"46.0"	"22590.0"	"1.GOLD"	"1970-07-13T00:00:00.000000Z"	"Moll"	"Canas"	"Sophisticates"
"599765.0"	"Premium Credit Card"	"Unsecured Lending"	"2015-01-28T00:00:00.000000Z"	"7027516531147275106"	""	"0"	"147.16"	"5693.4"	"16.0"	"2006.6525000000004"	"1722.5746543338355"	"16.0"	"14.286874999999998"	"228.58999999999997"	"4.0"	"185.0"	"8000.0"	"1.0"	"16.94"	"38.0"	"4.0"	"Female"	"2006-02-28T00:00:00.000000Z"	"41.0"	"27670.0"	"2.SILVER"	"1973-07-08T00:00:00.000000Z"	"Katine"	"Trighton"	"Loyalist"
"527385.0"	"Standard Credit Card"	"Unsecured Lending"	"2015-01-28T00:00:00.000000Z"	"6034435559945233332"	"2015-02-28T00:00:00.000000Z"	"1"	"5339.66"	"5339.66"	"1.0"	"5339.66"	""	"1.0"	"0.0"	"0.0"	"2.0"	"209.0"	"7920.0"	"1.0"	"68.82"	"41.0"	"11.0"	"Female"	"2005-04-08T00:00:00.000000Z"	"28.0"	"26280.0"	"2.SILVER"	"1975-06-25T00:00:00.000000Z"	"Ciel"	"Andryszczak"	"Loyalist"
"16633.0"	"Premium Credit Card"	"Unsecured Lending"	"2015-01-28T00:00:00.000000Z"	"1353340201681280517"	"2015-08-28T00:00:00.000000Z"	"1"	"-7616.3"	"9575.94"	"7.0"	"2634.047142857143"	"6209.608889035643"	"7.0"	"11.905714285714286"	"83.34"	"3.0"	"190.0"	"15880.0"	"1.0"	"28.34"	"45.0"	"12.0"	"Female"	"1995-04-22T00:00:00.000000Z"	"28.0"	"55560.0"	"1.GOLD"	"1959-06-25T00:00:00.000000Z"	"Wenda"	"Warrilow"	"Loyalist"
"359184.0"	"Savings Account"	"Deposit Account"	"2015-01-28T00:00:00.000000Z"	"3443193121377584538"	""	"0"	"-3712.24"	"5071.19"	"16.0"	"1594.5099999999998"	"2104.87215092667"	"16.0"	""	""	"7.0"	"185.0"	"7540.0"	"1.0"	"20.49"	"31.0"	"11.0"	"Male"	"2005-12-15T00:00:00.000000Z"	"28.0"	"26490.0"	"2.SILVER"	"1933-06-25T00:00:00.000000Z"	"Vikki"	"Leband"	"Sophisticates"
"609335.0"	"Savings Account"	"Deposit Account"	"2015-01-28T00:00:00.000000Z"	"8296301902540617334"	""	"0"	"-1184.37"	"7244.25"	"16.0"	"3449.9331250000005"	"2309.890830490246"	"16.0"	""	""	"0.0"	"194.0"	"29520.0"	"1.0"	"394.06"	"34.0"	"3.0"	"Female"	"2006-04-25T00:00:00.000000Z"	"28.0"	"107170.0"	"2.SILVER"	"1955-06-25T00:00:00.000000Z"	"Vasili"	"Marlor"	"Sophisticates"
"91268.0"	"Standard Credit Card"	"Unsecured Lending"	"2015-01-28T00:00:00.000000Z"	"4780155912127520442"	"2015-09-28T00:00:00.000000Z"	"1"	"-850.56"	"9776.56"	"8.0"	"4341.0025"	"3593.8958412394995"	"8.0"	"6.456249999999999"	"51.64999999999999"	"1.0"	"98.0"	"6950.0"	"0.0"	"0.0"	"22.0"	"4.0"	"Male"	"1998-03-31T00:00:00.000000Z"	"28.0"	"43620.0"	"2.SILVER"	"1953-06-25T00:00:00.000000Z"	"Hill"	"Shelton"	"Loyalist"
"279225.0"	"Current Account"	"Deposit Account"	"2015-01-28T00:00:00.000000Z"	"2184047585450909076"	""	"0"	"-3707.59"	"21703.47"	"16.0"	"6055.251875"	"6504.257658726033"	"16.0"	"2.0"	"32.0"	"1.0"	"187.0"	"17600.0"	"1.0"	"127.35"	"35.0"	"2.0"	"Female"	"2001-10-05T00:00:00.000000Z"	"4.0"	"55660.0"	"2.SILVER"	"1954-06-01T00:00:00.000000Z"	"Elisabeth"	"Reilingen"	"Sophisticates"
"1395197.0"	"Mortgage"	"Secured Lending"	"2015-06-28T00:00:00.000000Z"	"9158352795634212903"	""	"0"	"444589.0"	"453793.7"	"11.0"	"449191.35"	"3052.853620778483"	"11.0"	"11.3071529430149"	"124.3786823731639"	"1.0"	"121.0"	"9430.0"	"2.0"	"110.76"	"34.0"	"4.0"	"Male"	"2015-05-04T00:00:00.000000Z"	"8.0"	"49880.0"	"2.SILVER"	"1972-06-05T00:00:00.000000Z"	"Federica"	"Harriagn"	"Loyalist"
"468326.0"	"Savings Account"	"Deposit Account"	"2015-01-28T00:00:00.000000Z"	"3195656583853815998"	""	"0"	"475.65"	"9444.02"	"16.0"	"4902.820625000001"	"2510.519981590716"	"16.0"	""	""	"6.0"	"195.0"	"14730.0"	"0.0"	"0.0"	"57.0"	"9.0"	"Female"	"2004-04-13T00:00:00.000000Z"	"28.0"	"48420.0"	"3.BRONZE"	"1988-06-25T00:00:00.000000Z"	"Lucila"	"Fodden"	"Sophisticates"
"1287903.0"	"Current Account"	"Deposit Account"	"2015-01-28T00:00:00.000000Z"	"4103426582537355718"	""	"0"	"-118.86"	"7432.74"	"16.0"	"3379.94625"	"2269.5116734542257"	"16.0"	"1.0"	"16.0"	"0.0"	"199.0"	"7840.0"	"0.0"	"0.0"	"40.0"	"0.0"	"Female"	"2014-08-01T00:00:00.000000Z"	"15.0"	"24010.0"	"2.SILVER"	"1969-06-12T00:00:00.000000Z"	"Odetta"	"Antoniutti"	"Emergent"
"92082.0"	"Personal Loan"	"Unsecured Lending"	"2015-01-28T00:00:00.000000Z"	"6331949047280541335"	""	"0"	"1581.49"	"4372.69"	"16.0"	"2977.0899999999997"	"885.9180013221691"	"16.0"	"10.27888462209815"	"164.4621539535704"	"5.0"	"229.0"	"5200.0"	"3.0"	"143.62"	"35.0"	"12.0"	"Female"	"1998-04-17T00:00:00.000000Z"	"25.0"	"17460.0"	"2.SILVER"	"1947-06-22T00:00:00.000000Z"	"Antonie"	"Mollindinia"	"Sophisticates"
"635427.0"	"Savings Account"	"Deposit Account"	"2015-01-28T00:00:00.000000Z"	"7540605874510545405"	"2016-04-28T00:00:00.000000Z"	"1"	"-798.14"	"4000.83"	"15.0"	"1902.09"	"1433.4224052944057"	"15.0"	""	""	"4.0"	"204.0"	"7080.0"	"2.0"	"42.57"	"49.0"	"5.0"	"Male"	"2007-02-19T00:00:00.000000Z"	"28.0"	"24030.0"	"2.SILVER"	"1969-06-25T00:00:00.000000Z"	"Bastien"	"Rees"	"Loyalist"
"77947.0"	"Personal Loan"	"Unsecured Lending"	"2015-01-28T00:00:00.000000Z"	"1756086998080169293"	""	"0"	"-1375.18"	"47.42"	"16.0"	"-663.88"	"451.52871477533597"	"16.0"	"4.044968369790082"	"64.71949391664131"	"1.0"	"153.0"	"9410.0"	"1.0"	"77.18"	"42.0"	"7.0"	"Female"	"1997-12-01T00:00:00.000000Z"	"28.0"	"37990.0"	"1.GOLD"	"1970-06-25T00:00:00.000000Z"	"Lee"	"Medlicott"	"Sophisticates"
"472517.0"	"Current Account"	"Deposit Account"	"2015-01-28T00:00:00.000000Z"	"8591105896291468419"	""	"0"	"-0.16"	"2201.69"	"16.0"	"661.9006250000001"	"530.1483064636253"	"16.0"	"2.0"	"32.0"	"0.0"	"186.0"	"3620.0"	"0.0"	"0.0"	"41.0"	"2.0"	"Female"	"2004-07-15T00:00:00.000000Z"	"28.0"	"12820.0"	"2.SILVER"	"1974-06-25T00:00:00.000000Z"	"Esmeralda"	"Ilett"	"Emergent"
"861455.0"	"Car Loan"	"Secured Lending"	"2015-01-28T00:00:00.000000Z"	"1390675480819088858"	""	"0"	"698.93"	"3320.18"	"16.0"	"2009.555"	"831.9764119252419"	"16.0"	"8.890018957875002"	"142.24030332600003"	"2.0"	"212.0"	"12190.0"	"1.0"	"94.44"	"44.0"	"7.0"	"Male"	"2010-01-15T00:00:00.000000Z"	"28.0"	"40530.0"	"2.SILVER"	"1969-06-25T00:00:00.000000Z"	"Reine"	"Ryles"	"Sophisticates"
"410059.0"	"Premium Credit Card"	"Unsecured Lending"	"2015-01-28T00:00:00.000000Z"	"7595589139212776758"	"2015-11-28T00:00:00.000000Z"	"1"	"1524.35"	"6564.61"	"10.0"	"3495.4809999999998"	"1609.8143622338707"	"10.0"	"10.107"	"101.07"	"4.0"	"230.0"	"9150.0"	"7.0"	"889.18"	"34.0"	"19.0"	"Male"	"2003-03-06T00:00:00.000000Z"	"28.0"	"33060.0"	"1.GOLD"	"1944-06-25T00:00:00.000000Z"	"Klara"	"Corderoy"	"Traditionalist"
"421576.0"	"Current Account"	"Deposit Account"	"2015-01-28T00:00:00.000000Z"	"2318801740842923503"	""	"0"	"-645.01"	"2903.0"	"16.0"	"1309.1087499999999"	"1046.873623241284"	"16.0"	"2.0"	"32.0"	"4.0"	"194.0"	"4240.0"	"0.0"	"0.0"	"56.0"	"4.0"	"Male"	"2003-06-03T00:00:00.000000Z"	"50.0"	"14720.0"	"2.SILVER"	"1982-07-17T00:00:00.000000Z"	"Sherm"	"Dagworthy"	"Emergent"
"540024.0"	"Mortgage"	"Secured Lending"	"2015-01-28T00:00:00.000000Z"	"1214673740274572450"	""	"0"	"293709.34"	"311989.99"	"16.0"	"302849.665"	"5802.220160099714"	"16.0"	"23.742984681836916"	"379.88775490939065"	"2.0"	"199.0"	"14200.0"	"6.0"	"373.89"	"44.0"	"14.0"	"Male"	"2005-07-05T00:00:00.000000Z"	"28.0"	"49350.0"	"2.SILVER"	"1969-06-25T00:00:00.000000Z"	"Harriet"	"Routh"	"Sophisticates"
"1361152.0"	"Current Account"	"Deposit Account"	"2015-01-28T00:00:00.000000Z"	"8705506367439885095"	"2015-10-28T00:00:00.000000Z"	"1"	"-500.09"	"3278.36"	"9.0"	"1065.5822222222223"	"1330.884079360199"	"9.0"	"0.5"	"4.5"	"3.0"	"180.0"	"4450.0"	"1.0"	"31.57"	"43.0"	"4.0"	"Female"	"2014-11-26T00:00:00.000000Z"	"43.0"	"18140.0"	"2.SILVER"	"1995-07-10T00:00:00.000000Z"	"Rosa"	"Ferguson"	"Loyalist"
"589205.0"	"Standard Credit Card"	"Unsecured Lending"	"2015-06-28T00:00:00.000000Z"	"5942661709622610781"	""	"0"	"-642.23"	"3296.15"	"11.0"	"956.7145454545454"	"1098.8565666215372"	"11.0"	"10.782727272727273"	"118.61"	"1.0"	"184.0"	"9530.0"	"1.0"	"6.47"	"49.0"	"6.0"	"Female"	"2006-01-03T00:00:00.000000Z"	"28.0"	"31460.0"	"2.SILVER"	"1969-06-25T00:00:00.000000Z"	"Florrie"	"Elvey"	"Sophisticates"
"370217.0"	"Savings Account"	"Deposit Account"	"2015-01-28T00:00:00.000000Z"	"1401141413531685411"	""	"0"	"-602.99"	"8813.57"	"16.0"	"2481.663125"	"2442.536976808386"	"16.0"	""	""	"4.0"	"243.0"	"14510.0"	"0.0"	"0.0"	"31.0"	"7.0"	"Female"	"2002-07-09T00:00:00.000000Z"	"28.0"	"46950.0"	"2.SILVER"	"1937-06-25T00:00:00.000000Z"	"Garreth"	"Bertwistle"	"Sophisticates"
"227679.0"	"Savings Account"	"Deposit Account"	"2015-01-28T00:00:00.000000Z"	"1136507344905555690"	""	"0"	"-413.95"	"16172.73"	"16.0"	"7020.55125"	"5273.178299793367"	"16.0"	""	""	"0.0"	"180.0"	"24750.0"	"0.0"	"0.0"	"35.0"	"2.0"	"Female"	"2001-03-09T00:00:00.000000Z"	"12.0"	"91760.0"	"2.SILVER"	"1973-06-09T00:00:00.000000Z"	"Alexandros"	"Bertwistle"	"Sophisticates"
"1154869.0"	"Current Account"	"Deposit Account"	"2015-01-28T00:00:00.000000Z"	"8518063818866107859"	""	"0"	"-1428.63"	"3153.88"	"16.0"	"1187.62875"	"1126.6772830340549"	"16.0"	"1.5"	"24.0"	"0.0"	"194.0"	"4490.0"	"0.0"	"0.0"	"47.0"	"1.0"	"Male"	"2013-08-03T00:00:00.000000Z"	"34.0"	"15670.0"	"3.BRONZE"	"1994-07-01T00:00:00.000000Z"	"Mag"	"Ryles"	"Emergent"
"1414337.0"	"Current Account"	"Deposit Account"	"2015-08-28T00:00:00.000000Z"	"6536357052181354482"	""	"0"	"-32.65"	"3963.12"	"9.0"	"2516.408888888889"	"1201.1069885884901"	"9.0"	"2.5"	"22.5"	"1.0"	"144.0"	"3720.0"	"0.0"	"0.0"	"30.0"	"2.0"	"Female"	"2015-07-24T00:00:00.000000Z"	"50.0"	"20430.0"	"3.BRONZE"	"1996-07-17T00:00:00.000000Z"	"Micheil"	"Rippen"	"Emergent"
"521225.0"	"Car Loan"	"Secured Lending"	"2015-01-28T00:00:00.000000Z"	"5574687003518557588"	""	"0"	"4418.33"	"5959.58"	"16.0"	"5188.955000000001"	"489.1878473551852"	"16.0"	"5.2882918726713495"	"84.61266996274159"	"3.0"	"226.0"	"7190.0"	"1.0"	"87.74"	"41.0"	"10.0"	"Male"	"2005-03-04T00:00:00.000000Z"	"8.0"	"26840.0"	"2.SILVER"	"1974-06-05T00:00:00.000000Z"	"Emiline"	"Selwyne"	"Sophisticates"
"280347.0"	"Current Account"	"Deposit Account"	"2015-01-28T00:00:00.000000Z"	"853467397530809923"	""	"0"	"410.58"	"7138.38"	"16.0"	"3887.085"	"2272.7458917236363"	"16.0"	"0.0"	"0.0"	"1.0"	"202.0"	"17380.0"	"1.0"	"566.2"	"41.0"	"10.0"	"Female"	"2001-10-08T00:00:00.000000Z"	"8.0"	"52160.0"	"2.SILVER"	"1949-06-05T00:00:00.000000Z"	"Adrian"	"Imison"	"Sophisticates"
"120385.0"	"Current Account"	"Deposit Account"	"2015-01-28T00:00:00.000000Z"	"4244917537333328612"	""	"0"	"-3295.14"	"7379.4"	"16.0"	"3737.9175"	"2895.252022254137"	"16.0"	"1.5"	"24.0"	"0.0"	"182.0"	"10370.0"	"0.0"	"0.0"	"35.0"	"9.0"	"Male"	"1999-08-23T00:00:00.000000Z"	"28.0"	"35400.0"	"2.SILVER"	"1950-06-25T00:00:00.000000Z"	"Trula"	"Sighard"	"Sophisticates"
"500391.0"	"Mortgage"	"Secured Lending"	"2015-01-28T00:00:00.000000Z"	"8661365585111995297"	""	"0"	"90895.84"	"95533.39"	"16.0"	"93214.615"	"1471.9436181683889"	"16.0"	"9.464233202054597"	"151.42773123287355"	"6.0"	"189.0"	"6540.0"	"1.0"	"53.87"	"52.0"	"18.0"	"Female"	"2004-11-08T00:00:00.000000Z"	"41.0"	"21390.0"	"1.GOLD"	"1970-07-08T00:00:00.000000Z"	"Georgena"	"Wilflinger"	"Loyalist"
"1422301.0"	"Current Account"	"Deposit Account"	"2015-08-28T00:00:00.000000Z"	"289356430377935661"	"2015-08-28T00:00:00.000000Z"	"1"	""	""	""	""	""	""	""	""	""	""	""	""	""	""	""	"Male"	"2015-07-30T00:00:00.000000Z"	"28.0"	"31260.0"	"2.SILVER"	"1956-06-25T00:00:00.000000Z"	"Sherline"	"McReedy"	"Emergent"
"31868.0"	"Personal Loan"	"Unsecured Lending"	"2015-01-28T00:00:00.000000Z"	"4525564036221287846"	""	"0"	"107.62"	"3336.52"	"16.0"	"1722.07"	"1024.8425890187557"	"16.0"	"32.229887362054896"	"515.6781977928783"	"2.0"	"177.0"	"9250.0"	"2.0"	"30.14"	"40.0"	"4.0"	"Male"	"1996-01-25T00:00:00.000000Z"	"28.0"	"32780.0"	"2.SILVER"	"1961-06-25T00:00:00.000000Z"	"Ives"	"Vakhonin"	"Loyalist"
"470108.0"	"Mortgage"	"Secured Lending"	"2015-01-28T00:00:00.000000Z"	"2638259320997462925"	""	"0"	"39951.58"	"55317.58"	"16.0"	"47634.58"	"4877.119521466203"	"16.0"	"6.5350970191475435"	"104.5615523063607"	"8.0"	"200.0"	"14140.0"	"1.0"	"117.79"	"37.0"	"7.0"	"Female"	"2004-04-23T00:00:00.000000Z"	"28.0"	"53680.0"	"2.SILVER"	"1969-06-25T00:00:00.000000Z"	"Henderson"	"Piddick"	"Sophisticates"
"361582.0"	"Savings Account"	"Deposit Account"	"2015-01-28T00:00:00.000000Z"	"1144660461521452856"	""	"0"	"-263.95"	"2044.18"	"16.0"	"834.07375"	"560.6300755266346"	"16.0"	""	""	"1.0"	"184.0"	"5170.0"	"1.0"	"38.78"	"35.0"	"5.0"	"Female"	"2002-05-30T00:00:00.000000Z"	"28.0"	"18160.0"	"2.SILVER"	"1963-06-25T00:00:00.000000Z"	"Tremayne"	"Crews"	"Traditionalist"
"132507.0"	"Mortgage"	"Secured Lending"	"2015-01-28T00:00:00.000000Z"	"9056810730255535304"	""	"0"	"223810.92"	"230863.77"	"16.0"	"227337.345"	"2238.552155211024"	"16.0"	"5.040495695406794"	"80.64793112650871"	"10.0"	"200.0"	"6840.0"	"4.0"	"698.12"	"44.0"	"11.0"	"Female"	"2000-10-02T00:00:00.000000Z"	"8.0"	"22720.0"	"1.GOLD"	"1967-06-05T00:00:00.000000Z"	"Harlen"	"Bellefonte"	"Sophisticates"
"573948.0"	"Standard Credit Card"	"Unsecured Lending"	"2015-01-28T00:00:00.000000Z"	"4237526289069288445"	""	"0"	"-346.66"	"1590.76"	"16.0"	"603.228125"	"591.232250859381"	"16.0"	"4.532500000000001"	"72.52000000000001"	"0.0"	"202.0"	"11650.0"	"1.0"	"49.74"	"49.0"	"2.0"	"Female"	"2005-10-26T00:00:00.000000Z"	"28.0"	"38340.0"	"1.GOLD"	"1979-06-25T00:00:00.000000Z"	"Leontine"	"Key"	"Emergent"
"823076.0"	"Premium Credit Card"	"Unsecured Lending"	"2015-01-28T00:00:00.000000Z"	"8986167439225506669"	""	"0"	"-5494.68"	"13005.92"	"16.0"	"3532.321875"	"4910.205855945646"	"16.0"	"20.144375000000004"	"322.31000000000006"	"2.0"	"191.0"	"14480.0"	"0.0"	"0.0"	"42.0"	"3.0"	"Male"	"2008-12-18T00:00:00.000000Z"	"46.0"	"56220.0"	"2.SILVER"	"1971-07-13T00:00:00.000000Z"	"Yoko"	"Odda"	"Loyalist"
"120638.0"	"Current Account"	"Deposit Account"	"2015-06-28T00:00:00.000000Z"	"3552303593038463267"	""	"0"	"-1004.98"	"13117.34"	"11.0"	"6258.831818181818"	"3998.5303563704956"	"11.0"	"2.0"	"22.0"	"0.0"	"184.0"	"21520.0"	"0.0"	"0.0"	"48.0"	"1.0"	"Male"	"1999-02-01T00:00:00.000000Z"	"28.0"	"77340.0"	"2.SILVER"	"1976-06-25T00:00:00.000000Z"	"Beckie"	"Mariner"	"Loyalist"
"484870.0"	"Mortgage"	"Secured Lending"	"2015-02-28T00:00:00.000000Z"	"806001808384407770"	""	"0"	"131435.33"	"139070.65"	"15.0"	"135252.99000000002"	"2439.013507137649"	"15.0"	"6.2083848315354215"	"93.12577247303132"	"4.0"	"203.0"	"6380.0"	"3.0"	"90.4"	"35.0"	"4.0"	"Female"	"2004-07-27T00:00:00.000000Z"	"50.0"	"20720.0"	"2.SILVER"	"1966-07-17T00:00:00.000000Z"	"Devonne"	"Zavattiero"	"Sophisticates"
"44133.0"	"Mortgage"	"Secured Lending"	"2015-01-28T00:00:00.000000Z"	"4104842934852286974"	""	"0"	"354453.57"	"369100.47"	"16.0"	"361777.0200000001"	"4648.879468890039"	"16.0"	"23.330830745845894"	"373.2932919335343"	"6.0"	"203.0"	"10590.0"	"3.0"	"168.81"	"40.0"	"15.0"	"Female"	"1996-07-29T00:00:00.000000Z"	"28.0"	"41930.0"	"1.GOLD"	"1961-06-25T00:00:00.000000Z"	"Gert"	"Betjeman"	"Sophisticates"
"56365.0"	"Standard Credit Card"	"Unsecured Lending"	"2015-01-28T00:00:00.000000Z"	"2636995558947803368"	""	"0"	"-2777.37"	"23403.78"	"16.0"	"8103.603125000001"	"7036.927949263768"	"16.0"	"21.891875"	"350.27"	"2.0"	"179.0"	"17320.0"	"1.0"	"17.21"	"43.0"	"12.0"	"Female"	"1999-05-21T00:00:00.000000Z"	"8.0"	"52180.0"	"2.SILVER"	"1963-06-05T00:00:00.000000Z"	"Stevana"	"Sodory"	"Traditionalist"
"1138171.0"	"Car Loan"	"Secured Lending"	"2015-01-28T00:00:00.000000Z"	"1425882728338253168"	"2015-07-28T00:00:00.000000Z"	"1"	"1135.5"	"3027.95"	"6.0"	"2081.725"	"708.0899521600347"	"6.0"	"32.874484122902"	"197.24690473741197"	"2.0"	"190.0"	"15300.0"	"0.0"	"0.0"	"47.0"	"2.0"	"Male"	"2013-10-01T00:00:00.000000Z"	"28.0"	"46080.0"	"3.BRONZE"	"1994-06-25T00:00:00.000000Z"	"Auguste"	"Feenan"	"Loyalist"
"1436436.0"	"Current Account"	"Deposit Account"	"2015-09-28T00:00:00.000000Z"	"8222350943974587816"	""	"0"	"846.9"	"4544.28"	"8.0"	"2163.06625"	"1298.4238030334811"	"8.0"	"1.5"	"12.0"	"0.0"	"121.0"	"5900.0"	"1.0"	"238.7"	"20.0"	"0.0"	"Male"	"2015-08-18T00:00:00.000000Z"	"24.0"	"34150.0"	"2.SILVER"	"1967-06-21T00:00:00.000000Z"	"Elaina"	"Herche"	"Traditionalist"
"436393.0"	"Managed Securities"	"Securities"	"2015-01-28T00:00:00.000000Z"	"2108340943112173546"	"2015-07-28T00:00:00.000000Z"	"1"	"-1679.92"	"7987.62"	"6.0"	"3555.4883333333332"	"3559.562853544894"	"6.0"	"3.7166666666666663"	"22.299999999999997"	"1.0"	"215.0"	"11880.0"	"0.0"	"0.0"	"39.0"	"2.0"	"Male"	"2003-09-23T00:00:00.000000Z"	"28.0"	"42710.0"	"1.GOLD"	"1973-06-25T00:00:00.000000Z"	"Tadeas"	"Bulstrode"	"Loyalist"
"336073.0"	"Car Loan"	"Secured Lending"	"2015-10-28T00:00:00.000000Z"	"6488040337777036157"	""	"0"	"259.68"	"519.36"	"7.0"	"389.52"	"93.4954858090308"	"7.0"	"1.080680458037218"	"7.564763206260526"	"3.0"	"187.0"	"2680.0"	"0.0"	"0.0"	"41.0"	"4.0"	"Male"	"2005-01-26T00:00:00.000000Z"	"46.0"	"9030.0"	"2.SILVER"	"1975-07-13T00:00:00.000000Z"	"Chaddy"	"Hardstaff"	"Loyalist"
"732282.0"	"Current Account"	"Deposit Account"	"2015-01-28T00:00:00.000000Z"	"4059511703461060669"	""	"0"	"-879.01"	"10842.39"	"16.0"	"4373.4818749999995"	"3042.957958158955"	"16.0"	"0.5"	"8.0"	"2.0"	"194.0"	"11680.0"	"0.0"	"0.0"	"32.0"	"2.0"	"Female"	"2007-11-13T00:00:00.000000Z"	"36.0"	"42200.0"	"2.SILVER"	"1945-07-03T00:00:00.000000Z"	"Thadeus"	"Eger"	"Emergent"
"99936.0"	"Direct Securities"	"Securities"	"2015-01-28T00:00:00.000000Z"	"4779180254565659770"	""	"0"	"-2073.02"	"18650.97"	"16.0"	"8799.29375"	"5112.531093374234"	"16.0"	"44.16312500000001"	"706.6100000000001"	"0.0"	"157.0"	"20460.0"	"0.0"	"0.0"	"47.0"	"4.0"	"Female"	"1998-06-22T00:00:00.000000Z"	"28.0"	"62540.0"	"2.SILVER"	"1977-06-25T00:00:00.000000Z"	"Hermon"	"Pickrill"	"Loyalist"
"885457.0"	"Personal Loan"	"Unsecured Lending"	"2015-01-28T00:00:00.000000Z"	"4644517505751833920"	""	"0"	"-5299.07"	"4052.23"	"16.0"	"-623.4199999999998"	"2968.072873948122"	"16.0"	"12.24627924754071"	"195.94046796065135"	"4.0"	"204.0"	"14820.0"	"2.0"	"294.36"	"45.0"	"12.0"	"Female"	"2010-07-07T00:00:00.000000Z"	"28.0"	"46770.0"	"2.SILVER"	"1978-06-25T00:00:00.000000Z"	"Christi"	"Golsworthy"	"Loyalist"
"1042658.0"	"Car Loan"	"Secured Lending"	"2015-08-28T00:00:00.000000Z"	"2829435214204156809"	"2016-01-28T00:00:00.000000Z"	"1"	"1212.36"	"1697.32"	"5.0"	"1454.84"	"191.6972717594072"	"5.0"	"0.1776263917318174"	"0.888131958659087"	"0.0"	"129.0"	"2880.0"	"0.0"	"0.0"	"36.0"	"2.0"	"Male"	"2012-08-03T00:00:00.000000Z"	"25.0"	"15100.0"	"3.BRONZE"	"1992-06-22T00:00:00.000000Z"	"Margette"	"Dilliway"	"Loyalist"
"538660.0"	"Mortgage"	"Secured Lending"	"2015-01-28T00:00:00.000000Z"	"3789791279055993659"	""	"0"	"187287.07"	"196149.22"	"16.0"	"191718.14499999996"	"2812.8182199116122"	"16.0"	"9.439146500491429"	"151.02634400786286"	"0.0"	"191.0"	"7340.0"	"3.0"	"40.21"	"36.0"	"18.0"	"Male"	"2005-06-24T00:00:00.000000Z"	"28.0"	"24860.0"	"2.SILVER"	"1963-06-25T00:00:00.000000Z"	"Klemens"	"Priestley"	"Traditionalist"
"122904.0"	"Premium Credit Card"	"Unsecured Lending"	"2015-01-28T00:00:00.000000Z"	"8009276014155846869"	""	"0"	"-1348.93"	"4952.55"	"16.0"	"2449.4606249999997"	"2039.1378765660377"	"16.0"	"15.586875"	"249.39"	"3.0"	"202.0"	"8490.0"	"3.0"	"206.1"	"37.0"	"7.0"	"Female"	"2001-06-28T00:00:00.000000Z"	"28.0"	"27290.0"	"1.GOLD"	"1969-06-25T00:00:00.000000Z"	"Kort"	"Uppett"	"Loyalist"
"1026224.0"	"Current Account"	"Deposit Account"	"2015-01-28T00:00:00.000000Z"	"7027999669464862100"	"2016-04-28T00:00:00.000000Z"	"1"	"-169.17"	"830.37"	"15.0"	"434.06066666666663"	"253.06209033320164"	"15.0"	"2.5"	"37.5"	"1.0"	"182.0"	"2550.0"	"0.0"	"0.0"	"47.0"	"0.0"	"Female"	"2012-07-19T00:00:00.000000Z"	"41.0"	"10350.0"	"3.BRONZE"	"1993-07-08T00:00:00.000000Z"	"Gustavus"	"Fice"	"Emergent"
"307660.0"	"Savings Account"	"Deposit Account"	"2015-01-28T00:00:00.000000Z"	"4812830077184970967"	""	"0"	"18.49"	"2698.01"	"16.0"	"1275.654375"	"843.5359509743789"	"16.0"	""	""	"0.0"	"200.0"	"3080.0"	"3.0"	"38.66"	"48.0"	"7.0"	"Female"	"2001-12-14T00:00:00.000000Z"	"25.0"	"10830.0"	"2.SILVER"	"1971-06-22T00:00:00.000000Z"	"Rubi"	"Ollerearnshaw"	"Sophisticates"
"392910.0"	"Current Account"	"Deposit Account"	"2015-01-28T00:00:00.000000Z"	"5326192856453737543"	""	"0"	"1454.14"	"28179.1"	"16.0"	"12590.960625000003"	"7109.453098629053"	"16.0"	"1.0"	"16.0"	"0.0"	"207.0"	"28540.0"	"0.0"	"0.0"	"38.0"	"2.0"	"Male"	"2002-11-27T00:00:00.000000Z"	"8.0"	"94370.0"	"2.SILVER"	"1978-06-05T00:00:00.000000Z"	"Wendel"	"Cant"	"Sophisticates"
"22452.0"	"Standard Credit Card"	"Unsecured Lending"	"2015-02-28T00:00:00.000000Z"	"9008748369343186086"	""	"0"	"-409.37"	"3627.19"	"15.0"	"1377.7766666666662"	"907.6035959733795"	"15.0"	"9.773333333333333"	"146.6"	"3.0"	"207.0"	"19900.0"	"3.0"	"307.83"	"38.0"	"13.0"	"Female"	"1997-07-03T00:00:00.000000Z"	"28.0"	"67920.0"	"1.GOLD"	"1961-06-25T00:00:00.000000Z"	"Ruben"	"Caughan"	"Sophisticates"
"455082.0"	"Current Account"	"Deposit Account"	"2015-01-28T00:00:00.000000Z"	"6247367734471573352"	""	"0"	"-1648.87"	"7075.35"	"16.0"	"1844.7725"	"1973.5267333363724"	"16.0"	"2.5"	"40.0"	"1.0"	"221.0"	"6560.0"	"0.0"	"0.0"	"48.0"	"4.0"	"Male"	"2004-01-23T00:00:00.000000Z"	"28.0"	"22010.0"	"2.SILVER"	"1979-06-25T00:00:00.000000Z"	"Hunter"	"Wisam"	"Sophisticates"
"1413534.0"	"Current Account"	"Deposit Account"	"2015-08-28T00:00:00.000000Z"	"199410588485937201"	""	"0"	"287.07"	"4306.25"	"9.0"	"2053.1077777777778"	"1366.0326961019068"	"9.0"	"0.5"	"4.5"	"1.0"	"127.0"	"4420.0"	"0.0"	"0.0"	"29.0"	"3.0"	"Male"	"2015-07-23T00:00:00.000000Z"	"46.0"	"23680.0"	"2.SILVER"	"1987-07-13T00:00:00.000000Z"	"Elwyn"	"De Domenicis"	"Emergent"
"1387090.0"	"Car Loan"	"Secured Lending"	"2016-01-28T00:00:00.000000Z"	"2415244156690165564"	""	"0"	"6029.62"	"6352.63"	"4.0"	"6191.125"	"139.00137229538427"	"4.0"	"9.198140113146298"	"36.79256045258519"	"2.0"	"175.0"	"3950.0"	"0.0"	"0.0"	"42.0"	"3.0"	"Female"	"2015-03-11T00:00:00.000000Z"	"21.0"	"16860.0"	"2.SILVER"	"1978-06-18T00:00:00.000000Z"	"Barde"	"Fenne"	"Loyalist"
"644876.0"	"Personal Loan"	"Unsecured Lending"	"2015-01-28T00:00:00.000000Z"	"5577227564619720625"	"2015-11-28T00:00:00.000000Z"	"1"	"1090.48"	"2600.32"	"10.0"	"1845.4000000000003"	"507.918623403395"	"10.0"	"10.044963664803849"	"100.44963664803849"	"1.0"	"194.0"	"3950.0"	"0.0"	"0.0"	"37.0"	"1.0"	"Female"	"2006-09-30T00:00:00.000000Z"	"49.0"	"13520.0"	"2.SILVER"	"1963-07-16T00:00:00.000000Z"	"Isidro"	"Tupman"	"Loyalist"
"355675.0"	"Savings Account"	"Deposit Account"	"2015-01-28T00:00:00.000000Z"	"8797277005091529143"	""	"0"	"-409.37"	"3645.19"	"16.0"	"1829.2418749999995"	"1134.1311960745913"	"16.0"	""	""	"0.0"	"205.0"	"8410.0"	"0.0"	"0.0"	"38.0"	"4.0"	"Female"	"2002-04-29T00:00:00.000000Z"	"28.0"	"29930.0"	"2.SILVER"	"1965-06-25T00:00:00.000000Z"	"Dorelia"	"Vreiberg"	"Sophisticates"
"972489.0"	"Current Account"	"Deposit Account"	"2015-01-28T00:00:00.000000Z"	"5525672339260327793"	""	"0"	"-55.3"	"372.4"	"16.0"	"199.59562499999998"	"141.20444591531103"	"16.0"	"1.5"	"24.0"	"1.0"	"205.0"	"6510.0"	"0.0"	"0.0"	"46.0"	"0.0"	"Female"	"2011-11-02T00:00:00.000000Z"	"2.0"	"21380.0"	"3.BRONZE"	"1992-05-30T00:00:00.000000Z"	"Korry"	"Hatrey"	"Emergent"
"206856.0"	"Mortgage"	"Secured Lending"	"2015-03-28T00:00:00.000000Z"	"4892025550572330417"	""	"0"	"591736.84"	"607763.11"	"14.0"	"599749.975"	"5157.1305705545665"	"14.0"	"18.533134828332486"	"259.4638875966548"	"2.0"	"202.0"	"15230.0"	"0.0"	"0.0"	"45.0"	"10.0"	"Male"	"2000-11-28T00:00:00.000000Z"	"8.0"	"51760.0"	"2.SILVER"	"1972-06-05T00:00:00.000000Z"	"Lek"	"Huntingdon"	"Sophisticates"
"923781.0"	"Current Account"	"Deposit Account"	"2015-01-28T00:00:00.000000Z"	"4831106405774683607"	""	"0"	"544.35"	"7009.97"	"16.0"	"3510.4712499999996"	"2183.487815369026"	"16.0"	"2.0"	"32.0"	"1.0"	"183.0"	"25940.0"	"0.0"	"0.0"	"54.0"	"2.0"	"Female"	"2011-07-29T00:00:00.000000Z"	"8.0"	"85720.0"	"3.BRONZE"	"1992-06-05T00:00:00.000000Z"	"Ahmad"	"Prantl"	"Emergent"
"189773.0"	"Standard Credit Card"	"Unsecured Lending"	"2015-01-28T00:00:00.000000Z"	"8845129560331449667"	"2015-08-28T00:00:00.000000Z"	"1"	"32.6"	"95.27"	"7.0"	"61.15857142857143"	"24.198939665869265"	"7.0"	"3.551428571428571"	"24.86"	"6.0"	"191.0"	"7130.0"	"4.0"	"45.79"	"44.0"	"7.0"	"Female"	"2003-01-28T00:00:00.000000Z"	"52.0"	"29010.0"	"2.SILVER"	"1966-07-19T00:00:00.000000Z"	"Sherri"	"Blaydes"	"Loyalist"
"535756.0"	"Savings Account"	"Deposit Account"	"2015-01-28T00:00:00.000000Z"	"1425366913382069017"	""	"0"	"-2381.28"	"6659.42"	"16.0"	"2543.0125000000003"	"2796.7216293999186"	"16.0"	""	""	"1.0"	"189.0"	"10610.0"	"0.0"	"0.0"	"49.0"	"1.0"	"Male"	"2005-06-03T00:00:00.000000Z"	"28.0"	"40060.0"	"2.SILVER"	"1988-06-25T00:00:00.000000Z"	"Eada"	"Pickrill"	"Emergent"
"1136048.0"	"Current Account"	"Deposit Account"	"2015-02-28T00:00:00.000000Z"	"6060953169375239546"	""	"0"	"-515.83"	"3327.21"	"15.0"	"1393.1753333333331"	"936.8832122893033"	"15.0"	"2.5"	"37.5"	"0.0"	"175.0"	"8670.0"	"0.0"	"0.0"	"38.0"	"0.0"	"Male"	"2013-06-03T00:00:00.000000Z"	"30.0"	"27280.0"	"2.SILVER"	"1979-06-27T00:00:00.000000Z"	"Regina"	"Bound"	"Loyalist"
"217999.0"	"Personal Loan"	"Unsecured Lending"	"2015-01-28T00:00:00.000000Z"	"5855347390594102864"	""	"0"	"-1052.36"	"526.24"	"16.0"	"-263.06"	"501.0426185465663"	"16.0"	"14.73946800940496"	"235.83148815047937"	"6.0"	"195.0"	"5530.0"	"2.0"	"38.14"	"46.0"	"14.0"	"Female"	"2001-01-25T00:00:00.000000Z"	"28.0"	"17250.0"	"1.GOLD"	"1974-06-25T00:00:00.000000Z"	"Efrem"	"Worgen"	"Sophisticates"
"459988.0"	"Standard Credit Card"	"Unsecured Lending"	"2015-08-28T00:00:00.000000Z"	"3299439275678966283"	""	"0"	"-39.8"	"5058.47"	"9.0"	"3345.005555555556"	"1493.2908479187092"	"9.0"	"11.014444444444443"	"99.13"	"3.0"	"197.0"	"12060.0"	"0.0"	"0.0"	"34.0"	"5.0"	"Female"	"2004-02-17T00:00:00.000000Z"	"28.0"	"37700.0"	"2.SILVER"	"1964-06-25T00:00:00.000000Z"	"Melantha"	"Ibel"	"Sophisticates"
"391018.0"	"Savings Account"	"Deposit Account"	"2015-01-28T00:00:00.000000Z"	"5464522592933054712"	""	"0"	"623.76"	"4779.93"	"16.0"	"2702.7650000000003"	"1256.846339963641"	"16.0"	""	""	"1.0"	"221.0"	"12080.0"	"0.0"	"0.0"	"43.0"	"5.0"	"Male"	"2002-11-18T00:00:00.000000Z"	"28.0"	"46870.0"	"2.SILVER"	"1966-06-25T00:00:00.000000Z"	"Killie"	"Chopping"	"Sophisticates"
"405439.0"	"Managed Securities"	"Securities"	"2015-01-28T00:00:00.000000Z"	"2746330327382685333"	""	"0"	"-948.7"	"13807.91"	"16.0"	"4819.691250000001"	"4749.719475203949"	"16.0"	"77.80749999999999"	"1244.9199999999998"	"4.0"	"191.0"	"27010.0"	"0.0"	"0.0"	"40.0"	"4.0"	"Male"	"2003-02-04T00:00:00.000000Z"	"28.0"	"99940.0"	"2.SILVER"	"1965-06-25T00:00:00.000000Z"	"Gilberte"	"Victory"	"Sophisticates"
"197319.0"	"Savings Account"	"Deposit Account"	"2015-01-28T00:00:00.000000Z"	"459117399180422375"	""	"0"	"-5162.08"	"15617.29"	"16.0"	"4903.76875"	"5706.195875819984"	"16.0"	""	""	"1.0"	"178.0"	"15610.0"	"0.0"	"0.0"	"40.0"	"7.0"	"Female"	"2000-10-07T00:00:00.000000Z"	"8.0"	"59320.0"	"2.SILVER"	"1967-06-05T00:00:00.000000Z"	"Frasco"	"Mintram"	"Sophisticates"
"57025.0"	"Personal Loan"	"Unsecured Lending"	"2015-01-28T00:00:00.000000Z"	"3315451726050586955"	""	"0"	"-403.57"	"527.63"	"16.0"	"62.02999999999999"	"295.55991789596004"	"16.0"	"6.57786806633868"	"105.24588906141888"	"2.0"	"217.0"	"5480.0"	"2.0"	"42.43"	"52.0"	"11.0"	"Female"	"1997-02-17T00:00:00.000000Z"	"32.0"	"19160.0"	"2.SILVER"	"1959-06-29T00:00:00.000000Z"	"Butch"	"Bucklan"	"Sophisticates"
"1117634.0"	"Personal Loan"	"Unsecured Lending"	"2015-01-28T00:00:00.000000Z"	"1996600091043663384"	"2015-05-28T00:00:00.000000Z"	"1"	"2835.83"	"3351.47"	"4.0"	"3093.65"	"221.89612584870997"	"4.0"	"4.944155265863599"	"19.776621063454396"	"0.0"	"167.0"	"3590.0"	"0.0"	"0.0"	"47.0"	"0.0"	"Female"	"2013-01-10T00:00:00.000000Z"	"33.0"	"12570.0"	"2.SILVER"	"1988-06-30T00:00:00.000000Z"	"Elianora"	"Creeghan"	"Emergent"
"1095227.0"	"Current Account"	"Deposit Account"	"2015-01-28T00:00:00.000000Z"	"5490306802542806317"	"2016-01-28T00:00:00.000000Z"	"1"	"47.25"	"481.24"	"12.0"	"211.88333333333335"	"126.27727013011943"	"12.0"	"2.0"	"24.0"	"0.0"	"190.0"	"12210.0"	"1.0"	"173.85"	"40.0"	"3.0"	"Male"	"2012-11-05T00:00:00.000000Z"	"8.0"	"42850.0"	"3.BRONZE"	"1987-06-05T00:00:00.000000Z"	"Renata"	"Heare"	"Loyalist"
"70566.0"	"Mortgage"	"Secured Lending"	"2015-01-28T00:00:00.000000Z"	"8154738326393375771"	""	"0"	"36149.77"	"42108.52"	"16.0"	"39129.145000000004"	"1891.2882954924314"	"16.0"	"9.243556061465444"	"147.8968969834471"	"4.0"	"194.0"	"5420.0"	"5.0"	"156.6"	"39.0"	"15.0"	"Female"	"1997-09-02T00:00:00.000000Z"	"39.0"	"19960.0"	"2.SILVER"	"1958-07-06T00:00:00.000000Z"	"Katya"	"Aylin"	"Traditionalist"
"1246851.0"	"Mortgage"	"Secured Lending"	"2015-01-28T00:00:00.000000Z"	"1409152300845824673"	"2015-10-28T00:00:00.000000Z"	"1"	"204148.6"	"208788.36"	"9.0"	"206468.48000000004"	"1588.3132583813604"	"9.0"	"9.862974259484249"	"88.76676833535824"	"1.0"	"136.0"	"6380.0"	"0.0"	"0.0"	"22.0"	"6.0"	"Female"	"2014-03-05T00:00:00.000000Z"	"30.0"	"35580.0"	"1.GOLD"	"1981-06-27T00:00:00.000000Z"	"Dania"	"Ameer-Beg"	"Loyalist"
"573354.0"	"Managed Securities"	"Securities"	"2015-01-28T00:00:00.000000Z"	"864982829116300321"	"2016-01-28T00:00:00.000000Z"	"1"	"-5272.69"	"7299.6"	"12.0"	"3068.839166666667"	"3705.707068682178"	"12.0"	"42.78666666666667"	"513.44"	"2.0"	"221.0"	"14490.0"	"1.0"	"27.88"	"32.0"	"3.0"	"Female"	"2005-10-25T00:00:00.000000Z"	"26.0"	"44990.0"	"1.GOLD"	"1945-06-23T00:00:00.000000Z"	"Eartha"	"Marrill"	"Sophisticates"
"477533.0"	"Personal Loan"	"Unsecured Lending"	"2015-01-28T00:00:00.000000Z"	"2397619423853279720"	""	"0"	"687.41"	"2749.61"	"16.0"	"1718.5099999999998"	"654.5357202373807"	"16.0"	"16.44839372817984"	"263.17429965087746"	"2.0"	"197.0"	"8330.0"	"1.0"	"52.44"	"50.0"	"5.0"	"Female"	"2004-06-02T00:00:00.000000Z"	"50.0"	"27260.0"	"2.SILVER"	"1971-07-17T00:00:00.000000Z"	"Reinaldo"	"Fabb"	"Sophisticates"
"1210122.0"	"Mortgage"	"Secured Lending"	"2015-01-28T00:00:00.000000Z"	"8682277330804992430"	"2015-10-28T00:00:00.000000Z"	"1"	"53467.42"	"55164.78"	"9.0"	"54316.1"	"581.0514751293592"	"9.0"	"0.46626144111844486"	"4.196352970066004"	"1.0"	"137.0"	"2880.0"	"0.0"	"0.0"	"21.0"	"3.0"	"Female"	"2013-10-28T00:00:00.000000Z"	"15.0"	"17210.0"	"2.SILVER"	"1957-06-12T00:00:00.000000Z"	"Corrine"	"Critzen"	"Loyalist"
"880760.0"	"Mortgage"	"Secured Lending"	"2015-01-28T00:00:00.000000Z"	"232783780309939023"	""	"0"	"417.51"	"2505.21"	"16.0"	"1461.3599999999997"	"662.6293391230626"	"16.0"	"6.914942471706576"	"110.63907954730522"	"1.0"	"186.0"	"3320.0"	"0.0"	"0.0"	"40.0"	"8.0"	"Female"	"2010-06-01T00:00:00.000000Z"	"33.0"	"11620.0"	"2.SILVER"	"1973-06-30T00:00:00.000000Z"	"Aryn"	"Simmance"	"Sophisticates"
"172646.0"	"Direct Securities"	"Securities"	"2015-01-28T00:00:00.000000Z"	"822966201819325787"	""	"0"	"-2263.06"	"8357.68"	"16.0"	"2898.3975000000005"	"3493.4570810521395"	"16.0"	"80.1775"	"1282.84"	"2.0"	"189.0"	"16420.0"	"0.0"	"0.0"	"43.0"	"5.0"	"Male"	"2003-11-18T00:00:00.000000Z"	"28.0"	"66520.0"	"2.SILVER"	"1963-06-25T00:00:00.000000Z"	"Kizzee"	"Alexsandrov"	"Sophisticates"
"553411.0"	"Savings Account"	"Deposit Account"	"2015-01-28T00:00:00.000000Z"	"7760790021770564261"	""	"0"	"-565.68"	"4754.88"	"16.0"	"1617.7275000000002"	"1138.5485504243256"	"16.0"	""	""	"0.0"	"211.0"	"6360.0"	"0.0"	"0.0"	"44.0"	"3.0"	"Female"	"2005-09-01T00:00:00.000000Z"	"26.0"	"20730.0"	"2.SILVER"	"1979-06-23T00:00:00.000000Z"	"Dacie"	"Albutt"	"Emergent"
"1409684.0"	"Standard Credit Card"	"Unsecured Lending"	"2015-09-28T00:00:00.000000Z"	"9090694951619650621"	""	"0"	"-4918.69"	"10935.53"	"8.0"	"4886.36875"	"5014.999991805833"	"8.0"	"25.244999999999997"	"201.95999999999998"	"2.0"	"110.0"	"7820.0"	"0.0"	"0.0"	"25.0"	"2.0"	"Female"	"2015-07-21T00:00:00.000000Z"	"28.0"	"51290.0"	"2.SILVER"	"1971-06-25T00:00:00.000000Z"	"Milzie"	"Stegers"	"Sophisticates"
"128041.0"	"Home Equity Loan"	"Secured Lending"	"2015-01-28T00:00:00.000000Z"	"6047926113817078035"	"2015-01-28T00:00:00.000000Z"	"1"	""	""	""	""	""	""	""	""	"0.0"	"214.0"	"13140.0"	"1.0"	"52.54"	"40.0"	"4.0"	"Female"	"1999-04-13T00:00:00.000000Z"	"28.0"	"41920.0"	"2.SILVER"	"1970-06-25T00:00:00.000000Z"	"Casey"	"Bromidge"	"Loyalist"
"397926.0"	"Direct Securities"	"Securities"	"2015-01-28T00:00:00.000000Z"	"8638315355433201869"	""	"0"	"-1480.79"	"4064.87"	"16.0"	"1437.5187500000002"	"1378.5495971098271"	"16.0"	"7.399375"	"118.39"	"3.0"	"197.0"	"14660.0"	"0.0"	"0.0"	"34.0"	"15.0"	"Male"	"2002-12-26T00:00:00.000000Z"	"28.0"	"49710.0"	"1.GOLD"	"1957-06-25T00:00:00.000000Z"	"Talyah"	"Booi"	"Sophisticates"
"1070301.0"	"Car Loan"	"Secured Lending"	"2015-01-28T00:00:00.000000Z"	"5335284234262925678"	""	"0"	"-115.13"	"460.72"	"16.0"	"172.79500000000002"	"182.77295824784005"	"16.0"	"18.516510379282217"	"296.26416606851546"	"1.0"	"171.0"	"5280.0"	"0.0"	"0.0"	"48.0"	"9.0"	"Female"	"2012-09-28T00:00:00.000000Z"	"30.0"	"18430.0"	"3.BRONZE"	"1989-06-27T00:00:00.000000Z"	"Albie"	"Lepper"	"Emergent"
"464388.0"	"Direct Securities"	"Securities"	"2015-01-28T00:00:00.000000Z"	"5077039125699229902"	""	"0"	"4095.26"	"32035.45"	"16.0"	"16087.2525"	"7673.913148046872"	"16.0"	"42.244375000000005"	"675.9100000000001"	"4.0"	"190.0"	"29460.0"	"3.0"	"496.51"	"35.0"	"16.0"	"Male"	"2004-04-12T00:00:00.000000Z"	"28.0"	"109600.0"	"1.GOLD"	"1937-06-25T00:00:00.000000Z"	"Kyla"	"Lantiffe"	"Sophisticates"
"176496.0"	"Savings Account"	"Deposit Account"	"2015-01-28T00:00:00.000000Z"	"1095559256086294211"	"2015-12-28T00:00:00.000000Z"	"1"	"-27.48"	"52.41"	"11.0"	"13.244545454545454"	"20.70974136180187"	"11.0"	""	""	"4.0"	"187.0"	"12120.0"	"1.0"	"9.95"	"36.0"	"10.0"	"Male"	"2000-05-18T00:00:00.000000Z"	"28.0"	"38880.0"	"2.SILVER"	"1947-06-25T00:00:00.000000Z"	"Gerda"	"Goddert.sf"	"Loyalist"
"867395.0"	"Personal Loan"	"Unsecured Lending"	"2015-01-28T00:00:00.000000Z"	"1497491759507768061"	"2015-11-28T00:00:00.000000Z"	"1"	"3673.04"	"5368.28"	"10.0"	"4520.660000000001"	"570.2882206978027"	"10.0"	"0.732208860939714"	"7.322088609397141"	"1.0"	"195.0"	"5820.0"	"0.0"	"0.0"	"44.0"	"6.0"	"Male"	"2010-03-10T00:00:00.000000Z"	"24.0"	"20250.0"	"2.SILVER"	"1981-06-21T00:00:00.000000Z"	"Bord"	"Poundford"	"Loyalist"
"1227744.0"	"Current Account"	"Deposit Account"	"2015-01-28T00:00:00.000000Z"	"7463810904293351183"	""	"0"	"-737.39"	"2582.64"	"16.0"	"602.4337499999999"	"920.5891385982129"	"16.0"	"2.0"	"32.0"	"1.0"	"223.0"	"8450.0"	"0.0"	"0.0"	"48.0"	"3.0"	"Male"	"2013-12-02T00:00:00.000000Z"	"29.0"	"33820.0"	"3.BRONZE"	"1993-06-26T00:00:00.000000Z"	"Martynne"	"Packham"	"Emergent"
"354025.0"	"Current Account"	"Deposit Account"	"2015-01-28T00:00:00.000000Z"	"4589061082270378616"	""	"0"	"-1967.75"	"4558.64"	"16.0"	"2711.045625"	"1727.9059824923681"	"16.0"	"2.0"	"32.0"	"3.0"	"181.0"	"9550.0"	"0.0"	"0.0"	"47.0"	"2.0"	"Male"	"2002-04-30T00:00:00.000000Z"	"28.0"	"30650.0"	"2.SILVER"	"1973-06-25T00:00:00.000000Z"	"Sapphira"	"Malyj"	"Emergent"
"420146.0"	"Current Account"	"Deposit Account"	"2015-01-28T00:00:00.000000Z"	"3524998045509228299"	""	"0"	"-1627.82"	"18013.09"	"16.0"	"6274.274999999999"	"5494.390481160459"	"16.0"	"2.0"	"32.0"	"2.0"	"197.0"	"27820.0"	"2.0"	"113.01"	"47.0"	"5.0"	"Female"	"2003-05-22T00:00:00.000000Z"	"28.0"	"112980.0"	"2.SILVER"	"1972-06-25T00:00:00.000000Z"	"Andrew"	"Clyma"	"Traditionalist"
"93215.0"	"Mortgage"	"Secured Lending"	"2015-11-28T00:00:00.000000Z"	"689183702129467144"	""	"0"	"638225.52"	"648552.77"	"6.0"	"643389.1449999999"	"3864.103124756097"	"6.0"	"35.30511793262347"	"211.8307075957408"	"2.0"	"184.0"	"25250.0"	"1.0"	"23.86"	"39.0"	"8.0"	"Female"	"1998-04-20T00:00:00.000000Z"	"28.0"	"89860.0"	"2.SILVER"	"1953-06-25T00:00:00.000000Z"	"Barbara-anne"	"Sinclair"	"Sophisticates"
"205272.0"	"Managed Securities"	"Securities"	"2015-09-28T00:00:00.000000Z"	"3801422662880804039"	""	"0"	"238.5"	"1992.91"	"8.0"	"892.12875"	"589.0241935714525"	"8.0"	"32.77625"	"262.21"	"3.0"	"188.0"	"6660.0"	"0.0"	"0.0"	"39.0"	"12.0"	"Male"	"2000-11-17T00:00:00.000000Z"	"35.0"	"23850.0"	"1.GOLD"	"1961-07-02T00:00:00.000000Z"	"Phillip"	"Kenworth"	"Sophisticates"
"859266.0"	"Current Account"	"Deposit Account"	"2015-01-28T00:00:00.000000Z"	"2954827257973480066"	""	"0"	"-1029.2"	"2859.2"	"16.0"	"1283.435"	"994.6503096599663"	"16.0"	"0.5"	"8.0"	"1.0"	"212.0"	"9080.0"	"0.0"	"0.0"	"44.0"	"4.0"	"Female"	"2009-12-11T00:00:00.000000Z"	"50.0"	"32180.0"	"1.GOLD"	"1979-07-17T00:00:00.000000Z"	"Hermy"	"Spillane"	"Emergent"
"1218768.0"	"Mortgage"	"Secured Lending"	"2015-08-28T00:00:00.000000Z"	"2531843436921083148"	"2016-04-28T00:00:00.000000Z"	"1"	"97307.67"	"99483.9"	"8.0"	"98395.78499999999"	"761.5218661338608"	"8.0"	"1.3753673928659198"	"11.002939142927358"	"4.0"	"180.0"	"8440.0"	"0.0"	"0.0"	"47.0"	"6.0"	"Male"	"2013-11-12T00:00:00.000000Z"	"8.0"	"27960.0"	"3.BRONZE"	"1995-06-05T00:00:00.000000Z"	"Monroe"	"Perrelli"	"Loyalist"
"312456.0"	"Premium Credit Card"	"Unsecured Lending"	"2015-01-28T00:00:00.000000Z"	"2160056650721046545"	""	"0"	"-472.82"	"7097.24"	"16.0"	"2726.2768750000005"	"2349.4010308522434"	"16.0"	"18.3275"	"293.24"	"4.0"	"196.0"	"11820.0"	"0.0"	"0.0"	"44.0"	"13.0"	"Female"	"2002-01-02T00:00:00.000000Z"	"28.0"	"34990.0"	"1.GOLD"	"1972-06-25T00:00:00.000000Z"	"Chen"	"Shutler"	"Sophisticates"
"247182.0"	"Mortgage"	"Secured Lending"	"2015-01-28T00:00:00.000000Z"	"1961834911973926685"	"2015-11-28T00:00:00.000000Z"	"1"	"268010.23"	"273455.14"	"10.0"	"270732.685"	"1831.6981877254836"	"10.0"	"12.439950756643798"	"124.39950756643798"	"3.0"	"218.0"	"7340.0"	"3.0"	"99.03"	"47.0"	"10.0"	"Female"	"2001-05-17T00:00:00.000000Z"	"28.0"	"27380.0"	"2.SILVER"	"1969-06-25T00:00:00.000000Z"	"Rad"	"Mainz"	"Loyalist"
"1337260.0"	"Current Account"	"Deposit Account"	"2015-01-28T00:00:00.000000Z"	"1615984321311309352"	"2015-04-28T00:00:00.000000Z"	"1"	"68.95"	"504.06"	"3.0"	"240.5"	"231.68849367199917"	"3.0"	"2.0"	"6.0"	"1.0"	"193.0"	"12960.0"	"0.0"	"0.0"	"52.0"	"4.0"	"Female"	"2014-10-20T00:00:00.000000Z"	"28.0"	"45360.0"	"3.BRONZE"	"1992-06-25T00:00:00.000000Z"	"Wash"	"Seagar"	"Loyalist"
"1264869.0"	"Car Loan"	"Secured Lending"	"2015-02-28T00:00:00.000000Z"	"3175568789032108393"	"2016-02-28T00:00:00.000000Z"	"1"	"236.79"	"526.31"	"12.0"	"381.55"	"94.89810957021218"	"12.0"	"4.1743313683791765"	"50.09197642055012"	"2.0"	"206.0"	"2100.0"	"1.0"	"7.4"	"32.0"	"5.0"	"Male"	"2014-06-23T00:00:00.000000Z"	"28.0"	"7970.0"	"2.SILVER"	"1975-06-25T00:00:00.000000Z"	"Georgena"	"Howerd"	"Loyalist"
"982136.0"	"Current Account"	"Deposit Account"	"2015-01-28T00:00:00.000000Z"	"6494510189543857809"	""	"0"	"-126.98"	"3215.37"	"16.0"	"1420.8975"	"1040.5664754706129"	"16.0"	"1.0"	"16.0"	"1.0"	"194.0"	"16050.0"	"0.0"	"0.0"	"50.0"	"3.0"	"Male"	"2011-11-21T00:00:00.000000Z"	"28.0"	"56070.0"	"3.BRONZE"	"1992-06-25T00:00:00.000000Z"	"Isadore"	"Wybron"	"Emergent"
"350747.0"	"Current Account"	"Deposit Account"	"2015-01-28T00:00:00.000000Z"	"5576293972949610032"	""	"0"	"-1593.22"	"3326.21"	"16.0"	"1302.6931250000002"	"1214.9440037561058"	"16.0"	"1.5"	"24.0"	"2.0"	"201.0"	"5820.0"	"1.0"	"11.51"	"35.0"	"11.0"	"Female"	"2002-04-15T00:00:00.000000Z"	"28.0"	"19690.0"	"1.GOLD"	"1941-06-25T00:00:00.000000Z"	"Sheffield"	"Birtwell"	"Sophisticates"
"682375.0"	"Current Account"	"Deposit Account"	"2015-01-28T00:00:00.000000Z"	"1158907182283030059"	""	"0"	"-2675.2"	"8437.16"	"16.0"	"2622.046875"	"2605.981542538163"	"16.0"	"2.0"	"32.0"	"1.0"	"173.0"	"13110.0"	"2.0"	"461.66"	"36.0"	"5.0"	"Female"	"2007-03-16T00:00:00.000000Z"	"28.0"	"44340.0"	"2.SILVER"	"1964-06-25T00:00:00.000000Z"	"Honoria"	"Edgeon"	"Sophisticates"
"44078.0"	"Standard Credit Card"	"Unsecured Lending"	"2015-02-28T00:00:00.000000Z"	"4804463329607821672"	""	"0"	"-1564.13"	"10533.45"	"15.0"	"3752.082666666667"	"3171.491872227748"	"15.0"	"10.118"	"151.77"	"2.0"	"189.0"	"8720.0"	"1.0"	"179.17"	"40.0"	"5.0"	"Female"	"1997-07-11T00:00:00.000000Z"	"28.0"	"31830.0"	"2.SILVER"	"1973-06-25T00:00:00.000000Z"	"Stefano"	"Philbin"	"Sophisticates"
"1019052.0"	"Current Account"	"Deposit Account"	"2015-04-28T00:00:00.000000Z"	"3497723506784705259"	"2016-04-28T00:00:00.000000Z"	"1"	"74.09"	"629.92"	"12.0"	"335.44249999999994"	"204.57366466630057"	"12.0"	"1.5"	"18.0"	"2.0"	"163.0"	"2600.0"	"0.0"	"0.0"	"39.0"	"1.0"	"Male"	"2012-06-07T00:00:00.000000Z"	"46.0"	"10230.0"	"3.BRONZE"	"1986-07-13T00:00:00.000000Z"	"Johann"	"Malimoe"	"Emergent"
"219803.0"	"Personal Loan"	"Unsecured Lending"	"2015-01-28T00:00:00.000000Z"	"3142174840804080524"	""	"0"	"-4722.49"	"1180.61"	"16.0"	"-1770.94"	"1873.625162512502"	"16.0"	"1.560178353009302"	"24.962853648148833"	"5.0"	"183.0"	"7470.0"	"1.0"	"2.12"	"43.0"	"13.0"	"Female"	"2001-02-01T00:00:00.000000Z"	"8.0"	"26110.0"	"2.SILVER"	"1973-06-05T00:00:00.000000Z"	"Geoffrey"	"Dorot"	"Sophisticates"
"275485.0"	"Savings Account"	"Deposit Account"	"2015-01-28T00:00:00.000000Z"	"6100056246123339604"	""	"0"	"-416.57"	"4489.09"	"16.0"	"2331.349375"	"1529.5781987352755"	"16.0"	""	""	"1.0"	"188.0"	"4200.0"	"3.0"	"19.49"	"47.0"	"9.0"	"Male"	"2001-09-27T00:00:00.000000Z"	"8.0"	"12150.0"	"2.SILVER"	"1966-06-05T00:00:00.000000Z"	"Sher"	"Heffernon"	"Sophisticates"
"1268642.0"	"Car Loan"	"Secured Lending"	"2015-01-28T00:00:00.000000Z"	"2914095998146073833"	""	"0"	"263.84"	"829.19"	"16.0"	"546.5150000000001"	"179.44029164785314"	"16.0"	"0.6549613047646645"	"10.479380876234632"	"2.0"	"208.0"	"2220.0"	"0.0"	"0.0"	"54.0"	"10.0"	"Female"	"2014-07-14T00:00:00.000000Z"	"11.0"	"7630.0"	"2.SILVER"	"1985-06-08T00:00:00.000000Z"	"Sarene"	"Wyllie"	"Emergent"
"604077.0"	"Car Loan"	"Secured Lending"	"2015-02-28T00:00:00.000000Z"	"4016147594232906331"	""	"0"	"2319.07"	"4816.53"	"15.0"	"3567.799999999999"	"797.7843330123754"	"15.0"	"3.539547036653772"	"53.09320554980658"	"6.0"	"197.0"	"7310.0"	"3.0"	"47.71000000000001"	"39.0"	"10.0"	"Female"	"2006-03-22T00:00:00.000000Z"	"28.0"	"23310.0"	"2.SILVER"	"1977-06-25T00:00:00.000000Z"	"Simmonds"	"Mourton"	"Sophisticates"
"561859.0"	"Savings Account"	"Deposit Account"	"2015-01-28T00:00:00.000000Z"	"5554523449415181738"	""	"0"	"-1084.47"	"4776.83"	"16.0"	"1587.3624999999997"	"1467.3345408438163"	"16.0"	""	""	"2.0"	"213.0"	"3450.0"	"1.0"	"25.62"	"40.0"	"4.0"	"Male"	"2005-10-02T00:00:00.000000Z"	"28.0"	"12140.0"	"2.SILVER"	"1961-06-25T00:00:00.000000Z"	"Barbie"	"Gregoretti"	"Emergent"
"410719.0"	"Direct Securities"	"Securities"	"2015-01-28T00:00:00.000000Z"	"8774997733667080641"	""	"0"	"-2800.87"	"4732.07"	"16.0"	"964.2106249999999"	"2016.907953396217"	"16.0"	"23.479374999999997"	"375.66999999999996"	"3.0"	"209.0"	"5490.0"	"2.0"	"210.82"	"47.0"	"10.0"	"Female"	"2003-03-11T00:00:00.000000Z"	"8.0"	"19280.0"	"1.GOLD"	"1976-06-05T00:00:00.000000Z"	"Sandy"	"Synan"	"Loyalist"
"101652.0"	"Standard Credit Card"	"Unsecured Lending"	"2015-01-28T00:00:00.000000Z"	"3646338159865041412"	""	"0"	"-4069.98"	"52671.23"	"16.0"	"16139.928125"	"14585.37559168417"	"16.0"	"0.5962500000000001"	"9.540000000000001"	"3.0"	"195.0"	"22780.0"	"0.0"	"0.0"	"30.0"	"18.0"	"Female"	"1998-07-08T00:00:00.000000Z"	"28.0"	"87200.0"	"1.GOLD"	"1948-06-25T00:00:00.000000Z"	"Linell"	"McCullouch"	"Sophisticates"
"1183150.0"	"Current Account"	"Deposit Account"	"2015-01-28T00:00:00.000000Z"	"1871708864933508963"	""	"0"	"18.93"	"2849.77"	"16.0"	"1483.9725"	"774.4529068058303"	"16.0"	"1.5"	"24.0"	"2.0"	"216.0"	"5230.0"	"1.0"	"11.48"	"47.0"	"0.0"	"Male"	"2013-09-25T00:00:00.000000Z"	"16.0"	"18360.0"	"3.BRONZE"	"1994-06-13T00:00:00.000000Z"	"Cos"	"Thornthwaite"	"Emergent"
"1337524.0"	"Personal Loan"	"Unsecured Lending"	"2015-01-28T00:00:00.000000Z"	"495806726025260376"	""	"0"	"1064.46"	"3725.76"	"16.0"	"2395.11"	"844.6881545280481"	"16.0"	"0.5558353992832437"	"8.893366388531899"	"3.0"	"180.0"	"4980.0"	"0.0"	"0.0"	"47.0"	"12.0"	"Male"	"2014-10-21T00:00:00.000000Z"	"28.0"	"18730.0"	"2.SILVER"	"1988-06-25T00:00:00.000000Z"	"Claretta"	"Meindl"	"Emergent"
"203688.0"	"Savings Account"	"Deposit Account"	"2015-01-28T00:00:00.000000Z"	"3868225915067844520"	""	"0"	"-5486.7"	"11360.87"	"16.0"	"2901.52125"	"4409.8936253019"	"16.0"	""	""	"3.0"	"177.0"	"10330.0"	"0.0"	"0.0"	"44.0"	"6.0"	"Female"	"2000-11-08T00:00:00.000000Z"	"29.0"	"33060.0"	"2.SILVER"	"1973-06-26T00:00:00.000000Z"	"Reine"	"Urpeth"	"Sophisticates"
"611645.0"	"Current Account"	"Deposit Account"	"2015-01-28T00:00:00.000000Z"	"994078721014200012"	""	"0"	"-219.14"	"1319.4"	"16.0"	"670.61375"	"449.504973763732"	"16.0"	"2.5"	"40.0"	"1.0"	"217.0"	"4170.0"	"0.0"	"0.0"	"43.0"	"1.0"	"Female"	"2006-05-08T00:00:00.000000Z"	"15.0"	"12510.0"	"2.SILVER"	"1978-06-12T00:00:00.000000Z"	"Katine"	"Matveiko"	"Loyalist"
"233102.0"	"Current Account"	"Deposit Account"	"2015-01-28T00:00:00.000000Z"	"7733173467528831347"	""	"0"	"-1311.73"	"4226.27"	"16.0"	"1609.7200000000003"	"1503.9075388112574"	"16.0"	"0.0"	"0.0"	"3.0"	"234.0"	"9030.0"	"0.0"	"0.0"	"35.0"	"6.0"	"Female"	"2001-03-26T00:00:00.000000Z"	"28.0"	"31270.0"	"2.SILVER"	"1946-06-25T00:00:00.000000Z"	"Jens"	"Welch"	"Sophisticates"
"245697.0"	"Mortgage"	"Secured Lending"	"2015-01-28T00:00:00.000000Z"	"8427586813822645194"	""	"0"	"186990.95"	"196434.95"	"16.0"	"191712.95"	"2997.49555907374"	"16.0"	"8.746761535508785"	"139.94818456814056"	"3.0"	"195.0"	"9900.0"	"0.0"	"0.0"	"44.0"	"3.0"	"Male"	"2002-01-02T00:00:00.000000Z"	"33.0"	"33730.0"	"2.SILVER"	"1975-06-30T00:00:00.000000Z"	"Cecilla"	"Dulinty"	"Sophisticates"
"1404052.0"	"Personal Loan"	"Unsecured Lending"	"2015-11-28T00:00:00.000000Z"	"7322304849135004778"	""	"0"	"11560.37"	"15172.97"	"6.0"	"13366.669999999998"	"1351.7111475459526"	"6.0"	"33.457948530112695"	"200.74769118067618"	"1.0"	"119.0"	"6950.0"	"0.0"	"0.0"	"32.0"	"1.0"	"Female"	"2015-07-01T00:00:00.000000Z"	"28.0"	"44830.0"	"3.BRONZE"	"1987-06-25T00:00:00.000000Z"	"Jim"	"Pitts"	"Loyalist"
"47796.0"	"Mortgage"	"Secured Lending"	"2015-01-28T00:00:00.000000Z"	"70002414189964174"	""	"0"	"108846.92"	"114961.97"	"16.0"	"111904.445"	"1940.89741830937"	"16.0"	"5.49989681529666"	"87.99834904474656"	"6.0"	"220.0"	"7530.0"	"2.0"	"819.87"	"43.0"	"9.0"	"Male"	"2010-02-16T00:00:00.000000Z"	"41.0"	"23800.0"	"2.SILVER"	"1963-07-08T00:00:00.000000Z"	"Leeanne"	"Ravenscraft"	"Loyalist"
"956407.0"	"Current Account"	"Deposit Account"	"2015-01-28T00:00:00.000000Z"	"7541364414322469920"	""	"0"	"417.35"	"3628.47"	"16.0"	"1878.515"	"1129.3779271557714"	"16.0"	"0.5"	"8.0"	"1.0"	"180.0"	"4840.0"	"0.0"	"0.0"	"52.0"	"2.0"	"Male"	"2011-10-07T00:00:00.000000Z"	"37.0"	"15940.0"	"3.BRONZE"	"1992-07-04T00:00:00.000000Z"	"Merrel"	"Espinosa"	"Emergent"
"536559.0"	"Premium Credit Card"	"Unsecured Lending"	"2015-01-28T00:00:00.000000Z"	"8436943740122370184"	""	"0"	"-899.42"	"10232.7"	"16.0"	"3348.779375"	"3321.4052721771627"	"16.0"	"10.254375"	"164.07"	"4.0"	"207.0"	"16700.0"	"3.0"	"392.59000000000003"	"43.0"	"8.0"	"Male"	"2005-06-22T00:00:00.000000Z"	"28.0"	"53050.0"	"2.SILVER"	"1976-06-25T00:00:00.000000Z"	"Reinaldo"	"Leband"	"Traditionalist"
"500622.0"	"Current Account"	"Deposit Account"	"2015-01-28T00:00:00.000000Z"	"4038062121036046073"	""	"0"	"167.66"	"850.57"	"16.0"	"538.3924999999999"	"209.38003736427856"	"16.0"	"2.5"	"40.0"	"1.0"	"193.0"	"3630.0"	"4.0"	"19.26"	"41.0"	"8.0"	"Male"	"2004-11-09T00:00:00.000000Z"	"50.0"	"12770.0"	"2.SILVER"	"1969-07-17T00:00:00.000000Z"	"Alexandros"	"Tremblay"	"Traditionalist"
"525592.0"	"Current Account"	"Deposit Account"	"2015-01-28T00:00:00.000000Z"	"4517436808255301411"	""	"0"	"-441.58"	"1748.46"	"16.0"	"821.14125"	"626.6867066179612"	"16.0"	"1.5"	"24.0"	"1.0"	"170.0"	"13390.0"	"1.0"	"31.69"	"48.0"	"6.0"	"Male"	"2005-03-30T00:00:00.000000Z"	"47.0"	"46190.0"	"2.SILVER"	"1981-07-14T00:00:00.000000Z"	"Humberto"	"Matys"	"Emergent"
"1193842.0"	"Current Account"	"Deposit Account"	"2015-01-28T00:00:00.000000Z"	"6548069421124996432"	""	"0"	"-947.71"	"3852.56"	"16.0"	"1612.7368749999998"	"1305.7011460601987"	"16.0"	"2.0"	"32.0"	"0.0"	"215.0"	"6950.0"	"0.0"	"0.0"	"52.0"	"3.0"	"Male"	"2013-10-09T00:00:00.000000Z"	"36.0"	"25450.0"	"3.BRONZE"	"1994-07-03T00:00:00.000000Z"	"Vikki"	"Dallewater"	"Emergent"
"240197.0"	"Standard Credit Card"	"Unsecured Lending"	"2015-01-28T00:00:00.000000Z"	"2883513558431036848"	""	"0"	"-4102.91"	"7544.8"	"16.0"	"2650.4325"	"3216.46472755726"	"16.0"	"9.585625"	"153.37"	"9.0"	"218.0"	"13220.0"	"0.0"	"0.0"	"37.0"	"14.0"	"Female"	"2001-04-16T00:00:00.000000Z"	"28.0"	"44760.0"	"2.SILVER"	"1963-06-25T00:00:00.000000Z"	"Cheri"	"Cape"	"Sophisticates"
"524569.0"	"Current Account"	"Deposit Account"	"2015-01-28T00:00:00.000000Z"	"5519533054791294360"	""	"0"	"-479.6"	"2368.8"	"16.0"	"987.3675000000001"	"774.7123768513492"	"16.0"	"2.5"	"40.0"	"2.0"	"210.0"	"3080.0"	"1.0"	"13.26"	"34.0"	"11.0"	"Female"	"2005-03-22T00:00:00.000000Z"	"28.0"	"11530.0"	"2.SILVER"	"1939-06-25T00:00:00.000000Z"	"Saxon"	"Brocking"	"Sophisticates"
"360504.0"	"Mortgage"	"Secured Lending"	"2015-01-28T00:00:00.000000Z"	"6618911950287348232"	""	"0"	"61063.43"	"66041.48"	"16.0"	"63552.455000000016"	"1580.0172350536868"	"16.0"	"4.652581364541812"	"74.441301832669"	"3.0"	"216.0"	"4930.0"	"0.0"	"0.0"	"59.0"	"5.0"	"Female"	"2002-05-22T00:00:00.000000Z"	"12.0"	"15220.0"	"3.BRONZE"	"1985-06-09T00:00:00.000000Z"	"Isidro"	"McCullouch"	"Loyalist"
"1294932.0"	"Car Loan"	"Secured Lending"	"2015-01-28T00:00:00.000000Z"	"5106753545048692681"	""	"0"	"3903.59"	"5444.39"	"16.0"	"4673.99"	"489.04501878661523"	"16.0"	"10.325623076349782"	"165.2099692215965"	"3.0"	"205.0"	"4410.0"	"0.0"	"0.0"	"33.0"	"8.0"	"Male"	"2014-08-07T00:00:00.000000Z"	"46.0"	"13910.0"	"2.SILVER"	"1961-07-13T00:00:00.000000Z"	"Ives"	"Swatton"	"Loyalist"
"431025.0"	"Current Account"	"Deposit Account"	"2015-01-28T00:00:00.000000Z"	"5584218731790399129"	""	"0"	"-361.35"	"1019.56"	"16.0"	"585.6049999999999"	"397.8026272747161"	"16.0"	"0.0"	"0.0"	"3.0"	"234.0"	"6070.0"	"0.0"	"0.0"	"44.0"	"3.0"	"Female"	"2003-08-11T00:00:00.000000Z"	"28.0"	"23250.0"	"2.SILVER"	"1976-06-25T00:00:00.000000Z"	"Malvin"	"Rickerby"	"Emergent"
"384440.0"	"Savings Account"	"Deposit Account"	"2015-01-28T00:00:00.000000Z"	"2445862924936545642"	""	"0"	"-796.94"	"3437.69"	"16.0"	"1678.6256249999997"	"1031.31627633149"	"16.0"	""	""	"1.0"	"205.0"	"24250.0"	"1.0"	"83.82"	"40.0"	"4.0"	"Female"	"2002-10-07T00:00:00.000000Z"	"28.0"	"88490.0"	"2.SILVER"	"1965-06-25T00:00:00.000000Z"	"Newton"	"Shepherdson"	"Sophisticates"
"352144.0"	"Current Account"	"Deposit Account"	"2015-01-28T00:00:00.000000Z"	"2971520893000670844"	""	"0"	"-833.57"	"9265.36"	"16.0"	"3452.06625"	"3562.556757966344"	"16.0"	"2.0"	"32.0"	"3.0"	"204.0"	"12000.0"	"2.0"	"56.58"	"41.0"	"8.0"	"Male"	"2002-04-18T00:00:00.000000Z"	"28.0"	"42850.0"	"2.SILVER"	"1972-06-25T00:00:00.000000Z"	"Darsey"	"Janney"	"Traditionalist"
"71248.0"	"Managed Securities"	"Securities"	"2015-01-28T00:00:00.000000Z"	"8620769939820889925"	""	"0"	"-4717.5"	"18631.41"	"16.0"	"8396.781875"	"6391.350108370134"	"16.0"	"46.17750000000001"	"738.8400000000001"	"6.0"	"215.0"	"14080.0"	"0.0"	"0.0"	"38.0"	"13.0"	"Female"	"1997-09-17T00:00:00.000000Z"	"28.0"	"47940.0"	"1.GOLD"	"1951-06-25T00:00:00.000000Z"	"Gerda"	"Fuggles"	"Sophisticates"
"138601.0"	"Premium Credit Card"	"Unsecured Lending"	"2015-01-28T00:00:00.000000Z"	"4052889611930025759"	""	"0"	"200.05"	"5923.29"	"16.0"	"2355.7193749999997"	"1583.7468596568447"	"16.0"	"19.122500000000002"	"305.96000000000004"	"2.0"	"176.0"	"6280.0"	"2.0"	"68.67999999999999"	"46.0"	"9.0"	"Male"	"1999-07-20T00:00:00.000000Z"	"28.0"	"24270.0"	"2.SILVER"	"1973-06-25T00:00:00.000000Z"	"Micah"	"Josefson"	"Sophisticates"
"1376255.0"	"Current Account"	"Deposit Account"	"2015-01-28T00:00:00.000000Z"	"1504979925648964455"	""	"0"	"-17.46"	"481.86"	"16.0"	"189.971875"	"145.49355496464443"	"16.0"	"1.5"	"24.0"	"1.0"	"177.0"	"4570.0"	"2.0"	"18.91"	"33.0"	"4.0"	"Female"	"2015-01-15T00:00:00.000000Z"	"41.0"	"13730.0"	"1.GOLD"	"1948-07-08T00:00:00.000000Z"	"Selinda"	"Malyj"	"Loyalist"
"79619.0"	"Savings Account"	"Deposit Account"	"2015-01-28T00:00:00.000000Z"	"1730156101897167488"	""	"0"	"-81.67"	"715.58"	"16.0"	"393.99312499999996"	"240.32819023767618"	"16.0"	""	""	"1.0"	"213.0"	"5950.0"	"0.0"	"0.0"	"41.0"	"6.0"	"Female"	"1997-12-15T00:00:00.000000Z"	"38.0"	"20950.0"	"2.SILVER"	"1969-07-05T00:00:00.000000Z"	"Theresina"	"Opfer"	"Sophisticates"
"152153.0"	"Car Loan"	"Secured Lending"	"2015-01-28T00:00:00.000000Z"	"7129844232548317778"	""	"0"	"3016.84"	"4984.39"	"16.0"	"4000.615"	"624.4941113146436"	"16.0"	"1.2967632128482491"	"20.748211405571986"	"5.0"	"169.0"	"6220.0"	"5.0"	"277.78000000000003"	"44.0"	"23.0"	"Female"	"1999-12-07T00:00:00.000000Z"	"28.0"	"19310.0"	"2.SILVER"	"1969-06-25T00:00:00.000000Z"	"Georg"	"Danielot"	"Loyalist"
"721106.0"	"Current Account"	"Deposit Account"	"2015-01-28T00:00:00.000000Z"	"1270256769805677363"	""	"0"	"-816.69"	"6802.72"	"16.0"	"2614.4362499999997"	"2182.575332784262"	"16.0"	"1.0"	"16.0"	"2.0"	"187.0"	"7300.0"	"2.0"	"22.9"	"35.0"	"18.0"	"Male"	"2007-09-26T00:00:00.000000Z"	"28.0"	"24890.0"	"1.GOLD"	"1932-06-25T00:00:00.000000Z"	"Fabian"	"Abrahamsson"	"Sophisticates"
"533457.0"	"Personal Loan"	"Unsecured Lending"	"2015-01-28T00:00:00.000000Z"	"3725054020053079371"	""	"0"	"502.26"	"3014.46"	"16.0"	"1758.36"	"797.3642888082377"	"16.0"	"22.12101126485851"	"353.93618023773615"	"0.0"	"187.0"	"8240.0"	"2.0"	"57.16"	"36.0"	"8.0"	"Female"	"2005-05-18T00:00:00.000000Z"	"7.0"	"26460.0"	"2.SILVER"	"1973-06-04T00:00:00.000000Z"	"Trenna"	"Mion"	"Sophisticates"
"647978.0"	"Car Loan"	"Secured Lending"	"2015-01-28T00:00:00.000000Z"	"4500580202151938107"	""	"0"	"7537.74"	"12677.19"	"16.0"	"10107.464999999998"	"1631.2450816477542"	"16.0"	"7.588309441696734"	"121.41295106714774"	"3.0"	"197.0"	"20270.0"	"0.0"	"0.0"	"46.0"	"11.0"	"Male"	"2006-10-13T00:00:00.000000Z"	"28.0"	"71940.0"	"2.SILVER"	"1988-06-25T00:00:00.000000Z"	"Leland"	"Bouskill"	"Sophisticates"
"122013.0"	"Managed Securities"	"Securities"	"2015-01-28T00:00:00.000000Z"	"8832956094677388029"	""	"0"	"-1028.47"	"18072.62"	"16.0"	"7607.199375"	"5869.554296826371"	"16.0"	"29.469375000000003"	"471.51000000000005"	"3.0"	"183.0"	"14170.0"	"0.0"	"0.0"	"28.0"	"7.0"	"Male"	"1999-02-11T00:00:00.000000Z"	"28.0"	"47120.0"	"1.GOLD"	"1932-06-25T00:00:00.000000Z"	"Rasia"	"Marunchak"	"Loyalist"
"1075427.0"	"Current Account"	"Deposit Account"	"2015-01-28T00:00:00.000000Z"	"7354611922018222798"	"2016-03-28T00:00:00.000000Z"	"1"	"-148.59"	"734.69"	"14.0"	"309.5528571428572"	"250.59670390209328"	"14.0"	"1.5"	"21.0"	"0.0"	"172.0"	"2370.0"	"2.0"	"14.58"	"45.0"	"3.0"	"Male"	"2012-10-04T00:00:00.000000Z"	"47.0"	"9740.0"	"2.SILVER"	"1969-07-14T00:00:00.000000Z"	"Boyce"	"Gaye"	"Loyalist"
"238459.0"	"Savings Account"	"Deposit Account"	"2015-01-28T00:00:00.000000Z"	"4494927222010340539"	""	"0"	"-78.79"	"6033.09"	"16.0"	"1994.74125"	"1661.8823204261487"	"16.0"	""	""	"0.0"	"209.0"	"14750.0"	"4.0"	"233.08"	"32.0"	"4.0"	"Female"	"2001-04-09T00:00:00.000000Z"	"28.0"	"45750.0"	"2.SILVER"	"1956-06-25T00:00:00.000000Z"	"Margarette"	"McGifford"	"Sophisticates"
"737540.0"	"Current Account"	"Deposit Account"	"2015-01-28T00:00:00.000000Z"	"5249442955912899956"	""	"0"	"-2159.12"	"7512.82"	"16.0"	"2648.7599999999998"	"2746.7588546139245"	"16.0"	"0.0"	"0.0"	"1.0"	"197.0"	"10960.0"	"1.0"	"21.19"	"40.0"	"5.0"	"Male"	"2007-12-17T00:00:00.000000Z"	"28.0"	"41420.0"	"1.GOLD"	"1964-06-25T00:00:00.000000Z"	"Chancey"	"Bollis"	"Sophisticates"
"1340813.0"	"Current Account"	"Deposit Account"	"2015-01-28T00:00:00.000000Z"	"6092014603574163884"	""	"0"	"-2297.83"	"19005.72"	"16.0"	"8102.210000000001"	"5040.047770571228"	"16.0"	"0.0"	"0.0"	"1.0"	"188.0"	"15120.0"	"0.0"	"0.0"	"44.0"	"3.0"	"Female"	"2014-10-24T00:00:00.000000Z"	"28.0"	"48550.0"	"2.SILVER"	"1969-06-25T00:00:00.000000Z"	"Heath"	"Hedon"	"Emergent"
"852732.0"	"Premium Credit Card"	"Unsecured Lending"	"2015-01-28T00:00:00.000000Z"	"7357291249949712612"	""	"0"	"-1915.91"	"3285.5"	"16.0"	"1085.0225"	"1451.9774417783951"	"16.0"	"7.07125"	"113.14"	"0.0"	"237.0"	"3530.0"	"1.0"	"7.68"	"39.0"	"5.0"	"Female"	"2009-09-25T00:00:00.000000Z"	"14.0"	"15460.0"	"2.SILVER"	"1963-06-11T00:00:00.000000Z"	"Jaye"	"Finlator"	"Emergent"
"1044209.0"	"Current Account"	"Deposit Account"	"2015-01-28T00:00:00.000000Z"	"2321252176505095336"	""	"0"	"88.45"	"1048.89"	"16.0"	"489.735"	"260.00591085588803"	"16.0"	"0.5"	"8.0"	"1.0"	"197.0"	"6920.0"	"0.0"	"0.0"	"47.0"	"1.0"	"Male"	"2012-08-06T00:00:00.000000Z"	"36.0"	"24630.0"	"3.BRONZE"	"1992-07-03T00:00:00.000000Z"	"Gustavus"	"Saffe"	"Emergent"
"601382.0"	"Car Loan"	"Secured Lending"	"2015-01-28T00:00:00.000000Z"	"9137398345259727059"	"2016-01-28T00:00:00.000000Z"	"1"	"717.03"	"1280.34"	"12.0"	"998.6850000000001"	"184.6402808165109"	"12.0"	"5.417952450298103"	"65.01542940357724"	"3.0"	"207.0"	"3580.0"	"0.0"	"0.0"	"48.0"	"8.0"	"Male"	"2006-03-08T00:00:00.000000Z"	"28.0"	"12390.0"	"2.SILVER"	"1980-06-25T00:00:00.000000Z"	"Odette"	"Smedley"	"Loyalist"
"1034991.0"	"Mortgage"	"Secured Lending"	"2015-06-28T00:00:00.000000Z"	"5855909259713540175"	"2015-09-28T00:00:00.000000Z"	"1"	"284802.17"	"287897.85"	"3.0"	"286350.01"	"1547.8400000000038"	"3.0"	"11.181706459220393"	"33.54511937766118"	"1.0"	"194.0"	"18660.0"	"0.0"	"0.0"	"51.0"	"3.0"	"Female"	"2012-07-30T00:00:00.000000Z"	"47.0"	"58290.0"	"3.BRONZE"	"1993-07-14T00:00:00.000000Z"	"Marice"	"Minshall"	"Loyalist"
"78365.0"	"Mortgage"	"Secured Lending"	"2015-01-28T00:00:00.000000Z"	"653797001417786598"	"2015-02-28T00:00:00.000000Z"	"1"	"98216.96"	"98216.96"	"1.0"	"98216.96"	""	"1.0"	"17.9824838366297"	"17.9824838366297"	"0.0"	"197.0"	"6250.0"	"0.0"	"0.0"	"41.0"	"6.0"	"Female"	"1997-12-03T00:00:00.000000Z"	"28.0"	"28770.0"	"2.SILVER"	"1966-06-25T00:00:00.000000Z"	"Thornie"	"Sheehy"	"Loyalist"
"1145299.0"	"Current Account"	"Deposit Account"	"2015-01-28T00:00:00.000000Z"	"5686761593971324804"	""	"0"	"50.84"	"632.17"	"16.0"	"272.2375"	"174.14984036742612"	"16.0"	"1.5"	"24.0"	"1.0"	"223.0"	"3610.0"	"0.0"	"0.0"	"44.0"	"2.0"	"Male"	"2013-07-22T00:00:00.000000Z"	"18.0"	"13280.0"	"3.BRONZE"	"1994-06-15T00:00:00.000000Z"	"Dora"	"Clyma"	"Emergent"
"491888.0"	"Savings Account"	"Deposit Account"	"2015-01-28T00:00:00.000000Z"	"7787191085455137362"	""	"0"	"42.77"	"864.8"	"16.0"	"383.568125"	"201.75281553487673"	"16.0"	""	""	"1.0"	"191.0"	"6320.0"	"0.0"	"0.0"	"32.0"	"15.0"	"Female"	"2004-09-20T00:00:00.000000Z"	"50.0"	"20020.0"	"2.SILVER"	"1929-07-17T00:00:00.000000Z"	"Nancee"	"Warrilow"	"Sophisticates"
"143804.0"	"Car Loan"	"Secured Lending"	"2015-01-28T00:00:00.000000Z"	"3515104148477477651"	""	"0"	"6703.35"	"10570.65"	"16.0"	"8637.000000000002"	"1227.468718297946"	"16.0"	"0.8792006272888653"	"14.067210036621844"	"8.0"	"185.0"	"12020.0"	"2.0"	"127.27000000000001"	"39.0"	"16.0"	"Female"	"1999-09-29T00:00:00.000000Z"	"28.0"	"39880.0"	"1.GOLD"	"1965-06-25T00:00:00.000000Z"	"Nat"	"Granville"	"Traditionalist"
"1124201.0"	"Mortgage"	"Secured Lending"	"2015-01-28T00:00:00.000000Z"	"3936802580268328478"	""	"0"	"87011.83"	"91757.98"	"16.0"	"89384.905"	"1506.41291271681"	"16.0"	"5.339372937780301"	"85.42996700448482"	"0.0"	"201.0"	"4870.0"	"2.0"	"26.73"	"43.0"	"7.0"	"Female"	"2013-03-11T00:00:00.000000Z"	"28.0"	"18160.0"	"2.SILVER"	"1967-06-25T00:00:00.000000Z"	"Klemens"	"Treswell"	"Traditionalist"
"230297.0"	"Standard Credit Card"	"Unsecured Lending"	"2015-01-28T00:00:00.000000Z"	"1594784946947941078"	""	"0"	"-3410.8"	"8146.36"	"16.0"	"3812.3925"	"3372.796715537419"	"16.0"	"8.903125000000001"	"142.45000000000002"	"6.0"	"218.0"	"8150.0"	"1.0"	"110.49"	"39.0"	"13.0"	"Female"	"2001-03-20T00:00:00.000000Z"	"28.0"	"28760.0"	"2.SILVER"	"1956-06-25T00:00:00.000000Z"	"Elly"	"Sheehy"	"Sophisticates"
"435117.0"	"Current Account"	"Deposit Account"	"2015-01-28T00:00:00.000000Z"	"5621794228455373977"	"2015-01-28T00:00:00.000000Z"	"1"	""	""	""	""	""	""	""	""	"1.0"	"178.0"	"5510.0"	"0.0"	"0.0"	"32.0"	"1.0"	"Male"	"2003-09-15T00:00:00.000000Z"	"28.0"	"26610.0"	"2.SILVER"	"1955-06-25T00:00:00.000000Z"	"Elnore"	"Thripp"	"Loyalist"
"1292732.0"	"Personal Loan"	"Unsecured Lending"	"2015-01-28T00:00:00.000000Z"	"134719679574662169"	"2015-11-28T00:00:00.000000Z"	"1"	"-797.55"	"159.51"	"10.0"	"-319.02"	"321.96033865472725"	"10.0"	"2.185118628954047"	"21.851186289540472"	"0.0"	"199.0"	"7240.0"	"0.0"	"0.0"	"41.0"	"3.0"	"Male"	"2014-08-05T00:00:00.000000Z"	"8.0"	"25420.0"	"3.BRONZE"	"1995-06-05T00:00:00.000000Z"	"Killie"	"Branche"	"Loyalist"
"158104.0"	"Managed Securities"	"Securities"	"2015-01-28T00:00:00.000000Z"	"9220484717967692374"	""	"0"	"-1138.62"	"2965.78"	"16.0"	"1005.441875"	"997.94656610608"	"16.0"	"62.42312499999999"	"998.7699999999999"	"1.0"	"199.0"	"15480.0"	"2.0"	"103.84"	"43.0"	"10.0"	"Male"	"2000-01-28T00:00:00.000000Z"	"28.0"	"51790.0"	"1.GOLD"	"1969-06-25T00:00:00.000000Z"	"Sherwood"	"Callam"	"Sophisticates"
"725275.0"	"Current Account"	"Deposit Account"	"2015-01-28T00:00:00.000000Z"	"6977184189208808452"	""	"0"	"-1209.75"	"2629.82"	"16.0"	"1038.273125"	"961.8960407079255"	"16.0"	"2.0"	"32.0"	"3.0"	"207.0"	"7620.0"	"0.0"	"0.0"	"38.0"	"3.0"	"Female"	"2007-10-12T00:00:00.000000Z"	"28.0"	"26440.0"	"2.SILVER"	"1968-06-25T00:00:00.000000Z"	"Zebadiah"	"Sanham"	"Sophisticates"
"526901.0"	"Premium Credit Card"	"Unsecured Lending"	"2015-01-28T00:00:00.000000Z"	"2016438186679680452"	"2015-11-28T00:00:00.000000Z"	"1"	"-687.54"	"1273.08"	"10.0"	"643.204"	"542.551037132299"	"10.0"	"7.372"	"73.72"	"1.0"	"207.0"	"7760.0"	"3.0"	"208.6"	"49.0"	"7.0"	"Female"	"2005-04-06T00:00:00.000000Z"	"28.0"	"29590.0"	"2.SILVER"	"1969-06-25T00:00:00.000000Z"	"Johnnie"	"Kelcey"	"Loyalist"
"1138193.0"	"Car Loan"	"Secured Lending"	"2015-02-28T00:00:00.000000Z"	"1049651841476707287"	""	"0"	"-2154.48"	"861.82"	"15.0"	"-646.33"	"963.5216915046594"	"15.0"	"19.65680788637769"	"294.8521182956653"	"5.0"	"206.0"	"8600.0"	"2.0"	"147.42000000000002"	"38.0"	"7.0"	"Female"	"2013-06-24T00:00:00.000000Z"	"28.0"	"32450.0"	"2.SILVER"	"1972-06-25T00:00:00.000000Z"	"Ursula"	"Marunchak"	"Sophisticates"
"163582.0"	"Personal Loan"	"Unsecured Lending"	"2015-01-28T00:00:00.000000Z"	"578645554174762206"	""	"0"	"1378.05"	"4823.55"	"16.0"	"3100.8"	"1093.5907400241947"	"16.0"	"12.6439260070319"	"202.3028161125104"	"4.0"	"179.0"	"8740.0"	"2.0"	"73.63"	"35.0"	"7.0"	"Female"	"2000-02-29T00:00:00.000000Z"	"28.0"	"31760.0"	"1.GOLD"	"1940-06-25T00:00:00.000000Z"	"Alisun"	"Thredder"	"Traditionalist"
"150536.0"	"Standard Credit Card"	"Unsecured Lending"	"2015-02-28T00:00:00.000000Z"	"8387646334366189825"	""	"0"	"77.05"	"547.05"	"15.0"	"293.806"	"151.88867430739248"	"15.0"	"13.321333333333335"	"199.82000000000002"	"4.0"	"197.0"	"15380.0"	"1.0"	"268.48"	"36.0"	"14.0"	"Female"	"1999-12-07T00:00:00.000000Z"	"28.0"	"49870.0"	"2.SILVER"	"1967-06-25T00:00:00.000000Z"	"Cort"	"Cheeney"	"Sophisticates"
"361483.0"	"Home Equity Loan"	"Secured Lending"	"2015-01-28T00:00:00.000000Z"	"1324688148702217310"	""	"0"	"1398.63"	"1981.38"	"16.0"	"1690.005"	"184.96299629926008"	"16.0"	"2.6081378101206036"	"41.73020496192966"	"7.0"	"209.0"	"2400.0"	"0.0"	"0.0"	"48.0"	"6.0"	"Female"	"2002-05-29T00:00:00.000000Z"	"3.0"	"8620.0"	"2.SILVER"	"1981-05-31T00:00:00.000000Z"	"Zebadiah"	"Laven"	"Sophisticates"
"1354992.0"	"Current Account"	"Deposit Account"	"2016-04-28T00:00:00.000000Z"	"610645736367967653"	""	"0"	"1262.48"	"1262.48"	"1.0"	"1262.48"	""	"1.0"	"1.5"	"1.5"	"0.0"	"6.0"	"650.0"	"0.0"	"0.0"	"4.0"	"0.0"	"Male"	"2014-11-14T00:00:00.000000Z"	"28.0"	"28720.0"	"3.BRONZE"	"1994-06-25T00:00:00.000000Z"	"Dino"	"Tesche"	"Emergent"
"834010.0"	"Current Account"	"Deposit Account"	"2015-01-28T00:00:00.000000Z"	"2683824669061577800"	""	"0"	"-1746.86"	"3321.29"	"16.0"	"1448.284375"	"1373.1896378624901"	"16.0"	"0.5"	"8.0"	"1.0"	"241.0"	"7150.0"	"1.0"	"9.68"	"33.0"	"8.0"	"Male"	"2009-02-12T00:00:00.000000Z"	"28.0"	"27080.0"	"2.SILVER"	"1955-06-25T00:00:00.000000Z"	"Eudora"	"Evenett"	"Sophisticates"
"1386771.0"	"Personal Loan"	"Unsecured Lending"	"2015-08-28T00:00:00.000000Z"	"5773601487164018126"	""	"0"	"1620.86"	"2855.9"	"9.0"	"2238.38"	"422.78704213823755"	"9.0"	"9.425346127804263"	"84.82811515023836"	"2.0"	"192.0"	"3970.0"	"0.0"	"0.0"	"36.0"	"4.0"	"Female"	"2015-03-09T00:00:00.000000Z"	"8.0"	"16570.0"	"2.SILVER"	"1979-06-05T00:00:00.000000Z"	"Sharai"	"Gilford"	"Loyalist"
"62855.0"	"Savings Account"	"Deposit Account"	"2015-01-28T00:00:00.000000Z"	"8949137822778007602"	""	"0"	"-878.34"	"2186.18"	"16.0"	"899.39125"	"953.555694208961"	"16.0"	""	""	"3.0"	"175.0"	"3770.0"	"1.0"	"12.45"	"32.0"	"14.0"	"Female"	"2000-07-27T00:00:00.000000Z"	"30.0"	"12760.0"	"2.SILVER"	"1926-06-27T00:00:00.000000Z"	"Killie"	"Banat"	"Sophisticates"
"211300.0"	"Savings Account"	"Deposit Account"	"2015-01-28T00:00:00.000000Z"	"622730527415574596"	""	"0"	"-73.99"	"375.89"	"16.0"	"196.82812499999997"	"110.90653243272014"	"16.0"	""	""	"2.0"	"204.0"	"7650.0"	"0.0"	"0.0"	"42.0"	"4.0"	"Male"	"2000-12-27T00:00:00.000000Z"	"47.0"	"27670.0"	"2.SILVER"	"1975-07-14T00:00:00.000000Z"	"Tiphany"	"Beazleigh"	"Sophisticates"
"280754.0"	"Personal Loan"	"Unsecured Lending"	"2015-01-28T00:00:00.000000Z"	"8782756153293782518"	""	"0"	"2530.89"	"5694.39"	"16.0"	"4112.64"	"1004.0848370531266"	"16.0"	"13.900394703226247"	"222.40631525161996"	"12.0"	"235.0"	"5500.0"	"1.0"	"82.63"	"36.0"	"14.0"	"Female"	"2001-10-09T00:00:00.000000Z"	"28.0"	"20750.0"	"2.SILVER"	"1969-06-25T00:00:00.000000Z"	"Manolo"	"Portchmouth"	"Sophisticates"
"605628.0"	"Current Account"	"Deposit Account"	"2015-01-28T00:00:00.000000Z"	"8621673891830142895"	""	"0"	"-1.54"	"2515.95"	"16.0"	"1112.50125"	"807.6908334659988"	"16.0"	"2.5"	"40.0"	"6.0"	"221.0"	"9280.0"	"2.0"	"222.05"	"30.0"	"7.0"	"Male"	"2006-03-31T00:00:00.000000Z"	"28.0"	"32200.0"	"2.SILVER"	"1925-06-25T00:00:00.000000Z"	"Harriet"	"Howerd"	"Sophisticates"
"349449.0"	"Managed Securities"	"Securities"	"2015-01-28T00:00:00.000000Z"	"1505415645495663913"	""	"0"	"72.79"	"12948.17"	"16.0"	"5896.319374999999"	"3505.9407944239806"	"16.0"	"41.39375"	"662.3"	"4.0"	"196.0"	"18170.0"	"5.0"	"325.81"	"37.0"	"20.0"	"Female"	"2002-04-11T00:00:00.000000Z"	"28.0"	"63910.0"	"1.GOLD"	"1947-06-25T00:00:00.000000Z"	"Grantham"	"Cordery"	"Loyalist"
"1073832.0"	"Current Account"	"Deposit Account"	"2015-01-28T00:00:00.000000Z"	"6361597044831151317"	"2015-07-28T00:00:00.000000Z"	"1"	"-49.93"	"334.53"	"6.0"	"255.90666666666664"	"150.63233791808008"	"6.0"	"1.0"	"6.0"	"0.0"	"198.0"	"1400.0"	"0.0"	"0.0"	"41.0"	"2.0"	"Male"	"2012-10-03T00:00:00.000000Z"	"27.0"	"5110.0"	"3.BRONZE"	"1992-06-24T00:00:00.000000Z"	"Bibby"	"Caughan"	"Loyalist"
"46839.0"	"Car Loan"	"Secured Lending"	"2015-02-28T00:00:00.000000Z"	"1715203396237521024"	""	"0"	"-1124.37"	"86.49"	"15.0"	"-518.94"	"386.79503874791357"	"15.0"	"1.6645623749354437"	"24.968435624031656"	"2.0"	"206.0"	"3200.0"	"1.0"	"24.02"	"44.0"	"9.0"	"Female"	"1998-10-22T00:00:00.000000Z"	"46.0"	"11890.0"	"2.SILVER"	"1964-07-13T00:00:00.000000Z"	"Felice"	"Keemer"	"Loyalist"
"655568.0"	"Savings Account"	"Deposit Account"	"2015-01-28T00:00:00.000000Z"	"4311527549604075878"	""	"0"	"-4091.09"	"8075.21"	"16.0"	"2202.795"	"3315.3555064718676"	"16.0"	""	""	"1.0"	"214.0"	"8850.0"	"0.0"	"0.0"	"39.0"	"4.0"	"Male"	"2006-11-09T00:00:00.000000Z"	"28.0"	"32610.0"	"2.SILVER"	"1970-06-25T00:00:00.000000Z"	"Erich"	"Finlator"	"Emergent"
"796258.0"	"Direct Securities"	"Securities"	"2015-01-28T00:00:00.000000Z"	"4265913792698129843"	""	"0"	"-534.63"	"10518.38"	"16.0"	"3399.1868749999994"	"2884.631591654224"	"16.0"	"16.736250000000002"	"267.78000000000003"	"4.0"	"184.0"	"5940.0"	"2.0"	"74.25999999999999"	"41.0"	"14.0"	"Female"	"2008-09-23T00:00:00.000000Z"	"26.0"	"26410.0"	"2.SILVER"	"1950-06-23T00:00:00.000000Z"	"Verla"	"Tatersale"	"Sophisticates"
"977659.0"	"Current Account"	"Deposit Account"	"2015-01-28T00:00:00.000000Z"	"479738048393803781"	""	"0"	"-878.16"	"1677.71"	"16.0"	"675.2006250000001"	"737.1041173535684"	"16.0"	"2.0"	"32.0"	"1.0"	"205.0"	"2390.0"	"0.0"	"0.0"	"47.0"	"2.0"	"Male"	"2011-11-11T00:00:00.000000Z"	"11.0"	"8780.0"	"3.BRONZE"	"1988-06-08T00:00:00.000000Z"	"Jeni"	"Darkin"	"Emergent"
"716816.0"	"Current Account"	"Deposit Account"	"2015-01-28T00:00:00.000000Z"	"4110387221863992645"	"2015-07-28T00:00:00.000000Z"	"1"	"1386.86"	"9119.6"	"6.0"	"5133.153333333334"	"2894.0416428909016"	"6.0"	"1.0"	"6.0"	"0.0"	"218.0"	"10230.0"	"0.0"	"0.0"	"38.0"	"8.0"	"Female"	"2007-09-05T00:00:00.000000Z"	"35.0"	"34790.0"	"2.SILVER"	"1967-07-02T00:00:00.000000Z"	"Munmro"	"Markham"	"Loyalist"
"231364.0"	"Savings Account"	"Deposit Account"	"2015-01-28T00:00:00.000000Z"	"7948352691199232660"	""	"0"	"-3401.89"	"8749.37"	"16.0"	"4339.451875000001"	"2864.3545677731513"	"16.0"	""	""	"0.0"	"195.0"	"8410.0"	"0.0"	"0.0"	"44.0"	"7.0"	"Female"	"2001-03-21T00:00:00.000000Z"	"38.0"	"27700.0"	"2.SILVER"	"1972-07-05T00:00:00.000000Z"	"Marice"	"Deering"	"Sophisticates"
"813605.0"	"Premium Credit Card"	"Unsecured Lending"	"2015-01-28T00:00:00.000000Z"	"167672725257743927"	""	"0"	"-538.12"	"2153.69"	"16.0"	"1104.9681249999999"	"740.4904612774675"	"16.0"	"6.2925"	"100.68"	"1.0"	"176.0"	"4580.0"	"2.0"	"53.18"	"44.0"	"13.0"	"Female"	"2008-11-04T00:00:00.000000Z"	"46.0"	"15450.0"	"2.SILVER"	"1963-07-13T00:00:00.000000Z"	"Sarene"	"Hugnet"	"Sophisticates"
"1355487.0"	"Mortgage"	"Secured Lending"	"2015-02-28T00:00:00.000000Z"	"5804161564775223125"	"2015-07-28T00:00:00.000000Z"	"1"	"72942.5"	"73921.58"	"5.0"	"73432.04000000001"	"387.0153514397107"	"5.0"	"7.960405142248786"	"39.80202571124393"	"1.0"	"63.0"	"1000.0"	"1.0"	"5.19"	"14.0"	"6.0"	"Female"	"2014-11-17T00:00:00.000000Z"	"28.0"	"14170.0"	"2.SILVER"	"1978-06-25T00:00:00.000000Z"	"Ignatius"	"Nutkin"	"Loyalist"
"139151.0"	"Premium Credit Card"	"Unsecured Lending"	"2015-01-28T00:00:00.000000Z"	"1961949016487559675"	""	"0"	"-2020.09"	"5240.55"	"16.0"	"2151.3525"	"2112.537333573066"	"16.0"	"13.051874999999999"	"208.82999999999998"	"2.0"	"177.0"	"5840.0"	"4.0"	"104.21"	"36.0"	"13.0"	"Female"	"1999-07-27T00:00:00.000000Z"	"8.0"	"21410.0"	"2.SILVER"	"1966-06-05T00:00:00.000000Z"	"Hermy"	"Palay"	"Traditionalist"
"358986.0"	"Savings Account"	"Deposit Account"	"2015-01-28T00:00:00.000000Z"	"7711099539469161673"	"2016-02-28T00:00:00.000000Z"	"1"	"-173.66"	"443.95"	"13.0"	"178.72153846153844"	"180.10891125677972"	"13.0"	""	""	"4.0"	"222.0"	"20730.0"	"1.0"	"21.91"	"32.0"	"10.0"	"Female"	"2002-05-13T00:00:00.000000Z"	"29.0"	"59780.0"	"2.SILVER"	"1947-06-26T00:00:00.000000Z"	"Retha"	"Blagbrough"	"Loyalist"
"779945.0"	"Current Account"	"Deposit Account"	"2015-01-28T00:00:00.000000Z"	"1903124810434139072"	""	"0"	"354.83"	"20849.96"	"16.0"	"7976.637500000001"	"4891.852518240917"	"16.0"	"2.0"	"32.0"	"3.0"	"211.0"	"15350.0"	"5.0"	"566.51"	"28.0"	"9.0"	"Female"	"2008-07-17T00:00:00.000000Z"	"28.0"	"58070.0"	"2.SILVER"	"1932-06-25T00:00:00.000000Z"	"Ardith"	"Sharrock"	"Sophisticates"
"292722.0"	"Managed Securities"	"Securities"	"2015-01-28T00:00:00.000000Z"	"1711958248273594789"	"2015-06-28T00:00:00.000000Z"	"1"	"-3140.88"	"5521.56"	"5.0"	"2495.88"	"3536.701330413695"	"5.0"	"30.248"	"151.24"	"3.0"	"220.0"	"9730.0"	"0.0"	"0.0"	"36.0"	"6.0"	"Female"	"2001-11-08T00:00:00.000000Z"	"28.0"	"35840.0"	"1.GOLD"	"1943-06-25T00:00:00.000000Z"	"Lemmy"	"Feander"	"Loyalist"
"76242.0"	"Managed Securities"	"Securities"	"2015-01-28T00:00:00.000000Z"	"5355532586893269841"	""	"0"	"425.54"	"15860.52"	"16.0"	"6663.592500000001"	"4474.064609318169"	"16.0"	"16.181875"	"258.91"	"0.0"	"202.0"	"13890.0"	"1.0"	"10.48"	"45.0"	"11.0"	"Female"	"1997-11-12T00:00:00.000000Z"	"28.0"	"48240.0"	"2.SILVER"	"1959-06-25T00:00:00.000000Z"	"Adriaens"	"Raggett"	"Sophisticates"
"1071753.0"	"Current Account"	"Deposit Account"	"2015-01-28T00:00:00.000000Z"	"2639929822228402399"	"2015-04-28T00:00:00.000000Z"	"1"	"-734.24"	"1976.57"	"3.0"	"1035.6733333333334"	"1533.8103498259925"	"3.0"	"2.5"	"7.5"	"0.0"	"182.0"	"5630.0"	"0.0"	"0.0"	"38.0"	"3.0"	"Male"	"2012-10-01T00:00:00.000000Z"	"8.0"	"31680.0"	"2.SILVER"	"1983-06-05T00:00:00.000000Z"	"Libbie"	"Balloch"	"Loyalist"
"897491.0"	"Managed Securities"	"Securities"	"2015-01-28T00:00:00.000000Z"	"678950593775307231"	""	"0"	"1.27"	"10125.51"	"16.0"	"4220.18"	"3597.869351785859"	"16.0"	"33.00125"	"528.02"	"3.0"	"175.0"	"12030.0"	"8.0"	"219.47000000000003"	"31.0"	"24.0"	"Male"	"2010-11-22T00:00:00.000000Z"	"28.0"	"45910.0"	"1.GOLD"	"1923-06-25T00:00:00.000000Z"	"Donal"	"Rominov"	"Sophisticates"
"1140371.0"	"Managed Securities"	"Securities"	"2015-08-28T00:00:00.000000Z"	"6706990868241521872"	""	"0"	"1118.38"	"5380.18"	"9.0"	"3314.687777777778"	"1477.0824273528015"	"9.0"	"7.411111111111111"	"66.7"	"1.0"	"230.0"	"7840.0"	"1.0"	"7.38"	"46.0"	"3.0"	"Female"	"2013-07-09T00:00:00.000000Z"	"18.0"	"21960.0"	"2.SILVER"	"1984-06-15T00:00:00.000000Z"	"Briney"	"McLemon"	"Emergent"
"286782.0"	"Savings Account"	"Deposit Account"	"2015-01-28T00:00:00.000000Z"	"5732223962833251287"	""	"0"	"-2707.78"	"6388.79"	"16.0"	"2440.211875"	"2399.8003236858926"	"16.0"	""	""	"1.0"	"191.0"	"11330.0"	"4.0"	"502.96999999999997"	"38.0"	"8.0"	"Female"	"2001-10-27T00:00:00.000000Z"	"8.0"	"41320.0"	"2.SILVER"	"1960-06-05T00:00:00.000000Z"	"Reuben"	"Lineham"	"Sophisticates"
"536636.0"	"Current Account"	"Deposit Account"	"2015-01-28T00:00:00.000000Z"	"305040807752106023"	"2015-10-28T00:00:00.000000Z"	"1"	"-438.7"	"4278.63"	"9.0"	"1541.3344444444444"	"1373.0706787808767"	"9.0"	"0.5"	"4.5"	"1.0"	"212.0"	"11330.0"	"0.0"	"0.0"	"45.0"	"0.0"	"Male"	"2005-06-09T00:00:00.000000Z"	"28.0"	"35640.0"	"2.SILVER"	"1989-06-25T00:00:00.000000Z"	"Rhona"	"McGifford"	"Loyalist"
"246731.0"	"Savings Account"	"Deposit Account"	"2015-01-28T00:00:00.000000Z"	"3840473678269129658"	""	"0"	"594.31"	"7730.71"	"16.0"	"3266.0025"	"1587.633575447013"	"16.0"	""	""	"1.0"	"192.0"	"4550.0"	"0.0"	"0.0"	"36.0"	"4.0"	"Female"	"2001-05-16T00:00:00.000000Z"	"28.0"	"17210.0"	"2.SILVER"	"1943-06-25T00:00:00.000000Z"	"Angel"	"Asaaf"	"Sophisticates"
"1368049.0"	"Current Account"	"Deposit Account"	"2015-11-28T00:00:00.000000Z"	"1081737169865649820"	"2015-11-28T00:00:00.000000Z"	"1"	""	""	""	""	""	""	""	""	"1.0"	"65.0"	"2860.0"	"0.0"	"0.0"	"17.0"	"1.0"	"Female"	"2014-12-11T00:00:00.000000Z"	"28.0"	"22940.0"	"3.BRONZE"	"1993-06-25T00:00:00.000000Z"	"Jens"	"Prester"	"Loyalist"
"77177.0"	"Savings Account"	"Deposit Account"	"2015-01-28T00:00:00.000000Z"	"8731136020904279180"	""	"0"	"292.67"	"7071.94"	"16.0"	"3174.7200000000003"	"1665.4493086371617"	"16.0"	""	""	"0.0"	"188.0"	"13240.0"	"1.0"	"135.66"	"39.0"	"1.0"	"Female"	"2002-06-24T00:00:00.000000Z"	"8.0"	"41740.0"	"2.SILVER"	"1962-06-05T00:00:00.000000Z"	"Bail"	"McCullouch"	"Sophisticates"
"1020757.0"	"Current Account"	"Deposit Account"	"2015-01-28T00:00:00.000000Z"	"361602400811043562"	"2015-04-28T00:00:00.000000Z"	"1"	"464.64"	"590.07"	"3.0"	"521.1566666666666"	"63.62726800148924"	"3.0"	"2.5"	"7.5"	"2.0"	"177.0"	"9600.0"	"0.0"	"0.0"	"46.0"	"3.0"	"Female"	"2012-06-25T00:00:00.000000Z"	"41.0"	"34060.0"	"3.BRONZE"	"1983-07-08T00:00:00.000000Z"	"Korry"	"O' Bee"	"Loyalist"
"818137.0"	"Current Account"	"Deposit Account"	"2015-02-28T00:00:00.000000Z"	"309214175907365406"	""	"0"	"-607.75"	"8802.78"	"15.0"	"3291.8813333333323"	"2342.488943559413"	"15.0"	"1.0"	"15.0"	"2.0"	"174.0"	"19510.0"	"1.0"	"20.28"	"35.0"	"7.0"	"Female"	"2008-11-18T00:00:00.000000Z"	"28.0"	"76380.0"	"2.SILVER"	"1953-06-25T00:00:00.000000Z"	"Cecilla"	"Dalla"	"Sophisticates"
"248942.0"	"Savings Account"	"Deposit Account"	"2015-01-28T00:00:00.000000Z"	"4331071018721940597"	""	"0"	"1424.94"	"21742.95"	"16.0"	"8532.20125"	"5573.806219243574"	"16.0"	""	""	"0.0"	"212.0"	"17770.0"	"0.0"	"0.0"	"46.0"	"9.0"	"Female"	"2001-07-12T00:00:00.000000Z"	"41.0"	"54940.0"	"1.GOLD"	"1961-07-08T00:00:00.000000Z"	"Olag"	"Lambal"	"Sophisticates"
"954119.0"	"Current Account"	"Deposit Account"	"2015-01-28T00:00:00.000000Z"	"2030852642831067634"	""	"0"	"119.09"	"798.87"	"16.0"	"404.66437499999995"	"175.82785224829996"	"16.0"	"0.5"	"8.0"	"1.0"	"242.0"	"10030.0"	"0.0"	"0.0"	"43.0"	"5.0"	"Female"	"2011-10-04T00:00:00.000000Z"	"41.0"	"33720.0"	"2.SILVER"	"1948-07-08T00:00:00.000000Z"	"Dennet"	"Brickdale"	"Emergent"
"571935.0"	"Current Account"	"Deposit Account"	"2015-01-28T00:00:00.000000Z"	"6045597034255826705"	""	"0"	"-468.4"	"2409.74"	"16.0"	"632.2568750000002"	"655.12692122691"	"16.0"	"1.5"	"24.0"	"0.0"	"196.0"	"4000.0"	"0.0"	"0.0"	"40.0"	"1.0"	"Female"	"2005-10-23T00:00:00.000000Z"	"28.0"	"12540.0"	"2.SILVER"	"1959-06-25T00:00:00.000000Z"	"Maudie"	"Kersley"	"Sophisticates"
"104457.0"	"Current Account"	"Deposit Account"	"2015-06-28T00:00:00.000000Z"	"7184846196984704497"	"2016-01-28T00:00:00.000000Z"	"1"	"-899.12"	"8309.52"	"7.0"	"3580.344285714286"	"3082.6425145852663"	"7.0"	"1.0"	"7.0"	"0.0"	"127.0"	"10480.0"	"0.0"	"0.0"	"26.0"	"1.0"	"Female"	"2004-08-09T00:00:00.000000Z"	"28.0"	"50900.0"	"3.BRONZE"	"1985-06-25T00:00:00.000000Z"	"Nananne"	"Nisen"	"Loyalist"
"903530.0"	"Mortgage"	"Secured Lending"	"2015-01-28T00:00:00.000000Z"	"8219189606790049274"	""	"0"	"33015.96"	"42726.51"	"16.0"	"37871.23499999999"	"3082.097681190533"	"16.0"	"0.45173993061242596"	"7.227838889798815"	"6.0"	"207.0"	"8980.0"	"2.0"	"48.34"	"45.0"	"14.0"	"Male"	"2011-02-09T00:00:00.000000Z"	"28.0"	"30070.0"	"2.SILVER"	"1975-06-25T00:00:00.000000Z"	"Sada"	"Stogill"	"Sophisticates"
"761322.0"	"Managed Securities"	"Securities"	"2015-01-28T00:00:00.000000Z"	"499990284013199526"	"2015-06-28T00:00:00.000000Z"	"1"	"-2896.85"	"14604.09"	"5.0"	"6258.066000000001"	"7893.858302568523"	"5.0"	"44.588"	"222.94"	"0.0"	"165.0"	"21400.0"	"1.0"	"35.09"	"36.0"	"4.0"	"Female"	"2008-04-16T00:00:00.000000Z"	"28.0"	"118070.0"	"2.SILVER"	"1965-06-25T00:00:00.000000Z"	"Melisse"	"Pitts"	"Loyalist"
"81016.0"	"Current Account"	"Deposit Account"	"2015-02-28T00:00:00.000000Z"	"6565452475174525773"	""	"0"	"-162.14"	"1195.14"	"15.0"	"584.9580000000001"	"405.7183338968058"	"15.0"	"2.5"	"37.5"	"1.0"	"215.0"	"6420.0"	"0.0"	"0.0"	"39.0"	"7.0"	"Male"	"2007-10-11T00:00:00.000000Z"	"28.0"	"22880.0"	"1.GOLD"	"1948-06-25T00:00:00.000000Z"	"Cecilla"	"Bourton"	"Sophisticates"
"214644.0"	"Car Loan"	"Secured Lending"	"2015-02-28T00:00:00.000000Z"	"5321780991070107520"	"2015-11-28T00:00:00.000000Z"	"1"	"6865.93"	"8114.25"	"9.0"	"7490.09"	"427.33313936553054"	"9.0"	"2.1084529423677947"	"18.97607648131015"	"1.0"	"124.0"	"6980.0"	"0.0"	"0.0"	"27.0"	"10.0"	"Male"	"2001-10-18T00:00:00.000000Z"	"28.0"	"40760.0"	"2.SILVER"	"1971-06-25T00:00:00.000000Z"	"Ernest"	"Peye"	"Loyalist"
"114016.0"	"Savings Account"	"Deposit Account"	"2015-01-28T00:00:00.000000Z"	"1375490065705325729"	""	"0"	"-2605.95"	"7338.04"	"16.0"	"2510.4249999999997"	"3119.8562378374636"	"16.0"	""	""	"1.0"	"201.0"	"26200.0"	"1.0"	"134.02"	"40.0"	"5.0"	"Female"	"1998-12-05T00:00:00.000000Z"	"40.0"	"92580.0"	"2.SILVER"	"1971-07-07T00:00:00.000000Z"	"Alric"	"Kenefick"	"Sophisticates"
"1263153.0"	"Current Account"	"Deposit Account"	"2015-01-28T00:00:00.000000Z"	"2333084013841487793"	"2015-05-28T00:00:00.000000Z"	"1"	"3557.0"	"4101.86"	"4.0"	"3829.4375"	"297.65835565571916"	"4.0"	"2.0"	"8.0"	"2.0"	"159.0"	"10940.0"	"0.0"	"0.0"	"36.0"	"7.0"	"Female"	"2014-06-12T00:00:00.000000Z"	"28.0"	"41180.0"	"2.SILVER"	"1960-06-25T00:00:00.000000Z"	"Ardene"	"Leathard"	"Loyalist"
"154826.0"	"Current Account"	"Deposit Account"	"2015-01-28T00:00:00.000000Z"	"231407001141915166"	"2015-08-28T00:00:00.000000Z"	"1"	"-5.75"	"595.4"	"7.0"	"407.3457142857143"	"242.316344603299"	"7.0"	"0.0"	"0.0"	"3.0"	"227.0"	"10150.0"	"0.0"	"0.0"	"43.0"	"7.0"	"Female"	"1999-12-31T00:00:00.000000Z"	"47.0"	"30530.0"	"2.SILVER"	"1965-07-14T00:00:00.000000Z"	"Victor"	"Rubinsky"	"Loyalist"
"123685.0"	"Mortgage"	"Secured Lending"	"2015-02-28T00:00:00.000000Z"	"5315742100740346987"	""	"0"	"480847.52"	"495049.82"	"15.0"	"487948.6699999999"	"4536.758319549363"	"15.0"	"33.43166538578232"	"501.4749807867347"	"2.0"	"201.0"	"20760.0"	"3.0"	"369.84000000000003"	"46.0"	"11.0"	"Male"	"1999-03-02T00:00:00.000000Z"	"28.0"	"71000.0"	"2.SILVER"	"1962-06-25T00:00:00.000000Z"	"Janaye"	"Bertwistle"	"Traditionalist"
"453773.0"	"Savings Account"	"Deposit Account"	"2015-01-28T00:00:00.000000Z"	"8666853646693322761"	""	"0"	"-482.79"	"1739.45"	"16.0"	"787.9675"	"672.3284176898469"	"16.0"	""	""	"1.0"	"196.0"	"6700.0"	"1.0"	"10.14"	"42.0"	"3.0"	"Female"	"2004-01-19T00:00:00.000000Z"	"28.0"	"26190.0"	"2.SILVER"	"1973-06-25T00:00:00.000000Z"	"Dorena"	"Greatorex"	"Loyalist"
"329539.0"	"Savings Account"	"Deposit Account"	"2015-01-28T00:00:00.000000Z"	"6235156763573261054"	""	"0"	"331.65"	"6017.89"	"16.0"	"2545.9550000000004"	"1723.3403414029008"	"16.0"	""	""	"3.0"	"172.0"	"5630.0"	"2.0"	"20.85"	"35.0"	"5.0"	"Female"	"2002-02-11T00:00:00.000000Z"	"39.0"	"18570.0"	"2.SILVER"	"1956-07-06T00:00:00.000000Z"	"Daile"	"Fesby"	"Sophisticates"
"495463.0"	"Savings Account"	"Deposit Account"	"2015-01-28T00:00:00.000000Z"	"5240825564160374003"	""	"0"	"-1947.92"	"14441.39"	"16.0"	"7105.033125"	"4812.385987752463"	"16.0"	""	""	"2.0"	"198.0"	"13210.0"	"1.0"	"52.5"	"33.0"	"13.0"	"Female"	"2004-10-11T00:00:00.000000Z"	"28.0"	"41960.0"	"1.GOLD"	"1948-06-25T00:00:00.000000Z"	"Dania"	"Haycock"	"Sophisticates"
"124631.0"	"Current Account"	"Deposit Account"	"2015-01-28T00:00:00.000000Z"	"8635014107275630045"	""	"0"	"-1337.94"	"4749.71"	"16.0"	"1292.4343749999998"	"1381.956989687541"	"16.0"	"2.0"	"32.0"	"0.0"	"191.0"	"29690.0"	"0.0"	"0.0"	"35.0"	"5.0"	"Female"	"1999-03-09T00:00:00.000000Z"	"28.0"	"254060.0"	"2.SILVER"	"1949-06-25T00:00:00.000000Z"	"Eada"	"Durtnel"	"Sophisticates"
"937124.0"	"Current Account"	"Deposit Account"	"2015-01-28T00:00:00.000000Z"	"413032691682676738"	""	"0"	"-1083.51"	"5810.15"	"16.0"	"1493.6825000000001"	"1990.6465988768573"	"16.0"	"0.0"	"0.0"	"0.0"	"181.0"	"7480.0"	"0.0"	"0.0"	"53.0"	"1.0"	"Male"	"2011-08-30T00:00:00.000000Z"	"29.0"	"22150.0"	"3.BRONZE"	"1992-06-26T00:00:00.000000Z"	"Fleming"	"Dolle"	"Emergent"
"186462.0"	"Managed Securities"	"Securities"	"2015-01-28T00:00:00.000000Z"	"2974312639104989257"	"2015-09-28T00:00:00.000000Z"	"1"	"-328.35"	"1737.34"	"8.0"	"1095.5575"	"679.9884955066731"	"8.0"	"6.81"	"54.48"	"0.0"	"196.0"	"4980.0"	"1.0"	"4.68"	"33.0"	"2.0"	"Female"	"2000-08-01T00:00:00.000000Z"	"27.0"	"21700.0"	"2.SILVER"	"1960-06-24T00:00:00.000000Z"	"Ulrick"	"Wisam"	"Loyalist"
"1031405.0"	"Standard Credit Card"	"Unsecured Lending"	"2015-01-28T00:00:00.000000Z"	"6141465580664839433"	""	"0"	"333.04"	"3142.46"	"16.0"	"1415.765"	"746.9400179130852"	"16.0"	"9.560625"	"152.97"	"2.0"	"212.0"	"5220.0"	"0.0"	"0.0"	"50.0"	"8.0"	"Male"	"2012-07-25T00:00:00.000000Z"	"46.0"	"18510.0"	"2.SILVER"	"1981-07-13T00:00:00.000000Z"	"Walther"	"Sorey"	"Sophisticates"
"346853.0"	"Mortgage"	"Secured Lending"	"2015-01-28T00:00:00.000000Z"	"1827352022723736534"	""	"0"	"219577.32"	"237190.47"	"16.0"	"228383.89500000002"	"5590.357783386169"	"16.0"	"25.35322926939063"	"405.6516683102501"	"5.0"	"206.0"	"16540.0"	"1.0"	"90.64"	"32.0"	"12.0"	"Male"	"2002-09-20T00:00:00.000000Z"	"15.0"	"60560.0"	"1.GOLD"	"1959-06-12T00:00:00.000000Z"	"Madlen"	"Girardini"	"Sophisticates"
"53813.0"	"Managed Securities"	"Securities"	"2015-01-28T00:00:00.000000Z"	"3370967864606787941"	"2015-03-28T00:00:00.000000Z"	"1"	"830.36"	"1464.87"	"2.0"	"1147.615"	"448.6663237306762"	"2.0"	"22.240000000000002"	"44.480000000000004"	"1.0"	"205.0"	"23230.0"	"3.0"	"160.31"	"30.0"	"7.0"	"Female"	"1998-02-13T00:00:00.000000Z"	"33.0"	"85190.0"	"1.GOLD"	"1947-06-30T00:00:00.000000Z"	"Antonietta"	"Cluelow"	"Sophisticates"
"554676.0"	"Savings Account"	"Deposit Account"	"2015-01-28T00:00:00.000000Z"	"1182891801252787863"	""	"0"	"-328.33"	"938.73"	"16.0"	"353.50562499999995"	"281.776425651467"	"16.0"	""	""	"4.0"	"189.0"	"7200.0"	"1.0"	"3.79"	"39.0"	"5.0"	"Male"	"2005-09-07T00:00:00.000000Z"	"46.0"	"27750.0"	"2.SILVER"	"1969-07-13T00:00:00.000000Z"	"Fiorenze"	"Kimpton"	"Sophisticates"
"423116.0"	"Managed Securities"	"Securities"	"2015-10-28T00:00:00.000000Z"	"6773305114442322009"	""	"0"	"-161.28"	"1822.49"	"7.0"	"1118.2885714285715"	"672.5138837582604"	"7.0"	"15.91714285714286"	"111.42000000000002"	"1.0"	"191.0"	"3530.0"	"7.0"	"123.4"	"44.0"	"6.0"	"Female"	"2003-06-13T00:00:00.000000Z"	"46.0"	"11310.0"	"2.SILVER"	"1969-07-13T00:00:00.000000Z"	"Duff"	"Keyzor"	"Sophisticates"
"200091.0"	"Standard Credit Card"	"Unsecured Lending"	"2015-01-28T00:00:00.000000Z"	"8311048324897015316"	""	"0"	"-658.1"	"4038.32"	"16.0"	"2155.3750000000005"	"1230.130332937666"	"16.0"	"6.061875000000001"	"96.99000000000001"	"5.0"	"189.0"	"5870.0"	"0.0"	"0.0"	"42.0"	"10.0"	"Male"	"2000-10-20T00:00:00.000000Z"	"28.0"	"20030.0"	"2.SILVER"	"1974-06-25T00:00:00.000000Z"	"Chas"	"Welch"	"Sophisticates"
"299520.0"	"Mortgage"	"Secured Lending"	"2015-01-28T00:00:00.000000Z"	"6599848100289844620"	""	"0"	"194576.59"	"204052.69"	"16.0"	"199314.63999999998"	"3007.683996965151"	"16.0"	"13.592028000753082"	"217.4724480120493"	"5.0"	"185.0"	"16620.0"	"0.0"	"0.0"	"38.0"	"7.0"	"Female"	"2001-11-21T00:00:00.000000Z"	"28.0"	"57850.0"	"2.SILVER"	"1973-06-25T00:00:00.000000Z"	"Stephannie"	"Kenefick"	"Loyalist"
"196197.0"	"Current Account"	"Deposit Account"	"2015-01-28T00:00:00.000000Z"	"7026303050025658933"	""	"0"	"-1587.71"	"4664.74"	"16.0"	"1763.7537499999999"	"1445.7093294337099"	"16.0"	"0.5"	"8.0"	"4.0"	"229.0"	"10660.0"	"2.0"	"152.0"	"33.0"	"11.0"	"Female"	"2007-08-13T00:00:00.000000Z"	"28.0"	"34430.0"	"1.GOLD"	"1945-06-25T00:00:00.000000Z"	"Cacilia"	"Acreman"	"Sophisticates"
"1032373.0"	"Current Account"	"Deposit Account"	"2015-01-28T00:00:00.000000Z"	"2160428614752644549"	""	"0"	"-165.14"	"1076.4"	"16.0"	"454.186875"	"306.7204408299464"	"16.0"	"2.0"	"32.0"	"1.0"	"173.0"	"6070.0"	"0.0"	"0.0"	"53.0"	"1.0"	"Male"	"2012-07-26T00:00:00.000000Z"	"47.0"	"19210.0"	"3.BRONZE"	"1993-07-14T00:00:00.000000Z"	"Mandy"	"Mulford"	"Emergent"
"691494.0"	"Current Account"	"Deposit Account"	"2015-01-28T00:00:00.000000Z"	"4706323718822105071"	""	"0"	"-752.92"	"6003.26"	"16.0"	"2588.0775000000003"	"1669.1152330121888"	"16.0"	"0.0"	"0.0"	"1.0"	"199.0"	"7350.0"	"1.0"	"22.29"	"51.0"	"6.0"	"Female"	"2007-05-17T00:00:00.000000Z"	"47.0"	"26210.0"	"2.SILVER"	"1976-07-14T00:00:00.000000Z"	"Rasia"	"Rowlson"	"Sophisticates"
"1091927.0"	"Current Account"	"Deposit Account"	"2015-01-28T00:00:00.000000Z"	"5039767371801839279"	""	"0"	"-663.93"	"4439.13"	"16.0"	"1818.0524999999998"	"1494.4696851324888"	"16.0"	"2.5"	"40.0"	"1.0"	"208.0"	"7700.0"	"0.0"	"0.0"	"49.0"	"0.0"	"Female"	"2012-10-30T00:00:00.000000Z"	"44.0"	"28010.0"	"3.BRONZE"	"1989-07-11T00:00:00.000000Z"	"Gearalt"	"Heatlie"	"Emergent"
"1392997.0"	"Current Account"	"Deposit Account"	"2015-05-28T00:00:00.000000Z"	"2192661719182794467"	""	"0"	"-540.46"	"1171.59"	"12.0"	"434.1266666666667"	"506.3344497344407"	"12.0"	"2.5"	"30.0"	"1.0"	"146.0"	"2850.0"	"0.0"	"0.0"	"34.0"	"1.0"	"Male"	"2015-04-20T00:00:00.000000Z"	"45.0"	"13970.0"	"2.SILVER"	"1971-07-12T00:00:00.000000Z"	"Nat"	"Coopland"	"Emergent"
"637418.0"	"Current Account"	"Deposit Account"	"2015-01-28T00:00:00.000000Z"	"2030248351219716019"	""	"0"	"13.32"	"131.46"	"16.0"	"78.31"	"43.337320175571534"	"16.0"	"0.5"	"8.0"	"2.0"	"192.0"	"9240.0"	"3.0"	"219.21"	"35.0"	"5.0"	"Female"	"2006-08-28T00:00:00.000000Z"	"28.0"	"30700.0"	"2.SILVER"	"1950-06-25T00:00:00.000000Z"	"Gerda"	"Fratson"	"Sophisticates"
"959300.0"	"Current Account"	"Deposit Account"	"2015-01-28T00:00:00.000000Z"	"6641108826052393802"	""	"0"	"-242.83"	"458.93"	"16.0"	"152.561875"	"206.48103248543194"	"16.0"	"1.5"	"24.0"	"0.0"	"166.0"	"5730.0"	"0.0"	"0.0"	"54.0"	"3.0"	"Male"	"2011-10-11T00:00:00.000000Z"	"28.0"	"19860.0"	"3.BRONZE"	"1988-06-25T00:00:00.000000Z"	"Lee"	"Cluelow"	"Emergent"
"690537.0"	"Managed Securities"	"Securities"	"2015-01-28T00:00:00.000000Z"	"7036688286869707782"	""	"0"	"71.81"	"367.71"	"16.0"	"176.303125"	"82.95825855764251"	"16.0"	"24.806249999999995"	"396.8999999999999"	"2.0"	"193.0"	"6490.0"	"2.0"	"185.2"	"43.0"	"17.0"	"Female"	"2007-05-11T00:00:00.000000Z"	"46.0"	"23820.0"	"2.SILVER"	"1978-07-13T00:00:00.000000Z"	"Mamie"	"Repper"	"Loyalist"
"270722.0"	"Car Loan"	"Secured Lending"	"2015-01-28T00:00:00.000000Z"	"3412320280338961556"	""	"0"	"-5729.35"	"2083.4"	"16.0"	"-1822.975"	"2479.7419980043624"	"16.0"	"67.46334933774803"	"1079.4135894039684"	"5.0"	"202.0"	"23630.0"	"2.0"	"152.22"	"49.0"	"11.0"	"Female"	"2001-09-05T00:00:00.000000Z"	"28.0"	"89820.0"	"1.GOLD"	"1968-06-25T00:00:00.000000Z"	"Panchito"	"Shutler"	"Sophisticates"
"858870.0"	"Mortgage"	"Secured Lending"	"2015-01-28T00:00:00.000000Z"	"6209504519552803025"	"2016-04-28T00:00:00.000000Z"	"1"	"12475.05"	"15650.53"	"15.0"	"14062.789999999999"	"1014.3698773130047"	"15.0"	"3.7533451370760607"	"56.30017705614091"	"4.0"	"182.0"	"6530.0"	"2.0"	"63.480000000000004"	"49.0"	"10.0"	"Female"	"2009-12-07T00:00:00.000000Z"	"39.0"	"23020.0"	"2.SILVER"	"1974-07-06T00:00:00.000000Z"	"Pier"	"Faulkner"	"Loyalist"
"183250.0"	"Mortgage"	"Secured Lending"	"2015-06-28T00:00:00.000000Z"	"1629110434375103238"	""	"0"	"281450.16"	"287635.86"	"11.0"	"284543.01"	"2051.5645965701624"	"11.0"	"8.703254012081386"	"95.73579413289525"	"2.0"	"172.0"	"4920.0"	"1.0"	"31.18"	"39.0"	"7.0"	"Male"	"2000-07-18T00:00:00.000000Z"	"41.0"	"24750.0"	"2.SILVER"	"1968-07-08T00:00:00.000000Z"	"Diandra"	"Odda"	"Sophisticates"
"486542.0"	"Car Loan"	"Secured Lending"	"2015-01-28T00:00:00.000000Z"	"4599810477093403347"	""	"0"	"-2720.63"	"418.57"	"16.0"	"-1151.03"	"996.3720943502984"	"16.0"	"3.4122186916265558"	"54.59549906602489"	"7.0"	"201.0"	"8250.0"	"3.0"	"252.85"	"39.0"	"13.0"	"Female"	"2004-08-09T00:00:00.000000Z"	"35.0"	"31100.0"	"2.SILVER"	"1961-07-02T00:00:00.000000Z"	"Kevan"	"Bridgeland"	"Loyalist"
"363232.0"	"Savings Account"	"Deposit Account"	"2015-01-28T00:00:00.000000Z"	"2731754654629784692"	""	"0"	"-13.97"	"186.87"	"16.0"	"99.34937500000001"	"59.36818726880022"	"16.0"	""	""	"1.0"	"221.0"	"4840.0"	"3.0"	"81.44"	"37.0"	"11.0"	"Male"	"2002-06-12T00:00:00.000000Z"	"41.0"	"16910.0"	"2.SILVER"	"1965-07-08T00:00:00.000000Z"	"Chrissy"	"Conyers"	"Sophisticates"
"57036.0"	"Savings Account"	"Deposit Account"	"2015-01-28T00:00:00.000000Z"	"1837351061075346545"	""	"0"	"-5721.29"	"24030.61"	"16.0"	"9447.793125"	"8038.4652188252285"	"16.0"	""	""	"6.0"	"206.0"	"23570.0"	"5.0"	"245.82999999999998"	"30.0"	"17.0"	"Male"	"1997-02-17T00:00:00.000000Z"	"28.0"	"94530.0"	"1.GOLD"	"1927-06-25T00:00:00.000000Z"	"Veronika"	"Ladbury"	"Sophisticates"
"404174.0"	"Car Loan"	"Secured Lending"	"2015-01-28T00:00:00.000000Z"	"6874629144761909208"	"2015-04-28T00:00:00.000000Z"	"1"	"7331.54"	"7643.52"	"3.0"	"7487.53"	"155.9899999999999"	"3.0"	"1.7582705879275606"	"5.274811763782682"	"0.0"	"180.0"	"7330.0"	"5.0"	"335.64"	"31.0"	"8.0"	"Female"	"2003-01-31T00:00:00.000000Z"	"3.0"	"23310.0"	"2.SILVER"	"1953-05-31T00:00:00.000000Z"	"Lois"	"Herche"	"Loyalist"
"530652.0"	"Current Account"	"Deposit Account"	"2015-01-28T00:00:00.000000Z"	"6867220036875418562"	""	"0"	"-42.79"	"4129.48"	"16.0"	"1763.2687499999997"	"1286.906509988844"	"16.0"	"2.5"	"40.0"	"2.0"	"169.0"	"9960.0"	"0.0"	"0.0"	"38.0"	"5.0"	"Female"	"2005-04-26T00:00:00.000000Z"	"28.0"	"27210.0"	"2.SILVER"	"1956-06-25T00:00:00.000000Z"	"Carlin"	"Congram"	"Sophisticates"
"206856.0"	"Premium Credit Card"	"Unsecured Lending"	"2015-01-28T00:00:00.000000Z"	"8126315572843153486"	""	"0"	"-1794.2"	"7329.62"	"16.0"	"2860.1843750000003"	"2430.425574292066"	"16.0"	"24.145625000000003"	"386.33000000000004"	"2.0"	"202.0"	"15230.0"	"0.0"	"0.0"	"45.0"	"10.0"	"Male"	"2000-11-28T00:00:00.000000Z"	"8.0"	"51760.0"	"2.SILVER"	"1972-06-05T00:00:00.000000Z"	"Lek"	"Huntingdon"	"Sophisticates"
"1037510.0"	"Personal Loan"	"Unsecured Lending"	"2015-01-28T00:00:00.000000Z"	"7549289212229613113"	""	"0"	"-526.42"	"3422.48"	"16.0"	"1448.0300000000002"	"1253.3682987321265"	"16.0"	"24.700107240782913"	"395.2017158525266"	"3.0"	"222.0"	"7190.0"	"0.0"	"0.0"	"53.0"	"4.0"	"Female"	"2012-07-31T00:00:00.000000Z"	"11.0"	"24760.0"	"2.SILVER"	"1973-06-08T00:00:00.000000Z"	"Barrie"	"Calwell"	"Sophisticates"
"100827.0"	"Current Account"	"Deposit Account"	"2015-01-28T00:00:00.000000Z"	"2492408152033240647"	""	"0"	"-2455.08"	"6918.59"	"16.0"	"3258.284375"	"2466.6862267205606"	"16.0"	"1.5"	"24.0"	"1.0"	"203.0"	"18150.0"	"0.0"	"0.0"	"37.0"	"3.0"	"Female"	"1998-06-29T00:00:00.000000Z"	"8.0"	"64220.0"	"2.SILVER"	"1965-06-05T00:00:00.000000Z"	"Annadiana"	"Rabjohns"	"Sophisticates"
"58367.0"	"Current Account"	"Deposit Account"	"2015-01-28T00:00:00.000000Z"	"732698782721972129"	""	"0"	"-9111.01"	"31347.34"	"16.0"	"13163.783125"	"10309.173862398298"	"16.0"	"2.0"	"32.0"	"4.0"	"218.0"	"25870.0"	"0.0"	"0.0"	"45.0"	"5.0"	"Male"	"1998-03-30T00:00:00.000000Z"	"28.0"	"140040.0"	"2.SILVER"	"1961-06-25T00:00:00.000000Z"	"Ammamaria"	"MacRierie"	"Sophisticates"
"220826.0"	"Personal Loan"	"Unsecured Lending"	"2015-01-28T00:00:00.000000Z"	"1187362232638633279"	""	"0"	"-2647.04"	"3025.06"	"16.0"	"189.01000000000005"	"1800.3064973127955"	"16.0"	"18.238231718854813"	"291.811707501677"	"6.0"	"225.0"	"10140.0"	"3.0"	"429.72"	"38.0"	"18.0"	"Female"	"2001-02-06T00:00:00.000000Z"	"28.0"	"37080.0"	"1.GOLD"	"1955-06-25T00:00:00.000000Z"	"Elset"	"Kegan"	"Sophisticates"
"651014.0"	"Current Account"	"Deposit Account"	"2015-01-28T00:00:00.000000Z"	"3588985537520355973"	""	"0"	"112.75"	"3794.98"	"16.0"	"1730.7537499999999"	"1088.798740042591"	"16.0"	"1.0"	"16.0"	"3.0"	"219.0"	"14250.0"	"0.0"	"0.0"	"44.0"	"3.0"	"Female"	"2006-10-24T00:00:00.000000Z"	"28.0"	"49340.0"	"2.SILVER"	"1972-06-25T00:00:00.000000Z"	"Moyra"	"Punch"	"Sophisticates"
"1299772.0"	"Current Account"	"Deposit Account"	"2015-01-28T00:00:00.000000Z"	"5994145526916004870"	"2015-04-28T00:00:00.000000Z"	"1"	"-82.33"	"1741.44"	"3.0"	"631.4733333333334"	"974.2911747692953"	"3.0"	"1.0"	"3.0"	"1.0"	"236.0"	"4540.0"	"1.0"	"6.69"	"58.0"	"5.0"	"Female"	"2014-08-29T00:00:00.000000Z"	"41.0"	"15030.0"	"2.SILVER"	"1990-07-08T00:00:00.000000Z"	"Querida"	"Golsworthy"	"Loyalist"
"466610.0"	"Personal Loan"	"Unsecured Lending"	"2016-01-28T00:00:00.000000Z"	"1985461500410958585"	""	"0"	"5154.6"	"6064.26"	"4.0"	"5609.43"	"391.4553367456709"	"4.0"	"11.473581934938666"	"45.894327739754665"	"0.0"	"107.0"	"10680.0"	"0.0"	"0.0"	"26.0"	"1.0"	"Female"	"2004-03-31T00:00:00.000000Z"	"41.0"	"65600.0"	"2.SILVER"	"1962-07-08T00:00:00.000000Z"	"Desmond"	"Gerdes"	"Sophisticates"
"577996.0"	"Personal Loan"	"Unsecured Lending"	"2016-04-28T00:00:00.000000Z"	"5615711840743756627"	""	"0"	"1302.6"	"1302.6"	"1.0"	"1302.6"	""	"1.0"	"3.5606471553608277"	"3.5606471553608277"	"3.0"	"217.0"	"5440.0"	"0.0"	"0.0"	"45.0"	"6.0"	"Male"	"2005-11-07T00:00:00.000000Z"	"46.0"	"18290.0"	"2.SILVER"	"1972-07-13T00:00:00.000000Z"	"Malvina"	"Buddell"	"Loyalist"
"220903.0"	"Current Account"	"Deposit Account"	"2015-01-28T00:00:00.000000Z"	"1301308964540217917"	""	"0"	"962.88"	"13597.67"	"16.0"	"4577.687500000001"	"3125.6392959041195"	"16.0"	"1.5"	"24.0"	"3.0"	"219.0"	"29320.0"	"2.0"	"95.76"	"41.0"	"7.0"	"Female"	"2001-02-07T00:00:00.000000Z"	"28.0"	"111590.0"	"2.SILVER"	"1961-06-25T00:00:00.000000Z"	"Mohandis"	"Tugman"	"Sophisticates"
"115721.0"	"Mortgage"	"Secured Lending"	"2015-01-28T00:00:00.000000Z"	"189686592672197820"	""	"0"	"320204.0"	"334714.7"	"16.0"	"327459.35"	"4605.650022135841"	"16.0"	"10.417772458341243"	"166.6843593334599"	"2.0"	"188.0"	"20920.0"	"1.0"	"16.98"	"45.0"	"8.0"	"Female"	"1998-12-21T00:00:00.000000Z"	"28.0"	"75300.0"	"3.BRONZE"	"1971-06-25T00:00:00.000000Z"	"Katine"	"Nerger"	"Loyalist"
"464608.0"	"Standard Credit Card"	"Unsecured Lending"	"2015-01-28T00:00:00.000000Z"	"5668606778938398331"	""	"0"	"-520.62"	"5218.99"	"16.0"	"2039.6443749999999"	"1626.9633440573423"	"16.0"	"13.81375"	"221.02"	"1.0"	"215.0"	"20770.0"	"4.0"	"230.41"	"38.0"	"8.0"	"Male"	"2004-03-18T00:00:00.000000Z"	"28.0"	"67420.0"	"2.SILVER"	"1959-06-25T00:00:00.000000Z"	"Sandie"	"Baffin"	"Sophisticates"
"237722.0"	"Personal Loan"	"Unsecured Lending"	"2015-01-28T00:00:00.000000Z"	"6689215506185393177"	""	"0"	"-757.02"	"1135.38"	"16.0"	"189.18"	"600.6417403633105"	"16.0"	"11.218011850452465"	"179.48818960723943"	"8.0"	"194.0"	"7230.0"	"2.0"	"76.4"	"43.0"	"9.0"	"Female"	"2001-04-05T00:00:00.000000Z"	"28.0"	"26390.0"	"2.SILVER"	"1959-06-25T00:00:00.000000Z"	"Vitia"	"Seagar"	"Sophisticates"
"429276.0"	"Current Account"	"Deposit Account"	"2015-01-28T00:00:00.000000Z"	"8189136798377185225"	""	"0"	"-669.3"	"9282.31"	"16.0"	"2915.70375"	"3015.5403333551462"	"16.0"	"1.5"	"24.0"	"3.0"	"220.0"	"7810.0"	"2.0"	"48.53"	"33.0"	"6.0"	"Female"	"2003-07-28T00:00:00.000000Z"	"28.0"	"29560.0"	"2.SILVER"	"1946-06-25T00:00:00.000000Z"	"Reine"	"Leneve"	"Sophisticates"
"587720.0"	"Savings Account"	"Deposit Account"	"2015-01-28T00:00:00.000000Z"	"3613196726997631196"	"2015-01-28T00:00:00.000000Z"	"1"	""	""	""	""	""	""	""	""	"0.0"	"186.0"	"4170.0"	"0.0"	"0.0"	"41.0"	"5.0"	"Female"	"2005-12-27T00:00:00.000000Z"	"28.0"	"13950.0"	"2.SILVER"	"1972-06-25T00:00:00.000000Z"	"Pauline"	"Sturgess"	"Loyalist"
"1057728.0"	"Car Loan"	"Secured Lending"	"2015-10-28T00:00:00.000000Z"	"1858266727274208329"	""	"0"	"1144.04"	"1470.92"	"7.0"	"1307.48"	"117.69025108308679"	"7.0"	"2.1729270449094904"	"15.210489314366434"	"4.0"	"204.0"	"3850.0"	"1.0"	"5.69"	"43.0"	"12.0"	"Female"	"2012-09-10T00:00:00.000000Z"	"50.0"	"12250.0"	"2.SILVER"	"1983-07-17T00:00:00.000000Z"	"Geoffrey"	"McClintock"	"Sophisticates"
"328109.0"	"Direct Securities"	"Securities"	"2015-01-28T00:00:00.000000Z"	"223401331967372528"	""	"0"	"-267.74"	"3082.14"	"16.0"	"1406.503125"	"935.6523531078464"	"16.0"	"13.96625"	"223.46"	"5.0"	"173.0"	"8050.0"	"1.0"	"8.69"	"34.0"	"11.0"	"Female"	"2002-02-05T00:00:00.000000Z"	"28.0"	"33510.0"	"1.GOLD"	"1949-06-25T00:00:00.000000Z"	"Ervin"	"Ilbert"	"Sophisticates"
"854250.0"	"Personal Loan"	"Unsecured Lending"	"2015-01-28T00:00:00.000000Z"	"2887369388994691505"	""	"0"	"0.0"	"4318.8"	"16.0"	"2159.3999999999996"	"1370.7733820973715"	"16.0"	"12.361452779253588"	"197.7832444680574"	"1.0"	"203.0"	"9120.0"	"0.0"	"0.0"	"51.0"	"2.0"	"Female"	"2009-10-14T00:00:00.000000Z"	"28.0"	"34950.0"	"2.SILVER"	"1979-06-25T00:00:00.000000Z"	"Retha"	"Dibnah"	"Loyalist"
"1054406.0"	"Personal Loan"	"Unsecured Lending"	"2015-03-28T00:00:00.000000Z"	"3347869810443478967"	""	"0"	"-6555.49"	"262.23"	"14.0"	"-3146.63"	"2193.889921577653"	"14.0"	"15.61838526526972"	"218.6573937137761"	"1.0"	"195.0"	"15910.0"	"0.0"	"0.0"	"47.0"	"8.0"	"Female"	"2012-08-28T00:00:00.000000Z"	"28.0"	"58570.0"	"3.BRONZE"	"1985-06-25T00:00:00.000000Z"	"Fleming"	"Dalla"	"Loyalist"
"263638.0"	"Standard Credit Card"	"Unsecured Lending"	"2015-07-28T00:00:00.000000Z"	"5188978278377967097"	"2015-09-28T00:00:00.000000Z"	"1"	"1364.81"	"2279.97"	"2.0"	"1822.3899999999999"	"647.1158418706807"	"2.0"	"26.38"	"52.76"	"1.0"	"185.0"	"21330.0"	"1.0"	"40.89"	"41.0"	"7.0"	"Male"	"2004-05-07T00:00:00.000000Z"	"8.0"	"70210.0"	"2.SILVER"	"1975-06-05T00:00:00.000000Z"	"Celina"	"Braney"	"Loyalist"
"156333.0"	"Current Account"	"Deposit Account"	"2015-01-28T00:00:00.000000Z"	"7124797618392154333"	""	"0"	"439.02"	"5306.54"	"16.0"	"3047.669375"	"1377.3565614101467"	"16.0"	"1.0"	"16.0"	"1.0"	"169.0"	"5300.0"	"1.0"	"25.38"	"40.0"	"7.0"	"Female"	"2000-01-14T00:00:00.000000Z"	"34.0"	"19780.0"	"2.SILVER"	"1960-07-01T00:00:00.000000Z"	"Alena"	"Mitchelson"	"Sophisticates"
"753116.0"	"Premium Credit Card"	"Unsecured Lending"	"2016-02-28T00:00:00.000000Z"	"8539881856023242802"	""	"0"	"184.52"	"4830.05"	"3.0"	"2438.096666666667"	"2325.8543208105993"	"3.0"	"6.823333333333333"	"20.47"	"1.0"	"192.0"	"28940.0"	"1.0"	"50.88"	"38.0"	"4.0"	"Female"	"2008-03-09T00:00:00.000000Z"	"28.0"	"112280.0"	"2.SILVER"	"1979-06-25T00:00:00.000000Z"	"Hill"	"Nand"	"Traditionalist"
"968650.0"	"Current Account"	"Deposit Account"	"2015-01-28T00:00:00.000000Z"	"1913829780453520980"	""	"0"	"-1326.43"	"6999.81"	"16.0"	"2026.410625"	"2622.229211731801"	"16.0"	"1.0"	"16.0"	"1.0"	"212.0"	"6470.0"	"0.0"	"0.0"	"53.0"	"4.0"	"Male"	"2011-10-25T00:00:00.000000Z"	"47.0"	"20710.0"	"3.BRONZE"	"1989-07-14T00:00:00.000000Z"	"Nancee"	"Barbera"	"Emergent"
"665820.0"	"Current Account"	"Deposit Account"	"2015-01-28T00:00:00.000000Z"	"4967368654052913444"	""	"0"	"-401.67"	"1789.04"	"16.0"	"316.52500000000003"	"548.1109725715527"	"16.0"	"0.0"	"0.0"	"5.0"	"206.0"	"13340.0"	"0.0"	"0.0"	"43.0"	"3.0"	"Female"	"2007-01-02T00:00:00.000000Z"	"39.0"	"45270.0"	"2.SILVER"	"1985-07-06T00:00:00.000000Z"	"Bennie"	"Heare"	"Sophisticates"
"332190.0"	"Managed Securities"	"Securities"	"2015-01-28T00:00:00.000000Z"	"1700046139299898064"	""	"0"	"-963.63"	"4844.8"	"16.0"	"1540.7562500000001"	"1478.5640620452218"	"16.0"	"44.49875"	"711.98"	"2.0"	"219.0"	"6330.0"	"0.0"	"0.0"	"43.0"	"2.0"	"Female"	"2002-02-19T00:00:00.000000Z"	"11.0"	"24760.0"	"2.SILVER"	"1973-06-08T00:00:00.000000Z"	"Borg"	"Terry"	"Loyalist"
"64670.0"	"Standard Credit Card"	"Unsecured Lending"	"2015-01-28T00:00:00.000000Z"	"1899578525508695555"	"2015-03-28T00:00:00.000000Z"	"1"	"2498.77"	"5124.74"	"2.0"	"3811.755"	"1856.8411941924383"	"2.0"	"0.255"	"0.51"	"3.0"	"165.0"	"8100.0"	"2.0"	"101.49000000000001"	"34.0"	"10.0"	"Female"	"1998-07-10T00:00:00.000000Z"	"41.0"	"24570.0"	"2.SILVER"	"1967-07-08T00:00:00.000000Z"	"Merl"	"Deakin"	"Loyalist"
"224071.0"	"Savings Account"	"Deposit Account"	"2015-01-28T00:00:00.000000Z"	"8774468711213374179"	""	"0"	"-1104.72"	"1958.7"	"16.0"	"974.6806250000001"	"868.5392237427066"	"16.0"	""	""	"1.0"	"208.0"	"5550.0"	"1.0"	"56.61"	"39.0"	"8.0"	"Female"	"2001-02-21T00:00:00.000000Z"	"42.0"	"19270.0"	"2.SILVER"	"1964-07-09T00:00:00.000000Z"	"Venita"	"Chucks"	"Sophisticates"
"103467.0"	"Savings Account"	"Deposit Account"	"2015-01-28T00:00:00.000000Z"	"4556363411903829403"	""	"0"	"33.59"	"1635.29"	"16.0"	"1015.033125"	"371.23960652061805"	"16.0"	""	""	"1.0"	"194.0"	"10800.0"	"2.0"	"71.96000000000001"	"36.0"	"9.0"	"Female"	"1998-08-06T00:00:00.000000Z"	"15.0"	"33280.0"	"2.SILVER"	"1973-06-12T00:00:00.000000Z"	"Elwyn"	"Renahan"	"Sophisticates"
"578205.0"	"Mortgage"	"Secured Lending"	"2016-05-28T00:00:00.000000Z"	"8323680810175297451"	""	"0"	""	""	""	""	""	""	""	""	"6.0"	"195.0"	"21040.0"	"2.0"	"943.26"	"31.0"	"21.0"	"Female"	"2005-11-08T00:00:00.000000Z"	"28.0"	"71750.0"	"1.GOLD"	"1925-06-25T00:00:00.000000Z"	"Cindelyn"	"Bentz"	"Sophisticates"
"591966.0"	"Personal Loan"	"Unsecured Lending"	"2015-01-28T00:00:00.000000Z"	"4090482896885912953"	""	"0"	"-2018.38"	"504.62"	"16.0"	"-756.8800000000001"	"800.7921744539383"	"16.0"	"11.162038381720093"	"178.59261410752148"	"1.0"	"204.0"	"7790.0"	"0.0"	"0.0"	"38.0"	"3.0"	"Female"	"2006-02-15T00:00:00.000000Z"	"19.0"	"27180.0"	"2.SILVER"	"1965-06-16T00:00:00.000000Z"	"Tadeas"	"Elgee"	"Emergent"
"215348.0"	"Current Account"	"Deposit Account"	"2015-01-28T00:00:00.000000Z"	"3145735002714805707"	""	"0"	"-4564.75"	"14548.99"	"16.0"	"4990.361875"	"5301.929323576741"	"16.0"	"1.5"	"24.0"	"1.0"	"231.0"	"13960.0"	"1.0"	"10.72"	"35.0"	"12.0"	"Female"	"2001-01-15T00:00:00.000000Z"	"28.0"	"52810.0"	"2.SILVER"	"1939-06-25T00:00:00.000000Z"	"Klemens"	"Crews"	"Sophisticates"
"126622.0"	"Savings Account"	"Deposit Account"	"2015-01-28T00:00:00.000000Z"	"7918058748742710054"	""	"0"	"-517.32"	"7494.26"	"16.0"	"3352.0681250000002"	"2428.6071791110194"	"16.0"	""	""	"9.0"	"183.0"	"10510.0"	"1.0"	"75.04"	"43.0"	"9.0"	"Male"	"1999-05-17T00:00:00.000000Z"	"28.0"	"34650.0"	"2.SILVER"	"1972-06-25T00:00:00.000000Z"	"Tracie"	"Sighard"	"Loyalist"
"1321772.0"	"Current Account"	"Deposit Account"	"2015-01-28T00:00:00.000000Z"	"4623067847003185884"	""	"0"	"-127.28"	"9557.33"	"16.0"	"4304.76375"	"2581.4685857831005"	"16.0"	"2.5"	"40.0"	"0.0"	"215.0"	"6160.0"	"0.0"	"0.0"	"52.0"	"0.0"	"Male"	"2014-10-03T00:00:00.000000Z"	"45.0"	"23530.0"	"3.BRONZE"	"1995-07-12T00:00:00.000000Z"	"Wenda"	"Beaver"	"Emergent"
"45354.0"	"Current Account"	"Deposit Account"	"2015-01-28T00:00:00.000000Z"	"7303116066773234888"	""	"0"	"-3098.06"	"20177.16"	"16.0"	"7828.854375"	"6583.350439693524"	"16.0"	"2.0"	"32.0"	"1.0"	"168.0"	"20590.0"	"1.0"	"31.69"	"47.0"	"5.0"	"Female"	"1996-09-06T00:00:00.000000Z"	"28.0"	"64420.0"	"1.GOLD"	"1965-06-25T00:00:00.000000Z"	"Britta"	"Synan"	"Traditionalist"
"241099.0"	"Mortgage"	"Secured Lending"	"2015-11-28T00:00:00.000000Z"	"4184852930702826364"	"2016-04-28T00:00:00.000000Z"	"1"	"67021.86"	"67764.5"	"5.0"	"67393.18"	"293.554235193427"	"5.0"	"5.263468086087775"	"26.317340430438875"	"1.0"	"212.0"	"5030.0"	"0.0"	"0.0"	"49.0"	"6.0"	"Female"	"2001-04-19T00:00:00.000000Z"	"14.0"	"18610.0"	"1.GOLD"	"1974-06-11T00:00:00.000000Z"	"Joannes"	"Kegan"	"Loyalist"
"21517.0"	"Savings Account"	"Deposit Account"	"2015-01-28T00:00:00.000000Z"	"7767831390828152911"	""	"0"	"636.62"	"4322.34"	"16.0"	"1878.1975"	"1101.2877348722268"	"16.0"	""	""	"1.0"	"203.0"	"13370.0"	"0.0"	"0.0"	"32.0"	"3.0"	"Female"	"1995-08-29T00:00:00.000000Z"	"28.0"	"45900.0"	"2.SILVER"	"1945-06-25T00:00:00.000000Z"	"Ronni"	"Lepper"	"Sophisticates"
"1221144.0"	"Mortgage"	"Secured Lending"	"2016-04-28T00:00:00.000000Z"	"4728064146662163755"	"2016-04-28T00:00:00.000000Z"	"1"	""	""	""	""	""	""	""	""	"0.0"	"158.0"	"4720.0"	"0.0"	"0.0"	"42.0"	"0.0"	"Male"	"2013-11-18T00:00:00.000000Z"	"35.0"	"15330.0"	"3.BRONZE"	"1991-07-02T00:00:00.000000Z"	"Elset"	"Callam"	"Loyalist"
"407991.0"	"Savings Account"	"Deposit Account"	"2015-01-28T00:00:00.000000Z"	"1051855062692813248"	""	"0"	"-2626.84"	"23231.94"	"16.0"	"7848.772500000001"	"8432.140384805036"	"16.0"	""	""	"2.0"	"188.0"	"19780.0"	"1.0"	"36.08"	"54.0"	"7.0"	"Male"	"2003-05-20T00:00:00.000000Z"	"28.0"	"60490.0"	"2.SILVER"	"1975-06-25T00:00:00.000000Z"	"Thomasin"	"Bartkiewicz"	"Sophisticates"
"742512.0"	"Mortgage"	"Secured Lending"	"2015-01-28T00:00:00.000000Z"	"7989878256852695747"	""	"0"	"41817.85"	"43679.2"	"16.0"	"42748.525"	"590.7865691319336"	"16.0"	"8.616684617835686"	"137.86695388537098"	"8.0"	"227.0"	"4330.0"	"1.0"	"51.84"	"39.0"	"4.0"	"Female"	"2008-01-18T00:00:00.000000Z"	"28.0"	"14190.0"	"2.SILVER"	"1979-06-25T00:00:00.000000Z"	"Edmon"	"Franey"	"Sophisticates"
"359371.0"	"Personal Loan"	"Unsecured Lending"	"2015-10-28T00:00:00.000000Z"	"4391771276828097091"	""	"0"	"6693.77"	"11714.09"	"7.0"	"9203.929999999998"	"1807.5217857239402"	"7.0"	"9.862080785409775"	"69.03456549786843"	"1.0"	"219.0"	"17930.0"	"0.0"	"0.0"	"40.0"	"2.0"	"Female"	"2002-05-15T00:00:00.000000Z"	"28.0"	"65830.0"	"2.SILVER"	"1990-06-25T00:00:00.000000Z"	"Madel"	"Scholcroft"	"Loyalist"
"1411554.0"	"Car Loan"	"Secured Lending"	"2015-11-28T00:00:00.000000Z"	"4590877457323743781"	""	"0"	"198.94"	"1193.64"	"6.0"	"696.2900000000001"	"372.18266026240394"	"6.0"	"16.465486659912063"	"98.79291995947237"	"0.0"	"105.0"	"5440.0"	"0.0"	"0.0"	"26.0"	"6.0"	"Male"	"2015-07-22T00:00:00.000000Z"	"28.0"	"34070.0"	"2.SILVER"	"1982-06-25T00:00:00.000000Z"	"Abbott"	"Shoulder"	"Loyalist"
"92148.0"	"Current Account"	"Deposit Account"	"2015-01-28T00:00:00.000000Z"	"6170384235281828132"	""	"0"	"-353.09"	"6236.38"	"16.0"	"2747.365"	"1636.7294925918577"	"16.0"	"1.0"	"16.0"	"2.0"	"208.0"	"5570.0"	"9.0"	"205.36000000000004"	"33.0"	"16.0"	"Female"	"1999-01-08T00:00:00.000000Z"	"24.0"	"18760.0"	"2.SILVER"	"1953-06-21T00:00:00.000000Z"	"Wendel"	"Heare"	"Loyalist"
"997558.0"	"Current Account"	"Deposit Account"	"2015-01-28T00:00:00.000000Z"	"5551868725949883236"	""	"0"	"-688.07"	"8062.02"	"16.0"	"4049.42"	"2279.754738258775"	"16.0"	"2.5"	"40.0"	"2.0"	"178.0"	"12620.0"	"0.0"	"0.0"	"44.0"	"4.0"	"Male"	"2011-12-20T00:00:00.000000Z"	"28.0"	"48120.0"	"3.BRONZE"	"1992-06-25T00:00:00.000000Z"	"Katine"	"Mackrill"	"Emergent"
"46366.0"	"Personal Loan"	"Unsecured Lending"	"2015-01-28T00:00:00.000000Z"	"1738040111485816373"	""	"0"	"-1900.55"	"691.15"	"16.0"	"-604.6999999999999"	"822.5973359224224"	"16.0"	"9.750138561671168"	"156.0022169867387"	"3.0"	"185.0"	"9750.0"	"0.0"	"0.0"	"38.0"	"9.0"	"Female"	"1996-10-03T00:00:00.000000Z"	"28.0"	"33160.0"	"3.BRONZE"	"1963-06-25T00:00:00.000000Z"	"Bronny"	"MacGorman"	"Loyalist"
"1268312.0"	"Car Loan"	"Secured Lending"	"2015-06-28T00:00:00.000000Z"	"4846101241114603252"	""	"0"	"934.95"	"1402.45"	"11.0"	"1168.7000000000003"	"155.05220894911494"	"11.0"	"4.065492650356696"	"44.72041915392366"	"0.0"	"188.0"	"5910.0"	"0.0"	"0.0"	"43.0"	"9.0"	"Female"	"2014-07-10T00:00:00.000000Z"	"28.0"	"22230.0"	"2.SILVER"	"1981-06-25T00:00:00.000000Z"	"Norrie"	"Brannan"	"Loyalist"
"406110.0"	"Current Account"	"Deposit Account"	"2015-06-28T00:00:00.000000Z"	"267134916245307258"	""	"0"	"-509.32"	"2110.75"	"11.0"	"664.3945454545454"	"923.0695115034798"	"11.0"	"2.0"	"22.0"	"2.0"	"221.0"	"9860.0"	"0.0"	"0.0"	"45.0"	"1.0"	"Female"	"2003-02-07T00:00:00.000000Z"	"8.0"	"33760.0"	"2.SILVER"	"1960-06-05T00:00:00.000000Z"	"Brad"	"Shoutt"	"Sophisticates"
"280259.0"	"Personal Loan"	"Unsecured Lending"	"2016-04-28T00:00:00.000000Z"	"7079688689067050755"	""	"0"	"3639.82"	"3639.82"	"1.0"	"3639.82"	""	"1.0"	"11.03422818126315"	"11.03422818126315"	"1.0"	"180.0"	"6510.0"	"1.0"	"9.18"	"44.0"	"4.0"	"Female"	"2001-10-13T00:00:00.000000Z"	"28.0"	"23230.0"	"2.SILVER"	"1976-06-25T00:00:00.000000Z"	"Dino"	"Glanister"	"Emergent"
"1374770.0"	"Mortgage"	"Secured Lending"	"2015-01-28T00:00:00.000000Z"	"3707331968882654484"	""	"0"	"18430.36"	"20323.96"	"16.0"	"19377.16"	"601.0226165461713"	"16.0"	"1.8134772110961428"	"29.015635377538285"	"5.0"	"208.0"	"4010.0"	"0.0"	"0.0"	"51.0"	"10.0"	"Female"	"2015-01-08T00:00:00.000000Z"	"28.0"	"14260.0"	"2.SILVER"	"1993-06-25T00:00:00.000000Z"	"Ardith"	"Pietruschka"	"Sophisticates"
"514295.0"	"Standard Credit Card"	"Unsecured Lending"	"2015-01-28T00:00:00.000000Z"	"5815739080944432477"	""	"0"	"-4219.42"	"11231.82"	"16.0"	"4550.432499999999"	"3769.2685118406375"	"16.0"	"13.33875"	"213.42"	"1.0"	"194.0"	"11730.0"	"0.0"	"0.0"	"33.0"	"7.0"	"Male"	"2005-01-28T00:00:00.000000Z"	"41.0"	"40110.0"	"2.SILVER"	"1960-07-08T00:00:00.000000Z"	"Daphene"	"Piddick"	"Sophisticates"
"1086680.0"	"Current Account"	"Deposit Account"	"2015-01-28T00:00:00.000000Z"	"904365840132038550"	""	"0"	"-1493.26"	"4932.95"	"16.0"	"2168.1937499999995"	"1860.9490595029731"	"16.0"	"0.5"	"8.0"	"2.0"	"215.0"	"6000.0"	"0.0"	"0.0"	"54.0"	"2.0"	"Female"	"2012-10-23T00:00:00.000000Z"	"41.0"	"23160.0"	"3.BRONZE"	"1992-07-08T00:00:00.000000Z"	"Grazia"	"Davidge"	"Emergent"
"29756.0"	"Current Account"	"Deposit Account"	"2015-01-28T00:00:00.000000Z"	"1798753564623810725"	""	"0"	"-491.17"	"2197.72"	"16.0"	"899.640625"	"769.5338786518217"	"16.0"	"2.0"	"32.0"	"0.0"	"240.0"	"6650.0"	"0.0"	"0.0"	"38.0"	"5.0"	"Male"	"1995-12-21T00:00:00.000000Z"	"41.0"	"24410.0"	"2.SILVER"	"1968-07-08T00:00:00.000000Z"	"Drusi"	"Depper"	"Sophisticates"
"1050930.0"	"Mortgage"	"Secured Lending"	"2015-04-28T00:00:00.000000Z"	"3503801398221393532"	""	"0"	"40018.23"	"46020.99"	"13.0"	"43019.61"	"1948.1159622354912"	"13.0"	"5.632480557060318"	"73.22224724178413"	"1.0"	"209.0"	"6410.0"	"1.0"	"29.86"	"44.0"	"5.0"	"Male"	"2012-08-10T00:00:00.000000Z"	"46.0"	"22140.0"	"2.SILVER"	"1979-07-13T00:00:00.000000Z"	"Lek"	"Ravenscraft"	"Loyalist"
"249063.0"	"Mortgage"	"Secured Lending"	"2015-01-28T00:00:00.000000Z"	"3389110911394684183"	""	"0"	"78749.79"	"83224.14"	"16.0"	"80986.965"	"1420.144457300005"	"16.0"	"2.5198043489441604"	"40.316869583106566"	"1.0"	"202.0"	"9860.0"	"3.0"	"82.25"	"42.0"	"18.0"	"Male"	"2001-05-28T00:00:00.000000Z"	"8.0"	"31490.0"	"1.GOLD"	"1961-06-05T00:00:00.000000Z"	"Margo"	"Mart"	"Sophisticates"
"675038.0"	"Managed Securities"	"Securities"	"2015-01-28T00:00:00.000000Z"	"5858719947519907301"	"2015-02-28T00:00:00.000000Z"	"1"	"-387.29"	"-387.29"	"1.0"	"-387.29"	""	"1.0"	"7.5"	"7.5"	"0.0"	"7.0"	"270.0"	"0.0"	"0.0"	"2.0"	"0.0"	"Female"	"2007-02-05T00:00:00.000000Z"	"28.0"	"17580.0"	"2.SILVER"	"1969-06-25T00:00:00.000000Z"	"Stefano"	"Oherlihy"	"Loyalist"
"403470.0"	"Personal Loan"	"Unsecured Lending"	"2015-01-28T00:00:00.000000Z"	"7403356893034762567"	""	"0"	"2837.99"	"9387.59"	"16.0"	"6112.790000000001"	"2078.822206025968"	"16.0"	"8.907317631450912"	"142.5170821032146"	"6.0"	"189.0"	"7950.0"	"7.0"	"598.13"	"32.0"	"33.0"	"Female"	"2003-01-27T00:00:00.000000Z"	"28.0"	"29810.0"	"1.GOLD"	"1925-06-25T00:00:00.000000Z"	"Ingaborg"	"Frowen"	"Traditionalist"
"1101849.0"	"Current Account"	"Deposit Account"	"2015-01-28T00:00:00.000000Z"	"3668256909846318297"	""	"0"	"-368.76"	"1692.39"	"16.0"	"721.5737499999999"	"609.0441309667141"	"16.0"	"0.5"	"8.0"	"2.0"	"190.0"	"2840.0"	"0.0"	"0.0"	"38.0"	"1.0"	"Male"	"2012-11-16T00:00:00.000000Z"	"28.0"	"9750.0"	"3.BRONZE"	"1990-06-25T00:00:00.000000Z"	"Latisha"	"MacGorman"	"Emergent"
"1410971.0"	"Current Account"	"Deposit Account"	"2015-08-28T00:00:00.000000Z"	"1895139798832699164"	""	"0"	"626.35"	"1500.68"	"9.0"	"968.7011111111112"	"319.7979279734487"	"9.0"	"1.5"	"13.5"	"0.0"	"126.0"	"3070.0"	"0.0"	"0.0"	"26.0"	"0.0"	"Female"	"2015-07-21T00:00:00.000000Z"	"28.0"	"19010.0"	"2.SILVER"	"1985-06-25T00:00:00.000000Z"	"Alvan"	"Tomasello"	"Emergent"
"640564.0"	"Managed Securities"	"Securities"	"2015-01-28T00:00:00.000000Z"	"7873101156633005543"	""	"0"	"1179.1"	"5146.56"	"16.0"	"2613.626875"	"1146.4314435017836"	"16.0"	"20.549374999999998"	"328.78999999999996"	"0.0"	"225.0"	"4080.0"	"3.0"	"122.7"	"39.0"	"11.0"	"Male"	"2006-09-09T00:00:00.000000Z"	"47.0"	"12890.0"	"1.GOLD"	"1965-07-14T00:00:00.000000Z"	"Ronni"	"Jolliff"	"Sophisticates"
"78167.0"	"Savings Account"	"Deposit Account"	"2015-01-28T00:00:00.000000Z"	"1779908488689057583"	""	"0"	"-123.52"	"449.23"	"16.0"	"205.349375"	"147.47712742292163"	"16.0"	""	""	"4.0"	"184.0"	"10460.0"	"1.0"	"41.48"	"43.0"	"19.0"	"Female"	"1997-12-02T00:00:00.000000Z"	"41.0"	"34760.0"	"1.GOLD"	"1963-07-08T00:00:00.000000Z"	"Pryce"	"Davidwitz"	"Sophisticates"
"272680.0"	"Current Account"	"Deposit Account"	"2015-01-28T00:00:00.000000Z"	"6952780200209521682"	""	"0"	"-1192.9"	"2564.52"	"16.0"	"1124.298125"	"833.8877411915727"	"16.0"	"1.0"	"16.0"	"2.0"	"168.0"	"6270.0"	"0.0"	"0.0"	"43.0"	"8.0"	"Male"	"2001-09-18T00:00:00.000000Z"	"28.0"	"21300.0"	"2.SILVER"	"1962-06-25T00:00:00.000000Z"	"Oona"	"Loy"	"Sophisticates"
"987570.0"	"Personal Loan"	"Unsecured Lending"	"2015-01-28T00:00:00.000000Z"	"538419899323279464"	""	"0"	"-3793.06"	"1379.24"	"16.0"	"-1206.91"	"1641.6715671534305"	"16.0"	"5.448016021322663"	"87.1682563411626"	"2.0"	"171.0"	"17630.0"	"0.0"	"0.0"	"50.0"	"6.0"	"Female"	"2011-11-30T00:00:00.000000Z"	"28.0"	"56350.0"	"3.BRONZE"	"1985-06-25T00:00:00.000000Z"	"Tiphany"	"Sandiland"	"Sophisticates"
"553433.0"	"Savings Account"	"Deposit Account"	"2015-01-28T00:00:00.000000Z"	"2572608885983107466"	""	"0"	"-548.11"	"12765.0"	"16.0"	"6710.6849999999995"	"4165.877160413318"	"16.0"	""	""	"2.0"	"213.0"	"17150.0"	"1.0"	"43.04"	"45.0"	"5.0"	"Male"	"2005-09-01T00:00:00.000000Z"	"8.0"	"69740.0"	"2.SILVER"	"1975-06-05T00:00:00.000000Z"	"Ezechiel"	"Chaston"	"Sophisticates"
"581879.0"	"Personal Loan"	"Unsecured Lending"	"2015-01-28T00:00:00.000000Z"	"8978944841262658977"	""	"0"	"-5380.65"	"8071.05"	"16.0"	"1345.1999999999998"	"4269.526790765771"	"16.0"	"38.40084336000768"	"614.4134937601228"	"1.0"	"181.0"	"18590.0"	"2.0"	"124.22"	"31.0"	"9.0"	"Female"	"2005-11-24T00:00:00.000000Z"	"28.0"	"58590.0"	"2.SILVER"	"1932-06-25T00:00:00.000000Z"	"Crosby"	"Crichmer"	"Sophisticates"
"490942.0"	"Current Account"	"Deposit Account"	"2015-01-28T00:00:00.000000Z"	"7033273836862895247"	""	"0"	"6.11"	"57.22"	"16.0"	"27.144999999999996"	"16.342591389780672"	"16.0"	"2.5"	"40.0"	"1.0"	"179.0"	"10380.0"	"1.0"	"62.73"	"52.0"	"6.0"	"Male"	"2004-09-14T00:00:00.000000Z"	"28.0"	"34010.0"	"2.SILVER"	"1968-06-25T00:00:00.000000Z"	"Phillis"	"Shelvey"	"Sophisticates"
"838905.0"	"Premium Credit Card"	"Unsecured Lending"	"2015-02-28T00:00:00.000000Z"	"1853346681030401439"	""	"0"	"-1107.7"	"23658.26"	"15.0"	"11973.046666666667"	"7972.016361256297"	"15.0"	"29.504"	"442.56"	"0.0"	"196.0"	"22850.0"	"0.0"	"0.0"	"46.0"	"3.0"	"Male"	"2009-03-19T00:00:00.000000Z"	"35.0"	"74210.0"	"2.SILVER"	"1978-07-02T00:00:00.000000Z"	"Darnall"	"Alesi"	"Sophisticates"
"670759.0"	"Car Loan"	"Secured Lending"	"2015-01-28T00:00:00.000000Z"	"502154945000343630"	""	"0"	"-520.6"	"780.8"	"16.0"	"130.09999999999994"	"413.06022030691844"	"16.0"	"2.615685039964648"	"41.85096063943437"	"4.0"	"219.0"	"4340.0"	"0.0"	"0.0"	"42.0"	"7.0"	"Male"	"2007-01-22T00:00:00.000000Z"	"14.0"	"14300.0"	"2.SILVER"	"1980-06-11T00:00:00.000000Z"	"Haroun"	"Cutchee"	"Sophisticates"
"1248501.0"	"Current Account"	"Deposit Account"	"2015-01-28T00:00:00.000000Z"	"6008407757958458356"	""	"0"	"-409.51"	"1630.39"	"16.0"	"547.0831250000001"	"563.4085929260546"	"16.0"	"0.0"	"0.0"	"2.0"	"217.0"	"2870.0"	"1.0"	"3.0"	"40.0"	"0.0"	"Female"	"2014-03-14T00:00:00.000000Z"	"4.0"	"10560.0"	"2.SILVER"	"1981-06-01T00:00:00.000000Z"	"Tallou"	"Gludor"	"Emergent"
"822229.0"	"Mortgage"	"Secured Lending"	"2015-01-28T00:00:00.000000Z"	"8784396051411363515"	""	"0"	"211867.59"	"219275.49"	"16.0"	"215571.54"	"2351.243895813499"	"16.0"	"3.5217820201311287"	"56.34851232209806"	"4.0"	"206.0"	"5780.0"	"0.0"	"0.0"	"49.0"	"7.0"	"Male"	"2008-12-11T00:00:00.000000Z"	"45.0"	"19660.0"	"1.GOLD"	"1980-07-12T00:00:00.000000Z"	"Henry"	"Prester"	"Sophisticates"
"455973.0"	"Home Equity Loan"	"Secured Lending"	"2015-01-28T00:00:00.000000Z"	"4946198579859508179"	""	"0"	"5361.52"	"7798.57"	"16.0"	"6580.045000000001"	"773.5119178569055"	"16.0"	"3.622105912504468"	"57.953694600071486"	"3.0"	"181.0"	"7570.0"	"0.0"	"0.0"	"48.0"	"7.0"	"Female"	"2004-01-28T00:00:00.000000Z"	"8.0"	"24940.0"	"2.SILVER"	"1977-06-05T00:00:00.000000Z"	"Blondell"	"Renahan"	"Emergent"
"62536.0"	"Personal Loan"	"Unsecured Lending"	"2015-01-28T00:00:00.000000Z"	"1458107926561190887"	""	"0"	"-1894.64"	"688.96"	"16.0"	"-602.8399999999999"	"820.026421688147"	"16.0"	"17.9043915086259"	"286.4702641380144"	"3.0"	"201.0"	"9990.0"	"0.0"	"0.0"	"36.0"	"6.0"	"Female"	"1997-05-02T00:00:00.000000Z"	"52.0"	"32930.0"	"2.SILVER"	"1971-07-19T00:00:00.000000Z"	"Latisha"	"Gaskamp"	"Loyalist"
"952821.0"	"Personal Loan"	"Unsecured Lending"	"2015-01-28T00:00:00.000000Z"	"5614264757693890543"	"2015-05-28T00:00:00.000000Z"	"1"	"1167.92"	"1501.64"	"4.0"	"1334.78"	"143.61022247737102"	"4.0"	"4.402569773031604"	"17.610279092126415"	"1.0"	"121.0"	"3500.0"	"0.0"	"0.0"	"30.0"	"1.0"	"Male"	"2011-10-01T00:00:00.000000Z"	"40.0"	"20320.0"	"3.BRONZE"	"1992-07-07T00:00:00.000000Z"	"Paula"	"Landeg"	"Loyalist"
"885897.0"	"Personal Loan"	"Unsecured Lending"	"2015-01-28T00:00:00.000000Z"	"980787888159537189"	""	"0"	"-5900.83"	"655.67"	"16.0"	"-2622.58"	"2081.0122440773866"	"16.0"	"9.447791766381915"	"151.16466826211064"	"2.0"	"184.0"	"8160.0"	"1.0"	"144.01"	"45.0"	"14.0"	"Female"	"2010-07-14T00:00:00.000000Z"	"12.0"	"30050.0"	"3.BRONZE"	"1982-06-09T00:00:00.000000Z"	"Thaxter"	"Patesel"	"Loyalist"
"1276298.0"	"Current Account"	"Deposit Account"	"2015-01-28T00:00:00.000000Z"	"6942869517918160075"	""	"0"	"-1501.41"	"4384.41"	"16.0"	"1180.7781249999998"	"1432.422592585576"	"16.0"	"2.5"	"40.0"	"2.0"	"190.0"	"3650.0"	"0.0"	"0.0"	"48.0"	"1.0"	"Female"	"2014-07-24T00:00:00.000000Z"	"13.0"	"14350.0"	"3.BRONZE"	"1995-06-10T00:00:00.000000Z"	"Cathryn"	"Rubinsky"	"Emergent"
"1078199.0"	"Current Account"	"Deposit Account"	"2015-01-28T00:00:00.000000Z"	"6735379241343423361"	""	"0"	"-341.6"	"3930.66"	"16.0"	"1598.6343750000003"	"1122.7474520298779"	"16.0"	"2.0"	"32.0"	"1.0"	"183.0"	"4650.0"	"4.0"	"116.31"	"46.0"	"1.0"	"Female"	"2012-10-09T00:00:00.000000Z"	"28.0"	"15130.0"	"2.SILVER"	"1976-06-25T00:00:00.000000Z"	"Hillary"	"Showers"	"Emergent"
"578590.0"	"Current Account"	"Deposit Account"	"2015-01-28T00:00:00.000000Z"	"5873697006407939861"	"2016-03-28T00:00:00.000000Z"	"1"	"-1010.1"	"10100.15"	"14.0"	"4492.619285714284"	"3044.030332302287"	"14.0"	"2.0"	"28.0"	"1.0"	"195.0"	"8140.0"	"0.0"	"0.0"	"37.0"	"6.0"	"Female"	"2005-11-09T00:00:00.000000Z"	"33.0"	"30350.0"	"2.SILVER"	"1976-06-30T00:00:00.000000Z"	"Stacee"	"Prester"	"Loyalist"
"409608.0"	"Savings Account"	"Deposit Account"	"2015-01-28T00:00:00.000000Z"	"6834940472411613448"	""	"0"	"646.28"	"6483.52"	"16.0"	"3308.8156249999997"	"1851.1014781726358"	"16.0"	""	""	"6.0"	"212.0"	"6610.0"	"2.0"	"62.209999999999994"	"32.0"	"11.0"	"Male"	"2003-03-08T00:00:00.000000Z"	"28.0"	"22180.0"	"2.SILVER"	"1923-06-25T00:00:00.000000Z"	"Vikki"	"De Malchar"	"Sophisticates"
"115622.0"	"Savings Account"	"Deposit Account"	"2015-01-28T00:00:00.000000Z"	"2882059953420852468"	""	"0"	"-1203.75"	"8321.33"	"16.0"	"3622.4968750000003"	"2575.7456620681546"	"16.0"	""	""	"0.0"	"200.0"	"7730.0"	"1.0"	"33.36"	"47.0"	"7.0"	"Male"	"1998-12-18T00:00:00.000000Z"	"28.0"	"28510.0"	"2.SILVER"	"1970-06-25T00:00:00.000000Z"	"Jerry"	"Gobolos"	"Sophisticates"
"1379511.0"	"Personal Loan"	"Unsecured Lending"	"2016-04-28T00:00:00.000000Z"	"4386669245746579650"	""	"0"	"1754.1"	"1754.1"	"1.0"	"1754.1"	""	"1.0"	"2.8189178747609325"	"2.8189178747609325"	"1.0"	"188.0"	"4000.0"	"1.0"	"38.92"	"37.0"	"2.0"	"Female"	"2015-02-02T00:00:00.000000Z"	"23.0"	"13740.0"	"2.SILVER"	"1965-06-20T00:00:00.000000Z"	"Barton"	"Kenneway"	"Emergent"
"590294.0"	"Car Loan"	"Secured Lending"	"2015-01-28T00:00:00.000000Z"	"951515702034945071"	""	"0"	"204.49"	"1738.39"	"16.0"	"971.4399999999999"	"486.8549807351945"	"16.0"	"1.5076080779925856"	"24.12172924788137"	"3.0"	"192.0"	"11970.0"	"1.0"	"24.33"	"58.0"	"5.0"	"Female"	"2006-01-09T00:00:00.000000Z"	"41.0"	"40980.0"	"1.GOLD"	"1982-07-08T00:00:00.000000Z"	"Skipp"	"Jochanany"	"Sophisticates"
"449153.0"	"Current Account"	"Deposit Account"	"2015-01-28T00:00:00.000000Z"	"4082938824480522527"	""	"0"	"569.73"	"7585.75"	"16.0"	"3622.0750000000003"	"2024.0807422827777"	"16.0"	"2.5"	"40.0"	"5.0"	"198.0"	"7540.0"	"0.0"	"0.0"	"41.0"	"5.0"	"Female"	"2003-12-16T00:00:00.000000Z"	"28.0"	"23330.0"	"2.SILVER"	"1972-06-25T00:00:00.000000Z"	"Klara"	"Hellwig"	"Sophisticates"
"597191.0"	"Savings Account"	"Deposit Account"	"2015-01-28T00:00:00.000000Z"	"6832601501364019672"	"2015-06-28T00:00:00.000000Z"	"1"	"2209.18"	"14059.67"	"5.0"	"9273.032000000001"	"4668.590621726218"	"5.0"	""	""	"2.0"	"200.0"	"14950.0"	"2.0"	"357.02"	"39.0"	"4.0"	"Male"	"2006-02-14T00:00:00.000000Z"	"7.0"	"62150.0"	"2.SILVER"	"1965-06-04T00:00:00.000000Z"	"Gearalt"	"Evenett"	"Loyalist"
"290489.0"	"Current Account"	"Deposit Account"	"2015-01-28T00:00:00.000000Z"	"2833890559443090813"	""	"0"	"90.81"	"472.62"	"16.0"	"196.79625000000001"	"93.96515651204618"	"16.0"	"1.5"	"24.0"	"2.0"	"195.0"	"7700.0"	"0.0"	"0.0"	"30.0"	"8.0"	"Male"	"2001-11-05T00:00:00.000000Z"	"28.0"	"25050.0"	"2.SILVER"	"1934-06-25T00:00:00.000000Z"	"Rosa"	"Routh"	"Sophisticates"
"236193.0"	"Standard Credit Card"	"Unsecured Lending"	"2015-06-28T00:00:00.000000Z"	"6264322617092671789"	"2015-12-28T00:00:00.000000Z"	"1"	"181.2"	"1655.45"	"6.0"	"812.9133333333333"	"552.0775487797586"	"6.0"	"9.25"	"55.5"	"2.0"	"236.0"	"16750.0"	"3.0"	"644.4000000000001"	"37.0"	"6.0"	"Female"	"2001-04-02T00:00:00.000000Z"	"28.0"	"59890.0"	"2.SILVER"	"1973-06-25T00:00:00.000000Z"	"Augy"	"Cawthera"	"Sophisticates"
"421246.0"	"Premium Credit Card"	"Unsecured Lending"	"2015-01-28T00:00:00.000000Z"	"7999575076936751496"	""	"0"	"-1183.47"	"4605.85"	"16.0"	"2277.656875"	"1664.2822097057087"	"16.0"	"4.2162500000000005"	"67.46000000000001"	"2.0"	"196.0"	"4420.0"	"3.0"	"120.14000000000001"	"48.0"	"8.0"	"Male"	"2003-05-30T00:00:00.000000Z"	"46.0"	"14360.0"	"2.SILVER"	"1973-07-13T00:00:00.000000Z"	"Sibyl"	"Yerbury"	"Sophisticates"
"236281.0"	"Savings Account"	"Deposit Account"	"2015-01-28T00:00:00.000000Z"	"815771506717805983"	""	"0"	"-4693.96"	"24735.5"	"16.0"	"8159.124374999999"	"9218.782193929932"	"16.0"	""	""	"2.0"	"222.0"	"25820.0"	"2.0"	"98.21000000000001"	"31.0"	"22.0"	"Female"	"2001-04-02T00:00:00.000000Z"	"28.0"	"82540.0"	"2.SILVER"	"1928-06-25T00:00:00.000000Z"	"Elora"	"Tommis"	"Sophisticates"
"234345.0"	"Savings Account"	"Deposit Account"	"2015-01-28T00:00:00.000000Z"	"7526643530488389147"	""	"0"	"-8710.93"	"59887.53"	"16.0"	"20380.639374999995"	"19884.17036662932"	"16.0"	""	""	"2.0"	"208.0"	"26900.0"	"1.0"	"56.14"	"31.0"	"6.0"	"Female"	"2001-03-28T00:00:00.000000Z"	"28.0"	"137220.0"	"2.SILVER"	"1934-06-25T00:00:00.000000Z"	"Twila"	"Aston"	"Sophisticates"
"1140965.0"	"Mortgage"	"Secured Lending"	"2015-04-28T00:00:00.000000Z"	"5292007126582436166"	""	"0"	"73347.58"	"80223.94"	"13.0"	"76785.76"	"2231.6312293141154"	"13.0"	"15.385501093596416"	"200.0115142167534"	"1.0"	"198.0"	"6150.0"	"1.0"	"8.39"	"50.0"	"4.0"	"Male"	"2013-07-12T00:00:00.000000Z"	"28.0"	"25760.0"	"2.SILVER"	"1978-06-25T00:00:00.000000Z"	"Tom"	"Tommis"	"Loyalist"
"397079.0"	"Savings Account"	"Deposit Account"	"2015-01-28T00:00:00.000000Z"	"9118272123409219046"	""	"0"	"778.43"	"19943.77"	"16.0"	"6344.6075"	"5027.802777768834"	"16.0"	""	""	"5.0"	"212.0"	"10680.0"	"3.0"	"22.28"	"48.0"	"4.0"	"Male"	"2002-12-20T00:00:00.000000Z"	"28.0"	"41420.0"	"2.SILVER"	"1976-06-25T00:00:00.000000Z"	"Claire"	"Fodden"	"Sophisticates"
"452387.0"	"Direct Securities"	"Securities"	"2015-01-28T00:00:00.000000Z"	"8937781938187556260"	""	"0"	"-221.24"	"1099.76"	"16.0"	"530.95375"	"408.11908425319524"	"16.0"	"58.31375"	"933.02"	"5.0"	"208.0"	"19530.0"	"3.0"	"1210.46"	"38.0"	"5.0"	"Female"	"2004-01-09T00:00:00.000000Z"	"28.0"	"61740.0"	"2.SILVER"	"1973-06-25T00:00:00.000000Z"	"Eudora"	"Mollindinia"	"Sophisticates"
"1354530.0"	"Current Account"	"Deposit Account"	"2015-01-28T00:00:00.000000Z"	"7715861015515664116"	""	"0"	"-4124.41"	"17434.87"	"16.0"	"6069.323125000001"	"5751.7785985631945"	"16.0"	"1.0"	"16.0"	"1.0"	"222.0"	"16830.0"	"0.0"	"0.0"	"44.0"	"1.0"	"Female"	"2014-11-14T00:00:00.000000Z"	"8.0"	"55070.0"	"3.BRONZE"	"1996-06-05T00:00:00.000000Z"	"Pavlov"	"Fairpo"	"Emergent"
"820997.0"	"Current Account"	"Deposit Account"	"2015-01-28T00:00:00.000000Z"	"3310985621244261893"	""	"0"	"-1073.03"	"4066.08"	"16.0"	"1332.9150000000002"	"1584.4420653550783"	"16.0"	"1.0"	"16.0"	"0.0"	"201.0"	"4030.0"	"0.0"	"0.0"	"38.0"	"3.0"	"Male"	"2008-12-03T00:00:00.000000Z"	"28.0"	"14010.0"	"2.SILVER"	"1963-06-25T00:00:00.000000Z"	"Poppy"	"Murrthum"	"Sophisticates"
"159776.0"	"Mortgage"	"Secured Lending"	"2015-01-28T00:00:00.000000Z"	"7072162235439506131"	""	"0"	"162032.72"	"175241.87"	"16.0"	"168637.295"	"4192.5421923061385"	"16.0"	"9.343071531762735"	"149.48914450820376"	"0.0"	"212.0"	"12790.0"	"2.0"	"67.75"	"36.0"	"5.0"	"Male"	"2000-02-09T00:00:00.000000Z"	"46.0"	"45370.0"	"1.GOLD"	"1959-07-13T00:00:00.000000Z"	"Olivette"	"Mollene"	"Traditionalist"
"1357335.0"	"Current Account"	"Deposit Account"	"2015-01-28T00:00:00.000000Z"	"4004162292658226102"	""	"0"	"-152.78"	"4158.32"	"16.0"	"1585.22125"	"1076.5530576048416"	"16.0"	"2.0"	"32.0"	"2.0"	"201.0"	"13320.0"	"0.0"	"0.0"	"51.0"	"1.0"	"Male"	"2014-11-19T00:00:00.000000Z"	"30.0"	"44450.0"	"3.BRONZE"	"1994-06-27T00:00:00.000000Z"	"Germain"	"Priestley"	"Emergent"
"849509.0"	"Premium Credit Card"	"Unsecured Lending"	"2015-01-28T00:00:00.000000Z"	"4758574637615113582"	""	"0"	"-829.98"	"2728.71"	"16.0"	"1000.164375"	"973.9110809580702"	"16.0"	"10.111874999999998"	"161.78999999999996"	"2.0"	"210.0"	"4540.0"	"0.0"	"0.0"	"45.0"	"5.0"	"Female"	"2002-04-23T00:00:00.000000Z"	"41.0"	"16050.0"	"2.SILVER"	"1990-07-08T00:00:00.000000Z"	"Mic"	"Marunchak"	"Emergent"
"252451.0"	"Managed Securities"	"Securities"	"2015-01-28T00:00:00.000000Z"	"1052671921357022526"	""	"0"	"18.14"	"799.68"	"16.0"	"380.67625"	"230.528704875698"	"16.0"	"71.206875"	"1139.31"	"4.0"	"184.0"	"10650.0"	"0.0"	"0.0"	"49.0"	"7.0"	"Female"	"2001-06-11T00:00:00.000000Z"	"28.0"	"38210.0"	"1.GOLD"	"1963-06-25T00:00:00.000000Z"	"Megan"	"Carlisso"	"Sophisticates"
"71523.0"	"Savings Account"	"Deposit Account"	"2015-01-28T00:00:00.000000Z"	"2633326606842548958"	"2015-11-28T00:00:00.000000Z"	"1"	"-3618.33"	"8774.76"	"10.0"	"3254.8679999999995"	"3393.0134025828233"	"10.0"	""	""	"3.0"	"192.0"	"13890.0"	"0.0"	"0.0"	"48.0"	"1.0"	"Male"	"1997-09-08T00:00:00.000000Z"	"28.0"	"43410.0"	"2.SILVER"	"1978-06-25T00:00:00.000000Z"	"Cherey"	"Braz"	"Loyalist"
"390534.0"	"Mortgage"	"Secured Lending"	"2015-01-28T00:00:00.000000Z"	"3623210394959273426"	""	"0"	"126713.14"	"137828.29"	"16.0"	"132270.71499999997"	"3527.913253222992"	"16.0"	"11.63628548487868"	"186.18056775805888"	"5.0"	"221.0"	"11990.0"	"1.0"	"31.91"	"34.0"	"19.0"	"Female"	"2002-11-26T00:00:00.000000Z"	"28.0"	"41330.0"	"2.SILVER"	"1956-06-25T00:00:00.000000Z"	"Estelle"	"Branson"	"Sophisticates"
"1453178.0"	"Current Account"	"Deposit Account"	"2015-10-28T00:00:00.000000Z"	"7917376646108624281"	""	"0"	"-291.13"	"1994.15"	"7.0"	"611.3928571428571"	"705.9963980954927"	"7.0"	"2.5"	"17.5"	"0.0"	"65.0"	"2160.0"	"0.0"	"0.0"	"20.0"	"0.0"	"Female"	"2015-09-17T00:00:00.000000Z"	"36.0"	"14800.0"	"3.BRONZE"	"1996-07-03T00:00:00.000000Z"	"Marty"	"Goade"	"Emergent"
"165507.0"	"Standard Credit Card"	"Unsecured Lending"	"2015-03-28T00:00:00.000000Z"	"8322528628574827907"	""	"0"	"-75.94"	"775.82"	"14.0"	"317.18857142857144"	"242.36774635814328"	"14.0"	"2.9678571428571425"	"41.55"	"2.0"	"214.0"	"10090.0"	"2.0"	"88.56"	"47.0"	"17.0"	"Female"	"2000-03-08T00:00:00.000000Z"	"28.0"	"41620.0"	"2.SILVER"	"1958-06-25T00:00:00.000000Z"	"Alvira"	"Traviss"	"Loyalist"
"769847.0"	"Managed Securities"	"Securities"	"2015-04-28T00:00:00.000000Z"	"4789017043769349882"	""	"0"	"-735.48"	"4399.4"	"13.0"	"2896.346923076923"	"1454.699140214135"	"13.0"	"19.39"	"252.07000000000002"	"4.0"	"157.0"	"3660.0"	"0.0"	"0.0"	"30.0"	"4.0"	"Female"	"2008-05-26T00:00:00.000000Z"	"5.0"	"19450.0"	"1.GOLD"	"1969-06-02T00:00:00.000000Z"	"Tracie"	"De Ferraris"	"Sophisticates"
"1322960.0"	"Current Account"	"Deposit Account"	"2015-01-28T00:00:00.000000Z"	"3712459142227927152"	"2015-10-28T00:00:00.000000Z"	"1"	"157.32"	"6982.99"	"9.0"	"4323.623333333333"	"2755.4185235504606"	"9.0"	"0.5"	"4.5"	"3.0"	"150.0"	"10630.0"	"1.0"	"109.44"	"38.0"	"7.0"	"Male"	"2014-10-03T00:00:00.000000Z"	"28.0"	"37510.0"	"2.SILVER"	"1969-06-25T00:00:00.000000Z"	"Tobe"	"Colcutt"	"Loyalist"
"159479.0"	"Standard Credit Card"	"Unsecured Lending"	"2015-01-28T00:00:00.000000Z"	"3763205240036527968"	""	"0"	"-2484.03"	"5901.99"	"16.0"	"2035.904375"	"1988.4230399488895"	"16.0"	"12.296875000000002"	"196.75000000000003"	"2.0"	"242.0"	"6620.0"	"0.0"	"0.0"	"38.0"	"2.0"	"Female"	"2000-02-07T00:00:00.000000Z"	"8.0"	"20310.0"	"2.SILVER"	"1964-06-05T00:00:00.000000Z"	"Manolo"	"Gocher"	"Sophisticates"
"248095.0"	"Car Loan"	"Secured Lending"	"2015-01-28T00:00:00.000000Z"	"4506514307395549562"	""	"0"	"5646.08"	"8670.83"	"16.0"	"7158.455"	"960.0460284104439"	"16.0"	"4.4606729548695805"	"71.37076727791329"	"4.0"	"227.0"	"7740.0"	"3.0"	"92.22"	"41.0"	"11.0"	"Male"	"2001-05-22T00:00:00.000000Z"	"28.0"	"26730.0"	"2.SILVER"	"1964-06-25T00:00:00.000000Z"	"Elnore"	"MacKeever"	"Sophisticates"
"100222.0"	"Savings Account"	"Deposit Account"	"2015-01-28T00:00:00.000000Z"	"7804616285836703419"	""	"0"	"-2559.94"	"8419.68"	"16.0"	"3190.3968749999995"	"2918.4266651804446"	"16.0"	""	""	"4.0"	"180.0"	"5790.0"	"2.0"	"90.44"	"33.0"	"16.0"	"Female"	"1998-06-23T00:00:00.000000Z"	"21.0"	"20570.0"	"2.SILVER"	"1968-06-18T00:00:00.000000Z"	"Geordie"	"Birbeck"	"Sophisticates"
"924100.0"	"Car Loan"	"Secured Lending"	"2015-08-28T00:00:00.000000Z"	"3537153955236066488"	"2015-08-28T00:00:00.000000Z"	"1"	""	""	""	""	""	""	""	""	"0.0"	"220.0"	"3450.0"	"0.0"	"0.0"	"40.0"	"1.0"	"Male"	"2011-08-02T00:00:00.000000Z"	"47.0"	"15310.0"	"3.BRONZE"	"1992-07-14T00:00:00.000000Z"	"Jodi"	"Tommasi"	"Loyalist"
"910383.0"	"Mortgage"	"Secured Lending"	"2015-01-28T00:00:00.000000Z"	"3792632880036162395"	""	"0"	"79992.51"	"82641.21"	"16.0"	"81316.86"	"840.6889546080708"	"16.0"	"1.301334803070469"	"20.821356849127504"	"3.0"	"189.0"	"2210.0"	"0.0"	"0.0"	"36.0"	"8.0"	"Male"	"2011-04-14T00:00:00.000000Z"	"45.0"	"8970.0"	"2.SILVER"	"1975-07-12T00:00:00.000000Z"	"Carlyn"	"Lavrinov"	"Emergent"
"97186.0"	"Standard Credit Card"	"Unsecured Lending"	"2015-01-28T00:00:00.000000Z"	"971453363480242105"	""	"0"	"-3592.14"	"5001.82"	"16.0"	"1254.2775"	"2245.5453567021677"	"16.0"	"7.9525"	"127.24"	"6.0"	"193.0"	"6360.0"	"3.0"	"85.78999999999999"	"35.0"	"15.0"	"Male"	"1999-03-29T00:00:00.000000Z"	"28.0"	"25420.0"	"2.SILVER"	"1950-06-25T00:00:00.000000Z"	"Jimmie"	"Dunthorn"	"Traditionalist"
"436349.0"	"Premium Credit Card"	"Unsecured Lending"	"2015-01-28T00:00:00.000000Z"	"8121455886176789959"	""	"0"	"-94.66"	"3510.6"	"16.0"	"1445.6975"	"830.60217245482"	"16.0"	"7.82625"	"125.22"	"2.0"	"210.0"	"4330.0"	"5.0"	"163.45"	"44.0"	"9.0"	"Female"	"2003-09-23T00:00:00.000000Z"	"28.0"	"13490.0"	"1.GOLD"	"1964-06-25T00:00:00.000000Z"	"Ignatius"	"Congram"	"Sophisticates"
"1241747.0"	"Current Account"	"Deposit Account"	"2015-01-28T00:00:00.000000Z"	"7237125181653218442"	"2016-04-28T00:00:00.000000Z"	"1"	"-148.98"	"2509.84"	"15.0"	"952.6340000000001"	"647.6604578988239"	"15.0"	"0.0"	"0.0"	"1.0"	"187.0"	"6580.0"	"0.0"	"0.0"	"45.0"	"3.0"	"Female"	"2014-02-04T00:00:00.000000Z"	"46.0"	"28680.0"	"2.SILVER"	"1973-07-13T00:00:00.000000Z"	"Harriet"	"Dilliway"	"Loyalist"
"1292567.0"	"Current Account"	"Deposit Account"	"2015-01-28T00:00:00.000000Z"	"3783173737704136897"	""	"0"	"10.88"	"167.19"	"16.0"	"75.961875"	"58.22070768134536"	"16.0"	"1.0"	"16.0"	"5.0"	"203.0"	"3060.0"	"0.0"	"0.0"	"43.0"	"1.0"	"Male"	"2014-08-05T00:00:00.000000Z"	"25.0"	"10350.0"	"3.BRONZE"	"1995-06-22T00:00:00.000000Z"	"Nancee"	"Castagnier"	"Emergent"
"216932.0"	"Mortgage"	"Secured Lending"	"2015-01-28T00:00:00.000000Z"	"1561248079071061396"	""	"0"	"98797.51"	"113326.51"	"16.0"	"106062.01000000001"	"4611.458383924373"	"16.0"	"0.8470883052553262"	"13.553412884085219"	"6.0"	"186.0"	"12200.0"	"1.0"	"39.54"	"42.0"	"18.0"	"Male"	"2001-01-22T00:00:00.000000Z"	"28.0"	"43860.0"	"2.SILVER"	"1967-06-25T00:00:00.000000Z"	"Rice"	"Portchmouth"	"Sophisticates"
"106723.0"	"Personal Loan"	"Unsecured Lending"	"2015-01-28T00:00:00.000000Z"	"8674122641189994535"	""	"0"	"1102.07"	"2282.57"	"16.0"	"1692.32"	"374.68694488421517"	"16.0"	"29.33945937135367"	"469.4313499416587"	"4.0"	"226.0"	"8420.0"	"2.0"	"14.09"	"44.0"	"15.0"	"Female"	"1998-10-02T00:00:00.000000Z"	"28.0"	"26780.0"	"3.BRONZE"	"1964-06-25T00:00:00.000000Z"	"Kerry"	"Beazleigh"	"Loyalist"
"34651.0"	"Current Account"	"Deposit Account"	"2015-07-28T00:00:00.000000Z"	"1092841785783715289"	""	"0"	"2735.09"	"6752.26"	"10.0"	"4687.305999999999"	"1311.5805028133043"	"10.0"	"1.0"	"10.0"	"2.0"	"197.0"	"8060.0"	"2.0"	"35.8"	"44.0"	"12.0"	"Female"	"1996-03-12T00:00:00.000000Z"	"8.0"	"26530.0"	"2.SILVER"	"1949-06-05T00:00:00.000000Z"	"Gearalt"	"Wakes"	"Traditionalist"
"343421.0"	"Savings Account"	"Deposit Account"	"2015-01-28T00:00:00.000000Z"	"534238585121068308"	""	"0"	"-1262.2"	"4190.7"	"16.0"	"1276.0187499999997"	"1533.1636360235655"	"16.0"	""	""	"2.0"	"186.0"	"21650.0"	"1.0"	"97.86"	"35.0"	"4.0"	"Male"	"2002-03-18T00:00:00.000000Z"	"46.0"	"74990.0"	"2.SILVER"	"1942-07-13T00:00:00.000000Z"	"Zorah"	"Hoffmann"	"Sophisticates"
"664137.0"	"Mortgage"	"Secured Lending"	"2015-01-28T00:00:00.000000Z"	"3119425259923226984"	"2015-08-28T00:00:00.000000Z"	"1"	"13335.96"	"16003.14"	"7.0"	"14669.550000000001"	"960.2945542210836"	"7.0"	"8.798296427437835"	"61.58807499206484"	"2.0"	"189.0"	"6580.0"	"1.0"	"2.93"	"46.0"	"6.0"	"Male"	"2006-12-21T00:00:00.000000Z"	"28.0"	"22550.0"	"2.SILVER"	"1964-06-25T00:00:00.000000Z"	"Cos"	"Draye"	"Loyalist"
"217064.0"	"Managed Securities"	"Securities"	"2015-01-28T00:00:00.000000Z"	"3467566465796179037"	""	"0"	"-3257.26"	"21667.1"	"16.0"	"8444.588124999998"	"6880.19335665621"	"16.0"	"66.91125"	"1070.58"	"2.0"	"225.0"	"23330.0"	"1.0"	"101.92"	"46.0"	"9.0"	"Male"	"2001-01-22T00:00:00.000000Z"	"28.0"	"76090.0"	"1.GOLD"	"1978-06-25T00:00:00.000000Z"	"Darsey"	"Dax"	"Sophisticates"
"1214126.0"	"Managed Securities"	"Securities"	"2015-01-28T00:00:00.000000Z"	"5997693275639823411"	""	"0"	"-1620.1"	"22207.07"	"16.0"	"6549.991875"	"6040.659850747233"	"16.0"	"34.81625"	"557.06"	"3.0"	"177.0"	"16180.0"	"0.0"	"0.0"	"39.0"	"3.0"	"Male"	"2013-11-05T00:00:00.000000Z"	"28.0"	"50310.0"	"2.SILVER"	"1962-06-25T00:00:00.000000Z"	"Jo ann"	"Bastide"	"Sophisticates"
"29316.0"	"Premium Credit Card"	"Unsecured Lending"	"2015-01-28T00:00:00.000000Z"	"76346204614721936"	"2015-10-28T00:00:00.000000Z"	"1"	"-446.85"	"1655.14"	"9.0"	"685.9411111111111"	"597.201984517057"	"9.0"	"13.285555555555554"	"119.57"	"3.0"	"220.0"	"4100.0"	"2.0"	"31.89"	"38.0"	"15.0"	"Male"	"1995-12-15T00:00:00.000000Z"	"38.0"	"14620.0"	"2.SILVER"	"1929-07-05T00:00:00.000000Z"	"Fiann"	"Lillgard"	"Loyalist"
"65231.0"	"Managed Securities"	"Securities"	"2015-01-28T00:00:00.000000Z"	"2712544285982731903"	""	"0"	"-10.48"	"26.24"	"16.0"	"9.056875"	"9.192665713310078"	"16.0"	"28.75625"	"460.1"	"5.0"	"200.0"	"16690.0"	"3.0"	"412.21999999999997"	"31.0"	"16.0"	"Female"	"1997-06-04T00:00:00.000000Z"	"28.0"	"58720.0"	"1.GOLD"	"1959-06-25T00:00:00.000000Z"	"Joly"	"Banat"	"Sophisticates"
"255443.0"	"Standard Credit Card"	"Unsecured Lending"	"2015-09-28T00:00:00.000000Z"	"3509831143169750708"	""	"0"	"504.4"	"2095.9"	"8.0"	"1371.4449999999997"	"622.0587091263975"	"8.0"	"6.2162500000000005"	"49.730000000000004"	"6.0"	"206.0"	"14860.0"	"1.0"	"83.25"	"33.0"	"8.0"	"Female"	"2001-07-04T00:00:00.000000Z"	"28.0"	"52300.0"	"1.GOLD"	"1959-06-25T00:00:00.000000Z"	"Mohandis"	"De Domenicis"	"Sophisticates"
"856450.0"	"Standard Credit Card"	"Unsecured Lending"	"2015-01-28T00:00:00.000000Z"	"8581121933638620244"	""	"0"	"-21.08"	"1075.26"	"16.0"	"471.565"	"268.7951823725021"	"16.0"	"2.7099999999999995"	"43.35999999999999"	"2.0"	"209.0"	"5040.0"	"2.0"	"84.84"	"38.0"	"13.0"	"Female"	"2009-11-12T00:00:00.000000Z"	"41.0"	"18980.0"	"2.SILVER"	"1958-07-08T00:00:00.000000Z"	"Dorena"	"Yerill"	"Sophisticates"
"520202.0"	"Savings Account"	"Deposit Account"	"2015-01-28T00:00:00.000000Z"	"4155439648543842214"	""	"0"	"-1783.49"	"5144.04"	"16.0"	"1751.5106250000001"	"1847.2850202047641"	"16.0"	""	""	"2.0"	"228.0"	"7040.0"	"1.0"	"62.88"	"46.0"	"5.0"	"Female"	"2005-03-05T00:00:00.000000Z"	"42.0"	"22880.0"	"2.SILVER"	"1975-07-09T00:00:00.000000Z"	"Darsey"	"McReedy"	"Emergent"
"1117843.0"	"Car Loan"	"Secured Lending"	"2015-01-28T00:00:00.000000Z"	"4098523968450716658"	""	"0"	"3725.94"	"6667.44"	"16.0"	"5196.69"	"933.6227432248334"	"16.0"	"1.6701721020396543"	"26.72275363263447"	"4.0"	"195.0"	"16920.0"	"1.0"	"7.36"	"45.0"	"11.0"	"Female"	"2013-01-14T00:00:00.000000Z"	"28.0"	"52920.0"	"2.SILVER"	"1978-06-25T00:00:00.000000Z"	"Tawsha"	"Whittington"	"Sophisticates"
"163010.0"	"Savings Account"	"Deposit Account"	"2015-01-28T00:00:00.000000Z"	"7394944534670643992"	""	"0"	"-1795.52"	"6124.68"	"16.0"	"3240.648125"	"2480.2623232048627"	"16.0"	""	""	"2.0"	"217.0"	"8180.0"	"1.0"	"20.21"	"52.0"	"9.0"	"Female"	"2000-03-30T00:00:00.000000Z"	"8.0"	"32410.0"	"2.SILVER"	"1969-06-05T00:00:00.000000Z"	"Carson"	"Egre"	"Sophisticates"
"1118558.0"	"Standard Credit Card"	"Unsecured Lending"	"2015-01-28T00:00:00.000000Z"	"5971607860944749906"	"2015-10-28T00:00:00.000000Z"	"1"	"-1953.82"	"5367.62"	"9.0"	"2187.3933333333334"	"2752.1916887773277"	"9.0"	"11.721111111111112"	"105.49000000000001"	"1.0"	"220.0"	"15780.0"	"0.0"	"0.0"	"40.0"	"3.0"	"Female"	"2013-03-13T00:00:00.000000Z"	"43.0"	"55650.0"	"2.SILVER"	"1957-07-10T00:00:00.000000Z"	"Kippie"	"Althorpe"	"Sophisticates"
"341793.0"	"Current Account"	"Deposit Account"	"2015-01-28T00:00:00.000000Z"	"2110370914078402636"	""	"0"	"-536.66"	"2025.43"	"16.0"	"905.9637500000001"	"811.0019345055022"	"16.0"	"2.5"	"40.0"	"0.0"	"206.0"	"13940.0"	"1.0"	"106.67"	"41.0"	"4.0"	"Male"	"2002-03-13T00:00:00.000000Z"	"28.0"	"50410.0"	"2.SILVER"	"1971-06-25T00:00:00.000000Z"	"Tynan"	"Grimsey"	"Sophisticates"
"99782.0"	"Premium Credit Card"	"Unsecured Lending"	"2015-01-28T00:00:00.000000Z"	"2483249079336330499"	""	"0"	"3913.58"	"38224.6"	"16.0"	"15890.430625"	"8812.710121272547"	"16.0"	"31.325625"	"501.21"	"3.0"	"198.0"	"28330.0"	"5.0"	"353.90999999999997"	"45.0"	"10.0"	"Male"	"2000-07-05T00:00:00.000000Z"	"28.0"	"98460.0"	"1.GOLD"	"1972-06-25T00:00:00.000000Z"	"Carson"	"Mathwin"	"Traditionalist"
"1268587.0"	"Current Account"	"Deposit Account"	"2016-01-28T00:00:00.000000Z"	"1082195246936493337"	"2016-01-28T00:00:00.000000Z"	"1"	""	""	""	""	""	""	""	""	"0.0"	"164.0"	"1330.0"	"0.0"	"0.0"	"20.0"	"1.0"	"Male"	"2014-07-14T00:00:00.000000Z"	"28.0"	"7840.0"	"2.SILVER"	"1940-06-25T00:00:00.000000Z"	"Madelin"	"Schaben"	"Loyalist"
"343762.0"	"Managed Securities"	"Securities"	"2015-12-28T00:00:00.000000Z"	"3105819055251178128"	""	"0"	"-1751.62"	"4631.24"	"5.0"	"1729.1119999999999"	"2279.4772628653263"	"5.0"	"21.442"	"107.21"	"0.0"	"179.0"	"10700.0"	"1.0"	"30.68"	"51.0"	"4.0"	"Male"	"2002-03-18T00:00:00.000000Z"	"28.0"	"39590.0"	"2.SILVER"	"1968-06-25T00:00:00.000000Z"	"Everard"	"Demko"	"Sophisticates"
"534634.0"	"Standard Credit Card"	"Unsecured Lending"	"2015-01-28T00:00:00.000000Z"	"5535956950367361683"	""	"0"	"85.33"	"3927.0"	"16.0"	"1622.766875"	"1156.423918470032"	"16.0"	"0.28"	"4.48"	"1.0"	"217.0"	"12490.0"	"3.0"	"322.18"	"45.0"	"16.0"	"Female"	"2005-05-26T00:00:00.000000Z"	"8.0"	"42330.0"	"1.GOLD"	"1965-06-05T00:00:00.000000Z"	"Leland"	"Lambricht"	"Sophisticates"
"837277.0"	"Current Account"	"Deposit Account"	"2015-01-28T00:00:00.000000Z"	"3944352950241709040"	""	"0"	"-6.63"	"4605.3"	"16.0"	"2530.0775000000003"	"1432.3704345105702"	"16.0"	"1.0"	"16.0"	"0.0"	"184.0"	"13400.0"	"0.0"	"0.0"	"40.0"	"3.0"	"Male"	"2009-03-03T00:00:00.000000Z"	"28.0"	"46890.0"	"2.SILVER"	"1960-06-25T00:00:00.000000Z"	"Linet"	"Hundy"	"Sophisticates"
"82578.0"	"Savings Account"	"Deposit Account"	"2015-01-28T00:00:00.000000Z"	"7368110668181618877"	"2015-12-28T00:00:00.000000Z"	"1"	"1934.89"	"14057.51"	"11.0"	"6531.7245454545455"	"4013.159589399265"	"11.0"	""	""	"2.0"	"163.0"	"11160.0"	"2.0"	"99.35000000000001"	"31.0"	"9.0"	"Female"	"1998-01-16T00:00:00.000000Z"	"28.0"	"48090.0"	"1.GOLD"	"1950-06-25T00:00:00.000000Z"	"Justen"	"Roydon"	"Loyalist"
"332069.0"	"Managed Securities"	"Securities"	"2015-01-28T00:00:00.000000Z"	"38401896828759913"	"2015-02-28T00:00:00.000000Z"	"1"	"1049.56"	"1049.56"	"1.0"	"1049.56"	""	"1.0"	"4.5"	"4.5"	"3.0"	"195.0"	"9180.0"	"1.0"	"194.31"	"41.0"	"11.0"	"Female"	"2002-02-19T00:00:00.000000Z"	"28.0"	"29840.0"	"2.SILVER"	"1972-06-25T00:00:00.000000Z"	"Tracie"	"Yerbury"	"Loyalist"
"409905.0"	"Mortgage"	"Secured Lending"	"2015-02-28T00:00:00.000000Z"	"8921553631501514983"	""	"0"	"61480.93"	"66827.11"	"15.0"	"64154.02000000002"	"1707.7745571356995"	"15.0"	"4.271251965234763"	"64.06877947852144"	"1.0"	"226.0"	"4340.0"	"2.0"	"27.92"	"44.0"	"4.0"	"Male"	"2003-03-05T00:00:00.000000Z"	"38.0"	"14450.0"	"1.GOLD"	"1977-07-05T00:00:00.000000Z"	"Jenelle"	"Bosson"	"Sophisticates"
"1261976.0"	"Managed Securities"	"Securities"	"2015-01-28T00:00:00.000000Z"	"4233341511030341382"	""	"0"	"9.69"	"1252.69"	"16.0"	"533.1875"	"383.01471969103227"	"16.0"	"15.248124999999998"	"243.96999999999997"	"3.0"	"206.0"	"3560.0"	"1.0"	"52.09"	"46.0"	"13.0"	"Female"	"2014-06-05T00:00:00.000000Z"	"28.0"	"13090.0"	"2.SILVER"	"1961-06-25T00:00:00.000000Z"	"Cindelyn"	"Fechnie"	"Loyalist"
"1270886.0"	"Mortgage"	"Secured Lending"	"2015-10-28T00:00:00.000000Z"	"1918037814309372025"	"2015-10-28T00:00:00.000000Z"	"1"	""	""	""	""	""	""	""	""	"0.0"	"211.0"	"3800.0"	"0.0"	"0.0"	"43.0"	"1.0"	"Female"	"2014-07-17T00:00:00.000000Z"	"21.0"	"13740.0"	"3.BRONZE"	"1990-06-18T00:00:00.000000Z"	"Abraham"	"Cordery"	"Loyalist"
"266333.0"	"Current Account"	"Deposit Account"	"2015-01-28T00:00:00.000000Z"	"7060528203517069257"	""	"0"	"-2199.93"	"6084.51"	"16.0"	"1296.495625"	"2299.2156625828407"	"16.0"	"2.0"	"32.0"	"1.0"	"205.0"	"7550.0"	"0.0"	"0.0"	"43.0"	"5.0"	"Female"	"2001-08-01T00:00:00.000000Z"	"28.0"	"24760.0"	"2.SILVER"	"1976-06-25T00:00:00.000000Z"	"Joly"	"Matveichev"	"Loyalist"
"1115214.0"	"Standard Credit Card"	"Unsecured Lending"	"2015-04-28T00:00:00.000000Z"	"2135368750989197635"	"2015-12-28T00:00:00.000000Z"	"1"	"239.52"	"6803.11"	"8.0"	"2202.69375"	"2442.9437179876572"	"8.0"	"26.3925"	"211.14"	"2.0"	"186.0"	"25640.0"	"0.0"	"0.0"	"48.0"	"5.0"	"Female"	"2012-12-31T00:00:00.000000Z"	"28.0"	"96230.0"	"3.BRONZE"	"1987-06-25T00:00:00.000000Z"	"Heath"	"Gregoretti"	"Loyalist"
"198496.0"	"Current Account"	"Deposit Account"	"2015-01-28T00:00:00.000000Z"	"8778239302471258992"	"2016-02-28T00:00:00.000000Z"	"1"	"-2685.23"	"6495.48"	"13.0"	"2485.834615384615"	"2801.486493901096"	"13.0"	"1.0"	"13.0"	"6.0"	"188.0"	"15850.0"	"1.0"	"19.22"	"31.0"	"12.0"	"Male"	"2000-11-27T00:00:00.000000Z"	"28.0"	"58600.0"	"2.SILVER"	"1941-06-25T00:00:00.000000Z"	"Chrissy"	"Wyllie"	"Loyalist"
"145289.0"	"Standard Credit Card"	"Unsecured Lending"	"2015-06-28T00:00:00.000000Z"	"959344445395983733"	""	"0"	"-807.47"	"6054.65"	"11.0"	"3832.738181818182"	"1802.2059090005125"	"11.0"	"6.796363636363637"	"74.76"	"5.0"	"212.0"	"5690.0"	"2.0"	"59.510000000000005"	"32.0"	"6.0"	"Female"	"1999-10-11T00:00:00.000000Z"	"10.0"	"21690.0"	"2.SILVER"	"1945-06-07T00:00:00.000000Z"	"Gwenneth"	"Peye"	"Loyalist"
"32715.0"	"Current Account"	"Deposit Account"	"2015-01-28T00:00:00.000000Z"	"4224641091804188487"	""	"0"	"-202.04"	"1335.99"	"16.0"	"647.45125"	"357.9410789478253"	"16.0"	"0.5"	"8.0"	"1.0"	"187.0"	"8250.0"	"0.0"	"0.0"	"41.0"	"11.0"	"Female"	"1998-03-13T00:00:00.000000Z"	"7.0"	"27470.0"	"2.SILVER"	"1945-06-04T00:00:00.000000Z"	"Forest"	"Woodlands"	"Sophisticates"
"465950.0"	"Direct Securities"	"Securities"	"2015-05-28T00:00:00.000000Z"	"7686134198915690211"	""	"0"	"-304.0"	"4988.66"	"12.0"	"2229.5550000000003"	"1570.3499652306807"	"12.0"	"36.659166666666664"	"439.90999999999997"	"3.0"	"189.0"	"10070.0"	"1.0"	"26.89"	"42.0"	"5.0"	"Female"	"2004-04-05T00:00:00.000000Z"	"28.0"	"39960.0"	"2.SILVER"	"1979-06-25T00:00:00.000000Z"	"Esmeralda"	"Crews"	"Sophisticates"
"119637.0"	"Current Account"	"Deposit Account"	"2015-06-28T00:00:00.000000Z"	"7114295801726680363"	"2015-08-28T00:00:00.000000Z"	"1"	"2324.31"	"6917.21"	"2.0"	"4620.76"	"3247.670735311694"	"2.0"	"1.5"	"3.0"	"0.0"	"75.0"	"4710.0"	"0.0"	"0.0"	"16.0"	"1.0"	"Female"	"1999-01-22T00:00:00.000000Z"	"28.0"	"42930.0"	"2.SILVER"	"1971-06-25T00:00:00.000000Z"	"Kelila"	"Tribell"	"Loyalist"
"944670.0"	"Mortgage"	"Secured Lending"	"2015-05-28T00:00:00.000000Z"	"8199625934634111528"	""	"0"	"215286.52"	"221774.65"	"12.0"	"218530.585"	"2126.662308806887"	"12.0"	"30.700467251762536"	"368.40560702115044"	"3.0"	"145.0"	"9550.0"	"0.0"	"0.0"	"32.0"	"6.0"	"Female"	"2015-04-08T00:00:00.000000Z"	"28.0"	"41440.0"	"2.SILVER"	"1975-06-25T00:00:00.000000Z"	"Hi"	"Di Bernardo"	"Loyalist"
"1082841.0"	"Current Account"	"Deposit Account"	"2015-01-28T00:00:00.000000Z"	"494183906281876378"	""	"0"	"-64.63"	"1053.06"	"16.0"	"532.040625"	"295.7852935147103"	"16.0"	"1.0"	"16.0"	"0.0"	"229.0"	"3820.0"	"0.0"	"0.0"	"49.0"	"3.0"	"Male"	"2012-10-17T00:00:00.000000Z"	"41.0"	"14590.0"	"3.BRONZE"	"1992-07-08T00:00:00.000000Z"	"Kizzee"	"McElvine"	"Emergent"
"497729.0"	"Car Loan"	"Secured Lending"	"2015-02-28T00:00:00.000000Z"	"6870374202502666902"	""	"0"	"589.1"	"1047.18"	"15.0"	"818.14"	"146.3282884475863"	"15.0"	"4.845271689047906"	"72.6790753357186"	"5.0"	"178.0"	"1400.0"	"1.0"	"4.99"	"41.0"	"9.0"	"Female"	"2004-12-14T00:00:00.000000Z"	"23.0"	"5400.0"	"2.SILVER"	"1971-06-20T00:00:00.000000Z"	"Sherwood"	"Repper"	"Traditionalist"
"1217833.0"	"Current Account"	"Deposit Account"	"2015-01-28T00:00:00.000000Z"	"2353689098883055375"	""	"0"	"-75.38"	"465.94"	"16.0"	"104.16000000000001"	"143.13974002118815"	"16.0"	"2.0"	"32.0"	"1.0"	"180.0"	"1700.0"	"0.0"	"0.0"	"43.0"	"1.0"	"Male"	"2013-11-11T00:00:00.000000Z"	"10.0"	"6040.0"	"3.BRONZE"	"1990-06-07T00:00:00.000000Z"	"Wren"	"Carnall"	"Emergent"
"428033.0"	"Savings Account"	"Deposit Account"	"2015-01-28T00:00:00.000000Z"	"2771155850279488960"	""	"0"	"-461.26"	"13132.48"	"16.0"	"5744.0675"	"3869.1836475696005"	"16.0"	""	""	"1.0"	"198.0"	"13240.0"	"2.0"	"28.96"	"43.0"	"1.0"	"Female"	"2003-07-18T00:00:00.000000Z"	"50.0"	"48180.0"	"2.SILVER"	"1968-07-17T00:00:00.000000Z"	"Neely"	"Venables"	"Sophisticates"
"1410806.0"	"Mortgage"	"Secured Lending"	"2016-02-28T00:00:00.000000Z"	"3471468872399467209"	"2016-02-28T00:00:00.000000Z"	"1"	""	""	""	""	""	""	""	""	"0.0"	"82.0"	"1660.0"	"0.0"	"0.0"	"13.0"	"0.0"	"Male"	"2015-07-21T00:00:00.000000Z"	"38.0"	"16360.0"	"2.SILVER"	"1961-07-05T00:00:00.000000Z"	"Shea"	"Saffe"	"Loyalist"
"892365.0"	"Standard Credit Card"	"Unsecured Lending"	"2015-01-28T00:00:00.000000Z"	"3233397655185897461"	""	"0"	"-282.47"	"925.14"	"16.0"	"294.9"	"315.74706170182066"	"16.0"	"2.993125"	"47.89"	"2.0"	"216.0"	"1570.0"	"2.0"	"15.55"	"50.0"	"6.0"	"Female"	"2010-09-22T00:00:00.000000Z"	"3.0"	"5260.0"	"2.SILVER"	"1973-05-31T00:00:00.000000Z"	"Karin"	"Warwick"	"Emergent"
"593099.0"	"Managed Securities"	"Securities"	"2015-01-28T00:00:00.000000Z"	"2182067262604088302"	""	"0"	"-2714.86"	"6999.95"	"16.0"	"3066.26375"	"2862.5174124742603"	"16.0"	"15.65"	"250.4"	"5.0"	"221.0"	"6100.0"	"0.0"	"0.0"	"49.0"	"5.0"	"Female"	"2006-01-23T00:00:00.000000Z"	"28.0"	"18970.0"	"1.GOLD"	"1963-06-25T00:00:00.000000Z"	"Ezechiel"	"Penella"	"Sophisticates"
"594023.0"	"Current Account"	"Deposit Account"	"2015-01-28T00:00:00.000000Z"	"8329684470824816252"	"2015-01-28T00:00:00.000000Z"	"1"	""	""	""	""	""	""	""	""	"0.0"	"236.0"	"13260.0"	"1.0"	"48.37"	"51.0"	"3.0"	"Female"	"2006-01-27T00:00:00.000000Z"	"47.0"	"39860.0"	"3.BRONZE"	"1986-07-14T00:00:00.000000Z"	"Diana"	"Riccardi"	"Loyalist"
"415108.0"	"Direct Securities"	"Securities"	"2015-01-28T00:00:00.000000Z"	"8097692539154796018"	""	"0"	"-3945.91"	"21688.39"	"16.0"	"5827.7074999999995"	"6600.2094180043505"	"16.0"	"25.829375000000002"	"413.27000000000004"	"6.0"	"233.0"	"13650.0"	"2.0"	"134.74"	"36.0"	"16.0"	"Female"	"2003-04-14T00:00:00.000000Z"	"28.0"	"51520.0"	"1.GOLD"	"1961-06-25T00:00:00.000000Z"	"Shirley"	"Yakob"	"Sophisticates"
"1250723.0"	"Personal Loan"	"Unsecured Lending"	"2015-03-28T00:00:00.000000Z"	"8098749118237325960"	""	"0"	"-418.66"	"2302.24"	"14.0"	"941.7900000000001"	"875.5647177679099"	"14.0"	"1.752208237054635"	"24.53091531876489"	"2.0"	"171.0"	"3360.0"	"0.0"	"0.0"	"34.0"	"5.0"	"Male"	"2014-03-27T00:00:00.000000Z"	"3.0"	"12870.0"	"2.SILVER"	"1978-05-31T00:00:00.000000Z"	"Kariotta"	"Dumbarton"	"Emergent"
"125555.0"	"Standard Credit Card"	"Unsecured Lending"	"2015-01-28T00:00:00.000000Z"	"1032829225367791595"	""	"0"	"-596.37"	"9892.68"	"16.0"	"3878.568125"	"2954.919475914065"	"16.0"	"15.309375"	"244.95"	"3.0"	"219.0"	"8590.0"	"1.0"	"113.47"	"45.0"	"7.0"	"Female"	"1999-03-17T00:00:00.000000Z"	"28.0"	"28730.0"	"1.GOLD"	"1973-06-25T00:00:00.000000Z"	"Enrica"	"Hucker"	"Sophisticates"
"1377025.0"	"Mortgage"	"Secured Lending"	"2015-03-28T00:00:00.000000Z"	"8073032335821347045"	"2016-01-28T00:00:00.000000Z"	"1"	"68211.5"	"69955.52"	"10.0"	"69083.51000000001"	"586.6980856170205"	"10.0"	"0.40188615842107367"	"4.018861584210737"	"1.0"	"120.0"	"1510.0"	"0.0"	"0.0"	"30.0"	"4.0"	"Male"	"2015-01-19T00:00:00.000000Z"	"35.0"	"8140.0"	"2.SILVER"	"1986-07-02T00:00:00.000000Z"	"Romy"	"Pidwell"	"Loyalist"
"148886.0"	"Car Loan"	"Secured Lending"	"2015-01-28T00:00:00.000000Z"	"3801571491470027644"	""	"0"	"0.0"	"1063.05"	"16.0"	"531.5250000000001"	"337.40868848722124"	"16.0"	"20.760117010721366"	"332.16187217154186"	"6.0"	"213.0"	"17040.0"	"4.0"	"486.73"	"42.0"	"11.0"	"Female"	"1999-11-23T00:00:00.000000Z"	"28.0"	"59530.0"	"1.GOLD"	"1971-06-25T00:00:00.000000Z"	"Hi"	"Josefson"	"Sophisticates"
"406638.0"	"Personal Loan"	"Unsecured Lending"	"2015-01-28T00:00:00.000000Z"	"7558365068157726883"	""	"0"	"3053.79"	"7634.19"	"16.0"	"5343.989999999998"	"1453.8043899598952"	"16.0"	"8.455219856405591"	"135.28351770248946"	"5.0"	"208.0"	"5720.0"	"2.0"	"55.92"	"40.0"	"16.0"	"Female"	"2003-02-11T00:00:00.000000Z"	"28.0"	"18880.0"	"2.SILVER"	"1956-06-25T00:00:00.000000Z"	"Estell"	"Fronks"	"Traditionalist"
"667019.0"	"Personal Loan"	"Unsecured Lending"	"2015-01-28T00:00:00.000000Z"	"2584918494503418987"	""	"0"	"-4757.23"	"4162.67"	"16.0"	"-297.28"	"2831.1478862115273"	"16.0"	"57.88561067872317"	"926.1697708595707"	"5.0"	"168.0"	"22550.0"	"0.0"	"0.0"	"50.0"	"8.0"	"Male"	"2007-01-08T00:00:00.000000Z"	"28.0"	"72650.0"	"2.SILVER"	"1973-06-25T00:00:00.000000Z"	"Essa"	"Mackrill"	"Sophisticates"
"303425.0"	"Current Account"	"Deposit Account"	"2015-01-28T00:00:00.000000Z"	"3024111590458642405"	""	"0"	"-1978.0"	"18624.47"	"16.0"	"5526.644375000001"	"5186.992072634478"	"16.0"	"1.0"	"16.0"	"4.0"	"225.0"	"25900.0"	"0.0"	"0.0"	"36.0"	"7.0"	"Male"	"2001-11-30T00:00:00.000000Z"	"28.0"	"85790.0"	"2.SILVER"	"1973-06-25T00:00:00.000000Z"	"Elianora"	"Copnall"	"Sophisticates"
"575257.0"	"Current Account"	"Deposit Account"	"2015-01-28T00:00:00.000000Z"	"8923010025640234899"	""	"0"	"-910.97"	"6644.04"	"16.0"	"2539.2625000000003"	"2184.413176150519"	"16.0"	"2.5"	"40.0"	"2.0"	"201.0"	"12890.0"	"2.0"	"96.95"	"52.0"	"6.0"	"Female"	"2005-10-27T00:00:00.000000Z"	"28.0"	"44420.0"	"2.SILVER"	"1978-06-25T00:00:00.000000Z"	"Sutherlan"	"Eskrigge"	"Loyalist"
"574608.0"	"Car Loan"	"Secured Lending"	"2015-01-28T00:00:00.000000Z"	"1787080565309703232"	"2016-04-28T00:00:00.000000Z"	"1"	"5859.03"	"7909.75"	"15.0"	"6884.389999999999"	"655.0784746883401"	"15.0"	"21.461918499019138"	"321.92877748528707"	"1.0"	"184.0"	"6680.0"	"1.0"	"7.44"	"44.0"	"6.0"	"Female"	"2005-10-26T00:00:00.000000Z"	"28.0"	"24510.0"	"2.SILVER"	"1970-06-25T00:00:00.000000Z"	"Heinrick"	"Perassi"	"Loyalist"
"154892.0"	"Direct Securities"	"Securities"	"2015-01-28T00:00:00.000000Z"	"5520231988142991800"	""	"0"	"-1271.38"	"3632.45"	"16.0"	"1375.7093750000001"	"1383.2619924582557"	"16.0"	"6.11875"	"97.9"	"3.0"	"220.0"	"9070.0"	"1.0"	"82.02"	"48.0"	"4.0"	"Male"	"2000-04-10T00:00:00.000000Z"	"28.0"	"31100.0"	"2.SILVER"	"1970-06-25T00:00:00.000000Z"	"Eadith"	"Dalla"	"Sophisticates"
"173339.0"	"Savings Account"	"Deposit Account"	"2015-01-28T00:00:00.000000Z"	"2587932066767825965"	"2015-12-28T00:00:00.000000Z"	"1"	"-236.5"	"12876.74"	"11.0"	"5187.863636363637"	"4191.5271912401395"	"11.0"	""	""	"0.0"	"148.0"	"9870.0"	"1.0"	"29.17"	"22.0"	"4.0"	"Female"	"2000-04-18T00:00:00.000000Z"	"28.0"	"48620.0"	"1.GOLD"	"1939-06-25T00:00:00.000000Z"	"Monroe"	"Malimoe"	"Loyalist"
"1444202.0"	"Current Account"	"Deposit Account"	"2015-10-28T00:00:00.000000Z"	"4203255624633778780"	""	"0"	"272.36"	"1411.57"	"7.0"	"869.4542857142858"	"375.7728621058712"	"7.0"	"1.5"	"10.5"	"0.0"	"79.0"	"2440.0"	"0.0"	"0.0"	"23.0"	"1.0"	"Male"	"2015-09-08T00:00:00.000000Z"	"3.0"	"20990.0"	"2.SILVER"	"1988-05-31T00:00:00.000000Z"	"Jeanna"	"Dumbarton"	"Emergent"
"297925.0"	"Savings Account"	"Deposit Account"	"2015-01-28T00:00:00.000000Z"	"8067804051844628291"	""	"0"	"-1055.04"	"22776.73"	"16.0"	"7899.576250000001"	"6391.72383553073"	"16.0"	""	""	"1.0"	"190.0"	"10970.0"	"2.0"	"42.88"	"48.0"	"12.0"	"Male"	"2001-11-19T00:00:00.000000Z"	"8.0"	"33080.0"	"1.GOLD"	"1974-06-05T00:00:00.000000Z"	"Clemmie"	"Sherred"	"Sophisticates"
"345478.0"	"Savings Account"	"Deposit Account"	"2015-01-28T00:00:00.000000Z"	"3637038102081983915"	""	"0"	"-1451.62"	"9247.36"	"16.0"	"3133.5325000000003"	"3051.889227237232"	"16.0"	""	""	"2.0"	"206.0"	"7610.0"	"0.0"	"0.0"	"40.0"	"2.0"	"Female"	"2002-03-25T00:00:00.000000Z"	"10.0"	"26490.0"	"2.SILVER"	"1974-06-07T00:00:00.000000Z"	"Cassius"	"Marunchak"	"Emergent"
"822603.0"	"Premium Credit Card"	"Unsecured Lending"	"2015-01-28T00:00:00.000000Z"	"1130925008246575686"	""	"0"	"-820.21"	"2179.54"	"16.0"	"714.5450000000001"	"1001.9478055401223"	"16.0"	"28.22375"	"451.58"	"1.0"	"194.0"	"12900.0"	"1.0"	"25.4"	"31.0"	"5.0"	"Male"	"2008-12-15T00:00:00.000000Z"	"47.0"	"44810.0"	"2.SILVER"	"1931-07-14T00:00:00.000000Z"	"Stanfield"	"Petr"	"Sophisticates"
"667481.0"	"Savings Account"	"Deposit Account"	"2015-01-28T00:00:00.000000Z"	"5192110676538680374"	""	"0"	"-155.55"	"2062.19"	"16.0"	"1137.143125"	"647.8575329573497"	"16.0"	""	""	"2.0"	"184.0"	"3510.0"	"0.0"	"0.0"	"46.0"	"6.0"	"Female"	"2007-01-10T00:00:00.000000Z"	"28.0"	"11520.0"	"2.SILVER"	"1973-06-25T00:00:00.000000Z"	"Thornie"	"Pidler"	"Emergent"
"95767.0"	"Personal Loan"	"Unsecured Lending"	"2015-01-28T00:00:00.000000Z"	"287225954734468201"	"2015-07-28T00:00:00.000000Z"	"1"	"6852.0"	"9707.0"	"6.0"	"8279.5"	"1068.2431839239603"	"6.0"	"10.709174165469337"	"64.25504499281602"	"2.0"	"225.0"	"13520.0"	"1.0"	"14.18"	"38.0"	"15.0"	"Male"	"2007-03-23T00:00:00.000000Z"	"28.0"	"45960.0"	"2.SILVER"	"1970-06-25T00:00:00.000000Z"	"Antonie"	"Gerssam"	"Loyalist"
"856725.0"	"Mortgage"	"Secured Lending"	"2015-02-28T00:00:00.000000Z"	"7805734091193893082"	""	"0"	"19478.86"	"23610.68"	"15.0"	"21544.77"	"1319.8614843990292"	"15.0"	"4.447867843648639"	"66.71801765472959"	"0.0"	"197.0"	"3890.0"	"2.0"	"28.259999999999998"	"47.0"	"8.0"	"Female"	"2009-11-13T00:00:00.000000Z"	"46.0"	"12330.0"	"2.SILVER"	"1980-07-13T00:00:00.000000Z"	"Lynn"	"Donnel"	"Loyalist"
"314282.0"	"Managed Securities"	"Securities"	"2015-01-28T00:00:00.000000Z"	"8384749288243451550"	""	"0"	"-892.14"	"7456.01"	"16.0"	"2686.9850000000006"	"2109.7113495326003"	"16.0"	"8.775"	"140.4"	"2.0"	"230.0"	"7810.0"	"1.0"	"60.1"	"35.0"	"5.0"	"Female"	"2002-01-11T00:00:00.000000Z"	"26.0"	"24670.0"	"1.GOLD"	"1959-06-23T00:00:00.000000Z"	"Romy"	"Venables"	"Sophisticates"
"242793.0"	"Current Account"	"Deposit Account"	"2015-01-28T00:00:00.000000Z"	"4371805794922815514"	""	"0"	"-5523.29"	"13408.49"	"16.0"	"5559.733750000001"	"6382.270446033945"	"16.0"	"0.5"	"8.0"	"2.0"	"218.0"	"17430.0"	"1.0"	"59.8"	"44.0"	"3.0"	"Male"	"2001-04-27T00:00:00.000000Z"	"28.0"	"59920.0"	"2.SILVER"	"1968-06-25T00:00:00.000000Z"	"Zorine"	"Szapiro"	"Loyalist"
"944461.0"	"Current Account"	"Deposit Account"	"2015-01-28T00:00:00.000000Z"	"688527764600094087"	""	"0"	"1356.46"	"19146.41"	"16.0"	"8552.692500000001"	"4674.103292793175"	"16.0"	"2.5"	"40.0"	"0.0"	"224.0"	"26410.0"	"1.0"	"973.88"	"47.0"	"4.0"	"Male"	"2011-09-16T00:00:00.000000Z"	"28.0"	"97030.0"	"1.GOLD"	"1963-06-25T00:00:00.000000Z"	"Estelle"	"McElvine"	"Sophisticates"
"354344.0"	"Current Account"	"Deposit Account"	"2015-01-28T00:00:00.000000Z"	"431417738764048024"	""	"0"	"-200.32"	"3273.36"	"16.0"	"973.30375"	"971.8554871644583"	"16.0"	"1.5"	"24.0"	"4.0"	"183.0"	"4500.0"	"1.0"	"197.78"	"45.0"	"3.0"	"Female"	"2002-04-24T00:00:00.000000Z"	"41.0"	"14810.0"	"2.SILVER"	"1970-07-08T00:00:00.000000Z"	"Renata"	"Cratere"	"Loyalist"
"478908.0"	"Savings Account"	"Deposit Account"	"2015-01-28T00:00:00.000000Z"	"5247671143633878055"	""	"0"	"-671.78"	"5756.94"	"16.0"	"2777.156875"	"1853.4191567360715"	"16.0"	""	""	"0.0"	"194.0"	"8340.0"	"0.0"	"0.0"	"36.0"	"4.0"	"Female"	"2004-06-14T00:00:00.000000Z"	"8.0"	"27230.0"	"2.SILVER"	"1943-06-05T00:00:00.000000Z"	"Adolpho"	"Mahony"	"Sophisticates"
"917401.0"	"Car Loan"	"Secured Lending"	"2016-03-28T00:00:00.000000Z"	"2074125921211577607"	""	"0"	"16674.13"	"16966.66"	"2.0"	"16820.395"	"206.8499467004999"	"2.0"	"8.004801383162368"	"16.009602766324736"	"0.0"	"191.0"	"15510.0"	"0.0"	"0.0"	"46.0"	"2.0"	"Male"	"2011-07-06T00:00:00.000000Z"	"37.0"	"46300.0"	"3.BRONZE"	"1985-07-04T00:00:00.000000Z"	"Ranee"	"Brogi"	"Emergent"
"852875.0"	"Premium Credit Card"	"Unsecured Lending"	"2015-01-28T00:00:00.000000Z"	"6453280327831423133"	""	"0"	"-351.14"	"1918.85"	"16.0"	"934.7975"	"568.73270360806"	"16.0"	"21.058125"	"336.93"	"7.0"	"190.0"	"7850.0"	"3.0"	"63.05"	"30.0"	"13.0"	"Male"	"2009-09-28T00:00:00.000000Z"	"50.0"	"26980.0"	"2.SILVER"	"1920-07-17T00:00:00.000000Z"	"Elora"	"Gainor"	"Sophisticates"
"38820.0"	"Current Account"	"Deposit Account"	"2015-01-28T00:00:00.000000Z"	"183814715617541721"	""	"0"	"442.92"	"10775.09"	"16.0"	"5608.335625"	"3294.501737050119"	"16.0"	"1.5"	"24.0"	"0.0"	"203.0"	"9230.0"	"1.0"	"53.49"	"40.0"	"6.0"	"Male"	"2003-01-27T00:00:00.000000Z"	"28.0"	"30830.0"	"1.GOLD"	"1969-06-25T00:00:00.000000Z"	"Magdalen"	"Reilingen"	"Loyalist"
"154573.0"	"Current Account"	"Deposit Account"	"2015-01-28T00:00:00.000000Z"	"2006350986617358335"	""	"0"	"-3646.52"	"6358.51"	"16.0"	"2882.6762500000004"	"2506.4360222245846"	"16.0"	"0.5"	"8.0"	"2.0"	"225.0"	"13490.0"	"1.0"	"39.32"	"39.0"	"7.0"	"Female"	"1999-12-29T00:00:00.000000Z"	"9.0"	"42380.0"	"1.GOLD"	"1973-06-06T00:00:00.000000Z"	"Iona"	"Hathwood"	"Sophisticates"
"592945.0"	"Standard Credit Card"	"Unsecured Lending"	"2015-01-28T00:00:00.000000Z"	"8488783165802140348"	"2015-12-28T00:00:00.000000Z"	"1"	"-49.31"	"4077.4"	"11.0"	"2244.3363636363633"	"1584.326975515299"	"11.0"	"12.816363636363638"	"140.98000000000002"	"1.0"	"179.0"	"8370.0"	"1.0"	"92.83"	"33.0"	"9.0"	"Male"	"2006-01-22T00:00:00.000000Z"	"28.0"	"28760.0"	"2.SILVER"	"1971-06-25T00:00:00.000000Z"	"Romola"	"Tupman"	"Loyalist"
"61744.0"	"Current Account"	"Deposit Account"	"2015-01-28T00:00:00.000000Z"	"3967696844942065676"	""	"0"	"989.28"	"4790.13"	"16.0"	"2801.91875"	"1081.1233262360345"	"16.0"	"0.5"	"8.0"	"0.0"	"202.0"	"5060.0"	"1.0"	"14.97"	"35.0"	"3.0"	"Female"	"1997-04-12T00:00:00.000000Z"	"39.0"	"17120.0"	"2.SILVER"	"1953-07-06T00:00:00.000000Z"	"Holli"	"Stow"	"Sophisticates"
"314997.0"	"Car Loan"	"Secured Lending"	"2015-01-28T00:00:00.000000Z"	"2576058252566519678"	""	"0"	"11213.14"	"15035.74"	"16.0"	"13124.440000000002"	"1213.2810804865726"	"16.0"	"5.173143027301241"	"82.77028843681985"	"4.0"	"202.0"	"9230.0"	"0.0"	"0.0"	"42.0"	"16.0"	"Male"	"2002-01-14T00:00:00.000000Z"	"28.0"	"32080.0"	"2.SILVER"	"1976-06-25T00:00:00.000000Z"	"Clark"	"Ameer-Beg"	"Sophisticates"
"1206800.0"	"Current Account"	"Deposit Account"	"2015-01-28T00:00:00.000000Z"	"5558072100178007882"	""	"0"	"-2347.57"	"5312.29"	"16.0"	"1637.299375"	"1727.4922649724322"	"16.0"	"1.5"	"24.0"	"1.0"	"192.0"	"4220.0"	"0.0"	"0.0"	"48.0"	"2.0"	"Female"	"2013-10-24T00:00:00.000000Z"	"45.0"	"15160.0"	"3.BRONZE"	"1992-07-12T00:00:00.000000Z"	"Jacob"	"O'Lenane"	"Emergent"
"1138853.0"	"Personal Loan"	"Unsecured Lending"	"2015-11-28T00:00:00.000000Z"	"8460601511601378838"	""	"0"	"1627.35"	"2584.65"	"6.0"	"2106.0"	"358.18886163586944"	"6.0"	"1.7797475893694916"	"10.67848553621695"	"3.0"	"220.0"	"5270.0"	"1.0"	"148.88"	"42.0"	"5.0"	"Male"	"2013-06-28T00:00:00.000000Z"	"46.0"	"18590.0"	"2.SILVER"	"1978-07-13T00:00:00.000000Z"	"Maximilian"	"Crews"	"Loyalist"
"485112.0"	"Savings Account"	"Deposit Account"	"2015-05-28T00:00:00.000000Z"	"3676422509708092986"	""	"0"	"-53.37"	"358.1"	"12.0"	"125.4733333333333"	"123.47387565674356"	"12.0"	""	""	"6.0"	"207.0"	"8550.0"	"5.0"	"240.33"	"46.0"	"13.0"	"Female"	"2004-07-28T00:00:00.000000Z"	"28.0"	"31140.0"	"1.GOLD"	"1975-06-25T00:00:00.000000Z"	"Eada"	"Gaye"	"Loyalist"
"1188914.0"	"Current Account"	"Deposit Account"	"2015-06-28T00:00:00.000000Z"	"3477501321686554375"	""	"0"	"-47.9"	"17554.73"	"11.0"	"10344.773636363638"	"5032.1399202154"	"11.0"	"0.5"	"5.5"	"1.0"	"164.0"	"26610.0"	"0.0"	"0.0"	"44.0"	"4.0"	"Female"	"2013-10-03T00:00:00.000000Z"	"28.0"	"116870.0"	"3.BRONZE"	"1989-06-25T00:00:00.000000Z"	"Tania"	"Ianniello"	"Loyalist"
"1061039.0"	"Current Account"	"Deposit Account"	"2015-01-28T00:00:00.000000Z"	"679297186808909143"	""	"0"	"-647.12"	"6544.35"	"16.0"	"2295.1781250000004"	"1914.6492490557073"	"16.0"	"2.0"	"32.0"	"0.0"	"184.0"	"6060.0"	"1.0"	"10.27"	"38.0"	"3.0"	"Male"	"2012-09-17T00:00:00.000000Z"	"10.0"	"20690.0"	"2.SILVER"	"1967-06-07T00:00:00.000000Z"	"Moyra"	"McElvine"	"Emergent"
"1436964.0"	"Mortgage"	"Secured Lending"	"2015-12-28T00:00:00.000000Z"	"1178501901161829281"	""	"0"	"91759.78"	"93405.7"	"5.0"	"92582.73999999999"	"650.6070058030388"	"5.0"	"5.901742047226144"	"29.50871023613072"	"2.0"	"99.0"	"3560.0"	"0.0"	"0.0"	"19.0"	"1.0"	"Male"	"2015-08-21T00:00:00.000000Z"	"28.0"	"23690.0"	"2.SILVER"	"1981-06-25T00:00:00.000000Z"	"Celina"	"Ludwig"	"Loyalist"
"1303237.0"	"Current Account"	"Deposit Account"	"2015-06-28T00:00:00.000000Z"	"4758943837769956773"	""	"0"	"162.05"	"3115.85"	"11.0"	"1573.3254545454545"	"871.2912577016211"	"11.0"	"2.0"	"22.0"	"0.0"	"124.0"	"1830.0"	"0.0"	"0.0"	"27.0"	"1.0"	"Male"	"2014-09-08T00:00:00.000000Z"	"28.0"	"9310.0"	"2.SILVER"	"1979-06-25T00:00:00.000000Z"	"Albie"	"Howerd"	"Loyalist"
"1275286.0"	"Managed Securities"	"Securities"	"2015-01-28T00:00:00.000000Z"	"5396026230630751967"	"2015-03-28T00:00:00.000000Z"	"1"	"502.97"	"2389.74"	"2.0"	"1446.355"	"1334.147861539342"	"2.0"	"1.78"	"3.56"	"1.0"	"171.0"	"4730.0"	"0.0"	"0.0"	"37.0"	"1.0"	"Female"	"2014-07-23T00:00:00.000000Z"	"4.0"	"16230.0"	"2.SILVER"	"1964-06-01T00:00:00.000000Z"	"Zachery"	"McGeechan"	"Loyalist"
"848112.0"	"Current Account"	"Deposit Account"	"2015-01-28T00:00:00.000000Z"	"4552073453109153998"	""	"0"	"-350.14"	"6792.58"	"16.0"	"3344.2787499999995"	"1874.410285018998"	"16.0"	"1.0"	"16.0"	"2.0"	"212.0"	"7850.0"	"2.0"	"109.33000000000001"	"42.0"	"0.0"	"Male"	"2009-07-29T00:00:00.000000Z"	"8.0"	"25360.0"	"2.SILVER"	"1970-06-05T00:00:00.000000Z"	"Clement"	"Sidnall"	"Traditionalist"
"98407.0"	"Managed Securities"	"Securities"	"2015-01-28T00:00:00.000000Z"	"2862927913317049249"	"2015-06-28T00:00:00.000000Z"	"1"	"4106.96"	"13099.78"	"5.0"	"8403.614"	"3915.6653508541813"	"5.0"	"116.06799999999998"	"580.3399999999999"	"2.0"	"213.0"	"22370.0"	"2.0"	"144.96"	"37.0"	"8.0"	"Female"	"1998-06-03T00:00:00.000000Z"	"28.0"	"75270.0"	"2.SILVER"	"1963-06-25T00:00:00.000000Z"	"Theresina"	"Packham"	"Traditionalist"
"1444356.0"	"Current Account"	"Deposit Account"	"2015-10-28T00:00:00.000000Z"	"189426032129810182"	""	"0"	"-104.66"	"7800.42"	"7.0"	"4334.465714285715"	"3180.2939019051737"	"7.0"	"1.0"	"7.0"	"3.0"	"86.0"	"3160.0"	"0.0"	"0.0"	"23.0"	"0.0"	"Female"	"2015-09-09T00:00:00.000000Z"	"36.0"	"28900.0"	"3.BRONZE"	"1995-07-03T00:00:00.000000Z"	"Ezra"	"Fechnie"	"Emergent"
"515989.0"	"Savings Account"	"Deposit Account"	"2015-01-28T00:00:00.000000Z"	"5172936944108204344"	""	"0"	"-687.36"	"5568.23"	"16.0"	"1991.58125"	"1998.2342196078184"	"16.0"	""	""	"4.0"	"187.0"	"5650.0"	"1.0"	"47.46"	"43.0"	"4.0"	"Female"	"2005-02-21T00:00:00.000000Z"	"28.0"	"21570.0"	"2.SILVER"	"1976-06-25T00:00:00.000000Z"	"Sioux"	"Deakin"	"Sophisticates"
"129207.0"	"Mortgage"	"Secured Lending"	"2015-01-28T00:00:00.000000Z"	"850243865434734863"	""	"0"	"642885.58"	"676485.88"	"16.0"	"659685.73"	"10664.628339002964"	"16.0"	"48.40339901019209"	"774.4543841630734"	"2.0"	"183.0"	"30040.0"	"4.0"	"161.4"	"41.0"	"8.0"	"Male"	"1999-04-23T00:00:00.000000Z"	"28.0"	"129510.0"	"2.SILVER"	"1971-06-25T00:00:00.000000Z"	"Zorah"	"MacCaig"	"Sophisticates"
"267862.0"	"Standard Credit Card"	"Unsecured Lending"	"2015-01-28T00:00:00.000000Z"	"8994896306757637000"	"2015-09-28T00:00:00.000000Z"	"1"	"-1133.78"	"4164.93"	"8.0"	"1929.5537499999998"	"1870.4831002783174"	"8.0"	"3.3449999999999998"	"26.759999999999998"	"2.0"	"179.0"	"5750.0"	"0.0"	"0.0"	"39.0"	"5.0"	"Female"	"2001-08-10T00:00:00.000000Z"	"28.0"	"19210.0"	"2.SILVER"	"1950-06-25T00:00:00.000000Z"	"Micah"	"Badman"	"Loyalist"
"374606.0"	"Car Loan"	"Secured Lending"	"2015-01-28T00:00:00.000000Z"	"4448159229402871628"	""	"0"	"793.37"	"2115.62"	"16.0"	"1454.495"	"419.6779439840346"	"16.0"	"11.636903409081041"	"186.19045454529666"	"6.0"	"210.0"	"6940.0"	"0.0"	"0.0"	"43.0"	"8.0"	"Male"	"2003-03-13T00:00:00.000000Z"	"18.0"	"22670.0"	"2.SILVER"	"1972-06-15T00:00:00.000000Z"	"Sonia"	"Bulstrode"	"Sophisticates"
"1021142.0"	"Current Account"	"Deposit Account"	"2015-12-28T00:00:00.000000Z"	"6232349474455167568"	"2016-01-28T00:00:00.000000Z"	"1"	"607.59"	"607.59"	"1.0"	"607.59"	""	"1.0"	"0.5"	"0.5"	"3.0"	"177.0"	"5210.0"	"0.0"	"0.0"	"49.0"	"8.0"	"Female"	"2012-06-27T00:00:00.000000Z"	"39.0"	"20670.0"	"2.SILVER"	"1981-07-06T00:00:00.000000Z"	"Nico"	"Torregiani"	"Loyalist"
"1185108.0"	"Car Loan"	"Secured Lending"	"2015-07-28T00:00:00.000000Z"	"8517770921132619391"	"2015-08-28T00:00:00.000000Z"	"1"	"10203.93"	"10203.93"	"1.0"	"10203.93"	""	"1.0"	"12.918918830593961"	"12.918918830593961"	"0.0"	"200.0"	"19360.0"	"0.0"	"0.0"	"41.0"	"3.0"	"Female"	"2013-09-27T00:00:00.000000Z"	"28.0"	"60700.0"	"2.SILVER"	"1975-06-25T00:00:00.000000Z"	"Gabe"	"Rosson"	"Loyalist"
"457777.0"	"Current Account"	"Deposit Account"	"2015-12-28T00:00:00.000000Z"	"3677942136353665899"	""	"0"	"693.63"	"1292.57"	"5.0"	"1014.5559999999999"	"259.6350830107518"	"5.0"	"1.5"	"7.5"	"3.0"	"148.0"	"4200.0"	"0.0"	"0.0"	"43.0"	"1.0"	"Female"	"2004-02-05T00:00:00.000000Z"	"30.0"	"15570.0"	"1.GOLD"	"1976-06-27T00:00:00.000000Z"	"Pryce"	"Endean"	"Loyalist"
"57366.0"	"Car Loan"	"Secured Lending"	"2015-01-28T00:00:00.000000Z"	"1405737120276905980"	"2015-09-28T00:00:00.000000Z"	"1"	"2453.46"	"2905.38"	"8.0"	"2679.4199999999996"	"158.1390577940819"	"8.0"	"3.9347820331057624"	"31.4782562648461"	"1.0"	"96.0"	"3630.0"	"0.0"	"0.0"	"19.0"	"11.0"	"Female"	"1997-02-19T00:00:00.000000Z"	"8.0"	"26210.0"	"2.SILVER"	"1956-06-05T00:00:00.000000Z"	"Cullan"	"Mathwin"	"Loyalist"
"959740.0"	"Personal Loan"	"Unsecured Lending"	"2015-01-28T00:00:00.000000Z"	"8271376341966100886"	""	"0"	"2829.35"	"5973.35"	"16.0"	"4401.35"	"997.8955990817198"	"16.0"	"10.571762544623514"	"169.14820071397622"	"3.0"	"182.0"	"9500.0"	"0.0"	"0.0"	"55.0"	"8.0"	"Male"	"2011-10-12T00:00:00.000000Z"	"28.0"	"34850.0"	"3.BRONZE"	"1992-06-25T00:00:00.000000Z"	"Enoch"	"Starsmeare"	"Loyalist"
"260261.0"	"Car Loan"	"Secured Lending"	"2015-01-28T00:00:00.000000Z"	"8849803963697839152"	""	"0"	"5319.65"	"7476.2"	"16.0"	"6397.925"	"684.4821101144024"	"16.0"	"7.463167261146384"	"119.41067617834214"	"2.0"	"209.0"	"9270.0"	"2.0"	"56.42"	"36.0"	"11.0"	"Female"	"2001-07-09T00:00:00.000000Z"	"28.0"	"31400.0"	"1.GOLD"	"1970-06-25T00:00:00.000000Z"	"Marjie"	"Di Maggio"	"Loyalist"
"844746.0"	"Premium Credit Card"	"Unsecured Lending"	"2015-01-28T00:00:00.000000Z"	"3378470398482021201"	""	"0"	"423.7"	"4271.98"	"16.0"	"1659.5775"	"928.5080799684333"	"16.0"	"5.349375"	"85.59"	"4.0"	"207.0"	"4010.0"	"2.0"	"90.03"	"34.0"	"7.0"	"Female"	"2009-06-17T00:00:00.000000Z"	"40.0"	"16510.0"	"2.SILVER"	"1939-07-07T00:00:00.000000Z"	"Stormi"	"McClements"	"Traditionalist"
"747440.0"	"Mortgage"	"Secured Lending"	"2015-01-28T00:00:00.000000Z"	"3520198700485768117"	""	"0"	"37437.71"	"39674.96"	"16.0"	"38556.335"	"710.0960334114503"	"16.0"	"3.5699052459108866"	"57.118483934574186"	"4.0"	"204.0"	"3560.0"	"1.0"	"8.73"	"30.0"	"13.0"	"Male"	"2008-02-11T00:00:00.000000Z"	"28.0"	"11660.0"	"2.SILVER"	"1957-06-25T00:00:00.000000Z"	"Marty"	"Leavold"	"Sophisticates"
"487961.0"	"Premium Credit Card"	"Unsecured Lending"	"2015-01-28T00:00:00.000000Z"	"4635193428944829791"	""	"0"	"-1961.04"	"12937.01"	"16.0"	"6000.04"	"4588.830614516077"	"16.0"	"16.713124999999998"	"267.40999999999997"	"4.0"	"236.0"	"8420.0"	"0.0"	"0.0"	"40.0"	"7.0"	"Male"	"2004-08-24T00:00:00.000000Z"	"8.0"	"33100.0"	"2.SILVER"	"1978-06-05T00:00:00.000000Z"	"Briney"	"Thripp"	"Sophisticates"
"801538.0"	"Mortgage"	"Secured Lending"	"2015-01-28T00:00:00.000000Z"	"3771100877093837327"	""	"0"	"427286.18"	"440666.78"	"16.0"	"433976.4799999999"	"4246.959876931504"	"16.0"	"4.017701128790842"	"64.28321806065347"	"3.0"	"216.0"	"11350.0"	"2.0"	"89.31"	"45.0"	"8.0"	"Female"	"2008-10-06T00:00:00.000000Z"	"28.0"	"36990.0"	"2.SILVER"	"1978-06-25T00:00:00.000000Z"	"Griswold"	"Keyzor"	"Sophisticates"
"559956.0"	"Personal Loan"	"Unsecured Lending"	"2015-01-28T00:00:00.000000Z"	"4875613283201984021"	""	"0"	"1087.21"	"3805.21"	"16.0"	"2446.2100000000005"	"862.6845541679771"	"16.0"	"7.440058372130678"	"119.04093395409085"	"4.0"	"197.0"	"4140.0"	"0.0"	"0.0"	"43.0"	"9.0"	"Female"	"2005-09-26T00:00:00.000000Z"	"39.0"	"13690.0"	"2.SILVER"	"1975-07-06T00:00:00.000000Z"	"Mohandis"	"Ecles"	"Sophisticates"
"571484.0"	"Managed Securities"	"Securities"	"2015-01-28T00:00:00.000000Z"	"4275290882061823007"	""	"0"	"23.11"	"2608.72"	"16.0"	"1127.521875"	"717.2859557918654"	"16.0"	"16.49"	"263.84"	"3.0"	"217.0"	"4350.0"	"2.0"	"13.41"	"31.0"	"8.0"	"Male"	"2005-10-22T00:00:00.000000Z"	"30.0"	"15140.0"	"1.GOLD"	"1933-06-27T00:00:00.000000Z"	"Orin"	"Starsmeare"	"Sophisticates"
"786787.0"	"Current Account"	"Deposit Account"	"2015-06-28T00:00:00.000000Z"	"1778246200011982822"	"2015-08-28T00:00:00.000000Z"	"1"	"754.33"	"1780.13"	"2.0"	"1267.23"	"725.3501361411605"	"2.0"	"0.5"	"1.0"	"4.0"	"216.0"	"6500.0"	"0.0"	"0.0"	"35.0"	"5.0"	"Male"	"2008-08-18T00:00:00.000000Z"	"8.0"	"22360.0"	"2.SILVER"	"1961-06-05T00:00:00.000000Z"	"Reta"	"Venditto"	"Loyalist"
"117052.0"	"Managed Securities"	"Securities"	"2015-01-28T00:00:00.000000Z"	"4567944035366170658"	""	"0"	"-266.22"	"2354.63"	"16.0"	"1029.156875"	"790.3370806663761"	"16.0"	"5.657500000000001"	"90.52000000000001"	"5.0"	"170.0"	"4110.0"	"0.0"	"0.0"	"44.0"	"4.0"	"Male"	"1998-12-29T00:00:00.000000Z"	"4.0"	"13600.0"	"1.GOLD"	"1963-06-01T00:00:00.000000Z"	"Klara"	"Penhaleurack"	"Sophisticates"
"596377.0"	"Standard Credit Card"	"Unsecured Lending"	"2015-01-28T00:00:00.000000Z"	"6206189457995762155"	""	"0"	"80.26"	"1423.06"	"16.0"	"620.845625"	"343.11265026652205"	"16.0"	"3.4381250000000003"	"55.010000000000005"	"7.0"	"177.0"	"4960.0"	"1.0"	"11.55"	"50.0"	"11.0"	"Female"	"2006-02-09T00:00:00.000000Z"	"28.0"	"15490.0"	"2.SILVER"	"1973-06-25T00:00:00.000000Z"	"Wendel"	"Rushforth"	"Sophisticates"
"1043076.0"	"Mortgage"	"Secured Lending"	"2015-02-28T00:00:00.000000Z"	"1133691313907245556"	"2016-03-28T00:00:00.000000Z"	"1"	"107317.66"	"110117.26"	"13.0"	"108717.45999999999"	"908.5729644154524"	"13.0"	"1.1793143844242164"	"15.331086997514815"	"5.0"	"219.0"	"2260.0"	"0.0"	"0.0"	"44.0"	"7.0"	"Male"	"2012-08-03T00:00:00.000000Z"	"3.0"	"8540.0"	"2.SILVER"	"1965-05-31T00:00:00.000000Z"	"Ryun"	"Maxfield"	"Loyalist"
"1089859.0"	"Mortgage"	"Secured Lending"	"2015-01-28T00:00:00.000000Z"	"171891134018392258"	"2015-01-28T00:00:00.000000Z"	"1"	""	""	""	""	""	""	""	""	"1.0"	"201.0"	"15070.0"	"0.0"	"0.0"	"39.0"	"2.0"	"Male"	"2012-10-26T00:00:00.000000Z"	"28.0"	"51290.0"	"2.SILVER"	"1982-06-25T00:00:00.000000Z"	"Cecilius"	"Tesche"	"Loyalist"
"935056.0"	"Current Account"	"Deposit Account"	"2015-01-28T00:00:00.000000Z"	"1174601373161537558"	""	"0"	"-962.86"	"2461.39"	"16.0"	"946.445625"	"809.7983066992155"	"16.0"	"0.5"	"8.0"	"0.0"	"218.0"	"9630.0"	"0.0"	"0.0"	"50.0"	"1.0"	"Male"	"2011-08-17T00:00:00.000000Z"	"8.0"	"30780.0"	"3.BRONZE"	"1992-06-05T00:00:00.000000Z"	"Sebastien"	"Rosson"	"Emergent"
"353233.0"	"Current Account"	"Deposit Account"	"2015-01-28T00:00:00.000000Z"	"5962309738763040897"	""	"0"	"-2784.11"	"22083.47"	"16.0"	"7463.475625"	"7463.087095672022"	"16.0"	"2.0"	"32.0"	"2.0"	"208.0"	"30140.0"	"1.0"	"21.96"	"48.0"	"4.0"	"Female"	"2002-04-22T00:00:00.000000Z"	"28.0"	"112980.0"	"2.SILVER"	"1978-06-25T00:00:00.000000Z"	"Inigo"	"Crews"	"Sophisticates"
"308397.0"	"Savings Account"	"Deposit Account"	"2015-01-28T00:00:00.000000Z"	"3029130613324935278"	""	"0"	"-291.18"	"4758.47"	"16.0"	"2139.6525"	"1429.2458754205543"	"16.0"	""	""	"2.0"	"212.0"	"6340.0"	"2.0"	"192.74"	"29.0"	"10.0"	"Male"	"2001-12-17T00:00:00.000000Z"	"32.0"	"20340.0"	"2.SILVER"	"1930-06-29T00:00:00.000000Z"	"Isidro"	"Hairsine"	"Sophisticates"
"790131.0"	"Current Account"	"Deposit Account"	"2015-01-28T00:00:00.000000Z"	"6206707654566994811"	""	"0"	"-1094.7"	"4629.01"	"16.0"	"2085.53"	"1590.4819046859143"	"16.0"	"0.0"	"0.0"	"0.0"	"191.0"	"7630.0"	"0.0"	"0.0"	"34.0"	"6.0"	"Female"	"2008-08-28T00:00:00.000000Z"	"30.0"	"27700.0"	"2.SILVER"	"1948-06-27T00:00:00.000000Z"	"Electra"	"Stigger"	"Emergent"
"844988.0"	"Mortgage"	"Secured Lending"	"2015-01-28T00:00:00.000000Z"	"3892986900762815071"	"2015-01-28T00:00:00.000000Z"	"1"	""	""	""	""	""	""	""	""	"1.0"	"221.0"	"13320.0"	"1.0"	"8.81"	"46.0"	"5.0"	"Female"	"2009-06-22T00:00:00.000000Z"	"28.0"	"45370.0"	"2.SILVER"	"1972-06-25T00:00:00.000000Z"	"Karoly"	"Leonarde"	"Loyalist"
"47477.0"	"Direct Securities"	"Securities"	"2015-01-28T00:00:00.000000Z"	"9195590957791049301"	""	"0"	"-80.87"	"534.5"	"16.0"	"230.08687500000002"	"171.99964727555886"	"16.0"	"13.33625"	"213.38"	"0.0"	"189.0"	"4510.0"	"2.0"	"73.62"	"43.0"	"8.0"	"Female"	"1996-10-21T00:00:00.000000Z"	"46.0"	"14420.0"	"2.SILVER"	"1953-07-13T00:00:00.000000Z"	"Lefty"	"Rippen"	"Sophisticates"
"1066154.0"	"Current Account"	"Deposit Account"	"2015-01-28T00:00:00.000000Z"	"6558572870205587848"	""	"0"	"143.38"	"6814.4"	"16.0"	"3940.7462499999992"	"1781.3909381973588"	"16.0"	"0.5"	"8.0"	"2.0"	"203.0"	"8670.0"	"0.0"	"0.0"	"46.0"	"3.0"	"Female"	"2012-09-24T00:00:00.000000Z"	"11.0"	"27060.0"	"3.BRONZE"	"1992-06-08T00:00:00.000000Z"	"Elton"	"Coning"	"Emergent"
"1242275.0"	"Current Account"	"Deposit Account"	"2015-01-28T00:00:00.000000Z"	"7459084709251087812"	""	"0"	"1191.01"	"14774.87"	"16.0"	"7130.2231249999995"	"4342.8795147378405"	"16.0"	"0.0"	"0.0"	"0.0"	"204.0"	"11190.0"	"1.0"	"26.36"	"47.0"	"0.0"	"Female"	"2014-02-06T00:00:00.000000Z"	"28.0"	"37670.0"	"2.SILVER"	"1975-06-25T00:00:00.000000Z"	"Irv"	"Iacopetti"	"Emergent"
"417715.0"	"Managed Securities"	"Securities"	"2015-01-28T00:00:00.000000Z"	"3602241986359678301"	"2015-01-28T00:00:00.000000Z"	"1"	""	""	""	""	""	""	""	""	"1.0"	"202.0"	"5020.0"	"0.0"	"0.0"	"50.0"	"3.0"	"Female"	"2003-05-05T00:00:00.000000Z"	"39.0"	"16610.0"	"2.SILVER"	"1974-07-06T00:00:00.000000Z"	"Etti"	"Clinch"	"Loyalist"
"823615.0"	"Standard Credit Card"	"Unsecured Lending"	"2015-01-28T00:00:00.000000Z"	"9160700424427635349"	""	"0"	"-149.71"	"3106.78"	"16.0"	"1047.935"	"891.2289205361325"	"16.0"	"9.86125"	"157.78"	"4.0"	"184.0"	"12000.0"	"0.0"	"0.0"	"51.0"	"2.0"	"Female"	"2008-12-23T00:00:00.000000Z"	"8.0"	"35620.0"	"2.SILVER"	"1974-06-05T00:00:00.000000Z"	"Elora"	"Forgie"	"Emergent"
"909756.0"	"Managed Securities"	"Securities"	"2015-01-28T00:00:00.000000Z"	"7745576076200858423"	""	"0"	"240.18"	"2180.78"	"16.0"	"1109.009375"	"696.1020808135231"	"16.0"	"17.045625"	"272.73"	"0.0"	"179.0"	"5220.0"	"0.0"	"0.0"	"49.0"	"3.0"	"Female"	"2011-04-06T00:00:00.000000Z"	"42.0"	"20650.0"	"2.SILVER"	"1978-07-09T00:00:00.000000Z"	"Carlyn"	"Shutler"	"Emergent"
"475872.0"	"Current Account"	"Deposit Account"	"2015-01-28T00:00:00.000000Z"	"4136287154434533094"	""	"0"	"-1494.15"	"12150.65"	"16.0"	"6051.74"	"3216.48741776284"	"16.0"	"2.0"	"32.0"	"1.0"	"192.0"	"9350.0"	"1.0"	"25.9"	"53.0"	"0.0"	"Female"	"2004-05-24T00:00:00.000000Z"	"28.0"	"31030.0"	"2.SILVER"	"1976-06-25T00:00:00.000000Z"	"Fonsie"	"Konrad"	"Sophisticates"
"474123.0"	"Current Account"	"Deposit Account"	"2015-01-28T00:00:00.000000Z"	"756712482371131041"	""	"0"	"-3335.67"	"21871.59"	"16.0"	"8192.384375"	"6354.088433785992"	"16.0"	"0.5"	"8.0"	"0.0"	"196.0"	"12240.0"	"0.0"	"0.0"	"39.0"	"6.0"	"Female"	"2004-05-14T00:00:00.000000Z"	"28.0"	"40820.0"	"2.SILVER"	"1974-06-25T00:00:00.000000Z"	"Klara"	"Abrahamsson"	"Sophisticates"
"551574.0"	"Premium Credit Card"	"Unsecured Lending"	"2015-01-28T00:00:00.000000Z"	"982421096772480937"	""	"0"	"-37.16"	"134.47"	"16.0"	"55.83562500000001"	"47.36809375782395"	"16.0"	"13.093125"	"209.49"	"1.0"	"151.0"	"10180.0"	"2.0"	"172.1"	"46.0"	"7.0"	"Male"	"2005-08-25T00:00:00.000000Z"	"28.0"	"34230.0"	"2.SILVER"	"1973-06-25T00:00:00.000000Z"	"Poppy"	"Lowmass"	"Sophisticates"
"398113.0"	"Direct Securities"	"Securities"	"2015-01-28T00:00:00.000000Z"	"3106856512691798782"	""	"0"	"527.92"	"11119.8"	"16.0"	"5455.741875000001"	"3180.4489603077923"	"16.0"	"6.94875"	"111.18"	"5.0"	"216.0"	"10290.0"	"1.0"	"114.24"	"45.0"	"5.0"	"Female"	"2002-12-26T00:00:00.000000Z"	"28.0"	"36620.0"	"2.SILVER"	"1977-06-25T00:00:00.000000Z"	"Elwyn"	"Moffatt"	"Sophisticates"
"26478.0"	"Direct Securities"	"Securities"	"2015-01-28T00:00:00.000000Z"	"3031566973594966853"	""	"0"	"-2859.41"	"14674.79"	"16.0"	"4814.495000000001"	"4324.769213423225"	"16.0"	"34.550625000000004"	"552.8100000000001"	"6.0"	"225.0"	"14120.0"	"1.0"	"87.58"	"32.0"	"11.0"	"Female"	"1995-10-30T00:00:00.000000Z"	"28.0"	"45700.0"	"2.SILVER"	"1941-06-25T00:00:00.000000Z"	"Hedvige"	"Crews"	"Sophisticates"
"1020284.0"	"Car Loan"	"Secured Lending"	"2015-01-28T00:00:00.000000Z"	"1001716665666373559"	""	"0"	"1134.18"	"1529.73"	"16.0"	"1331.9550000000002"	"125.54631177378377"	"16.0"	"0.9339932817704658"	"14.943892508327453"	"3.0"	"209.0"	"2830.0"	"2.0"	"23.53"	"43.0"	"5.0"	"Male"	"2012-06-20T00:00:00.000000Z"	"8.0"	"9850.0"	"1.GOLD"	"1969-06-05T00:00:00.000000Z"	"Clerissa"	"Pettegree"	"Loyalist"
"1107129.0"	"Current Account"	"Deposit Account"	"2015-01-28T00:00:00.000000Z"	"4952754769418206160"	"2015-09-28T00:00:00.000000Z"	"1"	"-279.69"	"974.63"	"8.0"	"405.04875"	"420.2288446765813"	"8.0"	"0.0"	"0.0"	"1.0"	"185.0"	"20640.0"	"0.0"	"0.0"	"44.0"	"3.0"	"Female"	"2012-11-28T00:00:00.000000Z"	"11.0"	"75940.0"	"3.BRONZE"	"1991-06-08T00:00:00.000000Z"	"Nico"	"Gaye"	"Loyalist"
"664885.0"	"Current Account"	"Deposit Account"	"2015-01-28T00:00:00.000000Z"	"4033032566792350364"	""	"0"	"-882.93"	"4806.51"	"16.0"	"2201.2375"	"1796.3751366812744"	"16.0"	"1.5"	"24.0"	"0.0"	"209.0"	"6010.0"	"0.0"	"0.0"	"44.0"	"3.0"	"Male"	"2006-12-27T00:00:00.000000Z"	"47.0"	"21950.0"	"2.SILVER"	"1974-07-14T00:00:00.000000Z"	"Bord"	"Olding"	"Emergent"
"192677.0"	"Personal Loan"	"Unsecured Lending"	"2016-05-28T00:00:00.000000Z"	"2646249770533967351"	""	"0"	""	""	""	""	""	""	""	""	"2.0"	"171.0"	"8450.0"	"0.0"	"0.0"	"39.0"	"9.0"	"Male"	"2000-09-18T00:00:00.000000Z"	"41.0"	"27760.0"	"2.SILVER"	"1971-07-08T00:00:00.000000Z"	"Wesley"	"Boribal"	"Sophisticates"
"1427262.0"	"Current Account"	"Deposit Account"	"2015-09-28T00:00:00.000000Z"	"2288764075849808880"	""	"0"	"70.49"	"258.45"	"8.0"	"169.54500000000002"	"69.26224760182953"	"8.0"	"2.5"	"20.0"	"0.0"	"111.0"	"740.0"	"0.0"	"0.0"	"24.0"	"0.0"	"Male"	"2015-08-04T00:00:00.000000Z"	"50.0"	"5340.0"	"3.BRONZE"	"1996-07-17T00:00:00.000000Z"	"Thomasin"	"Matskiv"	"Emergent"
"25466.0"	"Premium Credit Card"	"Unsecured Lending"	"2015-01-28T00:00:00.000000Z"	"7590803730730306256"	""	"0"	"-1140.6"	"3394.08"	"16.0"	"1403.720625"	"1057.974566899531"	"16.0"	"5.849375"	"93.59"	"1.0"	"227.0"	"4120.0"	"3.0"	"87.42"	"36.0"	"6.0"	"Female"	"1995-10-26T00:00:00.000000Z"	"3.0"	"14350.0"	"2.SILVER"	"1953-05-31T00:00:00.000000Z"	"Jimmie"	"Grishakov"	"Loyalist"
"109704.0"	"Standard Credit Card"	"Unsecured Lending"	"2015-05-28T00:00:00.000000Z"	"4095253330090388421"	"2015-07-28T00:00:00.000000Z"	"1"	"563.92"	"1002.52"	"2.0"	"783.22"	"310.13703422841974"	"2.0"	"7.28"	"14.56"	"2.0"	"210.0"	"5490.0"	"1.0"	"18.74"	"29.0"	"3.0"	"Male"	"1998-10-29T00:00:00.000000Z"	"28.0"	"19650.0"	"2.SILVER"	"1948-06-25T00:00:00.000000Z"	"Odette"	"Jaher"	"Loyalist"
"215854.0"	"Car Loan"	"Secured Lending"	"2015-01-28T00:00:00.000000Z"	"3717862869747338478"	""	"0"	"-435.92"	"653.83"	"16.0"	"108.95500000000001"	"345.88318355575876"	"16.0"	"11.315440207001823"	"181.04704331202916"	"1.0"	"202.0"	"5520.0"	"3.0"	"10.079999999999998"	"44.0"	"11.0"	"Female"	"2001-01-17T00:00:00.000000Z"	"50.0"	"21140.0"	"1.GOLD"	"1970-07-17T00:00:00.000000Z"	"Barrie"	"Gwyneth"	"Loyalist"
"40635.0"	"Current Account"	"Deposit Account"	"2015-03-28T00:00:00.000000Z"	"5815765455269589187"	""	"0"	"-2222.58"	"5815.77"	"14.0"	"2172.302857142857"	"2543.46010519416"	"14.0"	"1.5"	"21.0"	"0.0"	"153.0"	"13990.0"	"1.0"	"127.89"	"32.0"	"1.0"	"Female"	"1996-06-05T00:00:00.000000Z"	"39.0"	"57700.0"	"2.SILVER"	"1971-07-06T00:00:00.000000Z"	"Kathe"	"Lavrinov"	"Sophisticates"
"34684.0"	"Managed Securities"	"Securities"	"2015-01-28T00:00:00.000000Z"	"6200336935823936147"	""	"0"	"-320.96"	"1658.78"	"16.0"	"793.3031249999999"	"533.1599873548746"	"16.0"	"19.078125000000004"	"305.25000000000006"	"5.0"	"203.0"	"3970.0"	"2.0"	"29.63"	"31.0"	"18.0"	"Male"	"1996-03-13T00:00:00.000000Z"	"28.0"	"12480.0"	"2.SILVER"	"1928-06-25T00:00:00.000000Z"	"Holly"	"Hembrow"	"Traditionalist"
"420432.0"	"Mortgage"	"Secured Lending"	"2015-01-28T00:00:00.000000Z"	"8356390687826282781"	""	"0"	"91462.41"	"94858.26"	"16.0"	"93160.335"	"1077.831987958541"	"16.0"	"3.746749604468867"	"59.94799367150187"	"1.0"	"200.0"	"3530.0"	"1.0"	"29.23"	"45.0"	"6.0"	"Female"	"2003-05-26T00:00:00.000000Z"	"10.0"	"13710.0"	"2.SILVER"	"1974-06-07T00:00:00.000000Z"	"Sherilyn"	"Gillham"	"Traditionalist"
"684916.0"	"Current Account"	"Deposit Account"	"2015-01-28T00:00:00.000000Z"	"4686128684668693243"	""	"0"	"-5392.1"	"20324.4"	"16.0"	"6669.7975"	"7718.084131882731"	"16.0"	"2.0"	"32.0"	"4.0"	"183.0"	"19460.0"	"1.0"	"59.01"	"38.0"	"5.0"	"Male"	"2007-04-03T00:00:00.000000Z"	"28.0"	"68740.0"	"2.SILVER"	"1976-06-25T00:00:00.000000Z"	"Fonzie"	"Raggett"	"Sophisticates"
"420762.0"	"Savings Account"	"Deposit Account"	"2015-01-28T00:00:00.000000Z"	"4311871949346351917"	""	"0"	"-268.68"	"6291.01"	"16.0"	"3371.7056249999996"	"1934.249255874981"	"16.0"	""	""	"0.0"	"191.0"	"5860.0"	"1.0"	"35.03"	"34.0"	"7.0"	"Male"	"2003-05-27T00:00:00.000000Z"	"12.0"	"19370.0"	"2.SILVER"	"1970-06-09T00:00:00.000000Z"	"Nichols"	"Dunbobin"	"Sophisticates"
"238580.0"	"Managed Securities"	"Securities"	"2015-05-28T00:00:00.000000Z"	"424858260364512981"	""	"0"	"-683.61"	"5639.08"	"12.0"	"2150.888333333333"	"2229.294464879511"	"12.0"	"5.030833333333333"	"60.37"	"1.0"	"215.0"	"5330.0"	"0.0"	"0.0"	"34.0"	"3.0"	"Female"	"2001-04-09T00:00:00.000000Z"	"5.0"	"19540.0"	"2.SILVER"	"1944-06-02T00:00:00.000000Z"	"Lemmy"	"Lonsbrough"	"Loyalist"
"781672.0"	"Current Account"	"Deposit Account"	"2015-01-28T00:00:00.000000Z"	"6562848935362537880"	"2016-04-28T00:00:00.000000Z"	"1"	"-959.73"	"8441.23"	"15.0"	"3017.069333333333"	"2260.4696968375733"	"15.0"	"1.5"	"22.5"	"3.0"	"187.0"	"9110.0"	"0.0"	"0.0"	"38.0"	"6.0"	"Male"	"2008-07-28T00:00:00.000000Z"	"46.0"	"32240.0"	"2.SILVER"	"1967-07-13T00:00:00.000000Z"	"Tadeas"	"Konrad"	"Sophisticates"
"291226.0"	"Current Account"	"Deposit Account"	"2015-01-28T00:00:00.000000Z"	"5693717070811612747"	""	"0"	"-1290.45"	"8824.83"	"16.0"	"3076.8718750000007"	"3021.9160818620117"	"16.0"	"1.0"	"16.0"	"1.0"	"229.0"	"8870.0"	"1.0"	"71.24"	"45.0"	"1.0"	"Male"	"2001-11-06T00:00:00.000000Z"	"28.0"	"30720.0"	"2.SILVER"	"1973-06-25T00:00:00.000000Z"	"Floyd"	"Byneth"	"Emergent"
"485112.0"	"Current Account"	"Deposit Account"	"2015-01-28T00:00:00.000000Z"	"5239559375861424591"	""	"0"	"-2114.5"	"7530.96"	"16.0"	"3572.624375"	"2702.880461847986"	"16.0"	"0.5"	"8.0"	"6.0"	"207.0"	"8550.0"	"5.0"	"240.33"	"46.0"	"13.0"	"Female"	"2004-07-28T00:00:00.000000Z"	"28.0"	"31140.0"	"1.GOLD"	"1975-06-25T00:00:00.000000Z"	"Eada"	"Gaye"	"Loyalist"
"386838.0"	"Savings Account"	"Deposit Account"	"2015-01-28T00:00:00.000000Z"	"301165635510000583"	""	"0"	"-501.04"	"4778.9"	"16.0"	"1749.0831249999999"	"1634.318709851167"	"16.0"	""	""	"4.0"	"192.0"	"8730.0"	"4.0"	"49.18"	"50.0"	"10.0"	"Male"	"2002-10-21T00:00:00.000000Z"	"47.0"	"27560.0"	"1.GOLD"	"1968-07-14T00:00:00.000000Z"	"Johann"	"McGill"	"Sophisticates"
"63493.0"	"Current Account"	"Deposit Account"	"2015-01-28T00:00:00.000000Z"	"984626248878581048"	""	"0"	"582.73"	"3371.81"	"16.0"	"1867.7649999999996"	"790.7291357896627"	"16.0"	"1.5"	"24.0"	"0.0"	"163.0"	"9650.0"	"1.0"	"12.47"	"34.0"	"6.0"	"Female"	"1997-05-26T00:00:00.000000Z"	"28.0"	"33750.0"	"2.SILVER"	"1948-06-25T00:00:00.000000Z"	"Sher"	"Wissby"	"Sophisticates"
"257654.0"	"Savings Account"	"Deposit Account"	"2015-01-28T00:00:00.000000Z"	"7592185048192790380"	""	"0"	"-21.5"	"873.17"	"16.0"	"326.0325"	"245.0098953511878"	"16.0"	""	""	"6.0"	"204.0"	"2760.0"	"0.0"	"0.0"	"43.0"	"4.0"	"Female"	"2001-06-29T00:00:00.000000Z"	"32.0"	"9660.0"	"2.SILVER"	"1963-06-29T00:00:00.000000Z"	"Karoly"	"Struijs"	"Emergent"
"178685.0"	"Car Loan"	"Secured Lending"	"2015-01-28T00:00:00.000000Z"	"8998300958677326519"	"2015-12-28T00:00:00.000000Z"	"1"	"-628.61"	"269.39"	"11.0"	"-179.61"	"297.83290617391486"	"11.0"	"10.337431626802287"	"113.71174789482515"	"2.0"	"209.0"	"8690.0"	"1.0"	"134.61"	"51.0"	"7.0"	"Male"	"2012-10-26T00:00:00.000000Z"	"18.0"	"28650.0"	"2.SILVER"	"1955-06-15T00:00:00.000000Z"	"Lorain"	"Stoffels"	"Loyalist"
"367214.0"	"Savings Account"	"Deposit Account"	"2015-01-28T00:00:00.000000Z"	"1086763139816181912"	""	"0"	"-3071.86"	"6851.45"	"16.0"	"3156.616875"	"2598.6664073885254"	"16.0"	""	""	"2.0"	"183.0"	"8750.0"	"0.0"	"0.0"	"44.0"	"4.0"	"Male"	"2002-07-01T00:00:00.000000Z"	"41.0"	"29400.0"	"1.GOLD"	"1967-07-08T00:00:00.000000Z"	"Melinde"	"Kenefick"	"Sophisticates"
"1181412.0"	"Mortgage"	"Secured Lending"	"2015-01-28T00:00:00.000000Z"	"1163131370729884485"	""	"0"	"72427.59"	"81713.19"	"16.0"	"77070.39"	"2947.2199029367566"	"16.0"	"6.69740923236597"	"107.15854771785553"	"1.0"	"185.0"	"8070.0"	"0.0"	"0.0"	"45.0"	"5.0"	"Male"	"2013-09-23T00:00:00.000000Z"	"28.0"	"30180.0"	"2.SILVER"	"1978-06-25T00:00:00.000000Z"	"Bridgette"	"Ferrarini"	"Emergent"
"84217.0"	"Current Account"	"Deposit Account"	"2015-01-28T00:00:00.000000Z"	"1828418386901514764"	""	"0"	"-1114.1"	"12181.95"	"16.0"	"6514.9425"	"3680.2072729915635"	"16.0"	"1.5"	"24.0"	"4.0"	"192.0"	"16700.0"	"2.0"	"58.87"	"34.0"	"5.0"	"Female"	"1998-01-31T00:00:00.000000Z"	"33.0"	"48480.0"	"2.SILVER"	"1955-06-30T00:00:00.000000Z"	"Elianora"	"Benian"	"Sophisticates"
"736000.0"	"Current Account"	"Deposit Account"	"2015-01-28T00:00:00.000000Z"	"9095272979996591222"	""	"0"	"-439.76"	"1774.43"	"16.0"	"757.6393750000002"	"607.5604684799558"	"16.0"	"1.0"	"16.0"	"2.0"	"201.0"	"25930.0"	"0.0"	"0.0"	"45.0"	"4.0"	"Female"	"2007-12-04T00:00:00.000000Z"	"28.0"	"85650.0"	"3.BRONZE"	"1990-06-25T00:00:00.000000Z"	"Lynette"	"Seagar"	"Sophisticates"
"99485.0"	"Current Account"	"Deposit Account"	"2015-01-28T00:00:00.000000Z"	"2511369385117146793"	""	"0"	"-3801.55"	"8391.76"	"16.0"	"2926.7693750000003"	"3255.0749733228754"	"16.0"	"0.0"	"0.0"	"1.0"	"187.0"	"6270.0"	"0.0"	"0.0"	"39.0"	"6.0"	"Male"	"1998-08-14T00:00:00.000000Z"	"2.0"	"20100.0"	"2.SILVER"	"1952-05-30T00:00:00.000000Z"	"Lynette"	"Piele"	"Sophisticates"
"1337018.0"	"Current Account"	"Deposit Account"	"2015-01-28T00:00:00.000000Z"	"2302592220965318147"	""	"0"	"-301.08"	"4167.06"	"16.0"	"2122.203125"	"1330.6268596202758"	"16.0"	"2.0"	"32.0"	"0.0"	"210.0"	"3180.0"	"0.0"	"0.0"	"51.0"	"2.0"	"Female"	"2014-10-20T00:00:00.000000Z"	"41.0"	"11910.0"	"2.SILVER"	"1986-07-08T00:00:00.000000Z"	"Cort"	"Greatorex"	"Emergent"
"46509.0"	"Direct Securities"	"Securities"	"2015-01-28T00:00:00.000000Z"	"2861221821625206099"	""	"0"	"-1319.38"	"21837.21"	"16.0"	"6726.31125"	"5694.799202718067"	"16.0"	"23.013124999999995"	"368.2099999999999"	"2.0"	"175.0"	"14530.0"	"2.0"	"161.13"	"47.0"	"9.0"	"Female"	"1996-10-07T00:00:00.000000Z"	"8.0"	"47810.0"	"2.SILVER"	"1960-06-05T00:00:00.000000Z"	"Sebastien"	"Easum"	"Sophisticates"
"618971.0"	"Current Account"	"Deposit Account"	"2015-01-28T00:00:00.000000Z"	"1760846761940738363"	""	"0"	"313.49"	"1687.17"	"16.0"	"1092.440625"	"454.61525556553494"	"16.0"	"1.0"	"16.0"	"2.0"	"200.0"	"5760.0"	"0.0"	"0.0"	"41.0"	"3.0"	"Male"	"2006-06-05T00:00:00.000000Z"	"38.0"	"19070.0"	"2.SILVER"	"1967-07-05T00:00:00.000000Z"	"Sascha"	"Carrodus"	"Emergent"
"1381964.0"	"Current Account"	"Deposit Account"	"2015-05-28T00:00:00.000000Z"	"2363982185057875815"	""	"0"	"-285.77"	"2082.34"	"12.0"	"691.2025"	"689.1359353583825"	"12.0"	"2.5"	"30.0"	"0.0"	"137.0"	"1390.0"	"0.0"	"0.0"	"37.0"	"1.0"	"Male"	"2015-02-11T00:00:00.000000Z"	"13.0"	"7490.0"	"2.SILVER"	"1984-06-10T00:00:00.000000Z"	"Olag"	"Blankhorn"	"Emergent"
"147368.0"	"Current Account"	"Deposit Account"	"2015-01-28T00:00:00.000000Z"	"850939860439209090"	""	"0"	"-657.06"	"4719.67"	"16.0"	"1702.4156249999999"	"1428.561264718079"	"16.0"	"0.5"	"8.0"	"1.0"	"221.0"	"4600.0"	"0.0"	"0.0"	"40.0"	"5.0"	"Female"	"1999-10-25T00:00:00.000000Z"	"14.0"	"17030.0"	"2.SILVER"	"1960-06-11T00:00:00.000000Z"	"Christi"	"Gaskoin"	"Sophisticates"
"989154.0"	"Current Account"	"Deposit Account"	"2015-01-28T00:00:00.000000Z"	"7989983006602025934"	""	"0"	"-352.91"	"1272.13"	"16.0"	"546.4250000000001"	"474.70058177058655"	"16.0"	"2.0"	"32.0"	"0.0"	"204.0"	"4810.0"	"0.0"	"0.0"	"44.0"	"3.0"	"Female"	"2011-12-02T00:00:00.000000Z"	"18.0"	"18550.0"	"3.BRONZE"	"1984-06-15T00:00:00.000000Z"	"Janaye"	"Cadwaladr"	"Emergent"
"972555.0"	"Current Account"	"Deposit Account"	"2015-01-28T00:00:00.000000Z"	"1529851102742479179"	""	"0"	"-2382.7"	"3551.68"	"16.0"	"1549.626875"	"1379.4226242536827"	"16.0"	"0.0"	"0.0"	"0.0"	"171.0"	"3770.0"	"0.0"	"0.0"	"48.0"	"0.0"	"Female"	"2011-11-03T00:00:00.000000Z"	"28.0"	"12140.0"	"3.BRONZE"	"1988-06-25T00:00:00.000000Z"	"Felice"	"Trembath"	"Emergent"
"521522.0"	"Current Account"	"Deposit Account"	"2015-01-28T00:00:00.000000Z"	"6765958859911802286"	""	"0"	"104.2"	"9449.94"	"16.0"	"4834.673750000001"	"3173.6114995755756"	"16.0"	"1.5"	"24.0"	"0.0"	"199.0"	"8910.0"	"0.0"	"0.0"	"42.0"	"7.0"	"Male"	"2005-03-21T00:00:00.000000Z"	"28.0"	"32540.0"	"2.SILVER"	"1965-06-25T00:00:00.000000Z"	"Sharline"	"Saffe"	"Sophisticates"
"498213.0"	"Savings Account"	"Deposit Account"	"2015-01-28T00:00:00.000000Z"	"4238287066701403046"	""	"0"	"314.1"	"4681.98"	"16.0"	"1995.29625"	"1376.1721193798153"	"16.0"	""	""	"4.0"	"189.0"	"5600.0"	"1.0"	"40.91"	"42.0"	"4.0"	"Female"	"2004-10-26T00:00:00.000000Z"	"28.0"	"20560.0"	"2.SILVER"	"1973-06-25T00:00:00.000000Z"	"Klara"	"Filyashin"	"Sophisticates"
"660936.0"	"Current Account"	"Deposit Account"	"2015-01-28T00:00:00.000000Z"	"6680746865436170717"	""	"0"	"-12.41"	"27.23"	"16.0"	"7.908125"	"10.921633100563914"	"16.0"	"0.5"	"8.0"	"3.0"	"199.0"	"3380.0"	"1.0"	"7.83"	"48.0"	"2.0"	"Female"	"2006-12-02T00:00:00.000000Z"	"29.0"	"11300.0"	"2.SILVER"	"1975-06-26T00:00:00.000000Z"	"Denni"	"Hansford"	"Traditionalist"
"600524.0"	"Savings Account"	"Deposit Account"	"2016-02-28T00:00:00.000000Z"	"1753648580609430323"	""	"0"	"-32.47"	"1298.86"	"3.0"	"754.8433333333332"	"698.2154704912613"	"3.0"	""	""	"3.0"	"186.0"	"2990.0"	"0.0"	"0.0"	"49.0"	"10.0"	"Female"	"2006-03-04T00:00:00.000000Z"	"25.0"	"11090.0"	"2.SILVER"	"1976-06-22T00:00:00.000000Z"	"Aleen"	"Aspell"	"Loyalist"
"168213.0"	"Savings Account"	"Deposit Account"	"2015-01-28T00:00:00.000000Z"	"5668308284275318963"	""	"0"	"-534.49"	"4601.9"	"16.0"	"2014.6662500000002"	"1579.476967441543"	"16.0"	""	""	"2.0"	"207.0"	"10120.0"	"2.0"	"109.43"	"41.0"	"8.0"	"Female"	"2000-03-21T00:00:00.000000Z"	"8.0"	"35160.0"	"2.SILVER"	"1970-06-05T00:00:00.000000Z"	"Olag"	"Lyttle"	"Sophisticates"
"1391919.0"	"Personal Loan"	"Unsecured Lending"	"2015-06-28T00:00:00.000000Z"	"5512613978253192798"	""	"0"	"-91.9"	"826.5"	"11.0"	"367.29999999999995"	"304.5988207462399"	"11.0"	"4.47320770916454"	"49.20528480080994"	"2.0"	"131.0"	"2680.0"	"1.0"	"4.45"	"34.0"	"1.0"	"Female"	"2015-04-13T00:00:00.000000Z"	"7.0"	"12730.0"	"2.SILVER"	"1979-06-04T00:00:00.000000Z"	"Tony"	"Nisen"	"Loyalist"
"1010054.0"	"Standard Credit Card"	"Unsecured Lending"	"2016-04-28T00:00:00.000000Z"	"4280226285164889048"	""	"0"	"1.07"	"1.07"	"1.0"	"1.07"	""	"1.0"	"0.0"	"0.0"	"2.0"	"217.0"	"4240.0"	"0.0"	"0.0"	"50.0"	"1.0"	"Female"	"2012-03-27T00:00:00.000000Z"	"39.0"	"16640.0"	"2.SILVER"	"1979-07-06T00:00:00.000000Z"	"Alaine"	"Ilbert"	"Emergent"
"172492.0"	"Current Account"	"Deposit Account"	"2015-01-28T00:00:00.000000Z"	"6138171826481416892"	"2015-02-28T00:00:00.000000Z"	"1"	"2689.96"	"2689.96"	"1.0"	"2689.96"	""	"1.0"	"1.0"	"1.0"	"1.0"	"192.0"	"9510.0"	"1.0"	"78.61"	"42.0"	"14.0"	"Female"	"2000-04-13T00:00:00.000000Z"	"8.0"	"34560.0"	"2.SILVER"	"1949-06-05T00:00:00.000000Z"	"Oberon"	"Buesnel"	"Loyalist"
"368556.0"	"Current Account"	"Deposit Account"	"2015-01-28T00:00:00.000000Z"	"783960014804577266"	""	"0"	"-718.48"	"3061.46"	"16.0"	"948.7049999999999"	"1023.7717550639238"	"16.0"	"1.5"	"24.0"	"1.0"	"215.0"	"7860.0"	"0.0"	"0.0"	"42.0"	"5.0"	"Female"	"2002-07-04T00:00:00.000000Z"	"29.0"	"25690.0"	"2.SILVER"	"1974-06-26T00:00:00.000000Z"	"Cristine"	"Welch"	"Emergent"
"866372.0"	"Car Loan"	"Secured Lending"	"2015-02-28T00:00:00.000000Z"	"4123522212519968724"	"2015-06-28T00:00:00.000000Z"	"1"	"8423.27"	"9071.21"	"4.0"	"8747.24"	"278.8289810379587"	"4.0"	"12.574749391499964"	"50.298997565999855"	"3.0"	"207.0"	"7130.0"	"2.0"	"78.36"	"46.0"	"9.0"	"Female"	"2010-02-26T00:00:00.000000Z"	"3.0"	"27010.0"	"2.SILVER"	"1968-05-31T00:00:00.000000Z"	"Damara"	"Croix"	"Traditionalist"
"95800.0"	"Personal Loan"	"Unsecured Lending"	"2015-01-28T00:00:00.000000Z"	"9168342210371539815"	""	"0"	"-758.73"	"151.77"	"16.0"	"-303.48"	"288.98980374170065"	"16.0"	"10.14833342430192"	"162.37333478883073"	"6.0"	"221.0"	"5050.0"	"0.0"	"0.0"	"51.0"	"9.0"	"Female"	"1998-05-11T00:00:00.000000Z"	"28.0"	"16020.0"	"2.SILVER"	"1970-06-25T00:00:00.000000Z"	"Lefty"	"Hembrow"	"Sophisticates"
"206801.0"	"Current Account"	"Deposit Account"	"2015-01-28T00:00:00.000000Z"	"7585494052563642308"	""	"0"	"-113.78"	"1942.53"	"16.0"	"988.3500000000001"	"661.2240524764153"	"16.0"	"1.0"	"16.0"	"3.0"	"202.0"	"5800.0"	"3.0"	"92.06"	"32.0"	"12.0"	"Male"	"2000-11-28T00:00:00.000000Z"	"46.0"	"21790.0"	"2.SILVER"	"1925-07-13T00:00:00.000000Z"	"Brittni"	"Ianniello"	"Traditionalist"
"354619.0"	"Current Account"	"Deposit Account"	"2015-01-28T00:00:00.000000Z"	"2545018289994851565"	""	"0"	"-16.35"	"5495.7"	"16.0"	"3104.7650000000003"	"1563.240839205527"	"16.0"	"2.0"	"32.0"	"2.0"	"188.0"	"10860.0"	"1.0"	"63.48"	"45.0"	"5.0"	"Female"	"2002-04-24T00:00:00.000000Z"	"11.0"	"39320.0"	"2.SILVER"	"1974-06-08T00:00:00.000000Z"	"Enrica"	"Keoghan"	"Sophisticates"
"1110594.0"	"Personal Loan"	"Unsecured Lending"	"2015-10-28T00:00:00.000000Z"	"5259862944222444963"	""	"0"	"1893.01"	"2460.85"	"7.0"	"2176.93"	"204.44576656577317"	"7.0"	"3.0146069997109737"	"21.102248997976815"	"0.0"	"194.0"	"1730.0"	"0.0"	"0.0"	"46.0"	"4.0"	"Female"	"2012-12-07T00:00:00.000000Z"	"50.0"	"6100.0"	"3.BRONZE"	"1994-07-17T00:00:00.000000Z"	"Wit"	"Boddie"	"Loyalist"
"37269.0"	"Current Account"	"Deposit Account"	"2015-01-28T00:00:00.000000Z"	"6589101709586808828"	""	"0"	"707.34"	"8751.22"	"16.0"	"3821.4674999999997"	"2383.080428502851"	"16.0"	"1.0"	"16.0"	"2.0"	"165.0"	"10260.0"	"2.0"	"14.95"	"30.0"	"45.0"	"Female"	"1996-04-16T00:00:00.000000Z"	"28.0"	"37860.0"	"2.SILVER"	"1909-06-25T00:00:00.000000Z"	"Dur"	"Wanell"	"Sophisticates"
"123256.0"	"Managed Securities"	"Securities"	"2015-01-28T00:00:00.000000Z"	"2755390999937639320"	"2015-11-28T00:00:00.000000Z"	"1"	"-252.59"	"8990.93"	"10.0"	"3636.4890000000005"	"3387.305501586278"	"10.0"	"22.674999999999997"	"226.74999999999997"	"2.0"	"200.0"	"14030.0"	"0.0"	"0.0"	"37.0"	"8.0"	"Female"	"1999-02-25T00:00:00.000000Z"	"28.0"	"50270.0"	"2.SILVER"	"1954-06-25T00:00:00.000000Z"	"Sandie"	"Lineham"	"Loyalist"
"189410.0"	"Savings Account"	"Deposit Account"	"2015-01-28T00:00:00.000000Z"	"7016766896686859077"	""	"0"	"-36.12"	"1451.98"	"16.0"	"621.255625"	"467.6219693152258"	"16.0"	""	""	"2.0"	"194.0"	"9920.0"	"2.0"	"65.03"	"35.0"	"3.0"	"Male"	"2000-08-28T00:00:00.000000Z"	"11.0"	"32660.0"	"2.SILVER"	"1965-06-08T00:00:00.000000Z"	"Noel"	"Stockport"	"Sophisticates"
"1305800.0"	"Mortgage"	"Secured Lending"	"2015-07-28T00:00:00.000000Z"	"3433418068171812097"	""	"0"	"21000.85"	"25610.83"	"10.0"	"23305.840000000004"	"1550.823064375816"	"10.0"	"13.996815889765347"	"139.96815889765347"	"2.0"	"191.0"	"10490.0"	"0.0"	"0.0"	"48.0"	"5.0"	"Female"	"2014-09-11T00:00:00.000000Z"	"8.0"	"37920.0"	"3.BRONZE"	"1995-06-05T00:00:00.000000Z"	"Vanda"	"Asman"	"Loyalist"
"134344.0"	"Current Account"	"Deposit Account"	"2015-01-28T00:00:00.000000Z"	"7270622000296194340"	""	"0"	"-811.89"	"2270.21"	"16.0"	"956.095"	"916.6971242309716"	"16.0"	"0.5"	"8.0"	"4.0"	"206.0"	"4430.0"	"0.0"	"0.0"	"34.0"	"12.0"	"Male"	"2004-05-31T00:00:00.000000Z"	"28.0"	"16500.0"	"2.SILVER"	"1932-06-25T00:00:00.000000Z"	"Alisha"	"Renahan"	"Sophisticates"
"494539.0"	"Current Account"	"Deposit Account"	"2015-01-28T00:00:00.000000Z"	"6380955021072512703"	""	"0"	"-817.88"	"6661.7"	"16.0"	"2237.9825"	"1942.4045948891974"	"16.0"	"1.0"	"16.0"	"1.0"	"212.0"	"14210.0"	"1.0"	"60.91"	"50.0"	"10.0"	"Female"	"2004-10-05T00:00:00.000000Z"	"28.0"	"44420.0"	"1.GOLD"	"1968-06-25T00:00:00.000000Z"	"Marylynne"	"Crate"	"Loyalist"
"348228.0"	"Mortgage"	"Secured Lending"	"2015-01-28T00:00:00.000000Z"	"8440951081317332725"	""	"0"	"611828.72"	"630908.57"	"16.0"	"621368.6449999999"	"6055.883697881482"	"16.0"	"28.636094062749933"	"458.17750500399893"	"6.0"	"225.0"	"20490.0"	"4.0"	"92.29"	"48.0"	"10.0"	"Female"	"2002-04-08T00:00:00.000000Z"	"28.0"	"70930.0"	"1.GOLD"	"1974-06-25T00:00:00.000000Z"	"Louise"	"Vasyutichev"	"Sophisticates"
"244102.0"	"Current Account"	"Deposit Account"	"2015-01-28T00:00:00.000000Z"	"2261648254813521949"	""	"0"	"272.59"	"4923.19"	"16.0"	"1723.5362499999999"	"1283.769492195412"	"16.0"	"0.5"	"8.0"	"1.0"	"213.0"	"13170.0"	"2.0"	"246.17"	"43.0"	"6.0"	"Female"	"2001-05-07T00:00:00.000000Z"	"39.0"	"52110.0"	"2.SILVER"	"1960-07-06T00:00:00.000000Z"	"Kippie"	"Kelle"	"Loyalist"
"576907.0"	"Mortgage"	"Secured Lending"	"2015-01-28T00:00:00.000000Z"	"5777752608082965680"	"2015-12-28T00:00:00.000000Z"	"1"	"221799.59"	"229168.39"	"11.0"	"225483.99000000002"	"2443.954475517087"	"11.0"	"12.985922231322139"	"142.84514454454353"	"5.0"	"163.0"	"11400.0"	"1.0"	"198.64"	"36.0"	"11.0"	"Male"	"2005-11-01T00:00:00.000000Z"	"28.0"	"43300.0"	"2.SILVER"	"1967-06-25T00:00:00.000000Z"	"Tedd"	"Dunsmuir"	"Loyalist"
"225259.0"	"Home Equity Loan"	"Secured Lending"	"2015-01-28T00:00:00.000000Z"	"8054187043912299192"	""	"0"	"-483.6"	"120.9"	"16.0"	"-181.35"	"191.8663771135179"	"16.0"	"4.107476154619119"	"65.71961847390591"	"2.0"	"224.0"	"6490.0"	"0.0"	"0.0"	"44.0"	"5.0"	"Female"	"2001-02-27T00:00:00.000000Z"	"28.0"	"22470.0"	"2.SILVER"	"1976-06-25T00:00:00.000000Z"	"Josefa"	"Aspenlon"	"Sophisticates"
"71710.0"	"Current Account"	"Deposit Account"	"2015-01-28T00:00:00.000000Z"	"6935213218806999689"	""	"0"	"-518.43"	"16259.0"	"16.0"	"9161.998749999999"	"5355.068881599781"	"16.0"	"1.0"	"16.0"	"1.0"	"227.0"	"16180.0"	"1.0"	"28.78"	"39.0"	"10.0"	"Female"	"1997-09-11T00:00:00.000000Z"	"28.0"	"59470.0"	"2.SILVER"	"1968-06-25T00:00:00.000000Z"	"Channa"	"Joinson"	"Sophisticates"
"213841.0"	"Current Account"	"Deposit Account"	"2015-01-28T00:00:00.000000Z"	"42262857022188193"	""	"0"	"91.79"	"10827.09"	"16.0"	"5045.539374999999"	"3140.90645020291"	"16.0"	"0.5"	"8.0"	"5.0"	"163.0"	"11880.0"	"1.0"	"127.02"	"39.0"	"12.0"	"Male"	"2001-01-09T00:00:00.000000Z"	"28.0"	"43990.0"	"1.GOLD"	"1976-06-25T00:00:00.000000Z"	"Wolfgang"	"Wodham"	"Sophisticates"
"1378510.0"	"Current Account"	"Deposit Account"	"2015-01-28T00:00:00.000000Z"	"5957493711128362542"	""	"0"	"479.55"	"4247.78"	"16.0"	"2245.440625"	"1156.5544651505106"	"16.0"	"1.5"	"24.0"	"1.0"	"206.0"	"4690.0"	"0.0"	"0.0"	"46.0"	"5.0"	"Male"	"2015-01-27T00:00:00.000000Z"	"8.0"	"16500.0"	"2.SILVER"	"1976-06-05T00:00:00.000000Z"	"Sharai"	"Bartolomeu"	"Emergent"
"1311828.0"	"Mortgage"	"Secured Lending"	"2015-01-28T00:00:00.000000Z"	"4243705703464774005"	"2015-11-28T00:00:00.000000Z"	"1"	"10833.88"	"15965.77"	"10.0"	"13399.825"	"1726.3965084099336"	"10.0"	"2.3612729309999634"	"23.612729309999633"	"4.0"	"199.0"	"6750.0"	"1.0"	"29.38"	"47.0"	"5.0"	"Female"	"2014-09-19T00:00:00.000000Z"	"37.0"	"23190.0"	"3.BRONZE"	"1982-07-04T00:00:00.000000Z"	"Valene"	"Braunston"	"Loyalist"
"427824.0"	"Savings Account"	"Deposit Account"	"2015-01-28T00:00:00.000000Z"	"1637661672826930254"	""	"0"	"-587.63"	"3563.36"	"16.0"	"1132.8981250000002"	"1271.6818160384762"	"16.0"	""	""	"5.0"	"186.0"	"5380.0"	"4.0"	"93.65"	"36.0"	"19.0"	"Female"	"2003-07-17T00:00:00.000000Z"	"28.0"	"19800.0"	"2.SILVER"	"1971-06-25T00:00:00.000000Z"	"Gaylor"	"Hassur"	"Sophisticates"
"834538.0"	"Current Account"	"Deposit Account"	"2015-01-28T00:00:00.000000Z"	"2686139488361648427"	""	"0"	"-648.8"	"2940.83"	"16.0"	"1190.45125"	"1162.1405283118731"	"16.0"	"0.5"	"8.0"	"0.0"	"196.0"	"4470.0"	"0.0"	"0.0"	"37.0"	"3.0"	"Female"	"2009-02-16T00:00:00.000000Z"	"23.0"	"14460.0"	"2.SILVER"	"1969-06-20T00:00:00.000000Z"	"Adham"	"Callam"	"Emergent"
"1016555.0"	"Personal Loan"	"Unsecured Lending"	"2015-01-28T00:00:00.000000Z"	"7365049708857299941"	""	"0"	"4368.39"	"11649.09"	"16.0"	"8008.740000000001"	"2310.8710204307495"	"16.0"	"5.342568938280896"	"85.48110301249433"	"0.0"	"199.0"	"8960.0"	"0.0"	"0.0"	"52.0"	"2.0"	"Female"	"2012-05-18T00:00:00.000000Z"	"47.0"	"31480.0"	"3.BRONZE"	"1983-07-14T00:00:00.000000Z"	"Franz"	"Gerssam"	"Loyalist"
"1161304.0"	"Managed Securities"	"Securities"	"2015-01-28T00:00:00.000000Z"	"1511839824131542480"	"2015-11-28T00:00:00.000000Z"	"1"	"-271.25"	"5505.41"	"10.0"	"2387.5090000000005"	"2110.297808501339"	"10.0"	"30.697000000000003"	"306.97"	"0.0"	"201.0"	"6780.0"	"0.0"	"0.0"	"49.0"	"5.0"	"Male"	"2013-08-09T00:00:00.000000Z"	"10.0"	"21160.0"	"2.SILVER"	"1978-06-07T00:00:00.000000Z"	"Heinrick"	"Prester"	"Emergent"
"132782.0"	"Standard Credit Card"	"Unsecured Lending"	"2015-01-28T00:00:00.000000Z"	"4110662814113634239"	""	"0"	"-114.39"	"2118.83"	"16.0"	"1097.9112499999999"	"626.9503448798796"	"16.0"	"5.725624999999999"	"91.60999999999999"	"6.0"	"197.0"	"7980.0"	"1.0"	"9.36"	"34.0"	"7.0"	"Female"	"1999-05-27T00:00:00.000000Z"	"35.0"	"31960.0"	"2.SILVER"	"1968-07-02T00:00:00.000000Z"	"Ardene"	"Wastie"	"Sophisticates"
"41834.0"	"Personal Loan"	"Unsecured Lending"	"2015-01-28T00:00:00.000000Z"	"407751585132991347"	""	"0"	"1904.84"	"10069.04"	"16.0"	"5986.94"	"2591.2911100582014"	"16.0"	"66.58048923914897"	"1065.2878278263836"	"1.0"	"197.0"	"15280.0"	"1.0"	"9.1"	"50.0"	"12.0"	"Male"	"1996-06-24T00:00:00.000000Z"	"28.0"	"56400.0"	"1.GOLD"	"1968-06-25T00:00:00.000000Z"	"Wolfgang"	"Stoffels"	"Sophisticates"
"376047.0"	"Savings Account"	"Deposit Account"	"2015-01-28T00:00:00.000000Z"	"377857396962145778"	""	"0"	"-81.23"	"1053.72"	"16.0"	"383.006875"	"291.4518445694188"	"16.0"	""	""	"3.0"	"209.0"	"5090.0"	"1.0"	"6.34"	"50.0"	"11.0"	"Male"	"2004-11-04T00:00:00.000000Z"	"28.0"	"17860.0"	"2.SILVER"	"1971-06-25T00:00:00.000000Z"	"Estell"	"Poundford"	"Sophisticates"
"593363.0"	"Current Account"	"Deposit Account"	"2015-01-28T00:00:00.000000Z"	"4745909142469034822"	""	"0"	"-33.96"	"635.51"	"16.0"	"293.536875"	"224.14439916324028"	"16.0"	"0.5"	"8.0"	"1.0"	"224.0"	"2840.0"	"3.0"	"48.65"	"40.0"	"5.0"	"Female"	"2006-01-24T00:00:00.000000Z"	"28.0"	"9810.0"	"2.SILVER"	"1974-06-25T00:00:00.000000Z"	"Alard"	"Earle"	"Emergent"
"199882.0"	"Savings Account"	"Deposit Account"	"2015-01-28T00:00:00.000000Z"	"3942044157736577147"	""	"0"	"-999.57"	"6738.03"	"16.0"	"3487.0456250000007"	"2505.4955498901977"	"16.0"	""	""	"2.0"	"209.0"	"11840.0"	"1.0"	"11.85"	"40.0"	"4.0"	"Female"	"2000-10-19T00:00:00.000000Z"	"8.0"	"43140.0"	"2.SILVER"	"1965-06-05T00:00:00.000000Z"	"Gilbertine"	"Figurski"	"Sophisticates"
"1441727.0"	"Current Account"	"Deposit Account"	"2015-10-28T00:00:00.000000Z"	"7597517005140397622"	""	"0"	"-351.45"	"7318.53"	"7.0"	"2643.815714285714"	"2631.7269171075804"	"7.0"	"2.5"	"17.5"	"1.0"	"84.0"	"3260.0"	"0.0"	"0.0"	"22.0"	"3.0"	"Female"	"2015-09-03T00:00:00.000000Z"	"50.0"	"30420.0"	"3.BRONZE"	"1996-07-17T00:00:00.000000Z"	"Anne-corinne"	"Kelcey"	"Emergent"
"282382.0"	"Savings Account"	"Deposit Account"	"2015-01-28T00:00:00.000000Z"	"6384760627373293090"	""	"0"	"-604.73"	"2255.66"	"16.0"	"1183.695"	"812.7761486411864"	"16.0"	""	""	"2.0"	"205.0"	"7520.0"	"1.0"	"43.09"	"37.0"	"9.0"	"Female"	"2001-10-15T00:00:00.000000Z"	"28.0"	"27760.0"	"2.SILVER"	"1965-06-25T00:00:00.000000Z"	"Josephina"	"Venditto"	"Traditionalist"
"215755.0"	"Current Account"	"Deposit Account"	"2015-01-28T00:00:00.000000Z"	"1794230602647888635"	""	"0"	"-934.64"	"4583.98"	"16.0"	"1636.1749999999997"	"1759.0820825684439"	"16.0"	"1.0"	"16.0"	"2.0"	"222.0"	"11820.0"	"2.0"	"130.18"	"35.0"	"11.0"	"Female"	"2001-01-16T00:00:00.000000Z"	"28.0"	"43090.0"	"2.SILVER"	"1948-06-25T00:00:00.000000Z"	"Zachery"	"Cape"	"Sophisticates"
"1286836.0"	"Managed Securities"	"Securities"	"2015-03-28T00:00:00.000000Z"	"5549588003139073619"	"2016-03-28T00:00:00.000000Z"	"1"	"-1106.71"	"5009.85"	"12.0"	"2281.1225"	"2173.146248139382"	"12.0"	"9.009166666666667"	"108.11000000000001"	"1.0"	"204.0"	"6290.0"	"1.0"	"4.27"	"42.0"	"5.0"	"Male"	"2014-07-31T00:00:00.000000Z"	"8.0"	"18120.0"	"2.SILVER"	"1971-06-05T00:00:00.000000Z"	"Haily"	"Howden"	"Emergent"
"56376.0"	"Savings Account"	"Deposit Account"	"2015-01-28T00:00:00.000000Z"	"7964770533609231936"	""	"0"	"-853.45"	"6346.61"	"16.0"	"1985.1206249999998"	"1895.6686888464758"	"16.0"	""	""	"2.0"	"219.0"	"7740.0"	"1.0"	"37.2"	"42.0"	"10.0"	"Female"	"1997-02-10T00:00:00.000000Z"	"28.0"	"25990.0"	"1.GOLD"	"1972-06-25T00:00:00.000000Z"	"Rahel"	"Mahony"	"Loyalist"
"487367.0"	"Mortgage"	"Secured Lending"	"2015-02-28T00:00:00.000000Z"	"5234091577150089007"	""	"0"	"82778.89"	"86505.27"	"15.0"	"84642.08000000002"	"1190.348427142231"	"15.0"	"3.6058552812139255"	"54.08782921820888"	"4.0"	"193.0"	"4820.0"	"1.0"	"31.0"	"35.0"	"6.0"	"Male"	"2004-08-18T00:00:00.000000Z"	"28.0"	"17960.0"	"2.SILVER"	"1977-06-25T00:00:00.000000Z"	"Garth"	"Joust"	"Sophisticates"
"846253.0"	"Premium Credit Card"	"Unsecured Lending"	"2015-01-28T00:00:00.000000Z"	"2305804806677602758"	""	"0"	"1759.05"	"14223.77"	"16.0"	"6792.857500000001"	"3400.661263165347"	"16.0"	"27.713124999999998"	"443.40999999999997"	"2.0"	"153.0"	"19230.0"	"2.0"	"226.4"	"37.0"	"8.0"	"Male"	"2009-07-13T00:00:00.000000Z"	"47.0"	"58870.0"	"2.SILVER"	"1954-07-14T00:00:00.000000Z"	"Calley"	"Piele"	"Sophisticates"
"212928.0"	"Savings Account"	"Deposit Account"	"2015-01-28T00:00:00.000000Z"	"1702812721851608496"	""	"0"	"-1696.28"	"17641.3"	"16.0"	"10582.700625000001"	"6537.516134319382"	"16.0"	""	""	"2.0"	"179.0"	"33090.0"	"0.0"	"0.0"	"41.0"	"4.0"	"Female"	"2001-01-04T00:00:00.000000Z"	"33.0"	"133890.0"	"2.SILVER"	"1974-06-30T00:00:00.000000Z"	"Lulita"	"Lillgard"	"Sophisticates"
"411500.0"	"Car Loan"	"Secured Lending"	"2016-03-28T00:00:00.000000Z"	"530583449271211771"	""	"0"	"3285.41"	"3411.77"	"2.0"	"3348.59"	"89.3500128707324"	"2.0"	"7.455846034304392"	"14.911692068608785"	"1.0"	"37.0"	"720.0"	"0.0"	"0.0"	"5.0"	"0.0"	"Male"	"2003-03-18T00:00:00.000000Z"	"46.0"	"18510.0"	"3.BRONZE"	"1992-07-13T00:00:00.000000Z"	"Ryan"	"Cocklin"	"Emergent"
"834230.0"	"Current Account"	"Deposit Account"	"2015-01-28T00:00:00.000000Z"	"8625045979928319689"	""	"0"	"-401.98"	"7969.35"	"16.0"	"3195.0068750000005"	"2206.36298840337"	"16.0"	"1.0"	"16.0"	"1.0"	"179.0"	"7950.0"	"1.0"	"10.62"	"36.0"	"4.0"	"Male"	"2009-02-13T00:00:00.000000Z"	"28.0"	"26490.0"	"2.SILVER"	"1954-06-25T00:00:00.000000Z"	"Inigo"	"De Hooch"	"Sophisticates"
"360053.0"	"Car Loan"	"Secured Lending"	"2015-07-28T00:00:00.000000Z"	"6747814575337755020"	""	"0"	"5176.65"	"8760.45"	"10.0"	"6968.55"	"1205.6103710016207"	"10.0"	"32.00361173011511"	"320.03611730115114"	"1.0"	"176.0"	"19670.0"	"0.0"	"0.0"	"49.0"	"10.0"	"Female"	"2002-05-20T00:00:00.000000Z"	"28.0"	"68370.0"	"3.BRONZE"	"1991-06-25T00:00:00.000000Z"	"Harlie"	"O'Loughnan"	"Sophisticates"
"485024.0"	"Standard Credit Card"	"Unsecured Lending"	"2015-01-28T00:00:00.000000Z"	"637788059722544409"	"2015-04-28T00:00:00.000000Z"	"1"	"4194.91"	"7640.94"	"3.0"	"6208.75"	"1795.137385299521"	"3.0"	"0.88"	"2.64"	"0.0"	"190.0"	"8730.0"	"3.0"	"164.95999999999998"	"40.0"	"10.0"	"Female"	"2004-07-28T00:00:00.000000Z"	"28.0"	"28580.0"	"2.SILVER"	"1973-06-25T00:00:00.000000Z"	"Marylynne"	"Khosa"	"Loyalist"
"1184250.0"	"Car Loan"	"Secured Lending"	"2015-01-28T00:00:00.000000Z"	"6289049386909469407"	""	"0"	"7779.01"	"10430.86"	"16.0"	"9104.935"	"841.688754588057"	"16.0"	"0.538345614918912"	"8.613529838702592"	"1.0"	"178.0"	"6130.0"	"0.0"	"0.0"	"36.0"	"9.0"	"Female"	"2013-09-26T00:00:00.000000Z"	"28.0"	"21890.0"	"2.SILVER"	"1965-06-25T00:00:00.000000Z"	"Jimmie"	"Crim"	"Sophisticates"
"361032.0"	"Managed Securities"	"Securities"	"2015-01-28T00:00:00.000000Z"	"3703436770294030212"	"2016-01-28T00:00:00.000000Z"	"1"	"620.4"	"4566.72"	"12.0"	"2396.0975"	"1115.9395909450639"	"12.0"	"8.335"	"100.02000000000001"	"11.0"	"196.0"	"6300.0"	"0.0"	"0.0"	"45.0"	"4.0"	"Male"	"2002-05-27T00:00:00.000000Z"	"50.0"	"24290.0"	"2.SILVER"	"1976-07-17T00:00:00.000000Z"	"Antonie"	"Corderoy"	"Loyalist"
"91939.0"	"Home Equity Loan"	"Secured Lending"	"2015-01-28T00:00:00.000000Z"	"6093383713846392635"	""	"0"	"3563.89"	"6708.49"	"16.0"	"5136.19"	"998.0860371731499"	"16.0"	"2.949080226175908"	"47.18528361881453"	"3.0"	"203.0"	"9790.0"	"1.0"	"4.56"	"35.0"	"2.0"	"Female"	"2001-01-23T00:00:00.000000Z"	"41.0"	"35690.0"	"2.SILVER"	"1959-07-08T00:00:00.000000Z"	"Jeanna"	"Oherlihy"	"Sophisticates"
"1393437.0"	"Personal Loan"	"Unsecured Lending"	"2016-03-28T00:00:00.000000Z"	"3505786405259341513"	""	"0"	"1012.06"	"1236.96"	"2.0"	"1124.51"	"159.0283150888546"	"2.0"	"23.217870958928255"	"46.43574191785651"	"1.0"	"175.0"	"3980.0"	"0.0"	"0.0"	"28.0"	"1.0"	"Female"	"2015-04-22T00:00:00.000000Z"	"39.0"	"20940.0"	"2.SILVER"	"1981-07-06T00:00:00.000000Z"	"Fanechka"	"Flaverty"	"Loyalist"
"449692.0"	"Mortgage"	"Secured Lending"	"2015-01-28T00:00:00.000000Z"	"8448689444816996615"	"2016-04-28T00:00:00.000000Z"	"1"	"269445.57"	"277337.23"	"15.0"	"273391.4"	"2520.898316473719"	"15.0"	"1.6950382059510494"	"25.42557308926574"	"0.0"	"185.0"	"7470.0"	"3.0"	"297.85"	"43.0"	"8.0"	"Male"	"2003-12-20T00:00:00.000000Z"	"28.0"	"26730.0"	"2.SILVER"	"1970-06-25T00:00:00.000000Z"	"Cristobal"	"Rotherham"	"Sophisticates"
"505583.0"	"Standard Credit Card"	"Unsecured Lending"	"2015-01-28T00:00:00.000000Z"	"4135818600791566638"	"2016-04-28T00:00:00.000000Z"	"1"	"1279.57"	"5407.3"	"15.0"	"3304.7793333333334"	"1052.5393449481164"	"15.0"	"11.604666666666667"	"174.07"	"1.0"	"203.0"	"9430.0"	"4.0"	"191.01999999999998"	"38.0"	"8.0"	"Female"	"2004-12-07T00:00:00.000000Z"	"28.0"	"31400.0"	"2.SILVER"	"1962-06-25T00:00:00.000000Z"	"Honoria"	"Bracknell"	"Traditionalist"
"298530.0"	"Premium Credit Card"	"Unsecured Lending"	"2015-01-28T00:00:00.000000Z"	"3678380631602244781"	""	"0"	"-1584.5"	"12529.64"	"16.0"	"6326.735625"	"4024.960159224716"	"16.0"	"8.684375000000001"	"138.95000000000002"	"2.0"	"212.0"	"16840.0"	"2.0"	"241.82"	"33.0"	"8.0"	"Male"	"2001-11-20T00:00:00.000000Z"	"28.0"	"56380.0"	"2.SILVER"	"1958-06-25T00:00:00.000000Z"	"Charity"	"Aluard"	"Sophisticates"
"1410421.0"	"Personal Loan"	"Unsecured Lending"	"2015-09-28T00:00:00.000000Z"	"1323476455886033219"	""	"0"	"-7159.93"	"1193.31"	"8.0"	"-2983.31"	"2923.0250998580223"	"8.0"	"74.47649115864748"	"595.8119292691798"	"2.0"	"93.0"	"10540.0"	"0.0"	"0.0"	"28.0"	"1.0"	"Male"	"2015-07-21T00:00:00.000000Z"	"8.0"	"76340.0"	"3.BRONZE"	"1996-06-05T00:00:00.000000Z"	"Dani"	"Markham"	"Loyalist"
"685741.0"	"Current Account"	"Deposit Account"	"2015-01-28T00:00:00.000000Z"	"264999852798349431"	""	"0"	"-1556.8"	"16763.85"	"16.0"	"5609.27"	"4389.379206802104"	"16.0"	"1.5"	"24.0"	"1.0"	"217.0"	"11870.0"	"2.0"	"67.77000000000001"	"46.0"	"6.0"	"Male"	"2007-04-11T00:00:00.000000Z"	"6.0"	"41870.0"	"2.SILVER"	"1957-06-03T00:00:00.000000Z"	"Gallard"	"Searson"	"Loyalist"
"185285.0"	"Savings Account"	"Deposit Account"	"2015-01-28T00:00:00.000000Z"	"3169467731247166677"	""	"0"	"-1346.62"	"4774.44"	"16.0"	"2189.99375"	"1430.3427417738028"	"16.0"	""	""	"5.0"	"226.0"	"5280.0"	"1.0"	"23.76"	"44.0"	"8.0"	"Female"	"2000-08-14T00:00:00.000000Z"	"28.0"	"17350.0"	"1.GOLD"	"1968-06-25T00:00:00.000000Z"	"Kellia"	"Bartkiewicz"	"Sophisticates"
"38259.0"	"Managed Securities"	"Securities"	"2015-03-28T00:00:00.000000Z"	"8785980610629593972"	"2015-06-28T00:00:00.000000Z"	"1"	"9.21"	"236.24"	"3.0"	"145.13"	"119.96502531988229"	"3.0"	"2.4899999999999998"	"7.47"	"0.0"	"92.0"	"3130.0"	"1.0"	"58.88"	"15.0"	"4.0"	"Female"	"1996-04-24T00:00:00.000000Z"	"28.0"	"28770.0"	"2.SILVER"	"1963-06-25T00:00:00.000000Z"	"Kaleena"	"Prozescky"	"Loyalist"
"127535.0"	"Current Account"	"Deposit Account"	"2015-01-28T00:00:00.000000Z"	"6688360423661858906"	""	"0"	"-107.52"	"1449.13"	"16.0"	"591.841875"	"419.840010880633"	"16.0"	"1.0"	"16.0"	"3.0"	"212.0"	"4060.0"	"0.0"	"0.0"	"48.0"	"6.0"	"Female"	"1999-04-08T00:00:00.000000Z"	"44.0"	"16300.0"	"2.SILVER"	"1970-07-11T00:00:00.000000Z"	"Alex"	"Hains"	"Sophisticates"
"462694.0"	"Standard Credit Card"	"Unsecured Lending"	"2015-01-28T00:00:00.000000Z"	"7505620586466035340"	""	"0"	"-1209.57"	"6094.87"	"16.0"	"2072.16875"	"2134.682798250129"	"16.0"	"1.029375"	"16.47"	"1.0"	"213.0"	"6450.0"	"2.0"	"24.04"	"33.0"	"12.0"	"Male"	"2004-03-04T00:00:00.000000Z"	"28.0"	"22250.0"	"2.SILVER"	"1963-06-25T00:00:00.000000Z"	"Victor"	"Botha"	"Sophisticates"
"281865.0"	"Car Loan"	"Secured Lending"	"2015-01-28T00:00:00.000000Z"	"2127105988272397601"	""	"0"	"2372.41"	"4349.41"	"16.0"	"3360.91"	"627.493511254632"	"16.0"	"8.786614879895653"	"140.58583807833045"	"3.0"	"215.0"	"11490.0"	"5.0"	"642.24"	"43.0"	"13.0"	"Female"	"2001-10-13T00:00:00.000000Z"	"11.0"	"38220.0"	"2.SILVER"	"1970-06-08T00:00:00.000000Z"	"Elly"	"Samsworth"	"Sophisticates"
"1026224.0"	"Mortgage"	"Secured Lending"	"2016-05-28T00:00:00.000000Z"	"1785494552250777964"	""	"0"	""	""	""	""	""	""	""	""	"1.0"	"182.0"	"2550.0"	"0.0"	"0.0"	"47.0"	"0.0"	"Female"	"2012-07-19T00:00:00.000000Z"	"41.0"	"10350.0"	"3.BRONZE"	"1993-07-08T00:00:00.000000Z"	"Gustavus"	"Fice"	"Emergent"
"648253.0"	"Managed Securities"	"Securities"	"2016-02-28T00:00:00.000000Z"	"8265890606244674233"	""	"0"	"99.58"	"648.55"	"3.0"	"342.67"	"279.8195012860969"	"3.0"	"5.823333333333333"	"17.47"	"2.0"	"220.0"	"5620.0"	"0.0"	"0.0"	"35.0"	"0.0"	"Female"	"2006-10-14T00:00:00.000000Z"	"28.0"	"17890.0"	"2.SILVER"	"1957-06-25T00:00:00.000000Z"	"Maurits"	"Abbs"	"Emergent"
"254871.0"	"Current Account"	"Deposit Account"	"2015-01-28T00:00:00.000000Z"	"7686496374438380511"	""	"0"	"-3111.63"	"7336.98"	"16.0"	"1124.1487499999998"	"3277.6660300034123"	"16.0"	"0.0"	"0.0"	"3.0"	"164.0"	"8570.0"	"1.0"	"8.67"	"32.0"	"167.0"	"Male"	"2001-10-08T00:00:00.000000Z"	"28.0"	"28610.0"	"2.SILVER"	"1904-06-25T00:00:00.000000Z"	"Lowell"	"Tugman"	"Sophisticates"
"833372.0"	"Current Account"	"Deposit Account"	"2015-01-28T00:00:00.000000Z"	"4414393019436180238"	""	"0"	"-41.74"	"4297.94"	"16.0"	"1831.095625"	"1295.0311606802813"	"16.0"	"1.5"	"24.0"	"2.0"	"170.0"	"25650.0"	"0.0"	"0.0"	"32.0"	"9.0"	"Female"	"2009-02-09T00:00:00.000000Z"	"28.0"	"77870.0"	"2.SILVER"	"1931-06-25T00:00:00.000000Z"	"Artie"	"Summerley"	"Sophisticates"
"899647.0"	"Car Loan"	"Secured Lending"	"2016-04-28T00:00:00.000000Z"	"3251360365220181194"	""	"0"	"5930.29"	"5930.29"	"1.0"	"5930.29"	""	"1.0"	"23.152452209539295"	"23.152452209539295"	"3.0"	"201.0"	"16030.0"	"0.0"	"0.0"	"44.0"	"8.0"	"Female"	"2010-12-28T00:00:00.000000Z"	"29.0"	"52140.0"	"2.SILVER"	"1969-06-26T00:00:00.000000Z"	"Mora"	"Bigham"	"Sophisticates"
