proba_0	proba_1
0.9940481524648302	0.005951847535169657
0.13270763248089307	0.8672923675191069
0.7613940127791655	0.2386059872208345
0.9870823776692736	0.012917622330726335
0.9735349369212705	0.026465063078729055
0.9790077906310493	0.020992209368951048
0.9406449729494265	0.059355027050573404
0.991221528443512	0.008778471556487864
0.9875368209909632	0.012463179009036643
0.9943063665944945	0.005693633405505398
0.938129019459802	0.06187098054019811
0.9731111557356965	0.026888844264303415
0.8828058029380317	0.11719419706196835
0.9875618011961015	0.012438198803898489
0.5680931306173245	0.43190686938267553
0.9858015450771621	0.014198454922837635
0.9894453066809632	0.010554693319036601
0.9895424264135957	0.010457573586404029
0.8378096254918096	0.1621903745081903
0.9722194948755646	0.02778050512443521
0.8579345823107718	0.14206541768922837
0.9322039763302272	0.06779602366977276
0.9654501103709129	0.034549889629087255
0.9882634132894752	0.011736586710524254
0.9859978870593251	0.014002112940674716
0.9847566221449475	0.015243377855052555
0.9808764278423806	0.0191235721576193
0.9634602783417731	0.03653972165822707
0.04929992507196737	0.9507000749280329
0.946200731576367	0.053799268423633
0.9862788420487633	0.0137211579512367
0.2670361536999234	0.7329638463000766
0.9600670960427665	0.039932903957233444
0.9722806976218421	0.027719302378157847
0.9895323538100504	0.010467646189949114
0.970292717584168	0.029707282415831985
0.9660280474209206	0.03397195257907934
0.01988754879510167	0.9801124512048982
0.9586216131175938	0.041378386882405985
0.9793520940910564	0.02064790590894351
0.9808511827869161	0.019148817213083768
0.9644026950571883	0.0355973049428117
0.9535609815264126	0.04643901847358753
0.9545572094093072	0.04544279059069267
0.9639396265583392	0.036060373441660826
0.9891361657889253	0.01086383421107468
0.06653482205057344	0.9334651779494264
0.9880697226738714	0.011930277326128707
0.9677289501853912	0.032271049814608585
0.9311971459898295	0.06880285401017038
0.035131960031603834	0.9648680399683964
0.9958843029106182	0.004115697089381686
0.971085600096259	0.028914399903740593
0.964509831569504	0.0354901684304961
0.05632789140064384	0.9436721085993562
0.9663450407830397	0.03365495921696041
0.9665034211108475	0.033496578889152424
0.9610118865154595	0.0389881134845403
0.9854151474062864	0.014584852593713636
0.920409349805633	0.07959065019436717
0.9897702340714019	0.010229765928598129
0.9739553409213767	0.02604465907862334
0.9149133010948586	0.08508669890514131
0.9909901949011961	0.00900980509880392
0.9727164441019479	0.027283555898051932
0.7099935155748264	0.29000648442517346
0.9576322562004884	0.042367743799511665
0.9721434796421974	0.02785652035780268
0.9942512472037961	0.005748752796203718
0.9781847395007996	0.02181526049920005
0.9932622124923318	0.006737787507667966
0.9809752967343925	0.01902470326560709
0.9797234258778349	0.020276574122165245
0.17840222909253872	0.8215977709074612
0.7866762688658754	0.2133237311341247
0.9622396309898464	0.037760369010153824
0.944772374693076	0.05522762530692406
0.983277218934675	0.016722781065324967
0.9886485810897205	0.01135141891027944
0.6526666622640892	0.3473333377359109
0.9447042419289908	0.055295758071008956
0.9726763300568697	0.02732366994313021
0.1510438472711404	0.8489561527288596
0.9811075235998368	0.01889247640016305
0.08672619851215947	0.9132738014878404
0.9827982665175857	0.017201733482414057
0.3944293169060248	0.6055706830939753
0.9904248782401777	0.009575121759822136
0.5142723689250769	0.48572763107492306
0.737104600602321	0.26289539939767903
0.05627542984964771	0.9437245701503524
0.3160994949734837	0.6839005050265166
0.9906598892710248	0.009340110728975082
0.9947744516287069	0.005225548371293202
0.9889111214699788	0.01108887853002105
0.7430699784009568	0.25693002159904316
0.9909363191351581	0.009063680864841897
0.4196117819820121	0.580388218017988
0.07442906674744372	0.9255709332525563
0.6606579030639965	0.33934209693600337
0.9740992279296904	0.02590077207030947
0.7858960252189554	0.21410397478104476
0.04757278634558755	0.9524272136544125
0.975784776824361	0.024215223175638862
0.8614224326254383	0.1385775673745619
0.6722080165140012	0.3277919834859989
0.7879341885465975	0.2120658114534022
0.05032426977933401	0.9496757302206662
0.32329561776033233	0.6767043822396676
0.03331751280177086	0.9666824871982292
0.6624207696444343	0.33757923035556564
0.7761188072568966	0.22388119274310334
0.047330247940339916	0.9526697520596602
0.0790243610442823	0.9209756389557175
0.7138903598073219	0.2861096401926781
0.04547963419683747	0.9545203658031629
0.0289518680714576	0.9710481319285426
0.24486076161830897	0.7551392383816911
0.8360857856433965	0.1639142143566036
0.582647372896842	0.4173526271031582
0.7754068204603951	0.22459317953960464
0.9956683621651002	0.004331637834899592
0.06063601073686164	0.9393639892631386
0.09819216694649828	0.9018078330535018
0.047071006163624224	0.9529289938363759
0.17326158740057282	0.8267384125994274
0.052329715662544116	0.9476702843374558
0.9810580915211807	0.018941908478819228
0.02976605625334833	0.9702339437466518
0.1471738543776198	0.8528261456223803
0.9324276531979045	0.06757234680209535
0.9844921108613706	0.015507889138629171
0.9854797546979271	0.014520245302072726
0.9798869012194851	0.020113098780514847
0.985048914767859	0.014951085232141136
0.9881301165576564	0.011869883442343507
0.24252366905360673	0.7574763309463934
0.0328912012498163	0.9671087987501835
0.13717085447652858	0.8628291455234717
0.9936354673675858	0.006364532632414302
0.10576346828655742	0.8942365317134425
0.9897011435343954	0.010298856465604472
0.13250548621786729	0.8674945137821329
0.9757552553700118	0.024244744629988282
0.980988065502578	0.019011934497421893
0.9404901722280367	0.05950982777196278
0.9850366459870183	0.014963354012981656
0.005490514138979699	0.9945094858610204
0.03815869825591965	0.9618413017440804
0.9760755926712134	0.023924407328786455
0.434736874931775	0.5652631250682248
0.9709020578227886	0.02909794217721123
0.9889552287719457	0.011044771228054064
0.9776840645370245	0.022315935462975486
0.0876642028865695	0.9123357971134302
0.17300969879106656	0.8269903012089338
0.9423679442034519	0.05763205579654837
0.990276100882713	0.009723899117286789
0.05007173290178584	0.9499282670982143
0.981328046846746	0.01867195315325421
0.9881370769212883	0.011862923078711573
0.9837255162895555	0.016274483710444303
0.9385725292892032	0.06142747071079684
0.11409359014142811	0.8859064098585719
0.9820294073265423	0.017970592673457603
0.06886432556852422	0.9311356744314762
0.9798227699979475	0.020177230002052373
0.9884589847825878	0.01154101521741214
0.9169961484948922	0.08300385150510783
0.13099047272994344	0.8690095272700568
0.9851833300605806	0.014816669939419385
0.11552557998153666	0.8844744200184635
0.9508501076861267	0.04914989231387302
0.9784984298954786	0.021501570104521087
0.9835181392715627	0.016481860728437114
0.08898314383420815	0.9110168561657918
0.9923972518257287	0.007602748174271392
0.9256377809560165	0.07436221904398348
0.9933479008844137	0.006652099115586567
0.9079451799022698	0.09205482009773018
0.9903882406856755	0.009611759314324429
0.9945932412982543	0.0054067587017457555
0.9855451243765857	0.014454875623413998
0.9832475879259808	0.01675241207401904
0.06364262942987468	0.936357370570126
0.9923341816701852	0.007665818329814761
0.983718819855725	0.01628118014427481
0.9889079426603921	0.011092057339607789
0.9785207680411898	0.021479231958810206
0.9866765326997557	0.013323467300244031
0.9513547622501111	0.048645237749889166
0.9838093930020443	0.016190606997955728
0.9538661338145259	0.04613386618547428
0.7790213264115917	0.22097867358840845
0.9923961979833836	0.007603802016616396
0.9860341075495767	0.013965892450423314
0.7097177953130207	0.29028220468697924
0.9886665320180603	0.011333467981939491
0.9192761370606967	0.08072386293930311
0.9676073547022167	0.0323926452977833
0.9734456796031676	0.02655432039683236
0.9895710386004924	0.0104289613995074
0.7060800842714714	0.2939199157285284
0.9654796341932896	0.03452036580671047
0.9916135596117122	0.008386440388287683
0.9816551378965945	0.018344862103405565
0.9172107957509684	0.08278920424903193
0.982374493853985	0.01762550614601485
0.18676448657295616	0.8132355134270438
0.9758286886365556	0.024171311363444293
0.7940974190780266	0.20590258092197333
0.9419797425906915	0.05802025740930852
0.9719345201220883	0.028065479877911918
0.9753340853840733	0.0246659146159268
0.9907566523038486	0.009243347696151353
0.9929749094950866	0.007025090504913418
0.94912446020151	0.05087553979849007
0.9612096621670009	0.038790337832999164
0.9854316858245918	0.014568314175408173
0.9816140279012986	0.01838597209870141
0.9762335935851426	0.023766406414857257
0.775902922972948	0.2240970770270518
0.9506094077925513	0.04939059220744869
0.04563949558874665	0.9543605044112536
0.04305376676585032	0.9569462332341494
0.6968292574053837	0.3031707425946168
0.9237394168533726	0.07626058314662731
0.974420272970805	0.025579727029194966
0.9914340797614585	0.008565920238541587
0.19895129312117033	0.8010487068788293
0.7064511172145113	0.2935488827854883
0.8053760059218743	0.1946239940781255
0.15770757761408874	0.8422924223859114
0.31980194467924394	0.6801980553207561
0.05808166724057783	0.9419183327594225
0.37120796366834974	0.6287920363316504
0.14983292709181278	0.8501670729081876
0.2302286005227848	0.7697713994772155
0.8175152785108629	0.18248472148913708
0.2367439369177699	0.76325606308223
0.28493552972248604	0.7150644702775142
0.08899072346207758	0.9110092765379225
0.13606345960448946	0.8639365403955105
0.03976603893389645	0.9602339610661035
0.3251127799825692	0.674887220017431
0.5503673451983044	0.44963265480169573
0.09556442403052777	0.9044355759694729
0.03514242357845127	0.9648575764215489
0.0500310035339848	0.9499689964660152
0.046485555239552896	0.9535144447604469
0.07705978885792378	0.9229402111420761
0.06766015749014988	0.9323398425098501
0.9878440596181898	0.01215594038180994
0.9847582706440163	0.015241729355983377
0.9158405206483728	0.08415947935162675
0.13288740130949783	0.8671125986905021
0.9599765554179175	0.040023444582082665
0.9739738051027373	0.026026194897262586
0.9892301284858718	0.01076987151412787
0.9578573855137564	0.04214261448624361
0.9825194688488519	0.017480531151148233
0.9665342637585161	0.03346573624148395
0.9904068253623968	0.00959317463760331
0.9849719640849791	0.01502803591502073
0.9774768205230437	0.022523179476956146
0.5370828730437068	0.46291712695629333
0.9863435175635398	0.013656482436459998
0.9304456570292231	0.06955434297077696
0.9766285833221388	0.02337141667786118
0.9033598791433434	0.0966401208566566
0.9852510690727208	0.014748930927279233
0.9887716006886766	0.011228399311323238
0.09216264376893657	0.9078373562310634
0.9772158366891972	0.022784163310802664
0.9902085033698118	0.00979149663018795
0.9364519124362386	0.06354808756376153
0.9913419034460682	0.008658096553931882
0.9837880873770866	0.016211912622913317
0.9913270739097082	0.00867292609029158
0.9879565180067688	0.012043481993231075
0.9704801232229993	0.029519876777000936
0.9689257395891397	0.031074260410860238
0.9857659080142457	0.014234091985754
0.9426328072038863	0.05736719279611357
0.8937280407893587	0.1062719592106411
0.9816752812672417	0.018324718732758073
0.07152001051684101	0.928479989483159
0.6190597813304798	0.38094021866952027
0.8512264174260551	0.1487735825739448
0.9856155277178758	0.01438447228212414
0.05019917299247648	0.9498008270075232
0.6444939624768358	0.3555060375231642
0.9884487341907929	0.011551265809207196
0.9755536094999167	0.02444639050008352
0.9289154015367143	0.07108459846328592
0.9880721232953487	0.011927876704651423
0.16553664025300424	0.8344633597469958
0.08572688027142067	0.9142731197285796
0.98760464823802	0.012395351761979917
0.32312972947587115	0.676870270524129
0.9172615196231806	0.08273848037681907
0.9800790892317708	0.01992091076822904
0.07783738586439275	0.9221626141356074
0.9477667840699369	0.05223321593006352
0.9933427327012483	0.006657267298751696
0.9897366588919252	0.010263341108074595
0.9849503153805726	0.0150496846194274
0.33258742834842164	0.6674125716515785
0.026802995420603798	0.9731970045793957
0.9869996074039797	0.013000392596020285
0.9619986924086069	0.038001307591393176
0.994940281661474	0.005059718338526109
0.011776187597531964	0.9882238124024681
0.9912454526311026	0.008754547368897064
0.7525296708340228	0.24747032916597717
0.34893712172806723	0.6510628782719329
0.9891273314924552	0.010872668507544848
0.9773164863058039	0.022683513694196137
0.9490082069037961	0.05099179309620401
0.7877079358139212	0.2122920641860787
0.9873382331199323	0.012661766880067558
0.9893406916226453	0.010659308377354373
0.9371214665371148	0.06287853346288491
0.9908961563921983	0.009103843607801636
0.9899504540282057	0.010049545971794041
0.9841266906764564	0.015873309323543444
0.3685324628836251	0.6314675371163749
0.9892750502222896	0.010724949777710229
0.9898354941533437	0.01016450584665627
0.9799148435445976	0.020085156455402237
0.9875569787195804	0.012443021280419337
0.972455398767249	0.027544601232750664
0.8322261448870073	0.16777385511299253
0.98322838021113	0.016771619788869967
0.9855200280679542	0.014479971932045583
0.9640623090592999	0.03593769094069991
0.9730522155275483	0.026947784472451816
0.9892323911358745	0.010767608864125746
0.8861304799540384	0.11386952004596179
0.1890321397825128	0.810967860217487
0.8938842331974692	0.10611576680253107
0.401115370890283	0.5988846291097171
0.9055443377383139	0.0944556622616859
0.0316307369026171	0.9683692630973826
0.20885655976844272	0.7911434402315574
0.10280227274234921	0.8971977272576508
0.9828975424755068	0.017102457524492912
0.3770722989367192	0.6229277010632808
0.9746773564394835	0.02532264356051646
0.9832764003389032	0.01672359966109678
0.9760922681541495	0.023907731845850388
0.0909544642006981	0.9090455357993017
0.9714166984873652	0.028583301512634916
0.9332929771386737	0.0667070228613264
0.9777538739016868	0.022246126098313175
0.9460944569079603	0.05390554309203993
0.9788675192073005	0.02113248079269931
0.9674930497950447	0.03250695020495538
0.9852190660033378	0.014780933996662035
0.30367374026631916	0.6963262597336809
0.9443316109726613	0.0556683890273388
0.7706160213989632	0.22938397860103696
0.9830988262181922	0.016901173781807145
0.051485799621559705	0.9485142003784405
0.9904091362999131	0.009590863700086839
0.9913311582663547	0.008668841733645422
0.0697599261802832	0.9302400738197167
0.8931876175929481	0.10681238240705185
0.9853527557890749	0.014647244210925097
0.8765070996248684	0.12349290037513148
0.07748976695645739	0.9225102330435426
0.6777343862559515	0.3222656137440482
0.9854260625154526	0.014573937484547052
0.9936204994285531	0.006379500571446733
0.11420941230798713	0.8857905876920129
0.7426666607503128	0.2573333392496871
0.9748346841759384	0.02516531582406142
0.05684740282451235	0.9431525971754877
0.8782292045242593	0.12177079547574042
0.12211573977810802	0.8778842602218923
0.6572234472533159	0.34277655274668384
0.9822558301086265	0.01774416989137352
0.9898914353611628	0.01010856463883704
0.5163676833418165	0.4836323166581839
0.006833359803915839	0.9931666401960842
0.17722217839297982	0.8227778216070198
0.055796294351622866	0.9442037056483775
0.9844771650486973	0.015522834951302467
0.9840735094088151	0.015926490591184905
0.707075932768214	0.292924067231786
0.577200725399842	0.4227992746001583
0.9721732136669136	0.027826786333086412
0.9890071205357756	0.010992879464224545
0.047169058510264525	0.9528309414897354
0.9879073475125588	0.012092652487441348
0.9646236584038909	0.03537634159610934
0.08451382066400209	0.9154861793359982
0.9538040109510538	0.04619598904894591
0.9831292737516226	0.016870726248377196
0.9671695098230606	0.03283049017693942
0.8915449345139799	0.1084550654860201
0.8743322927701452	0.12566770722985499
0.9526494099406855	0.04735059005931447
0.9219768517630275	0.07802314823697243
0.8871079911578501	0.11289200884215024
0.9775490121862741	0.022450987813725728
0.9859926390131915	0.014007360986808432
0.9662821432998107	0.03371785670018925
0.9867148992910748	0.013285100708925463
0.9940752961161502	0.00592470388384987
0.9785938413835802	0.021406158616419764
0.022710530230033707	0.9772894697699661
0.9884431274454637	0.01155687255453601
0.9107620428998662	0.0892379571001338
0.7225080932021991	0.2774919067978007
0.9692363028847929	0.03076369711520691
0.877500260437551	0.12249973956244903
0.9876862919070466	0.01231370809295328
0.07064168801150093	0.9293583119884992
0.9550571338263487	0.04494286617365126
0.7356835635657341	0.26431643643426617
0.9922559611677247	0.007744038832275335
0.9813799001042932	0.018620099895706756
0.7927222395767783	0.20727776042322157
0.9822584263676133	0.01774157363238673
0.37053043520067414	0.6294695647993258
0.7627132429750685	0.23728675702493138
0.8426612451198663	0.15733875488013363
0.8699709151713823	0.13002908482861794
0.9778811023165036	0.022118897683495994
0.9914877300744532	0.008512269925546545
0.981025603265816	0.01897439673418408
0.9241646465114498	0.07583535348855021
0.947222794776333	0.05277720522366733
0.7160886351069046	0.28391136489309565
0.8696232066608296	0.13037679333917018
0.9865441206614532	0.013455879338546866
0.7966073240698027	0.2033926759301975
0.9192483492257247	0.08075165077427514
0.6532285569679346	0.3467714430320651
0.5672412896328947	0.4327587103671055
0.9736922560440644	0.02630774395593548
0.9853933168166605	0.014606683183338987
0.9768374134221124	0.023162586577887584
0.09714173539215301	0.902858264607847
0.919949863698901	0.080050136301099
0.9788621789052858	0.021137821094714244
0.9563940807490396	0.04360591925096023
0.970012965539835	0.029987034460165426
0.962610750843652	0.03738924915634758
0.9865695803260938	0.013430419673906064
0.9151649361640003	0.08483506383599985
0.9596442354006887	0.04035576459931152
0.12052672303881762	0.8794732769611824
0.3795953878595515	0.6204046121404485
0.9953427057822571	0.004657294217742885
0.9880176670417917	0.011982332958208218
0.869965181956241	0.13003481804375902
0.98985506117701	0.010144938822989884
0.8918690310471135	0.10813096895288649
0.955716684085516	0.04428331591448364
0.9726368183458188	0.027363181654181168
0.3691101562909982	0.630889843709002
0.7795611365017975	0.22043886349820282
0.9950076649352475	0.004992335064752299
0.9776420449519986	0.022357955048001105
0.7626692459402001	0.23733075405980003
0.9755419981756043	0.02445800182439561
0.9740158271537652	0.025984172846234478
0.5154997462881888	0.48450025371181155
0.9837122205119812	0.016287779488018874
0.9782353181246772	0.021764681875322184
0.973517942373189	0.026482057626810933
0.45588395706232526	0.544116042937675
0.9938965787814464	0.006103421218553561
0.9637992814229419	0.03620071857705807
0.9849298415176578	0.015070158482342015
0.9778656020963336	0.022134397903666284
0.10444820521323236	0.8955517947867675
0.9384507037297659	0.061549296270234116
0.9781729969464034	0.021827003053596482
0.9889125516684341	0.011087448331565861
0.9807720174783447	0.01922798252165502
0.9880327747429795	0.011967225257020528
0.9869859639516945	0.013014036048305231
0.9820107539232305	0.017989246076769497
0.9793024322049481	0.020697567795051778
0.9734998081525517	0.026500191847448278
0.9910689630992493	0.008931036900750696
0.9836583445077561	0.01634165549224395
0.9813760477187948	0.01862395228120519
0.9704872289993429	0.029512771000657287
0.9785540916900761	0.02144590830992375
0.9833788731940472	0.016621126805952725
0.698593353170836	0.3014066468291641
0.9778718653705981	0.022128134629401865
0.985975360363626	0.014024639636373706
0.9945453723944299	0.005454627605570063
0.9931047456487492	0.006895254351250628
0.980324747576266	0.019675252423733792
0.9814325585055864	0.018567441494413403
0.9794255499956404	0.020574450004359632
0.9351284785343198	0.06487152146567994
0.9966919374939538	0.0033080625060463898
0.9918583907743495	0.008141609225650426
0.9883396092932217	0.011660390706778233
0.9910770991771549	0.008922900822844915
0.9763680320701663	0.023631967929833506
0.9419691498598322	0.05803085014016794
0.9755083100347767	0.024491689965223228
0.9630794263869997	0.03692057361300026
0.9595815531418677	0.04041844685813272
0.9490137570899487	0.05098624291005163
0.9940353661592094	0.005964633840790398
0.9901211763595255	0.009878823640474418
0.42955987741442486	0.5704401225855755
0.08341090860632493	0.9165890913936754
0.9822588719779028	0.017741128022097312
0.740224130487618	0.2597758695123821
0.9460136522944492	0.05398634770555124
0.9577654326629902	0.042234567337009796
0.9797748932855367	0.020225106714463096
0.9790933237687703	0.02090667623122971
0.9287487643596181	0.07125123564038192
0.9762222014592028	0.023777798540797028
0.8544187275254624	0.14558127247453792
0.1333336635437275	0.8666663364562726
0.9413455437289687	0.05865445627103148
0.9800793011060246	0.01992069889397543
0.9121076896799828	0.08789231032001728
0.7420159919888188	0.25798400801118143
0.6935862863820352	0.3064137136179647
0.818613845774655	0.18138615422534485
0.6754414289112673	0.3245585710887326
0.912992053634039	0.0870079463659608
0.0049806587536185085	0.9950193412463817
0.5610893099831064	0.4389106900168936
0.8553157632373304	0.14468423676266975
0.07473509683295311	0.9252649031670471
0.5953331736211046	0.40466682637889534
0.09586093665674339	0.9041390633432569
0.24987647940582092	0.7501235205941792
0.9847959768256241	0.015204023174375738
0.04838175711628325	0.9516182428837168
0.9143575481830811	0.08564245181691887
0.9755219711567251	0.024478028843274924
0.9472294089217057	0.052770591078294356
0.9935945137672819	0.006405486232717972
0.9843578475855053	0.015642152414494716
0.988916764528184	0.011083235471815722
0.9288945058590392	0.0711054941409609
0.14155206873607082	0.8584479312639292
0.9866159990310536	0.013384000968946376
0.9900344893708902	0.009965510629109591
0.9767158410911493	0.023284158908850515
0.9702860578935354	0.029713942106464785
0.9751963504022111	0.024803649597788725
0.9674696182348808	0.03253038176511915
0.9854784980638243	0.014521501936175598
0.29551811743613354	0.7044818825638666
0.9394920191074634	0.060507980892536714
0.9847952698277659	0.015204730172233909
0.9882263217592674	0.011773678240732468
0.9911400738299456	0.008859926170054211
0.9893955989324135	0.010604401067586396
0.9650271550612969	0.03497284493870308
0.6550084150539531	0.34499158494604676
0.9240388829238575	0.0759611170761427
0.977704050667495	0.02229594933250494
0.98902001326447	0.010979986735529962
0.2571433280488622	0.7428566719511377
0.6493397763595327	0.35066022364046767
0.9876261575660482	0.012373842433951662
0.9881634980293452	0.011836501970654684
0.9955664021670184	0.0044335978329816065
0.9874801423285338	0.012519857671466166
0.9220520055358412	0.07794799446415868
0.9838704266980778	0.016129573301921874
0.9893265519956489	0.010673448004350852
0.9942894859239014	0.005710514076098409
0.05586296542268123	0.944137034577319
0.05529787956586683	0.9447021204341333
0.0950847198993568	0.9049152801006435
0.031001019737135857	0.9689989802628641
0.08689794436328079	0.9131020556367191
0.8745077452049363	0.1254922547950637
0.23475554632558165	0.7652444536744185
0.045414176366595276	0.9545858236334047
0.25740969083174314	0.742590309168257
0.8676776097206494	0.13232239027935058
0.1063913474134737	0.8936086525865263
0.5959991991726582	0.4040008008273418
0.17611402641744467	0.8238859735825556
0.8105752739843036	0.1894247260156965
0.07230697651558385	0.927693023484416
0.05065196514232434	0.9493480348576757
0.9887889773195964	0.011211022680403358
0.9668873357008796	0.033112664299120464
0.9834473528260541	0.016552647173945792
0.9634541933416192	0.03654580665838088
0.9853728958444375	0.014627104155562313
0.9751407566974444	0.02485924330255542
0.961722242111506	0.03827775788849411
0.9797932418882889	0.020206758111710833
0.9719264471938913	0.028073552806108414
0.9581782023585775	0.041821797641422194
0.15717675905375222	0.8428232409462478
0.9859769990193037	0.01402300098069605
0.8324121631100503	0.16758783688994966
0.8588906212055736	0.14110937879442634
0.9719442644471101	0.028055735552889805
0.4735882959306777	0.5264117040693221
0.9933899932555831	0.006610006744416913
0.984133315134945	0.01586668486505497
0.9387209647390068	0.0612790352609932
0.8628141199553958	0.13718588004460427
0.059487450452412445	0.9405125495475878
0.06297383495756255	0.9370261650424372
0.9478734552241913	0.0521265447758086
0.035743609753624665	0.9642563902463753
0.00504870476574259	0.9949512952342574
0.22178700572577661	0.7782129942742234
0.2817645192552889	0.7182354807447112
0.09100323521597803	0.9089967647840221
0.8607202297476636	0.13927977025233665
0.9464689868997743	0.053531013100225185
0.9862646216081058	0.013735378391893973
0.9859737740960436	0.014026225903956248
0.032028650149241666	0.9679713498507584
0.33237499920155966	0.6676250007984404
0.03487066338162047	0.96512933661838
0.32780149743573256	0.6721985025642679
0.9349499864036632	0.06505001359633664
0.9675206818814566	0.032479318118543564
0.06435263648449069	0.9356473635155094
0.9928510346112344	0.007148965388765211
0.9532853502983876	0.04671464970161234
0.977863557070626	0.02213644292937375
0.1693879901306053	0.8306120098693947
0.9715163752059308	0.028483624794069254
0.9550697993530379	0.044930200646962036
0.6434995567159228	0.35650044328407715
0.028573728206393475	0.9714262717936067
0.9855576034736813	0.01444239652631891
0.9808998637224223	0.019100136277577513
0.10266228828092322	0.8973377117190771
0.06035999635846887	0.9396400036415312
0.9857512284869148	0.014248771513085321
0.9923314581882235	0.007668541811776509
0.618751631561905	0.38124836843809473
0.9091130139032931	0.0908869860967069
0.993342273018059	0.006657726981941123
0.9445197184903662	0.055480281509633765
0.9849216398260587	0.0150783601739409
0.1993976523073136	0.8006023476926862
0.9574225517934739	0.04257744820652604
0.9832967973574738	0.016703202642526272
0.9821529590757103	0.01784704092428957
0.9847908151732618	0.015209184826737866
0.9868235329787614	0.01317646702123853
0.963021835073959	0.0369781649260408
0.04446259904586465	0.955537400954135
0.9026560429045992	0.09734395709540081
0.9885796668876609	0.011420333112339132
0.977134790999197	0.022865209000803056
0.044683020644971504	0.9553169793550284
0.09687776605499161	0.9031222339450083
0.5385173913186242	0.46148260868137564
0.9919725903043916	0.00802740969560836
0.9675577816486097	0.032442218351390474
0.7373593558923333	0.26264064410766685
0.9743162953025287	0.025683704697470933
0.9486052785222385	0.051394721477761134
0.9867232341036847	0.013276765896315164
0.9860301329521353	0.013969867047864714
0.9846752007950593	0.015324799204940493
0.10271264794748587	0.8972873520525145
0.9861670212576353	0.013832978742364497
0.9903276328958474	0.009672367104152558
0.15317344743333666	0.8468265525666635
0.9827718755063826	0.017228124493617367
0.9469428195908036	0.05305718040919623
0.987128077127634	0.012871922872366121
0.28612570013157385	0.7138742998684262
0.713435523768468	0.2865644762315319
0.7757665998463614	0.22423340015363827
0.9667372158935537	0.03326278410644631
0.9747009321297213	0.025299067870278694
0.9730043537456855	0.026995646254314627
0.10732471729630312	0.8926752827036971
0.9809043495497357	0.019095650450264363
0.6547532356948573	0.3452467643051427
0.9661206401171708	0.033879359882829155
0.02110190915207648	0.9788980908479238
0.9868949716358082	0.013105028364191544
0.9753789957370436	0.024621004262956124
0.9723508353249807	0.027649164675019176
0.9906990545076246	0.00930094549237539
0.015308227281728606	0.9846917727182717
0.9691541058282241	0.03084589417177609
0.3603772850844695	0.6396227149155309
0.951952691530541	0.04804730846945892
0.06175136908276506	0.9382486309172351
0.4693133796864132	0.5306866203135869
0.47455598418016925	0.5254440158198307
0.23656189503739025	0.7634381049626096
0.03812497168932401	0.9618750283106763
0.7820963496370841	0.21790365036291592
0.1709701745208786	0.8290298254791212
0.09068857196646464	0.9093114280335358
0.992999922807183	0.007000077192816999
0.9758195404768881	0.024180459523111906
0.9833035975916684	0.016696402408331378
0.927652478387482	0.07234752161251812
0.9792391672849885	0.020760832715011158
0.9619158483801425	0.03808415161985737
0.9790101388180872	0.02098986118191271
0.9874426273012333	0.012557372698766325
0.992544660300268	0.007455339699731844
0.945691753971657	0.05430824602834275
0.9810655299785149	0.018934470021485073
0.9858033665447842	0.014196633455215496
0.963104330004499	0.036895669995501056
0.9250919406571991	0.07490805934280123
0.971165872867476	0.02883412713252384
0.01913492162971122	0.9808650783702886
0.13461778402903363	0.8653822159709671
0.8724693891686925	0.12753061083130757
0.990996275796694	0.009003724203305826
0.24721029276310902	0.7527897072368909
0.9611904870346948	0.038809512965305465
0.9897069451502207	0.010293054849779035
0.9803922756218707	0.019607724378129177
0.034364879606276204	0.9656351203937237
0.9877747546812575	0.012225245318742344
0.5436589455500237	0.45634105444997636
0.42198265008158514	0.5780173499184148
0.0550865867343428	0.9449134132656577
0.1413133473730543	0.8586866526269459
0.021065770793879165	0.9789342292061209
0.15282977355814498	0.8471702264418552
0.7968434768880834	0.20315652311191648
0.07623415801875078	0.9237658419812493
0.8228226487805687	0.1771773512194315
0.14445879837380807	0.8555412016261915
0.7161439895797201	0.2838560104202798
0.5531490160880839	0.4468509839119161
0.4719247271735075	0.5280752728264925
0.9929192286031443	0.0070807713968556165
0.11317561462436312	0.8868243853756366
0.09126902273560104	0.9087309772643991
0.9878393716198143	0.012160628380185641
0.9808178994263511	0.019182100573648907
0.38913985040459104	0.6108601495954094
0.9911247808283358	0.008875219171664376
0.9194353954324231	0.08056460456757696
0.9893416751835197	0.010658324816480123
0.9597286624429023	0.040271337557097456
0.9746227056429134	0.02537729435708644
0.9897138613987851	0.010286138601214762
0.986416977692668	0.01358302230733186
0.9855249248662373	0.014475075133762654
0.22840386607948673	0.7715961339205133
0.9834889667320593	0.016511033267940615
0.990170461280021	0.009829538719978777
0.9743075244958572	0.025692475504142488
0.9826669659927973	0.01733303400720249
0.9467635985744721	0.05323640142552797
0.9807052214318461	0.01929477856815373
0.7557887363094438	0.24421126369055607
0.9774516272364948	0.022548372763505117
0.9895798367401696	0.010420163259829982
0.0580371433813536	0.9419628566186465
0.36540884125093975	0.6345911587490604
0.12243983572865064	0.8775601642713494
0.7376646990037744	0.2623353009962253
0.9822932284679429	0.017706771532056832
0.06263114723328986	0.9373688527667103
0.7600702444386807	0.23992975556131937
0.9774504857865562	0.022549514213443676
0.5184833573671099	0.48151664263289035
0.9830444620680311	0.016955537931968596
0.9876463165303844	0.012353683469615555
0.12836003573319707	0.8716399642668029
0.9789288880713446	0.021071111928655246
0.9466205414800417	0.05337945851995858
0.9444826276504821	0.05551737234951796
0.9095073046584906	0.09049269534150933
0.988020703782728	0.011979296217271474
0.987938714829708	0.012061285170291973
0.05325815739319959	0.9467418426068005
0.37737127183631464	0.6226287281636855
0.9977640878432991	0.0022359121567009947
0.9842263341575943	0.01577366584240561
0.9066415105571987	0.09335848944280148
0.07994568632334197	0.9200543136766579
0.09865415714460388	0.9013458428553963
0.9774181040098524	0.02258189599014714
0.9493083446376364	0.05069165536236354
0.9825621040574248	0.017437895942575235
0.9835770135356546	0.016422986464345066
0.9730154428481939	0.026984557151806036
0.9941361042634631	0.005863895736537144
0.9870944611034342	0.012905538896565726
0.99340261492341	0.006597385076589824
0.9702274916818703	0.0297725083181297
0.9815008428571724	0.018499157142827474
0.945144513317065	0.054855486682935245
0.21221200117579408	0.7877879988242061
0.9960564392129997	0.00394356078700029
0.9833496379802845	0.016650362019715422
0.9488378333215312	0.051162166678469095
0.9871576356563406	0.012842364343659334
0.9897930734895735	0.010206926510426411
0.9862040449827483	0.013795955017251713
0.6405823825916221	0.3594176174083779
0.1754696199888849	0.8245303800111151
0.9849169534952864	0.015083046504713728
0.9884752898721811	0.011524710127818485
0.9320821371432497	0.0679178628567504
0.9269979929075619	0.07300200709243784
0.9871863025102324	0.012813697489767361
0.8919086268676226	0.1080913731323772
0.9222961494982979	0.07770385050170235
0.09931070551755056	0.9006892944824494
0.9892910293831124	0.010708970616887296
0.9823775099678823	0.017622490032117473
0.9857548760880129	0.014245123911986814
0.9906442501559648	0.009355749844035133
0.9639657307886124	0.03603426921138791
0.9778935335944632	0.022106466405536693
0.9796266254718915	0.020373374528108237
0.05869796439958046	0.9413020356004198
0.9500513731781223	0.049948626821877735
0.9582789779475859	0.04172102205241401
0.9592586546405802	0.0407413453594197
0.9669962969941968	0.03300370300580314
0.9726947866075222	0.027305213392477788
0.9834493713083586	0.016550628691641225
0.04712222039064134	0.9528777796093588
0.9885049916583472	0.011495008341652773
0.37714897955120213	0.6228510204487978
0.9683243317791989	0.03167566822080101
0.9492935661283373	0.05070643387166257
0.9906314231165945	0.009368576883405482
0.9844529977455103	0.015547002254489774
0.9747833409224075	0.025216659077592473
0.9949549996112781	0.005045000388721879
0.1032868805816266	0.8967131194183735
0.9173835760050152	0.08261642399498488
0.4742563916242253	0.5257436083757746
0.9723902709588311	0.027609729041169
0.9607285740778839	0.03927142592211633
0.7277193033633641	0.2722806966366356
0.8724936031007415	0.12750639689925852
0.9828765912587878	0.01712340874121193
0.9814547512480165	0.01854524875198354
0.9939499853194356	0.0060500146805643916
0.7327491722896856	0.2672508277103142
0.6493832865029681	0.35061671349703194
0.7982342058701367	0.20176579412986329
0.17553192910147913	0.8244680708985208
0.9462944054305411	0.05370559456945868
0.14640161230342977	0.8535983876965707
0.9745250941278587	0.025474905872141292
0.9809927341677498	0.019007265832250007
0.8805588683707739	0.11944113162922627
0.9736023720524589	0.026397627947540952
0.9672953017204339	0.0327046982795662
0.5245636672311264	0.4754363327688739
0.9013923260433329	0.09860767395666736
0.8970350328193741	0.10296496718062573
0.11416404742608746	0.8858359525739128
0.8365926184616416	0.16340738153835827
0.47605915196752535	0.5239408480324751
0.03658527173555666	0.9634147282644434
0.19237054870499545	0.8076294512950042
0.9821577638942455	0.01784223610575434
0.0635219072632483	0.9364780927367518
0.9606903257562752	0.03930967424372501
0.9526625082736269	0.04733749172637334
0.9895717539178726	0.0104282460821274
0.9789646869393583	0.021035313060641592
0.8985580101090747	0.10144198989092548
0.9893322304407595	0.010667769559240647
0.8620427583022163	0.13795724169778376
0.09903527633138566	0.9009647236686145
0.9813723271303022	0.01862767286969788
0.21774732557647816	0.7822526744235221
0.936078810776084	0.06392118922391625
0.8987721148505773	0.10122788514942271
0.2229087189068812	0.7770912810931191
0.08827725519975081	0.911722744800249
0.7436351646289405	0.25636483537105925
0.07066393150230801	0.9293360684976919
0.9799209773141425	0.020079022685857498
0.985804742773056	0.014195257226943966
0.29181499160740326	0.7081850083925967
0.9881554885890425	0.01184451141095728
0.9811586981100127	0.018841301889987404
0.9873958177219093	0.012604182278090752
0.9866949676014538	0.013305032398546137
0.9178049637778208	0.08219503622217905
0.7019155790851147	0.29808442091488535
0.9729852706700445	0.02701472932995538
0.06644138156046962	0.9335586184395304
0.9898227537074975	0.010177246292502419
0.2171967187639577	0.7828032812360419
0.9863161379156473	0.01368386208435243
0.8703199837832354	0.12968001621676484
0.19253167075084712	0.8074683292491529
0.32481466782906665	0.6751853321709335
0.9943599906889646	0.00564000931103536
0.9922802015273998	0.007719798472599762
0.9870521813589593	0.012947818641040857
0.9778697977972141	0.022130202202786074
0.9084680267851232	0.09153197321487702
0.9858033872784453	0.014196612721554478
0.8750775369317045	0.12492246306829548
0.987552281234914	0.012447718765085951
0.20572533507924992	0.7942746649207503
0.9835259153345969	0.01647408466540315
0.979106447010424	0.020893552989575976
0.9811660286387375	0.01883397136126238
0.6352389354424673	0.36476106455753304
0.22236890044436014	0.7776310995556404
0.9913878435705423	0.008612156429457611
0.839356064908376	0.160643935091624
0.9868578948906783	0.013142105109321643
0.04101762228504263	0.958982377714957
0.9403725020645204	0.059627497935479556
0.960765104397747	0.03923489560225302
0.11165414775643216	0.8883458522435681
0.9853849093843092	0.014615090615690433
0.9535997699177419	0.0464002300822582
0.943728136792635	0.056271863207365415
0.9964302371633678	0.00356976283663225
0.9644704820874778	0.03552951791252207
0.9860612685665602	0.013938731433439546
0.9701306132395702	0.029869386760429904
0.9880169514947695	0.011983048505230534
0.9846203853485838	0.015379614651415867
0.9794214577621535	0.020578542237846373
0.9794083409097969	0.020591659090203107
0.9682767571859611	0.03172324281403884
0.06711217262291247	0.9328878273770878
0.9905156299230718	0.009484370076928022
0.9269568561154409	0.07304314388455893
0.9834142137319444	0.016585786268055337
0.9073244330350455	0.09267556696495444
0.9890125406134409	0.01098745938655906
0.9894325155173546	0.010567484482645408
0.9897548857563048	0.01024511424369513
0.9756062359304365	0.024393764069563537
0.987337571992725	0.012662428007274552
0.9735268774167726	0.026473122583227305
0.9162092208407647	0.0837907791592354
0.813173976658431	0.18682602334156864
0.9684223134971498	0.031577686502849915
0.995828176081843	0.0041718239181569635
0.9788975549539147	0.02110244504608523
0.9887779651699465	0.011222034830053495
0.9711343165611762	0.02886568343882358
0.13896361492015089	0.8610363850798491
0.9834528821183686	0.016547117881631355
0.9720340294450613	0.027965970554938883
0.9861196107167504	0.01388038928324936
0.8988861691261026	0.10111383087389765
0.9635306854244183	0.036469314575581564
0.9884606858816426	0.011539314118357118
0.981391777623341	0.018608222376658965
0.9722450101747476	0.027754989825252464
0.9896228014118836	0.010377198588116518
0.9869098004689245	0.013090199531075604
0.8970769172457748	0.10292308275422533
0.9825183988970033	0.01748160110299647
0.7337170451211715	0.26628295487882825
0.9385049895880282	0.06149501041197177
0.6213976980005844	0.3786023019994157
0.7401862360727719	0.2598137639272279
0.48296383255542424	0.517036167444576
0.18285635017044333	0.8171436498295566
0.8640546377111356	0.13594536228886456
0.09834760930228706	0.9016523906977129
0.06820723431440479	0.9317927656855953
0.0831006982793736	0.9168993017206265
0.9833407018764055	0.016659298123594502
0.9873989474329881	0.012601052567011918
0.5616351494419944	0.4383648505580054
0.9822396621100086	0.017760337889991002
0.9687919008383163	0.031208099161683794
0.9894303687460251	0.010569631253974825
0.9927831423248373	0.007216857675162631
0.9960096184389816	0.003990381561018438
0.9764289268497542	0.023571073150245737
0.16969519827086166	0.8303048017291386
0.939799281484159	0.06020071851584079
0.9572689770821006	0.04273102291789967
0.8019808675252352	0.19801913247476466
0.9888944946601547	0.011105505339845303
0.9331539189618696	0.06684608103813043
0.9725820034371415	0.02741799656285824
0.9714076900033984	0.028592309996601603
0.20931003940299472	0.7906899605970057
0.991421177128663	0.008578822871336989
0.9112126312540493	0.0887873687459508
0.9643373256761326	0.035662674323867695
0.8081035668798324	0.1918964331201675
0.07832080777759591	0.9216791922224041
0.9871298513592616	0.012870148640738337
0.9332984142649902	0.06670158573500996
0.9351535567369119	0.06484644326308814
0.9594796199061106	0.040520380093889544
0.9873586928375832	0.012641307162416689
0.06401802209209603	0.9359819779079035
0.03679952055762507	0.9632004794423753
0.9896308826724076	0.010369117327592476
0.0994994098448692	0.9005005901551306
0.9909680863872302	0.009031913612769879
0.9409212679620833	0.05907873203791694
0.15070438266065053	0.8492956173393493
0.7514763038940093	0.24852369610599087
0.9400859227217012	0.05991407727829887
0.9746065526808896	0.02539344731911013
0.9925358163815962	0.0074641836184037216
0.9489808028888815	0.05101919711111866
0.6756314092672052	0.3243685907327951
0.849517858282346	0.150482141717654
0.0873935771456283	0.9126064228543718
0.6384696839133909	0.36153031608660896
0.23121847858141517	0.7687815214185849
0.37743985011755804	0.622560149882442
0.7305924104998576	0.2694075895001424
0.8264111750573676	0.17358882494263228
0.9902285238124788	0.009771476187521033
0.8288113790188505	0.17118862098114904
0.5953439029284191	0.4046560970715808
0.8803331388962065	0.11966686110379364
0.08967427515742368	0.9103257248425762
0.8929904158378825	0.10700958416211744
0.9785987110080945	0.021401288991905618
0.3029239623268879	0.6970760376731121
0.9390017899138298	0.06099821008617035
0.9744747635945484	0.025525236405451558
0.9749076272759741	0.02509237272402587
0.9849532916287143	0.015046708371285678
0.05394268932322939	0.9460573106767706
0.07292866077165194	0.9270713392283483
0.11455698746667503	0.885443012533325
0.9871611905430815	0.012838809456918265
0.9801813830287308	0.019818616971269156
0.6718599683866018	0.3281400316133982
0.9603593112711536	0.03964068872884625
0.9649294437458871	0.035070556254113
0.9849198539604973	0.015080146039502649
0.36671251933931215	0.6332874806606882
0.5867413910327833	0.4132586089672168
0.9796583030638891	0.020341696936110817
0.11032932279231975	0.8896706772076803
0.719748507526492	0.280251492473508
0.3554413852239125	0.6445586147760874
0.7658230019240578	0.23417699807594186
0.07222292406399615	0.9277770759360038
0.3438779664861755	0.6561220335138245
0.06399648037086732	0.936003519629133
0.05933435868689409	0.9406656413131057
0.09034783061989861	0.9096521693801017
0.07785669723338869	0.9221433027666117
0.08997873956869769	0.9100212604313029
0.715384470722498	0.2846155292775022
0.0381382031910433	0.9618617968089569
0.2412937862614886	0.7587062137385113
0.9116715692286554	0.08832843077134456
0.06430660882604769	0.9356933911739524
0.8759322403341185	0.1240677596658813
0.9751901358367298	0.02480986416327012
0.9038771749664234	0.09612282503357682
0.9756123635418473	0.02438763645815256
0.8765340204001432	0.12346597959985742
0.9866032964913907	0.013396703508609305
0.9924531806730734	0.0075468193269265
0.24968700754894363	0.7503129924510561
0.5395731164016783	0.46042688359832157
0.29495217390625766	0.7050478260937422
0.036043421489552994	0.9639565785104471
0.6359066531563792	0.3640933468436206
0.9566414286174478	0.04335857138255215
0.9031452365402562	0.09685476345974368
0.9502386631051556	0.04976133689484428
0.9665535005377032	0.033446499462296775
0.9698431362412699	0.030156863758729835
0.9738669659809175	0.026133034019082367
0.9869244026326568	0.013075597367343166
0.9773376580660645	0.02266234193393548
0.9892084145812393	0.01079158541876063
0.024049531223109412	0.9759504687768906
0.9926105604648333	0.007389439535166774
0.052287578513028204	0.9477124214869714
0.944390041038681	0.05560995896131923
0.06981103513777356	0.9301889648622265
0.9835839468371623	0.016416053162837625
0.9381701936664776	0.06182980633352257
0.05687457424458077	0.943125425755419
0.946103023180784	0.053896976819216104
0.9859682571877582	0.014031742812241803
0.18895982957566826	0.8110401704243319
0.987726109811284	0.012273890188715966
0.9900489582698263	0.009951041730173738
0.9856817044897421	0.014318295510257838
0.9916774651753657	0.00832253482463432
0.9861311187399889	0.013868881260011014
0.9839431699606334	0.01605683003936659
0.14714392475304863	0.8528560752469514
0.982983520732823	0.017016479267176855
0.956857128620983	0.043142871379016824
0.9870056435153736	0.01299435648462623
0.8035244070949872	0.19647559290501299
0.9812138025729372	0.018786197427062706
0.9579430734130499	0.04205692658694991
0.03200589626784862	0.9679941037321513
0.9873635067275929	0.012636493272406868
0.5099656958920561	0.4900343041079441
0.09893252910727908	0.9010674708927209
0.09314750289579768	0.9068524971042023
0.9632996636082428	0.03670033639175727
0.9679567778944214	0.032043222105578674
0.9855549680193679	0.014445031980631875
0.10141555872846723	0.898584441271533
0.9676011646228879	0.03239883537711201
0.09369003496039896	0.9063099650396015
0.9180044380212685	0.08199556197873145
0.07887678111914954	0.9211232188808505
0.9840423968319699	0.015957603168029775
0.945075061873645	0.0549249381263552
0.813970537310878	0.18602946268912185
0.8257016663861614	0.17429833361383867
0.06297419865669379	0.9370258013433065
0.8345262086266532	0.16547379137334695
0.9741356454648852	0.025864354535114886
0.45702513764711644	0.5429748623528838
0.8021809208943128	0.19781907910568702
0.7986950725716768	0.2013049274283231
0.022609687674459568	0.9773903123255409
0.1742025805179553	0.825797419482045
0.32360148280913004	0.6763985171908702
0.12152785902293334	0.8784721409770667
0.02496978773085805	0.975030212269142
0.9800501880537766	0.019949811946223396
0.5028013656579817	0.4971986343420183
0.718196617996107	0.28180338200389304
0.7592620015012099	0.24073799849879013
0.051000099766614626	0.9489999002333857
0.7221486457306231	0.27785135426937674
0.05808620632411195	0.9419137936758881
0.9254426754823322	0.07455732451766808
0.9805752895135691	0.019424710486430664
0.02389190914818241	0.9761080908518174
0.10949973777888562	0.8905002622211144
0.9353479952267483	0.06465200477325177
0.5050018599681242	0.49499814003187587
0.9882205818186179	0.01177941818138207
0.9850835365365107	0.014916463463489066
0.04578157157471914	0.9542184284252806
0.9846010249385826	0.015398975061417165
0.054741955341412074	0.9452580446585883
0.9914687363551273	0.008531263644872554
0.979060250722895	0.020939749277104718
0.9136383311393979	0.0863616688606021
0.9666526682610552	0.03334733173894499
0.13870923030280458	0.8612907696971953
0.21550580504379377	0.7844941949562064
0.2785196073945839	0.7214803926054164
0.9876344637332083	0.012365536266791733
0.045545277675665845	0.9544547223243345
0.9896449114372196	0.010355088562780224
0.7399625214365899	0.26003747856341003
0.6108230917636116	0.38917690823638834
0.017504718393766158	0.982495281606234
0.04517133892775228	0.9548286610722478
0.02484889309058479	0.9751511069094154
0.6403272586062821	0.35967274139371774
0.9928472649110717	0.007152735088928536
0.3686101805806187	0.6313898194193813
0.11658561293094519	0.8834143870690551
0.03068260930675383	0.9693173906932462
0.9853006585173081	0.014699341482691943
0.991193217978688	0.008806782021311901
0.9848787094320584	0.01512129056794146
0.7825882728777173	0.2174117271222829
0.9885211008218979	0.011478899178101732
0.9695534854951126	0.030446514504887345
0.9405396058881955	0.059460394111804434
0.03483488717266846	0.9651651128273321
0.9147610359877728	0.08523896401222726
0.9560312092685426	0.0439687907314574
0.9812064792308907	0.018793520769109107
0.9039438540277034	0.0960561459722966
0.8338278123714435	0.16617218762855657
0.9881095767347534	0.011890423265246398
0.9949112107900702	0.0050887892099298225
0.9652300163213815	0.03476998367861878
0.9802320199855538	0.01976798001444623
0.986344467364094	0.013655532635905774
0.9858505638718837	0.014149436128116233
0.9944085240130875	0.005591475986912426
0.99047599730929	0.009524002690709897
0.9846803694026975	0.015319630597302172
0.9879715036500669	0.012028496349932836
0.9857170730670323	0.01428292693296761
0.9892348599565941	0.010765140043405997
0.9914315239052388	0.008568476094761081
0.9771019032865279	0.02289809671347208
0.06334225670667643	0.936657743293324
0.994888967936784	0.005111032063216021
0.9817452665760064	0.01825473342399375
0.9612245177260536	0.03877548227394617
0.9854831230133826	0.014516876986617331
0.9195134346215332	0.08048656537846688
0.9607590959089057	0.03924090409109442
0.9689009785784561	0.03109902142154365
0.9879469275184308	0.012053072481568797
0.8977825198319138	0.10221748016808618
0.9915316040240216	0.008468395975978147
0.9431440549197907	0.05685594508020941
0.9299782635123441	0.07002173648765594
0.9787353490689648	0.021264650931035255
0.7373106471115024	0.2626893528884975
0.29179090532977936	0.7082090946702206
0.650730541586833	0.34926945841316726
0.8224713001171867	0.17752869988281325
0.04940232698289305	0.9505976730171071
0.09957291178207055	0.9004270882179296
0.2912545935742935	0.7087454064257066
0.8296501792194648	0.17034982078053537
0.3583315860523506	0.6416684139476498
0.3571081636712659	0.6428918363287341
0.7156731749375775	0.28432682506242196
0.7900850043187494	0.20991499568125063
0.07627181346779881	0.9237281865322012
0.32148571237849466	0.6785142876215052
0.6926192622731249	0.3073807377268752
0.08716662326098597	0.912833376739014
0.05213428444048815	0.9478657155595114
0.1151967330269617	0.8848032669730379
0.946677504613892	0.053322495386107886
0.185096352418781	0.814903647581219
0.08963661121770215	0.9103633887822978
0.4568500789642895	0.5431499210357105
0.5171600645258146	0.4828399354741852
0.15191420976013092	0.8480857902398691
0.04245308662934866	0.9575469133706516
0.22079854403290192	0.779201455967098
0.502589207868827	0.49741079213117323
0.6074673290330254	0.39253267096697475
0.5386318933458787	0.4613681066541212
0.042998110676224506	0.9570018893237757
0.7954382868806859	0.2045617131193142
0.07467440128536387	0.9253255987146362
0.9828136711922394	0.01718632880776031
0.9876516362870683	0.012348363712931212
0.9905747650531829	0.009425234946817213
0.9822622435660133	0.01773775643398671
0.985687422616849	0.014312577383150633
0.9613498763687853	0.038650123631214506
0.9879240186417954	0.012075981358204353
0.9627084388138977	0.03729156118610224
0.9879327853112578	0.012067214688742157
0.990969178649489	0.009030821350510958
0.9858695585123469	0.014130441487653014
0.9079487380920891	0.0920512619079109
0.9795175725399773	0.020482427460022833
0.9907150486844833	0.009284951315516337
0.9838364530250111	0.016163546974988785
0.9714305294281965	0.02856947057180352
0.9869644756317706	0.01303552436822938
0.9902746533413275	0.009725346658672447
0.8627937721520946	0.13720622784790582
0.057581114583404064	0.9424188854165962
0.9778341300718614	0.022165869928138338
0.9396698003139566	0.06033019968604325
0.985167557616888	0.014832442383111917
0.8964170562776633	0.10358294372233669
0.9593148251268248	0.040685174873175106
0.10855451146023597	0.891445488539764
0.9217379994163513	0.07826200058364863
0.1297063841381526	0.8702936158618472
0.08170241724218483	0.9182975827578153
0.08385640267379235	0.916143597326208
0.9863001523823253	0.01369984761767439
0.9813551237915559	0.018644876208443982
0.9875662274541449	0.012433772545855032
0.9881441211927153	0.011855878807284217
0.9839767311520601	0.016023268847939892
0.4918100190739941	0.5081899809260058
0.9957852526026275	0.004214747397372432
0.9288350942770964	0.0711649057229037
0.9801018906615506	0.019898109338449342
0.39603589882164864	0.6039641011783515
0.09759005099639735	0.9024099490036028
0.30209749075604486	0.6979025092439554
0.972659522172079	0.027340477827920814
0.859858096621965	0.14014190337803514
0.9613089324292114	0.038691067570788606
0.9812280749996017	0.018771925000397986
0.9928154253580871	0.00718457464191282
0.07867084091575627	0.9213291590842438
0.9565998644088718	0.043400135591128305
0.9829016090588014	0.017098390941198634
0.04088912472511238	0.9591108752748875
0.10324710270282657	0.8967528972971733
0.9856757599962337	0.014324240003766264
0.9857652076646771	0.014234792335322656
0.9806901678072687	0.019309832192731177
0.11142486386666964	0.8885751361333303
0.05855908276978142	0.9414409172302185
0.0566380450043585	0.9433619549956412
0.1288559737349649	0.8711440262650351
0.10515122805153058	0.8948487719484693
0.9848910409196299	0.015108959080370054
0.9848407243648015	0.01515927563519825
0.9225210957254422	0.07747890427455785
0.739831347088971	0.260168652911029
0.98408952091645	0.01591047908354992
0.974227596910072	0.025772403089927946
0.04420324603620074	0.9557967539637993
0.9854143976569217	0.014585602343078074
0.9868195328373601	0.013180467162639452
0.9328644591498219	0.06713554085017825
0.9776281871445982	0.022371812855401733
0.910077150774202	0.08992284922579832
0.579724635989415	0.4202753640105851
0.11410967684087661	0.8858903231591235
0.9826646637785761	0.017335336221423702
0.13400208799127	0.8659979120087296
0.8544002880196164	0.1455997119803835
0.9918184890198326	0.008181510980167325
0.9937621620605225	0.006237837939477673
0.9531920961196841	0.04680790388031556
0.9626344482852525	0.03736555171474726
0.9630588632783393	0.03694113672166082
0.037985531756693086	0.9620144682433068
0.9701315138837632	0.029868486116237068
0.9835436530535594	0.016456346946440173
0.9805387379193112	0.019461262080688605
0.38352214282571095	0.616477857174289
0.9684976555820596	0.03150234441794045
0.6558696716430455	0.3441303283569544
0.16404021354627127	0.8359597864537289
0.9901449301639416	0.009855069836058241
0.9942511867855721	0.005748813214427561
0.979411397933599	0.020588602066400993
0.7967139399939529	0.20328606000604713
0.9103504716879656	0.08964952831203439
0.9891976449645216	0.010802355035478479
0.15993236877036432	0.8400676312296356
0.1355558356994688	0.864444164300531
0.9838608081158329	0.01613919188416687
0.9879541229608401	0.012045877039160002
0.08633023742148403	0.9136697625785162
0.97684071318512	0.02315928681488006
0.9842621343087795	0.015737865691220293
0.9898935500641491	0.010106449935850994
0.898219351047682	0.10178064895231825
0.9469281140910207	0.0530718859089792
0.9034026952857314	0.09659730471426871
0.9943525876526017	0.005647412347398506
0.9451076761031822	0.05489232389681801
0.9716068418802081	0.028393158119791928
0.9824921667054878	0.017507833294512394
0.2456539390765709	0.7543460609234292
0.9726710501674617	0.027328949832538033
0.9836503327066217	0.01634966729337825
0.05603020643742876	0.9439697935625712
0.06447866343280656	0.9355213365671935
0.4043252071779647	0.595674792822036
0.34911796677168394	0.6508820332283163
0.9669858436830259	0.03301415631697379
0.18491658420562412	0.8150834157943758
0.09221693080507459	0.9077830691949257
0.979923382738466	0.020076617261533935
0.9928543365421789	0.007145663457821108
0.9763954165969557	0.023604583403044336
0.9868816147049972	0.013118385295002638
0.97302566813137	0.026974331868629676
0.9864324236042679	0.0135675763957321
0.9666033156078871	0.0333966843921129
0.9170334096549412	0.08296659034505882
0.720018085218442	0.27998191478155815
0.9948265341003554	0.0051734658996445285
0.5611789829944079	0.43882101700559206
0.9775328953546008	0.02246710464539917
0.09199099707020135	0.9080090029297988
0.9840998758803832	0.015900124119616513
0.9876020258123984	0.012397974187601442
0.1185170770654117	0.881482922934589
0.14195342234295044	0.8580465776570496
0.8129736881285982	0.18702631187140187
0.9900748536060773	0.009925146393922658
0.8662566208363246	0.1337433791636753
0.6554659624358927	0.3445340375641073
0.19373241395113425	0.8062675860488663
0.3076516824539753	0.6923483175460247
0.7220384487649898	0.2779615512350103
0.3021150121640072	0.697884987835993
0.5205863543470759	0.4794136456529244
0.9171195627531619	0.0828804372468383
0.043168099752347526	0.9568319002476529
0.1671608360373559	0.8328391639626443
0.7597056880924822	0.24029431190751743
0.9883741424765353	0.01162585752346466
0.9896177718902867	0.01038222810971324
0.5193195948503025	0.4806804051496975
0.6586825963277546	0.3413174036722456
0.2829406897810172	0.717059310218983
0.7271206688409079	0.27287933115909235
0.9891771714267604	0.010822828573239298
0.9842782726023219	0.015721727397677777
0.8713644088108298	0.1286355911891701
0.925945125148315	0.0740548748516853
0.32217594281339257	0.6778240571866075
0.6742087551145268	0.3257912448854738
0.9895044094632235	0.010495590536776591
0.9906158731504532	0.009384126849546742
0.9842604957757431	0.015739504224256576
0.9939959095101212	0.006004090489878694
0.9892949908309443	0.01070500916905524
0.9758698171112169	0.024130182888782867
0.988898262628152	0.011101737371848035
0.9806342296142452	0.019365770385754714
0.9635116179592744	0.03648838204072561
0.9963220915602861	0.0036779084397137785
0.9882927899386219	0.011707210061378029
0.9924486961963608	0.007551303803639204
0.2388565662865347	0.7611434337134654
0.9842294011077284	0.015770598892271566
0.881802919634381	0.11819708036561924
0.9854960641699361	0.014503935830063824
0.9331149841628239	0.06688501583717611
0.8971688307430954	0.10283116925690461
0.980778021948517	0.01922197805148288
0.9813380868763241	0.018661913123675912
0.021362743272137	0.9786372567278634
0.8049722108468306	0.19502778915316932
0.9803662014662305	0.019633798533769443
0.9789710464753647	0.021028953524635324
0.9791880257774335	0.02081197422256622
0.9408272583490677	0.05917274165093243
0.6890011702400516	0.3109988297599483
0.9725844235484392	0.027415576451560796
0.9479713183558961	0.052028681644104034
0.8789270684819711	0.12107293151802878
0.08901799016495283	0.9109820098350473
0.9967843033631887	0.003215696636811223
0.7718565520188272	0.22814344798117278
0.9928686427850032	0.007131357214996847
0.9887425109868494	0.011257489013150728
0.9705762976770457	0.029423702322954118
0.7974278792106351	0.20257212078936468
0.9808554944484367	0.019144505551563395
0.9901064320033099	0.009893567996689903
0.9946139948318482	0.005386005168151631
0.6732530947386531	0.3267469052613468
0.9786331690132216	0.021366830986778034
0.9681736253420822	0.031826374657917815
0.6472594498091767	0.35274055019082334
0.44495114174881123	0.555048858251189
0.9827246009580355	0.017275399041964436
0.9439362968035049	0.05606370319649503
0.8391623592180858	0.16083764078191415
0.5616621645624712	0.4383378354375291
0.9352267129235016	0.06477328707649853
0.9577081734530326	0.04229182654696753
0.9124308881639973	0.08756911183600265
0.987726536168618	0.012273463831381875
0.08654891244590447	0.9134510875540954
0.14387606749201365	0.8561239325079865
0.9783474926978584	0.021652507302141487
0.979350600158252	0.020649399841748253
0.7408275362257116	0.25917246377428826
0.9683214973083751	0.03167850269162494
0.9758335299968806	0.024166470003119625
0.6663758085332218	0.33362419146677835
0.7277103972628466	0.27228960273715336
0.9475600282462422	0.052439971753758
0.9917265551147293	0.008273444885270612
0.10410818664931963	0.8958918133506806
0.941690397257657	0.05830960274234307
0.9907939977994721	0.009206002200527788
0.7179242677197515	0.2820757322802484
0.7482722549724028	0.25172774502759726
0.9683513991834403	0.031648600816559534
0.9810691457561168	0.01893085424388281
0.9664158375953472	0.03358416240465245
0.9903928706468871	0.009607129353112847
0.9540448065691575	0.04595519343084264
0.9664804262978498	0.03351957370215023
0.9912528387545804	0.008747161245419246
0.9736303130224596	0.026369686977540344
0.9771782690748231	0.02282173092517685
0.2253485243676083	0.7746514756323917
0.91825180947245	0.08174819052754982
0.08157092877598837	0.9184290712240114
0.9883677696448906	0.011632230355109085
0.9853418431565101	0.014658156843489636
0.6839624217384624	0.3160375782615374
0.0383229768234296	0.9616770231765709
0.07117973624878952	0.9288202637512106
0.9866053333515127	0.013394666648487333
0.9897320506672866	0.01026794933271322
0.9883520475010151	0.011647952498984678
0.9811445401494104	0.018855459850589375
0.9842689320656732	0.015731067934326506
0.9827517060740425	0.017248293925957586
0.9899133109696622	0.010086689030337926
0.9830401681930135	0.01695983180698616
0.9273563265460376	0.07264367345396218
0.9348546122772333	0.06514538772276655
0.9630053244374366	0.03699467556256341
0.9735376332157449	0.026462366784254954
0.9838088949698345	0.01619110503016534
0.08031217458354067	0.9196878254164595
0.3140128269303181	0.6859871730696827
0.4054414651053416	0.5945585348946586
0.024466384859860475	0.9755336151401397
0.03831671476876204	0.9616832852312381
0.9810674230856885	0.01893257691431119
0.9853439469637089	0.014656053036291148
0.9406154065228811	0.05938459347711905
0.9911655281964652	0.00883447180353472
0.9839939561162683	0.01600604388373154
0.7551806689142154	0.24481933108578446
0.9922186125666174	0.007781387433382537
0.8324504041166854	0.1675495958833147
0.696934144038712	0.303065855961288
0.5586800496770358	0.4413199503229645
0.994102090136984	0.005897909863015713
0.6577754115797367	0.3422245884202633
0.9552685437554915	0.04473145624450839
0.982463898586931	0.01753610141306905
0.08517157282960036	0.9148284271703999
0.983873348138761	0.016126651861238864
0.9543949389610981	0.04560506103890202
0.9777171399150574	0.02228286008494281
0.9825005662042794	0.017499433795720488
0.9952380880744823	0.004761911925517658
0.9756880955361649	0.024311904463834758
0.9447538450244221	0.05524615497557786
0.9718067777257812	0.028193222274218874
0.983514838690799	0.016485161309200563
0.9791140415508478	0.020885958449152246
0.9871537793589249	0.012846220641075063
0.9820342426330373	0.017965757366962615
0.9593254293025005	0.04067457069749968
0.06586030733426969	0.9341396926657307
0.9728412686762059	0.027158731323794195
0.4492435988779466	0.5507564011220534
0.972489103286177	0.027510896713822786
0.9842989748966084	0.015701025103391397
0.9309897551776133	0.06901024482238664
0.9856694483180171	0.014330551681982925
0.4353249393701252	0.5646750606298748
0.36325908834627	0.6367409116537307
0.9959820386086193	0.00401796139138055
0.6475984967719869	0.352401503228013
0.9840837987581973	0.01591620124180271
0.9747658541858462	0.025234145814153855
0.9902028907844099	0.009797109215589836
0.892315919221588	0.10768408077841209
0.9918855073094206	0.0081144926905795
0.975442350961676	0.02455764903832399
0.9852173639600931	0.014782636039906863
0.9908236701672805	0.00917632983271944
0.9852153037978318	0.014784696202167909
0.98366807285806	0.016331927141939814
0.9794533454882876	0.020546654511712368
0.9890913634485499	0.010908636551449843
0.06858489534497607	0.9314151046550238
0.9670285561068022	0.032971443893197755
0.9856159031448418	0.014384096855157907
0.9710623490353157	0.02893765096468458
0.9820588387082588	0.017941161291741163
0.9838030929421079	0.016196907057892132
0.9356353206216161	0.06436467937838375
0.9836995197095503	0.016300480290449712
0.9763713663577694	0.023628633642230435
0.8800761664568131	0.11992383354318698
0.9917245392122664	0.008275460787733372
0.922803687133251	0.07719631286674872
0.9855466532662145	0.014453346733785302
0.9492464249650565	0.050753575034943606
0.9894586249696069	0.010541375030392867
0.9832943686933749	0.016705631306625085
0.9895910919501003	0.010408908049899775
0.9475374207602414	0.052462579239758896
0.17997280108512576	0.820027198914874
0.06964554720608103	0.9303544527939194
0.9898870678107887	0.010112932189211167
0.9641358226304914	0.03586417736950873
0.9893460822215492	0.010653917778450619
0.8958472853036138	0.1041527146963864
0.1267709308793524	0.8732290691206477
0.985481270658886	0.014518729341114013
0.9946128673008094	0.00538713269919037
0.9589723138805302	0.041027686119469955
0.9861607706110089	0.013839229388991023
0.9773053720288821	0.022694627971117712
0.9741155210190914	0.0258844789809084
0.932593218662285	0.06740678133771522
0.9887516141713766	0.01124838582862333
0.9297734366717677	0.07022656332823245
0.9852549641859101	0.014745035814089882
0.9807361623191022	0.01926383768089763
0.9663615214747995	0.03363847852520055
0.9868562145615924	0.013143785438407257
0.9863258740680558	0.013674125931943773
0.9803860895984762	0.019613910401523462
0.9802145385567925	0.019785461443207305
0.9894266335794542	0.010573366420545616
0.0682604429632424	0.9317395570367576
0.9692862638212755	0.030713736178724475
0.11695779288461297	0.8830422071153872
0.981385798876251	0.01861420112374871
0.9709479069339217	0.02905209306607805
0.6778715472699419	0.3221284527300582
0.14806367410767177	0.8519363258923284
0.14973794940258014	0.8502620505974197
0.9826803269594678	0.017319673040531825
0.9809782937718571	0.01902170622814291
0.8885870925279449	0.1114129074720553
0.12098525291256948	0.8790147470874305
0.04703163212456471	0.9529683678754354
0.9748648831878103	0.025135116812189797
0.9786653082464006	0.02133469175359924
0.9803658999698905	0.019634100030109444
0.8990311359273755	0.10096886407262469
0.9792665510549391	0.020733448945060712
0.19652032363529717	0.8034796763647029
0.9883855230004954	0.01161447699950429
0.05515509800587758	0.9448449019941225
0.9900617660218275	0.009938233978172555
0.9777069834887742	0.02229301651122593
0.7767659364586089	0.22323406354139105
0.2200518975152129	0.7799481024847874
0.990217566132658	0.009782433867342144
0.5310554581805357	0.46894454181946466
0.9927433102160776	0.007256689783922295
0.7454065133470691	0.2545934866529309
0.7989316055265421	0.20106839447345795
0.7668969475496595	0.2331030524503402
0.9898210126975758	0.010178987302424036
0.9846801650696838	0.015319834930316047
0.9540909825701712	0.045909017429828725
0.019403542225620175	0.9805964577743802
0.9750122620425765	0.024987737957423466
0.7963794053196835	0.20362059468031643
0.9137954948811743	0.08620450511882552
0.989797989055359	0.010202010944641033
0.953471088982478	0.04652891101752189
0.9811903405829551	0.018809659417044843
0.9622559119986138	0.037744088001386206
0.9923403129291386	0.00765968707086114
0.979856240456009	0.020143759543991252
0.989825743863492	0.010174256136507902
0.21135556871872072	0.7886444312812791
0.9637769098659034	0.03622309013409671
0.7227273316054582	0.2772726683945415
0.0666884482297922	0.9333115517702077
0.9885481343835322	0.011451865616467655
0.1990225008981078	0.8009774991018922
0.9640812803661484	0.035918719633851716
0.9812930741955789	0.01870692580442108
0.98988539344297	0.010114606557029964
0.9722295127112284	0.02777048728877177
0.9509937952512945	0.04900620474870534
0.9786422502855716	0.02135774971442802
0.9878584115381931	0.012141588461806735
0.954612422729779	0.04538757727022108
0.9790417428886894	0.020958257111310167
0.9808694493666724	0.019130550633327695
0.9745616935236849	0.025438306476315134
0.9641099244189206	0.035890075581079275
0.9937993283734372	0.006200671626562795
0.989365355245036	0.010634644754963611
0.9883632652166804	0.011636734783319471
0.37850360162952223	0.6214963983704782
0.9875563784189368	0.012443621581062785
0.9712594606726519	0.028740539327348304
0.986291701053424	0.013708298946575664
0.9912417639506427	0.00875823604935721
0.9787906924877088	0.02120930751229142
0.9240564263193229	0.07594357368067672
0.9832536652802196	0.01674633471978014
0.044965861868923776	0.9550341381310762
0.9694876250560004	0.030512374943999488
0.9859289520139142	0.014071047986085647
0.9884771716348678	0.011522828365132281
0.9873502929642483	0.012649707035751499
0.9811328977475839	0.018867102252415877
0.8755618459089761	0.12443815409102411
0.9775770453615961	0.02242295463840387
0.6812785519427103	0.3187214480572898
0.980874229727545	0.019125770272454868
0.9874293957340748	0.012570604265925102
0.9821051195664038	0.017894880433596164
0.40710796359770085	0.5928920364022993
0.9923904979040968	0.00760950209590312
0.7215005625930792	0.2784994374069212
0.9912607983635531	0.008739201636446974
0.9811118925578296	0.01888810744217021
0.9857697488011078	0.014230251198892173
0.9556919183247197	0.044308081675280164
0.952002216161598	0.047997783838402155
0.9646759133337306	0.03532408666626939
0.9665092073762299	0.033490792623769916
0.9819369936811322	0.01806300631886776
0.9776979131065994	0.02230208689340041
0.9804287430401206	0.019571256959879216
0.9761354477987685	0.023864552201231393
0.9744825806093634	0.0255174193906364
0.9894239400753116	0.010576059924688077
0.9953974608218836	0.004602539178116295
0.9818265375528817	0.01817346244711845
0.9662934717203858	0.03370652827961427
0.9892422280307704	0.010757771969229337
0.0704203055273211	0.9295796944726792
0.30059669466505085	0.6994033053349489
0.9927522601942895	0.007247739805710339
0.5754514956035189	0.4245485043964811
0.9842841924151778	0.015715807584821807
0.9560583186739344	0.04394168132606527
0.986777867502355	0.013222132497645023
0.6849961978533453	0.31500380214665474
0.9742684572140132	0.025731542785986657
0.0632610233987503	0.9367389766012496
0.9103155135504167	0.08968448644958332
0.9881918289279068	0.01180817107209307
0.45017419630127575	0.5498258036987244
0.9663640150527536	0.033635984947246365
0.947196113656358	0.052803886343642095
0.9330469781317422	0.066953021868258
0.6558222240836474	0.34417777591635307
0.9811749351664606	0.018825064833539316
0.9940164527953103	0.005983547204689898
0.9799943699769882	0.020005630023011572
0.5679218584441722	0.4320781415558282
0.9727452735937473	0.02725472640625277
0.9935014134666242	0.006498586533375792
0.9886497288176144	0.01135027118238583
0.2937548258256292	0.7062451741743712
0.9807100551921625	0.019289944807837796
0.9788593653269893	0.021140634673011062
0.9918655829387774	0.008134417061222777
0.09281368123438012	0.90718631876562
0.9598134712215272	0.04018652877847282
0.938268434028771	0.061731565971229065
0.9864284991126766	0.013571500887323508
0.9933966625680839	0.006603337431915989
0.9736674290537641	0.02633257094623591
0.08168514911172103	0.918314850888279
0.9447412092829692	0.055258790717030666
0.9769764123583151	0.02302358764168499
0.9829678333988796	0.017032166601120134
0.9883583394408556	0.011641660559144236
0.05489544050659083	0.9451045594934093
0.9736686470884741	0.026331352911525663
0.9821787517179972	0.017821248282002655
0.9881813438950278	0.011818656104972236
0.12766893853086397	0.8723310614691359
0.9565170794554225	0.043482920544577634
0.9814178167873925	0.01858218321260717
0.9217274534675197	0.07827254653248024
0.084080636387392	0.9159193636126077
0.972492361853063	0.027507638146937193
0.9794343293767196	0.02056567062328067
0.9646172754341111	0.03538272456588916
0.9935663750167939	0.006433624983205829
0.9909906560916479	0.00900934390835187
0.974737519102792	0.025262480897207538
0.986477441980579	0.013522558019420976
0.9911178087011979	0.00888219129880198
0.9955019782459195	0.004498021754080445
0.9572016870470594	0.04279831295294073
0.9916591281720989	0.008340871827900977
0.9895391286377513	0.010460871362248643
0.9870553689281762	0.012944631071823469
0.9809496131911496	0.019050386808850264
0.9862229223237488	0.01377707767625092
0.9881906138217771	0.011809386178222794
0.9879954863526489	0.012004513647350754
0.1413396347584808	0.8586603652415192
0.9725951404682784	0.02740485953172127
0.8731976797487039	0.12680232025129615
0.8789821749798645	0.12101782502013546
0.16461449708639977	0.8353855029136004
0.9747456702432696	0.025254329756730517
0.22724747608954846	0.7727525239104516
0.9913931392479242	0.00860686075207558
0.9506002420950804	0.049399757904919586
0.9927374387286604	0.007262561271339684
0.9470076043743738	0.052992395625626056
0.8822136931828485	0.11778630681715169
0.985346006876985	0.014653993123014882
0.7362054879037975	0.2637945120962026
0.9917192070421258	0.008280792957874131
0.9827973537292471	0.017202646270752787
0.9796393003811713	0.02036069961882857
0.9735816534483468	0.02641834655165332
0.9547542286134157	0.04524577138658415
0.9842316344656288	0.01576836553437123
0.9876462558686876	0.012353744131312554
0.9023872888396913	0.09761271116030859
0.1388658456036013	0.8611341543963992
0.9870626787950175	0.012937321204982487
0.8697886479527422	0.13021135204725778
0.9807783648153661	0.019221635184634024
0.37055495461086424	0.6294450453891357
0.04991609971319288	0.9500839002868073
0.06270513815640026	0.9372948618435997
0.4647663836190572	0.5352336163809432
0.8497656463726777	0.15023435362732246
0.945580384366115	0.05441961563388491
0.9449401261910616	0.05505987380893864
0.9738787750728206	0.026121224927179207
0.6044754894328676	0.39552451056713245
0.9936316064499782	0.006368393550021734
0.9904071011469334	0.009592898853066535
0.9767493978700083	0.023250602129991887
0.9221546430214227	0.0778453569785775
0.45023520339898987	0.5497647966010102
0.2900459543825608	0.7099540456174392
0.34326276883983725	0.656737231160163
0.9808126029584323	0.019187397041567626
0.9842032787646819	0.01579672123531802
0.06771228163740883	0.932287718362591
0.97159408680316	0.028405913196840046
0.9284169180229861	0.07158308197701362
0.9772540758281552	0.022745924171844685
0.9910602810093572	0.008939718990642722
0.9001654397788859	0.09983456022111413
0.05434593355804216	0.945654066441958
0.9921324003114571	0.007867599688542835
0.9713483249031095	0.028651675096890324
0.893132487310084	0.10686751268991586
0.9618708346940694	0.03812916530593075
0.956670252139601	0.04332974786039924
0.777273782625359	0.22272621737464093
0.8172096126857314	0.18279038731426855
0.9926020826985156	0.007397917301484331
0.9755763667323555	0.024423633267644577
0.05315902777950149	0.9468409722204986
0.9646445736622227	0.03535542633777737
0.9910792163762473	0.008920783623752565
0.9670790621548758	0.032920937845124155
0.9837176189494581	0.016282381050541778
0.9872834842798152	0.012716515720184458
0.9182275299862783	0.08177247001372168
0.9913421379048812	0.00865786209511868
0.9552473663271871	0.04475263367281282
0.9912872937736807	0.008712706226319221
0.9854321040470669	0.014567895952932824
0.40821543819756856	0.5917845618024316
0.9511159711072611	0.04888402889273898
0.9812512795758117	0.018748720424188365
0.92982551807379	0.07017448192620997
0.8079804715705512	0.19201952842944897
0.9872878021086996	0.012712197891300155
0.9840946888054307	0.015905311194569078
0.8805884956156472	0.11941150438435287
0.9669484360842386	0.03305156391576143
0.9291649453738492	0.07083505462615085
0.9917084374009884	0.00829156259901173
0.9715656748215231	0.028434325178476744
0.8832461837515576	0.11675381624844239
0.03812705386934958	0.9618729461306504
0.9768700131046372	0.02312998689536279
0.4724696468104401	0.52753035318956
0.6986144974991955	0.3013855025008049
0.9919334890531856	0.008066510946814593
0.9466485459450421	0.053351454054958135
0.98608312559415	0.013916874405849867
0.9760824671930307	0.02391753280696938
0.8464150519115198	0.1535849480884803
0.6998284327108721	0.30017156728912786
0.987653561553595	0.012346438446405024
0.9485799711456276	0.051420028854372274
0.9865274473048191	0.013472552695180707
0.9790532556349598	0.020946744365040182
0.9739397010616052	0.026060298938394802
0.9903827101404993	0.009617289859500572
0.9437640432542139	0.056235956745786166
0.9330290731720012	0.06697092682799888
0.9856462292330869	0.014353770766912799
0.9432984377694713	0.05670156223052881
0.358537554969535	0.6414624450304649
0.977905985524197	0.022094014475802618
0.7836140825126179	0.21638591748738215
0.9889581464622696	0.011041853537730422
0.03577639543955872	0.9642236045604414
0.9728954093695167	0.027104590630483334
0.9895646506942763	0.010435349305723424
0.9746108706211561	0.025389129378843907
0.9810040475779798	0.01899595242202027
0.9904711981101377	0.009528801889862248
0.9922303477682702	0.007769652231729576
0.9421899846827472	0.05781001531725266
0.9811893951783885	0.01881060482161144
0.9915165560717984	0.008483443928201615
0.9917303412611972	0.008269658738802638
0.8922271184584907	0.10777288154150937
0.9788833997272366	0.021116600272763374
0.14430923190561626	0.8556907680943834
0.9693064650575396	0.03069353494246045
0.9513788312471229	0.04862116875287741
0.9929378643084871	0.007062135691512762
0.9908293920011926	0.009170607998807477
0.9691136733606774	0.030886326639322545
0.9878308401867286	0.01216915981327114
0.98012856672167	0.019871433278329843
0.9901488565844297	0.00985114341556999
0.9948308032231918	0.005169196776808061
0.9830395288364874	0.01696047116351235
0.9876749218421922	0.01232507815780777
0.14617683554882338	0.8538231644511767
0.6899359243257365	0.31006407567426353
0.977509441216295	0.022490558783705095
0.9857228773436411	0.014277122656358686
0.9840455717210697	0.01595442827893032
0.9842452595630472	0.015754740436952477
0.9796843973096461	0.020315602690353814
0.9929366020100986	0.007063397989901087
0.9863044132616113	0.013695586738388584
0.9584367072908697	0.0415632927091302
0.8874045223418655	0.11259547765813427
0.9240739369332097	0.07592606306679033
0.9926311523167846	0.007368847683215356
0.9558675980103304	0.04413240198966968
0.9832741628323143	0.016725837167685678
0.9848301413050273	0.01516985869497257
0.9758480218844144	0.024151978115585396
0.906272890535361	0.09372710946463877
0.9120675646737538	0.08793243532624624
0.9741254583194179	0.02587454168058213
0.9439214921949315	0.056078507805068754
0.0988909113550278	0.9011090886449719
0.9791769953971808	0.02082300460281898
0.9310599943062619	0.06894000569373814
0.9914290728174248	0.008570927182575126
0.9880086340309557	0.011991365969044156
0.9807560135820969	0.019243986417903158
0.9946349667458688	0.00536503325413129
0.9745751223256547	0.025424877674345495
0.9804611037948813	0.019538896205118665
0.9804059106699863	0.01959408933001346
0.9566956690182051	0.04330433098179478
0.954414315078914	0.04558568492108594
0.9718935114943842	0.0281064885056156
0.072674110741427	0.927325889258573
0.9897850367467665	0.01021496325323335
0.801294844417957	0.19870515558204271
0.9797378350710916	0.020262164928908134
0.9953178770272004	0.004682122972799463
0.9856482837768162	0.01435171622318396
0.9759366908006004	0.02406330919939976
0.988733298628349	0.011266701371650535
0.9251583534582369	0.07484164654176319
0.9769651585591907	0.023034841440809396
0.9671043053106472	0.03289569468935293
0.9780361333775863	0.021963866622413432
0.9717228124968199	0.028277187503180524
0.9855625786453993	0.014437421354600712
0.9829366845150382	0.017063315484961806
0.9701461074877308	0.0298538925122689
0.9928247283784085	0.007175271621591346
0.9766000186633463	0.02339998133665352
0.9910069630233069	0.008993036976693108
0.9917868531786955	0.008213146821304492
0.9835058392794397	0.016494160720560192
0.9769434851896331	0.02305651481036702
0.9819973670013635	0.01800263299863661
0.9666684885963706	0.03333151140362944
0.8704294727682428	0.12957052723175727
0.9843516803030764	0.015648319696923797
0.9929954923597435	0.007004507640256409
0.9904423092562256	0.009557690743774662
0.988782674250254	0.011217325749746085
0.8978356294695696	0.10216437053043041
0.9017881606938005	0.09821183930619949
0.9931436045089707	0.0068563954910293625
0.9832671206798764	0.01673287932012329
0.3404710747194662	0.6595289252805343
0.9752307304419442	0.02476926955805582
0.9905561995167091	0.009443800483290436
0.9784703712028896	0.021529628797110432
0.9554541972161732	0.04454580278382662
0.05084890045415462	0.9491510995458455
0.9208496636747803	0.07915033632521969
0.7077218598992778	0.2922781401007221
0.9778521262336003	0.022147873766399786
0.9495351454914562	0.05046485450854364
0.9858345317837552	0.014165468216244828
0.9789476983456357	0.021052301654363993
0.9823828584953763	0.017617141504623506
0.9768463254130566	0.023153674586943333
0.9701245567391602	0.02987544326083972
0.9787779553662996	0.021222044633700036
0.09702697355804805	0.9029730264419523
0.1555179264117372	0.8444820735882627
0.713431357263066	0.28656864273693394
0.9842640331493416	0.01573596685065828
0.9916879291460486	0.008312070853951322
0.9780316870147095	0.021968312985290322
0.9831389609484239	0.01686103905157619
0.7485252672162948	0.251474732783705
0.9902373363068646	0.009762663693135321
0.9879072629125679	0.01209273708743193
0.9570955735419849	0.042904426458014955
0.9810467050420201	0.018953294957980107
0.9177976362842604	0.08220236371573973
0.629661815865772	0.3703381841342279
0.20579118176647518	0.7942088182335248
0.628201865671265	0.37179813432873515
0.19607287017883301	0.8039271298211667
0.7092861590374673	0.2907138409625325
0.37102105918261286	0.6289789408173876
0.6090921033872256	0.3909078966127745
0.25046976344569544	0.7495302365543047
0.7231221994567884	0.2768778005432116
0.05980350730318837	0.9401964926968118
0.07488973275910153	0.9251102672408983
0.033864351942228366	0.9661356480577716
0.030455258380961987	0.969544741619038
0.39331929629498946	0.6066807037050108
0.7347835101786481	0.2652164898213519
0.28830026902843364	0.7116997309715665
0.1990456819088952	0.8009543180911046
0.06761426129655841	0.9323857387034414
0.7940491156905436	0.20595088430945657
0.3899436088235058	0.6100563911764945
0.14254031491841318	0.8574596850815869
0.13207857828700129	0.8679214217129989
0.9899224827354886	0.010077517264511482
0.09357897515904179	0.9064210248409584
0.9893522967225137	0.01064770327748618
0.993298297622242	0.00670170237775824
0.9844753376936234	0.015524662306376608
0.9931520175652276	0.006847982434772185
0.9591732864253806	0.040826713574619235
0.938702557421158	0.06129744257884171
0.9862361963738343	0.013763803626165486
0.04517323534143518	0.954826764658565
0.9919402136833625	0.008059786316637584
0.9579983208858169	0.042001679114183094
0.9865609766244623	0.013439023375537795
0.9850448126630919	0.014955187336907958
0.9913614396353068	0.008638560364693267
0.914624247706124	0.0853757522938761
0.9796855781497018	0.020314421850297876
0.944629725211139	0.05537027478886123
0.9859775769400987	0.014022423059901201
0.9519940280642533	0.04800597193574665
0.978249043436313	0.021750956563687026
0.992840799644073	0.007159200355926997
0.9862929765541695	0.013707023445830507
0.984065770460711	0.015934229539288844
0.02837686692164437	0.9716231330783558
0.07484998534727974	0.9251500146527201
0.9783843978377397	0.02161560216226048
0.9080387617118356	0.09196123828816423
0.9702503355821723	0.029749664417827722
0.9892935159212465	0.010706484078753383
0.11318063079344283	0.8868193692065575
0.9755293508765953	0.02447064912340486
0.9575128808328869	0.04248711916711299
0.7999576638263101	0.20004233617368986
0.16302340617712854	0.8369765938228713
0.6552609672434202	0.34473903275657997
0.9610643256235794	0.03893567437642065
0.9648125086235989	0.035187491376401064
0.973277336811351	0.0267226631886491
0.99093782880482	0.00906217119517988
0.7771750755864458	0.22282492441355395
0.06523191088213162	0.9347680891178682
0.177992288678026	0.8220077113219739
0.6057607061336292	0.39423929386637085
0.6380449980878463	0.36195500191215335
0.21942925161423818	0.7805707483857616
0.9841775581515033	0.01582244184849689
0.9792621294514328	0.020737870548567464
0.9844752133846817	0.015524786615318056
0.9705453944089548	0.029454605591045225
0.14787586806343397	0.8521241319365663
0.9751790723658718	0.024820927634128128
0.13356898911761922	0.8664310108823814
0.6375578395388994	0.3624421604611006
0.12814359895862248	0.8718564010413776
0.06748753422084003	0.9325124657791602
0.9639554121901571	0.0360445878098428
0.9939000495857399	0.006099950414260178
0.12642870722189054	0.8735712927781091
0.9825740481768352	0.01742595182316461
0.9498304905458533	0.05016950945414615
0.9831664122989073	0.016833587701092455
0.989709589340043	0.010290410659957
0.9961805094928404	0.0038194905071595848
0.9828257337842397	0.017174266215760358
0.008860581315413524	0.9911394186845867
0.49961059683072206	0.5003894031692783
0.608159602583076	0.39184039741692417
0.9807890224532946	0.019210977546705497
0.09125940191300431	0.908740598086996
0.9240836489076457	0.07591635109235428
0.9859569888516342	0.014043011148365822
0.9803342590849203	0.019665740915079662
0.958252196288824	0.0417478037111759
0.26605624640342784	0.733943753596572
0.9638392969818284	0.036160703018171446
0.9881454865694904	0.011854513430509299
0.45018531734251144	0.5498146826574886
0.052987561476232285	0.9470124385237678
0.9877828747531398	0.012217125246860291
0.060693807147812785	0.9393061928521875
0.9865158327598184	0.013484167240181548
0.20097000221225536	0.7990299977877445
0.04780984940742597	0.9521901505925742
0.39205687527583494	0.6079431247241651
0.057948026535354774	0.9420519734646452
0.23886203268119904	0.7611379673188006
0.06511640106119752	0.9348835989388027
0.9749620273462236	0.025037972653776122
0.987398718395005	0.012601281604994326
0.9741406203829303	0.025859379617069623
0.9838755568432067	0.016124443156792866
0.9554020218229131	0.044597978177086946
0.983484971956067	0.016515028043932706
0.08443737874018833	0.9155626212598118
0.9808716390730186	0.01912836092698121
0.9457213095586829	0.054278690441317126
0.09800779477268012	0.9019922052273198
0.6882191867446668	0.3117808132553333
0.9795904536153729	0.020409546384626897
0.988080257219075	0.01191974278092494
0.9485296693498558	0.05147033065014403
0.9875034239391725	0.012496576060827394
0.9592603118126017	0.04073968818739848
0.9852268785190264	0.014773121480973539
0.9815810956826492	0.018418904317350594
0.945849914550661	0.05415008544933877
0.9770714671069204	0.02292853289307967
0.940286921417365	0.059713078582635075
0.8216410203990404	0.17835897960095953
0.9886985472478255	0.011301452752174422
0.08891018950479718	0.9110898104952028
0.9862098163475765	0.013790183652423188
0.9950357082361724	0.004964291763827569
0.9862601745433744	0.013739825456625554
0.6338556062623312	0.36614439373766855
0.9699474499658263	0.030052550034173845
0.9399335010235461	0.06006649897645397
0.15543824405850104	0.844561755941499
0.9779464879973012	0.022053512002698644
0.952565737188146	0.047434262811854117
0.2169355332947538	0.7830644667052462
0.039011489363311426	0.9609885106366886
0.07108304120268516	0.9289169587973147
0.9891840087810563	0.010815991218943546
0.9849698117000873	0.01503018829991231
0.9879450161593911	0.012054983840608912
0.9297343688493759	0.0702656311506244
0.9885511867208651	0.01144881327913505
0.5098833075709908	0.49011669242900907
0.28280276757137857	0.7171972324286215
0.10694323727134242	0.8930567627286575
0.5726575113074914	0.4273424886925086
0.9254241333101877	0.07457586668981225
0.06376865410420654	0.9362313458957933
0.17091739267005265	0.8290826073299471
0.9884694728824741	0.011530527117525913
0.9944688517660459	0.005531148233953966
0.049191033350482624	0.9508089666495174
0.9821584154005414	0.017841584599458223
0.9840075234255906	0.01599247657440942
0.8915597958535032	0.10844020414649698
0.692064228931716	0.30793577106828385
0.5410433039465196	0.4589566960534809
0.9849406260326495	0.015059373967349908
0.9840558699648705	0.015944130035129397
0.9846699787005616	0.015330021299438114
0.9842545948964512	0.015745405103548955
0.9884083622323484	0.011591637767651543
0.9284320907313074	0.07156790926869258
0.11495496005526401	0.885045039944736
0.9882837974786987	0.011716202521301376
0.7280636340680927	0.27193636593190734
0.9771102592255997	0.022889740774400313
0.9809347714628651	0.019065228537134972
0.9910400352762337	0.008959964723766114
0.19907036405668285	0.8009296359433171
0.4857271318071625	0.5142728681928375
0.9792656950096966	0.020734304990303102
0.9831497268853145	0.016850273114685416
0.9861701400104259	0.01382985998957386
0.979029901635076	0.02097009836492403
0.8956275986341932	0.10437240136580696
0.8275577662640313	0.17244223373596843
0.2244432922420331	0.775556707757967
0.980659650876432	0.019340349123567822
0.9678759554587315	0.032124044541268555
0.9597521387002445	0.0402478612997556
0.9443753503644865	0.05562464963551325
0.989357056573581	0.010642943426418836
0.9927172104018865	0.0072827895981137395
0.9950143042483284	0.004985695751671704
0.7791243552545722	0.22087564474542776
0.61190715561989	0.38809284438011005
0.07012183945409611	0.9298781605459041
0.8966686014412671	0.10333139855873295
0.8830703797519148	0.11692962024808494
0.9934956275825415	0.006504372417458222
0.16907780933022348	0.8309221906697765
0.9687532413111453	0.03124675868885485
0.9908193256376877	0.009180674362312053
0.9817503265390516	0.018249673460948003
0.989754972348276	0.010245027651723748
0.9924416505498008	0.007558349450199289
0.9629725834693488	0.03702741653065101
0.0784997617105776	0.9215002382894225
0.9900048408230055	0.009995159176994338
0.9733719393575119	0.026628060642488002
0.866205261999346	0.13379473800065395
0.9574059698235441	0.04259403017645596
0.9372857410030093	0.06271425899699087
0.9120829039401062	0.08791709605989391
0.6714003030628112	0.3285996969371888
0.9868692417156198	0.013130758284380019
0.19013622617903989	0.80986377382096
0.9037154417764478	0.09628455822355197
0.6360539831975554	0.36394601680244465
0.07939491889053218	0.9206050811094683
0.9591980617596128	0.04080193824038748
0.9881548891853413	0.01184511081465858
0.16592317056141187	0.8340768294385882
0.1889165499465482	0.8110834500534516
0.9813229968660678	0.01867700313393224
0.4184025592400982	0.5815974407599022
0.9910014755907578	0.008998524409241954
0.9810281078896241	0.01897189211037558
0.9391780027514477	0.06082199724855231
0.9786484129762981	0.021351587023701893
0.17047915425518842	0.8295208457448119
0.20909108730852213	0.790908912691478
0.9929585564670631	0.007041443532936817
0.9837185979513587	0.01628140204864102
0.9946324356208714	0.005367564379128589
0.9893011533878345	0.010698846612165594
0.9647796681204202	0.03522033187957965
0.9775549043040206	0.022445095695979297
0.04717597398090587	0.9528240260190942
0.9691721213900496	0.030827878609950204
0.992388377722309	0.007611622277690685
0.981047402252944	0.018952597747056207
0.9900321728667844	0.009967827133215652
0.9796910262661291	0.02030897373387097
0.9932244656368155	0.006775534363184292
0.9464699326039826	0.05353006739601736
0.9939761198253241	0.006023880174675733
0.9811322779227438	0.01886772207725603
0.9868000132186219	0.013199986781378004
0.9810429242174696	0.018957075782530173
0.9743219263300095	0.02567807366999044
0.9508714429169532	0.049128557083046843
0.12195939019186952	0.8780406098081309
0.5006688467141545	0.4993311532858455
0.98786538729115	0.012134612708849692
0.9895584347192826	0.010441565280717437
0.9939993141450181	0.006000685854981922
0.9763741366311062	0.02362586336889354
0.9841535303765976	0.015846469623402387
0.038141969661707714	0.9618580303382923
0.9879499198467362	0.012050080153263518
0.9589658962319304	0.04103410376806952
0.9854097829172663	0.014590217082733649
0.9736717924060408	0.02632820759395892
0.9894322133090024	0.010567786690997664
0.9925676734754938	0.00743232652450579
0.9432581539397101	0.05674184606028978
0.9436488185456002	0.05635118145439973
0.9764659441649082	0.023534055835091966
0.9804373137857761	0.019562686214223933
0.9510909418848031	0.048909058115196746
0.9890997264335674	0.010900273566432462
0.983969858572382	0.016030141427617862
0.948534612536853	0.051465387463147216
0.982940086387243	0.017059913612756758
0.9815176530749997	0.018482346925000108
0.9503386016567492	0.04966139834325043
0.9608141070427729	0.03918589295722727
0.09037152374600087	0.9096284762539989
0.9745767792295177	0.025423220770482282
0.9925118823219207	0.0074881176780792515
0.9391344621354244	0.060865537864575436
0.9220747991149156	0.07792520088508442
0.7501460431848986	0.24985395681510128
0.9805413728594768	0.0194586271405229
0.9915044399846366	0.008495560015363465
0.6514623152629173	0.34853768473708263
0.7683311322210074	0.23166886777899254
0.9828996489874925	0.017100351012507543
0.9334917150399079	0.06650828496009197
0.9808288790926762	0.01917112090732368
0.9786770049081688	0.021322995091831266
0.9646439854283005	0.0353560145716995
0.9831503586406545	0.01684964135934536
0.9783782275529783	0.02162177244702155
0.9910897379496927	0.008910262050307455
0.9245048340936051	0.07549516590639507
0.966964504171328	0.033035495828672115
0.898599391758599	0.10140060824140099
0.9851498191780985	0.014850180821901388
0.9705813086540899	0.029418691345910367
0.9719684049618319	0.028031595038168065
0.9765982491506189	0.023401750849380756
0.9914508682367217	0.008549131763278242
0.22073921838672103	0.7792607816132793
0.6149915505309752	0.38500844946902524
0.4794254175012366	0.5205745824987636
0.12302252600909508	0.8769774739909048
0.9752923250195344	0.024707674980465534
0.9855001998869467	0.014499800113053251
0.817096419122045	0.18290358087795486
0.06490644100357161	0.9350935589964283
0.9867335013363626	0.013266498663637397
0.9944102032577008	0.0055897967422990835
0.980229462211231	0.019770537788768885
0.22252512167990982	0.7774748783200903
0.9954560824462297	0.0045439175537702395
0.9877050870878457	0.012294912912154246
0.027468769428035982	0.9725312305719639
0.267085028449274	0.7329149715507259
0.990903037242324	0.009096962757676035
0.9700014581628367	0.02999854183716351
0.9142900594330504	0.08570994056694957
0.7976490314420271	0.2023509685579726
0.9851215922060683	0.014878407793931365
0.9740452263816006	0.02595477361839937
0.31976966698229614	0.680230333017704
0.99027664259118	0.009723357408819739
0.9786938010173714	0.021306198982628644
0.9806042339678591	0.01939576603214091
0.9924442660669135	0.007555733933086618
0.9867734912645552	0.013226508735444962
0.9643095689255535	0.03569043107444638
0.9625951051601855	0.03740489483981454
0.8989260474305527	0.1010739525694473
0.03057691873747196	0.9694230812625283
0.5643384284095836	0.4356615715904165
0.8009149243443848	0.1990850756556152
0.986469695298924	0.013530304701075904
0.9464887783367637	0.05351122166323611
0.9757773219072449	0.02422267809275483
0.21854803401968884	0.7814519659803112
0.957656777845151	0.04234322215484873
0.9695095894270491	0.030490410572950925
0.9937087562856953	0.0062912437143046954
0.19642013330400596	0.8035798666959941
0.6314624114158492	0.36853758858415103
0.10483386075937182	0.8951661392406279
0.9722836061523473	0.027716393847652624
0.843628555553857	0.15637144444614315
0.03953262428682253	0.9604673757131773
0.9947012112388096	0.005298788761190412
0.05143275849612286	0.9485672415038774
0.07239683056869253	0.9276031694313073
0.4118658630157032	0.588134136984297
0.7129570492830531	0.287042950716947
0.009697137105266845	0.9903028628947331
0.44108500738453016	0.5589149926154701
0.9952710189466439	0.004728981053355889
0.07145167375587615	0.9285483262441239
0.9865713654164455	0.013428634583554406
0.9836758593092899	0.016324140690710323
0.9841521776147701	0.015847822385229682
0.9877702810863308	0.012229718913669023
0.9814233939285537	0.018576606071445925
0.9839728580140615	0.016027141985938364
0.10797482642758878	0.8920251735724112
0.9734416283010561	0.026558371698943917
0.9696750412440995	0.030324958755900477
0.9853225755183722	0.014677424481627777
0.41667104948456246	0.5833289505154376
0.9755446147945237	0.02445538520547621
0.03589338978026944	0.964106610219731
0.7162006873537482	0.2837993126462516
0.9890434700217215	0.010956529978278323
0.9912264071025519	0.008773592897448012
0.7511815459318291	0.24881845406817088
0.9910675273282485	0.008932472671751297
0.9729312853096305	0.02706871469036922
0.9794247765038966	0.020575223496103218
0.986577421338719	0.013422578661281008
0.9912427677931732	0.008757232206826861
0.5378837424448205	0.46211625755517977
0.9822079519267142	0.017792048073285563
0.10186183381788695	0.8981381661821127
0.9709283333434704	0.029071666656529535
0.9903590432451391	0.00964095675486094
0.9377481671409315	0.06225183285906846
0.9786288275288474	0.021371172471152448
0.8924954855658446	0.10750451443415558
0.05228176068330227	0.9477182393166979
0.9519745922436565	0.04802540775634335
0.9500980172434865	0.04990198275651356
0.9650626880100442	0.0349373119899558
0.9926921893299927	0.00730781067000719
0.913916668602569	0.08608333139743088
0.9790927928762005	0.020907207123799385
0.9944845457213636	0.005515454278636265
0.9218017925992947	0.07819820740070495
0.9672807129695464	0.03271928703045357
0.7696656913273475	0.23033430867265256
0.9826377460302858	0.017362253969714116
0.9840563689627685	0.015943631037231617
0.9835998317234007	0.016400168276599167
0.9908300392449769	0.009169960755023087
0.7663585548952341	0.23364144510476595
0.9910498961307438	0.008950103869256215
0.9891156426743442	0.01088435732565579
0.9778457030091765	0.022154296990823635
0.0273702774336113	0.9726297225663889
0.1427432320708365	0.8572567679291636
0.006774765523323067	0.9932252344766771
0.7298800621720618	0.27011993782793836
0.25994205872677506	0.7400579412732248
0.018985287237415105	0.9810147127625851
0.05043896244480464	0.9495610375551954
0.02172952351681201	0.9782704764831882
0.1578402116203941	0.8421597883796059
0.09181494332455696	0.908185056675443
0.978434310900655	0.021565689099344885
0.9154258846052648	0.08457411539473526
0.989685035343709	0.010314964656290875
0.05475325187119891	0.945246748128801
0.9781334701780559	0.021866529821944303
0.9881217619207411	0.011878238079259095
0.974485806059411	0.025514193940589083
0.9645100377795545	0.035489962220445655
0.17600640197572687	0.8239935980242729
0.910350684445021	0.08964931555497904
0.9493745506955915	0.05062544930440827
0.8942526360791105	0.10574736392088929
0.04066596237174286	0.9593340376282569
0.0783294328128368	0.9216705671871632
0.981899734498467	0.018100265501532934
0.9820556963720068	0.017944303627993305
0.9874546801895684	0.012545319810431367
0.9889929876639316	0.011007012336068399
0.1570348003395812	0.8429651996604193
0.9609400909286404	0.03905990907135957
0.9731876221009499	0.026812377899050048
0.1265137377247036	0.8734862622752965
0.9829069066033465	0.01709309339665345
0.9896052138294222	0.010394786170577925
0.994524509812893	0.005475490187106639
0.9808677064314595	0.019132293568540567
0.8100392834194489	0.18996071658055125
0.07270187175643135	0.9272981282435686
0.7917596315149049	0.20824036848509508
0.9826405631557423	0.017359436844257618
0.988796388164894	0.011203611835105952
0.9775323124370711	0.022467687562928794
0.9906563278284486	0.009343672171551184
0.9533160048473952	0.046683995152604574
0.9808601971683188	0.019139802831680933
0.9245959998048106	0.07540400019518936
0.9851577736472555	0.01484222635274457
0.10969861529415237	0.8903013847058481
0.9767822862021223	0.02321771379787763
0.9789079160563238	0.02109208394367656
0.9924146850830087	0.007585314916991048
0.9780300388950084	0.02196996110499172
0.9791371567254812	0.020862843274518518
0.9800824133903623	0.019917586609637522
0.9633004536508865	0.03669954634911362
0.9808151232613019	0.019184876738697877
0.8921574037252589	0.10784259627474108
0.9464762947481488	0.05352370525185135
0.9885749818280363	0.011425018171963865
0.9876677395768884	0.012332260423111576
0.9817545614440664	0.01824543855593356
0.9884622984659948	0.011537701534005467
0.9809372924842167	0.01906270751578324
0.8856174350979371	0.11438256490206271
0.9861483655231731	0.013851634476826857
0.9869909905114076	0.01300900948859238
0.9849906147371843	0.015009385262815573
0.9846739803101506	0.015326019689849235
0.9777280488467838	0.022271951153216108
0.9557825937088787	0.04421740629112093
0.9926214061051317	0.007378593894867858
0.9387591786722208	0.06124082132777941
0.11956994080938572	0.8804300591906147
0.9579702748279337	0.04202972517206639
0.9944699553047984	0.005530044695201489
0.9814375272187972	0.018562472781202682
0.9813260970703724	0.018673902929627312
0.9371393400892524	0.06286065991074727
0.9772259617841873	0.022774038215812538
0.9847334991569702	0.015266500843029596
0.985043286361649	0.014956713638351027
0.9896349557384474	0.010365044261552485
0.840523712267515	0.15947628773248496
0.9226087827029523	0.07739121729704775
0.9834385550980071	0.016561444901992642
0.9762526373277679	0.023747362672231983
0.9588727320725253	0.041127267927474585
0.20330339431826214	0.796696605681738
0.9759544040325201	0.024045595967479724
0.9791559121578692	0.020844087842130696
0.18612799679899106	0.8138720032010088
0.058607877802377105	0.9413921221976231
0.9391524280522292	0.06084757194777106
0.988416490800786	0.011583509199213936
0.972410216071392	0.027589783928607843
0.9584609845856901	0.04153901541430988
0.985232343368791	0.014767656631208872
0.9861493242230428	0.013850675776957068
0.42895739642877734	0.5710426035712227
0.9817170743868293	0.018282925613170638
0.96016194994872	0.03983805005128004
0.9386799711453254	0.061320028854674566
0.19171264955387024	0.80828735044613
0.9947053575522847	0.00529464244771517
0.9696602727134966	0.030339727286503165
0.9924373617391964	0.007562638260803396
0.9788917373385673	0.021108262661432873
0.9870309578424219	0.012969042157577833
0.9376847752668328	0.06231522473316721
0.981297677109485	0.018702322890514884
0.9777047902277002	0.022295209772299845
0.9951021366183322	0.004897863381667852
0.0429667455218709	0.9570332544781291
0.9622498684409301	0.03775013155906993
0.9878345645674895	0.012165435432510488
0.9873881599169563	0.012611840083043516
0.6115036762142249	0.3884963237857752
0.98854889488419	0.011451105115810259
0.9146897125706862	0.08531028742931385
0.9433322368509157	0.05666776314908483
0.9818985101116704	0.018101489888329745
0.9783467217076799	0.021653278292320242
0.9747727246560074	0.0252272753439927
0.9923627663983215	0.007637233601678494
0.9900223971312774	0.009977602868722714
0.9353175346237417	0.06468246537625828
0.9600165745473407	0.0399834254526592
0.9943960037752799	0.005603996224720033
0.9827836027245342	0.017216397275465603
0.9877912214251562	0.012208778574843903
0.9688740042972007	0.031125995702799135
0.9689895597115775	0.03101044028842251
0.05430990551068211	0.9456900944893181
0.6840331678465378	0.3159668321534622
0.9637041872481027	0.036295812751897444
0.98325076853795	0.016749231462050027
0.9840045391601305	0.015995460839869476
0.8129425460833454	0.1870574539166545
0.03802390102235761	0.9619760989776425
0.7106697914173289	0.2893302085826713
0.7280527516700305	0.2719472483299692
0.9860562675626648	0.013943732437335092
0.9934089834851051	0.006591016514894898
0.93768018263142	0.06231981736858019
0.9391715953631805	0.06082840463681963
0.9905549168051454	0.009445083194854605
0.8012694282080147	0.19873057179198525
0.6031031930114702	0.39689680698853
0.991981511858109	0.008018488141891024
0.47044339640701394	0.5295566035929861
0.6638581089241044	0.3361418910758956
0.6296947803974282	0.370305219602572
0.6968155739079779	0.30318442609202223
0.6977879690799442	0.302212030920056
0.9245565972511959	0.07544340274880416
0.6181663586936833	0.3818336413063165
0.18609302666541322	0.8139069733345865
0.9876355827889327	0.01236441721106741
0.9812039193794763	0.018796080620523587
0.9863930216581839	0.013606978341815894
0.9817940408137156	0.018205959186284468
0.9557627894986662	0.04423721050133369
0.9788939994202482	0.02110600057975186
0.9529632811991102	0.047036718800889596
0.9436803680305071	0.056319631969492925
0.9882064717327548	0.011793528267244828
0.0814656933119696	0.9185343066880303
0.9803640802965761	0.019635919703423647
0.971294822911315	0.02870517708868489
0.9607561082420293	0.039243891757970696
0.983409670590161	0.016590329409838855
0.7556679492315365	0.24433205076846323
0.9793594783958798	0.02064052160412015
0.987141629539452	0.012858370460548128
0.9846403431591056	0.015359656840894152
0.9815724153036759	0.01842758469632423
0.9194302829016298	0.08056971709837031
0.9522158494404637	0.04778415055953624
0.9825259215620454	0.017474078437954534
0.7204273339616053	0.27957266603839465
0.9652726855718571	0.03472731442814293
0.9877017858807403	0.012298214119259592
0.9939714364959851	0.006028563504014883
0.9521361436251058	0.04786385637489394
0.9812165086405096	0.01878349135949038
0.9861769081096118	0.01382309189038787
0.9895514599020581	0.010448540097941925
0.9287412748683329	0.07125872513166719
0.9852510679818315	0.014748932018168348
0.9539412055048598	0.04605879449514025
0.934887964905826	0.06511203509417415
0.9600211154326587	0.039978884567341645
0.2512184064884846	0.7487815935115152
0.07889663455108674	0.9211033654489134
0.9819137092203094	0.018086290779690525
0.9706156749315892	0.029384325068410586
0.9843239435982014	0.015676056401798227
0.991857414211418	0.008142585788581926
0.9854904695801463	0.014509530419853653
0.9892920168403095	0.010707983159690206
0.9884874049890368	0.01151259501096315
0.09218674526582475	0.907813254734175
0.9663648230010705	0.03363517699892946
0.7209244602086656	0.2790755397913344
0.9877181911192976	0.012281808880702221
0.10626812838939012	0.89373187161061
0.9816586423998281	0.018341357600171866
0.07010067218367298	0.929899327816327
0.049325160017828565	0.950674839982171
0.9957459082474408	0.004254091752559255
0.9911612820426818	0.008838717957318018
0.9645216412061337	0.035478358793866176
0.9920531585397235	0.007946841460276277
0.994613113819932	0.005386886180067996
0.9885525364768177	0.011447463523181888
0.9747002075785673	0.025299792421432585
0.9845122195911417	0.015487780408858218
0.9916934096317156	0.00830659036828415
0.9906286979510829	0.009371302048916964
0.9816093108156759	0.018390689184323992
0.9759685400822405	0.02403145991775943
0.9919332856051652	0.008066714394834657
0.08067836666619885	0.9193216333338008
0.9918185672693709	0.00818143273062913
0.9843605599215165	0.015639440078483266
0.47105052767126876	0.5289494723287315
0.049915796283880744	0.9500842037161192
0.7486944491124262	0.2513055508875738
0.9831497947673126	0.016850205232687432
0.9808288209749462	0.019171179025053876
0.9691736230635861	0.030826376936413786
0.7648255230766727	0.23517447692332719
0.9860125158883002	0.01398748411169966
0.9885242637849118	0.01147573621508829
0.99186023474806	0.008139765251939969
0.10371823483999237	0.8962817651600078
0.9845287949624069	0.015471205037593035
0.960056246374075	0.0399437536259249
0.9841058930694612	0.015894106930538526
0.9777344605908818	0.0222655394091182
0.9779008195914265	0.022099180408573442
0.9616474872478757	0.03835251275212436
0.14781602244936384	0.8521839775506365
0.9811641687579753	0.0188358312420247
0.1186570407457811	0.8813429592542187
0.28795455181906593	0.712045448180934
0.9679576658491085	0.03204233415089147
0.9881193959978628	0.011880604002137118
0.9485198904941383	0.05148010950586146
0.990733280970948	0.0092667190290516
0.9860881591606221	0.013911840839377776
0.9698377169049156	0.030162283095084418
0.925348133677806	0.07465186632219416
0.7040534847737608	0.2959465152262393
0.9254588529517769	0.07454114704822318
0.963804175985009	0.03619582401499099
0.9647286714899248	0.035271328510075264
0.9865535063330099	0.013446493666990095
0.992314181588524	0.007685818411475833
0.09616002459327101	0.9038399754067293
0.962887243128647	0.03711275687135311
0.985419039536441	0.01458096046355909
0.9847866169588478	0.015213383041152129
0.9820185558047462	0.017981444195253715
0.3747241209396139	0.6252758790603863
0.43703497586498224	0.5629650241350176
0.9767054846517447	0.02329451534825547
0.9375485246282423	0.06245147537175753
0.9617390589902797	0.038260941009719884
0.9711370080830184	0.028862991916981454
0.9835428855945364	0.016457114405463488
0.9897501916065736	0.010249808393426516
0.05820135747701467	0.9417986425229853
0.986799640788206	0.013200359211793971
0.9888900046570324	0.011109995342967804
0.9364226807364243	0.06357731926357563
0.9817826251254331	0.018217374874566473
0.9783263875574127	0.02167361244258692
0.9817082768187053	0.018291723181294628
0.9220806527965038	0.07791934720349646
0.9924794655925183	0.0075205344074818145
0.9432142451579769	0.05678575484202326
0.9800401404509437	0.01995985954905617
0.9919140950655547	0.008085904934445179
0.9676319575755801	0.03236804242441986
0.9531766727806906	0.04682332721930964
0.967408616693724	0.0325913833062758
0.9701349707076942	0.029865029292305313
0.9840972590804904	0.015902740919509453
0.9328651231898942	0.06713487681010591
0.9797794014974986	0.02022059850250101
0.9808125608290635	0.019187439170936564
0.15708845072596825	0.8429115492740319
0.8934929998865944	0.10650700011340562
0.7153467265635984	0.28465327343640184
0.984195207073119	0.015804792926880817
0.9928871585628228	0.007112841437177117
0.9908625686639144	0.00913743133608557
0.8147602576338524	0.1852397423661477
0.9872841067089905	0.012715893291009483
0.989249763263309	0.010750236736690944
0.9863278333959034	0.013672166604096547
0.8646421850795707	0.13535781492042934
0.9810145483756769	0.01898545162432317
0.9779147242837141	0.022085275716285813
0.9921795805222857	0.007820419477714407
0.9828821456337432	0.017117854366256603
0.6426474777797775	0.3573525222202226
0.9817765906096385	0.018223409390361385
0.9707492218942596	0.029250778105740345
0.9769761566504398	0.02302384334956016
0.19223749363865328	0.8077625063613466
0.979579816832286	0.020420183167713938
0.8962217216599189	0.10377827834008124
0.9756901386350314	0.02430986136496828
0.9775039857086333	0.022496014291366984
0.9792227137317694	0.020777286268230923
0.9703271987873515	0.029672801212648422
0.9729326366654945	0.027067363334505386
0.9703118736226115	0.02968812637738845
0.10395596810193504	0.896044031898065
0.7285288099801661	0.271471190019834
0.01985782615693256	0.9801421738430675
0.04860456514633932	0.9513954348536608
0.1010226826872577	0.8989773173127427
0.06604114294983782	0.9339588570501625
0.011399976773408392	0.9886000232265918
0.5487313554897373	0.45126864451026266
0.4057223025929907	0.5942776974070093
0.2721514399738437	0.7278485600261563
0.05551034664539739	0.9444896533546029
0.9691228900159702	0.030877109984029837
0.6458743055951328	0.3541256944048674
0.9924706686545407	0.00752933134545919
0.986880412929744	0.013119587070255965
0.9026849570894201	0.09731504291057981
0.8716930472890141	0.12830695271098608
0.09373473776798104	0.9062652622320188
0.9889982959211074	0.011001704078892444
0.07708336937272739	0.9229166306272727
0.9887192840025396	0.011280715997460073
0.03619322704618611	0.9638067729538145
0.988287096195352	0.011712903804648069
0.9806097226892218	0.019390277310778126
0.9874716427062324	0.012528357293767507
0.988176957116403	0.011823042883596688
0.9624501807176088	0.03754981928239116
0.975880344906071	0.024119655093929028
0.9746738309918538	0.02532616900814614
0.04876107822193498	0.9512389217780653
0.34804967718656654	0.6519503228134333
0.06882781402490357	0.9311721859750968
0.047899828618176474	0.9521001713818237
0.20308640491492702	0.7969135950850733
0.07138394382049497	0.9286160561795052
0.17077284801454198	0.8292271519854579
0.37024722010417543	0.6297527798958247
0.07678206098056299	0.9232179390194374
0.01990746168489631	0.9800925383151037
0.08963815162119557	0.9103618483788045
0.11686072721817994	0.8831392727818203
0.9307007040671357	0.06929929593286421
0.9533265654066951	0.046673434593304856
0.9756022080515245	0.024397791948475567
0.9850661420906874	0.014933857909312408
0.9937785285745477	0.006221471425452225
0.9838767205157868	0.016123279484213066
0.9917961058408084	0.008203894159191406
0.9841468904029049	0.01585310959709496
0.8857207210606238	0.11427927893937634
0.9843548124026518	0.01564518759734801
0.9841263458938058	0.01587365410619428
0.07961107576660362	0.9203889242333959
0.9788120665387063	0.02118793346129345
0.9929121559067805	0.007087844093219469
0.9976600465806444	0.002339953419355476
0.9895972576956845	0.0104027423043154
0.2366995202382909	0.7633004797617093
0.9913708120475191	0.008629187952480943
0.6800043935064007	0.3199956064935993
0.9936472758399237	0.006352724160076166
0.9519284406176972	0.04807155938230261
0.8350531801191521	0.16494681988084806
0.9886335184132102	0.011366481586789767
0.9833610526521486	0.016638947347851266
0.9858814534983086	0.014118546501691356
0.9957029590719044	0.0042970409280954705
0.9875155515629772	0.012484448437022726
0.98500879405003	0.01499120594996992
0.993035683332545	0.006964316667454781
0.9867954803713337	0.013204519628666098
0.946865613792682	0.05313438620731805
0.9470559528921627	0.0529440471078369
0.9770136156519119	0.022986384348088036
0.9853343591606234	0.014665640839376352
0.9867684820518451	0.013231517948154746
0.9480640144986142	0.051935985501385805
0.10644236739464684	0.8935576326053533
0.3093524750587664	0.6906475249412338
0.38145564380813096	0.618544356191869
0.7584853779288302	0.24151462207116947
0.04824707203933479	0.9517529279606655
0.23880372492784713	0.761196275072153
0.16599175168036062	0.8340082483196393
0.07837815093661547	0.9216218490633846
0.09276811688653427	0.9072318831134658
0.975572585586373	0.02442741441362698
0.9651053071853183	0.034894692814681855
0.9676856325472659	0.032314367452734055
0.987253155326475	0.012746844673524731
0.9719385768295862	0.028061423170413935
0.9917889139568118	0.0082110860431881
0.9698135536375821	0.030186446362417945
0.9896245445299399	0.010375455470059977
0.9833911095141836	0.016608890485816347
0.1952925086911556	0.8047074913088444
0.05484056522310192	0.9451594347768979
0.0680911632489632	0.9319088367510369
0.945651070490904	0.05434892950909592
0.9850853441821461	0.014914655817853773
0.9753308573393599	0.024669142660640082
0.9869032369435448	0.0130967630564549
0.5278915007086532	0.4721084992913474
0.9865706100681763	0.013429389931823566
0.9864860364936415	0.013513963506358646
0.9806314097537647	0.019368590246235176
0.9958386376992245	0.004161362300775313
0.970294311983345	0.02970568801665507
0.9718373393732818	0.02816266062671816
0.9660199018193992	0.03398009818060091
0.9101943031805335	0.08980569681946697
0.037452934362034764	0.9625470656379653
0.918709290053777	0.08129070994622334
0.9638180266778461	0.036181973322154025
0.9827351730223103	0.01726482697768975
0.9501928995032691	0.049807100496730934
0.07654852296247767	0.9234514770375225
0.991948091378986	0.008051908621013917
0.6496964871262204	0.3503035128737795
0.9886643285927487	0.011335671407251275
0.9851059983530331	0.014894001646966677
0.9808209039198755	0.019179096080124334
0.12926720884362222	0.8707327911563777
0.15863180767639856	0.8413681923236009
0.9877266060736551	0.012273393926344973
0.9611897190590036	0.03881028094099638
0.9900467454384189	0.009953254561581255
0.9840993792117775	0.015900620788222172
0.9754274643619523	0.024572535638047698
0.9788246800564688	0.02117531994353099
0.9904994676593343	0.009500532340665821
0.9722097173178418	0.027790282682158333
0.9807789952353458	0.019221004764653944
0.9763833583386616	0.0236166416613383
0.8341133018344737	0.1658866981655262
0.9874151756676072	0.012584824332392865
0.0344213324970107	0.9655786675029893
0.9861143607271236	0.013885639272876308
0.9187699711578483	0.081230028842152
0.986675713789054	0.013324286210945866
0.9899623132796479	0.010037686720352101
0.3482816244284947	0.6517183755715054
0.9598262457392513	0.04017375426074857
0.9843073862206775	0.015692613779322507
0.6810774322386655	0.3189225677613348
0.06677449048221233	0.9332255095177874
0.9738793226465936	0.02612067735340621
0.989582645120993	0.010417354879007024
0.9886872765676578	0.011312723432342263
0.934626385148342	0.06537361485165827
0.9707965135233664	0.029203486476633688
0.9901862802753502	0.00981371972464962
0.9705272456871994	0.02947275431280048
0.9706494214975991	0.029350578502400877
0.6180540202652984	0.3819459797347018
0.05271162625999489	0.9472883737400052
0.1035950703321441	0.8964049296678561
0.036283166235975946	0.9637168337640243
0.43810579209089584	0.5618942079091043
0.37560668520250556	0.6243933147974944
0.2318820543866298	0.7681179456133704
0.012557080985636137	0.9874429190143639
0.08363114793825288	0.9163688520617472
0.36382701711564813	0.636172982884352
0.9755174772463578	0.024482522753642173
0.9143919062053754	0.08560809379462457
0.964008695625254	0.03599130437474617
0.9913772038240508	0.008622796175948858
0.9812032379988636	0.018796762001136332
0.9711141306833307	0.028885869316669286
0.9723226981956734	0.0276773018043265
0.9578713237653091	0.042128676234690715
0.0584495715569667	0.9415504284430333
0.9846554085431201	0.015344591456879626
0.9945980645552095	0.005401935444790468
0.9849443106225483	0.015055689377451255
0.9448290542796879	0.05517094572031196
0.9339542028146761	0.06604579718532383
0.9712872776861978	0.028712722313802164
0.984491917989118	0.015508082010881935
0.15000569223359317	0.8499943077664066
0.9820010960856451	0.017998903914354616
0.9923115938464729	0.007688406153526779
0.9861926792318397	0.013807320768160332
0.9860743484474946	0.01392565155250519
0.9922402260333736	0.007759773966626385
0.9891337855353745	0.010866214464625788
0.17350541013105925	0.8264945898689408
0.9110595775924852	0.0889404224075147
0.7428279266185962	0.25717207338140385
0.9843205576777752	0.015679442322224693
0.9915795013581391	0.00842049864186085
0.9780153611869403	0.021984638813059666
0.10186972006005693	0.8981302799399431
0.9731776572827693	0.02682234271723069
0.9879482196289399	0.012051780371059952
0.6469118200570475	0.3530881799429528
0.9887903975212936	0.011209602478706598
0.9180801100611192	0.08191988993888084
0.8335695769033107	0.16643042309668907
0.9841722987427346	0.015827701257265358
0.620631516385381	0.379368483614619
0.9676353008946238	0.032364699105376024
0.9887492102059858	0.01125078979401407
0.9384184816150064	0.06158151838499352
0.05060305044700208	0.949396949552998
0.9286669550924666	0.0713330449075337
0.06233658968094107	0.9376634103190592
0.9309539228660865	0.06904607713391375
0.984129880373866	0.01587011962613402
0.9392709617521495	0.06072903824785037
0.9866334147159332	0.013366585284066625
0.8574435354216859	0.14255646457831392
0.9768739320252219	0.023126067974778078
0.9908398641908919	0.009160135809108015
0.9797550276940457	0.020244972305954213
0.056456762134672635	0.9435432378653278
0.19097521391210706	0.809024786087893
0.8262068252214323	0.17379317477856776
0.9836578063429701	0.01634219365702997
0.9825741498951452	0.017425850104854673
0.9862119648995957	0.013788035100403988
0.9757561335597044	0.02424386644029576
0.9735373309509326	0.026462669049067192
0.07954218394204748	0.9204578160579523
0.09088017029018415	0.9091198297098163
0.9887450583194287	0.0112549416805714
0.9857901460425147	0.014209853957485133
0.9805106443719381	0.019489355628061887
0.9909752573110466	0.009024742688953362
0.9882297518918878	0.011770248108112127
0.9916652257392399	0.008334774260760238
0.827289284022705	0.1727107159772951
0.05883452154014096	0.9411654784598589
0.3117959567132385	0.6882040432867617
0.576155926578595	0.4238440734214051
0.0436886690692375	0.9563113309307626
0.33890985407580215	0.6610901459241981
0.5210576405603577	0.4789423594396423
0.16445264627502837	0.8355473537249715
0.9790662034480927	0.0209337965519073
0.9585127751048494	0.041487224895150526
0.6288478519641229	0.37115214803587704
0.9454259722761388	0.054574027723861086
0.930471641678291	0.06952835832170944
0.9524710943533405	0.047528905646659556
0.9857993160938802	0.014200683906119704
0.12892159470298503	0.8710784052970149
0.9370669191532178	0.0629330808467823
0.15208019612668158	0.8479198038733183
0.833952925353708	0.1660470746462922
0.938990043217059	0.06100995678294123
0.7441016886895996	0.2558983113104005
0.9536823940955402	0.04631760590445985
0.23546808215046627	0.7645319178495339
0.7852920725231125	0.21470792747688758
0.2854136270748797	0.7145863729251204
0.22777045770417623	0.7722295422958237
0.7204339659938453	0.2795660340061547
0.043548132670680965	0.9564518673293191
0.6720258762474068	0.3279741237525936
0.4981630003844735	0.5018369996155265
0.9733551270048114	0.02664487299518841
0.9854833208380137	0.014516679161986233
0.9904036655798252	0.009596334420174739
0.2920296804416553	0.7079703195583449
0.24698016855410077	0.7530198314458993
0.3849574383480403	0.6150425616519599
0.04386701442447045	0.9561329855755298
0.8835471176749746	0.1164528823250253
0.8928979010004585	0.1071020989995416
0.15055355251572033	0.8494464474842794
0.4510899580450176	0.5489100419549825
0.944724173308654	0.05527582669134585
0.9878783711499927	0.012121628850007114
0.1060414612265427	0.893958538773457
0.9748459529869257	0.025154047013074284
0.5978374524664654	0.40216254753353475
0.9813697773232555	0.01863022267674443
0.9558285453029695	0.0441714546970306
0.1487929971006975	0.8512070028993022
0.9904540336513742	0.0095459663486259
0.9827135415209284	0.01728645847907172
0.9572384334427764	0.04276156655722365
0.7602136429183911	0.2397863570816086
0.6812796211398247	0.31872037886017557
0.6097858589539533	0.390214141046047
0.9940750263839465	0.005924973616053519
0.9859145287871924	0.014085471212807388
0.9938211159016003	0.006178884098399519
0.6721535445769428	0.32784645542305696
0.7644496195298329	0.2355503804701667
0.9832189360263507	0.016781063973648955
0.9119906734606062	0.08800932653939376
0.9826190769410753	0.01738092305892456
0.9893259167802494	0.010674083219750543
0.9958867076026255	0.004113292397374344
0.9916202978497647	0.00837970215023479
0.6131894561951359	0.38681054380486424
0.7954142752325233	0.2045857247674767
0.9101289660245322	0.08987103397546788
0.9897382918073864	0.010261708192613761
0.975270039340743	0.024729960659256922
0.9640268832331209	0.03597311676687908
0.981580156255024	0.01841984374497595
0.9663416569599187	0.033658343040081425
0.6433737093896894	0.3566262906103108
0.6104949416271127	0.3895050583728874
0.6478447099884994	0.35215529001150064
0.7829183104149194	0.21708168958508073
0.04224680267931198	0.9577531973206882
0.9786117161224341	0.021388283877565962
0.7757719343598225	0.2242280656401773
0.14773750804537364	0.8522624919546267
0.24293909079212408	0.7570609092078758
0.04095904521551088	0.9590409547844893
0.9594349336659457	0.04056506633405431
0.10013923071638504	0.899860769283615
0.9926505673038892	0.007349432696110715
0.962497656046319	0.03750234395368082
0.1011226095386953	0.8988773904613048
0.9490900051023311	0.050909994897668974
0.9798137789479757	0.020186221052024216
0.9914306335697424	0.008569366430257675
0.9074755147772712	0.09252448522272863
0.9738155191660425	0.02618448083395757
0.9664629836095844	0.03353701639041565
0.991537375096992	0.008462624903007997
0.9502815656451591	0.04971843435484082
0.9792578539382873	0.02074214606171255
0.9812731110146892	0.01872688898531064
0.9880745619592033	0.01192543804079681
0.9784320251440161	0.021567974855983794
0.9918833919390054	0.00811660806099423
0.9891665804414725	0.010833419558527166
0.980189555808527	0.019810444191473105
0.8326660595640327	0.16733394043596717
0.9597513862299225	0.04024861377007765
0.9865394262538242	0.013460573746175895
0.9870732146894546	0.012926785310545065
0.991143013738193	0.008856986261806777
0.07999777766332193	0.9200022223366782
0.9815363595467539	0.01846364045324596
0.985871503661414	0.014128496338585792
0.8337139450045646	0.1662860549954354
0.9694388039282869	0.03056119607171315
0.9587754806894349	0.04122451931056528
0.44623023821457436	0.5537697617854259
0.979423717500411	0.020576282499588948
0.9830169997184371	0.016983000281562858
0.9922339370956021	0.007766062904397877
0.9906692127045136	0.009330787295486292
0.981869309139184	0.0181306908608158
0.9310393531123161	0.06896064688768413
0.8879864779934524	0.11201352200654766
0.9657338146253277	0.034266185374672416
0.6143166842269892	0.3856833157730107
0.9385233561615469	0.06147664383845286
0.9811368097388763	0.01886319026112381
0.942732631445836	0.05726736855416403
0.9674933721861976	0.032506627813802556
0.987097188559998	0.012902811440001967
0.05107912026406396	0.9489208797359361
0.058931725885933685	0.9410682741140666
0.9801018428696406	0.0198981571303591
0.9700970284395843	0.029902971560415346
0.9538830756707921	0.046116924329208116
0.46759551409636396	0.5324044859036362
0.2397122475529321	0.760287752447068
0.22068969286777013	0.7793103071322295
0.4191232675134509	0.5808767324865494
0.9899533781504232	0.010046621849576741
0.5813320566790547	0.4186679433209451
0.023051510967026463	0.9769484890329737
0.6019229197822887	0.3980770802177112
0.6236131707018132	0.37638682929818673
0.043172074910170145	0.9568279250898298
0.9131801808503464	0.0868198191496537
0.9860147538121194	0.013985246187880307
0.973621357250845	0.026378642749155093
0.9749002092192828	0.025099790780717113
0.8048966559779436	0.19510334402205665
0.6943586207613636	0.3056413792386362
0.982035693053971	0.01796430694602904
0.9894933684378694	0.010506631562130385
0.4805321125766704	0.5194678874233299
0.1906794946394155	0.8093205053605846
0.7099304879875277	0.2900695120124721
0.7874609957693646	0.21253900423063513
0.9685824583576956	0.031417541642304155
0.9850007099605433	0.014999290039456659
0.9704519504026804	0.029548049597319482
0.9794892097952014	0.02051079020479858
0.12123015939001691	0.8787698406099829
0.7738193604237487	0.22618063957625156
0.667883595659601	0.332116404340399
0.9828459900188296	0.017154009981170098
0.9857982979701394	0.014201702029860151
0.9927859093534026	0.007214090646597488
0.9949403984295888	0.0050596015704110165
0.9564486038291992	0.043551396170800886
0.11667113231224911	0.883328867687751
0.046963690730086244	0.953036309269914
0.978461165735318	0.021538834264681693
0.992455983533215	0.007544016466784855
0.29989393278904414	0.7001060672109561
0.19198077274912317	0.8080192272508769
0.726157335752696	0.2738426642473037
0.9868127056174021	0.013187294382597832
0.9765899980424833	0.02341000195751638
0.9544020615306941	0.045597938469305606
0.07764563257234458	0.9223543674276554
0.9116675931908473	0.08833240680915297
0.9367125125415418	0.06328748745845844
0.9648631388018665	0.03513686119813346
0.12521132783258848	0.8747886721674117
0.8547785614974329	0.14522143850256689
0.04461321708731865	0.9553867829126815
0.9829787536808517	0.01702124631914824
0.9465060086125999	0.05349399138740009
0.051829639428474635	0.9481703605715255
0.9943399148729661	0.005660085127033824
0.22237797067895448	0.7776220293210456
0.13338076629550868	0.8666192337044915
0.8824495442904794	0.1175504557095205
0.25102930652038813	0.7489706934796121
0.973074611854711	0.026925388145288876
0.47688968042180413	0.5231103195781962
0.9228191078679023	0.0771808921320979
0.733332574367989	0.26666742563201074
0.04928405033711359	0.9507159496628868
0.9852887161600643	0.014711283839935571
0.22863421613012805	0.7713657838698716
0.9870236378920975	0.0129763621079023
0.9848021168590487	0.015197883140951133
0.7837910826724162	0.2162089173275841
0.9113593073527771	0.08864069264722296
0.9929313652653697	0.0070686347346301795
0.9897702497215062	0.010229750278493807
0.10621001148118499	0.8937899885188152
0.9860954847618634	0.013904515238136588
0.9824783704254183	0.01752162957458162
0.9878346935195321	0.012165306480467803
0.842126366234624	0.15787363376537603
0.9869735450458857	0.013026454954114223
0.9823694645801523	0.017630535419847902
0.9822200143139307	0.01777998568606926
0.9902401692705343	0.009759830729465912
0.9573570312228182	0.042642968777181975
0.0723255279304281	0.9276744720695723
0.9770555419297835	0.022944458070216455
0.9458783706511147	0.054121629348885175
0.9132840220106315	0.08671597798936852
0.9761898130004393	0.023810186999560633
0.05566195144366264	0.9443380485563373
0.9784559760119262	0.021544023988073847
0.9776106813121263	0.022389318687873493
0.9703504932885676	0.02964950671143261
0.07834490579022577	0.921655094209774
0.8828972534645869	0.11710274653541296
0.246438962270146	0.7535610377298539
0.8158182482047952	0.1841817517952047
0.9548369802452445	0.04516301975475552
0.3032036470163848	0.6967963529836152
0.9411443071491341	0.05885569285086609
0.9867466232888673	0.01325337671113274
0.566014678188237	0.4339853218117632
0.6340305324164963	0.3659694675835038
0.9871370972246922	0.012862902775307905
0.27797505143284335	0.722024948567157
0.979703038810452	0.020296961189547835
0.7628635646205951	0.23713643537940507
0.9918269900773683	0.008173009922631647
0.10058884307066512	0.8994111569293348
0.9778892108955526	0.02211078910444738
0.09443877802432298	0.9055612219756769
0.9554192229731878	0.044580777026812346
0.9933755208789495	0.006624479121050556
0.9796184134604259	0.02038158653957419
0.09648384159322416	0.9035161584067759
0.9810503814135355	0.01894961858646437
0.9724792532155883	0.0275207467844119
0.35512632331622696	0.6448736766837736
0.6345106161014366	0.36548938389856384
0.6355325346404735	0.36446746535952634
0.9810789884079112	0.01892101159208865
0.9819557191095025	0.018044280890497238
0.9876133667006118	0.012386633299388033
0.9737539834901489	0.026246016509851255
0.9527414373169998	0.04725856268300016
0.9882980963329012	0.011701903667098619
0.9864062587990223	0.013593741200977606
0.09927359767463156	0.9007264023253684
0.08627101421943476	0.9137289857805652
0.9412882747436646	0.05871172525633517
0.9865656558298046	0.013434344170195187
0.992732531382001	0.007267468617998991
0.9749607312069899	0.025039268793010064
0.9716209838991742	0.02837901610082598
0.8892176023274497	0.1107823976725502
0.030805956332290885	0.9691940436677088
0.989491897469014	0.01050810253098587
0.9502994613064724	0.04970053869352768
0.07439154705113715	0.9256084529488627
0.19892720579607162	0.8010727942039285
0.8557947429346376	0.14420525706536233
0.9896680240396292	0.010331975960370615
0.982761362826828	0.017238637173171565
0.97904779067921	0.020952209320789703
0.9927823304614962	0.00721766953850362
0.9883132714512736	0.011686728548726426
0.9882866727295625	0.011713327270437454
0.9831526757459301	0.016847324254069897
0.9865346951546848	0.013465304845315405
0.08433471094501234	0.9156652890549877
0.9657709092150634	0.03422909078493643
0.9891486869879595	0.010851313012040214
0.9601859925498302	0.0398140074501695
0.9782512085479932	0.021748791452006633
0.9455849807179514	0.05441501928204856
0.9809049287276764	0.019095071272323575
0.9949712776827623	0.005028722317237737
0.9884838771533245	0.011516122846675447
0.991993684341631	0.008006315658368825
0.9865638013614386	0.013436198638561216
0.986824459216552	0.013175540783447822
0.36094700483443937	0.639052995165561
0.9879639227355647	0.012036077264435284
0.9598318701076984	0.04016812989230174
0.8015099379469147	0.19849006205308534
0.98517797023166	0.014822029768339882
0.9948810022000718	0.005118997799928122
0.98447561578251	0.01552438421748975
0.9460695260817746	0.05393047391822505
0.9762750136717078	0.02372498632829215
0.9938060571305306	0.006193942869469361
0.058851845843492255	0.9411481541565078
0.9835128496967855	0.016487150303214324
0.9907821932316396	0.009217806768360443
0.9787130272844803	0.021286972715519478
0.5251556572931029	0.47484434270689685
0.9710524990929669	0.028947500907033005
0.9658350944283411	0.03416490557165847
0.9920137863628729	0.007986213637127204
0.03530836610272128	0.9646916338972786
0.8398350214866658	0.16016497851333422
0.035407574022626315	0.9645924259773738
0.9200043753696794	0.07999562463032056
0.978421741425526	0.02157825857447402
0.9382012544681356	0.06179874553186435
0.46781266205991573	0.5321873379400843
0.34166763897895036	0.6583323610210496
0.9834453105694305	0.016554689430569286
0.9741283171762225	0.02587168282377721
0.9835980613671542	0.016401938632845562
0.9561645567418686	0.04383544325813153
0.9949837623344745	0.005016237665525562
0.9826652769071329	0.017334723092867103
0.9878619489810014	0.012138051018998366
0.32433469522256503	0.6756653047774352
0.983042476315987	0.01695752368401302
0.9833741065714647	0.016625893428535255
0.9069164588002446	0.09308354119975527
0.9766738041774776	0.023326195822522332
0.978996815291396	0.02100318470860372
0.9806981927405901	0.019301807259409803
0.9836991677040839	0.016300832295916022
0.9808704650541036	0.0191295349458965
0.9820891204079254	0.01791087959207445
0.9777434301957936	0.022256569804206386
0.9869445962484265	0.013055403751573498
0.9915152001957283	0.00848479980427152
0.9895089934529586	0.010491006547041225
0.18559844463589661	0.8144015553641034
0.9941936621892996	0.0058063378107001355
0.9739959004403882	0.026004099559611586
0.9865944725955893	0.01340552740441066
0.04377040440268583	0.9562295955973142
0.929999530924446	0.07000046907555413
0.9873894840235937	0.012610515976406122
0.9821126126381062	0.01788738736189362
0.9684930264738982	0.03150697352610143
0.6248304269048952	0.37516957309510496
0.7193799719957044	0.2806200280042954
0.9850039762274153	0.01499602377258468
0.9914671896695837	0.008532810330416222
0.9790573270481627	0.020942672951837528
0.057927376484375716	0.9420726235156245
0.9814213517063698	0.018578648293629863
0.986388392922231	0.013611607077768855
0.9881160371306206	0.011883962869379499
0.18824238430522594	0.811757615694774
0.9433324122933197	0.056667587706680234
0.9811504088958729	0.018849591104127206
0.9738953382043439	0.026104661795655817
0.7592211628297234	0.24077883717027643
0.9647634562270411	0.03523654377295846
0.02507300472859204	0.9749269952714079
0.11000984408309852	0.8899901559169018
0.9839759416404035	0.01602405835959678
0.9856686600637339	0.014331339936265926
0.6659352804096663	0.33406471959033346
0.9653835796887674	0.03461642031123256
0.9457144426393657	0.05428555736063446
0.9867902291624283	0.013209770837571334
0.992814311661458	0.007185688338542158
0.9851550084377629	0.014844991562236771
0.9945344192627324	0.005465580737267653
0.9907762152992353	0.009223784700764426
0.9945356628907683	0.0054643371092317474
0.9886184981846321	0.011381501815367663
0.9775607224107098	0.02243927758929025
0.9913977245635698	0.00860227543643013
0.9559935464120509	0.04400645358794915
0.9867693190195551	0.013230680980444769
0.9518602050381471	0.04813979496185292
0.9733618959430043	0.02663810405699591
0.9628441922127977	0.037155807787202344
0.9843487365361457	0.0156512634638539
0.9877772466208302	0.01222275337916972
0.25637433579237134	0.743625664207629
0.9890260250195217	0.010973974980478085
0.9586739882827188	0.04132601171728146
0.98429093713729	0.01570906286271015
0.915160933611056	0.08483906638894421
0.9656655222390428	0.03433447776095711
0.9880488516406681	0.011951148359331844
0.9287539274841313	0.07124607251586886
0.9888014352700987	0.011198564729901186
0.9858016211977397	0.01419837880226027
0.937061098668888	0.06293890133111195
0.06929684061456778	0.9307031593854324
0.8804255890155827	0.11957441098441747
0.9683423049168668	0.03165769508313303
0.9730351799545207	0.02696482004547958
0.945463546102815	0.054536453897184735
0.9732304662233416	0.02676953377665812
0.09840581178773083	0.9015941882122693
0.9871944757037246	0.012805524296275263
0.9574659916238997	0.04253400837610032
0.9869273373589046	0.013072662641095096
0.9879208066380905	0.012079193361909563
0.9896463914125039	0.010353608587495823
0.9957721874341022	0.0042278125658977515
0.2786478021508019	0.7213521978491984
0.9609283124814617	0.03907168751853818
0.9857854427465752	0.014214557253424662
0.959581602657442	0.04041839734255793
0.9764441954702865	0.023555804529713578
0.981463617583093	0.01853638241690693
0.9352698658335901	0.06473013416640981
0.9871025471584529	0.012897452841547048
0.18028082481767968	0.8197191751823203
0.9841012530820816	0.015898746917918437
0.13883856590359922	0.8611614340964011
0.9541689193508763	0.04583108064912369
0.9226700273300307	0.07732997266996923
0.9826809117793435	0.017319088220656326
0.9826220084328987	0.01737799156710135
0.9657976949336338	0.03420230506636658
0.9853848276327295	0.014615172367270318
0.9830901651690958	0.016909834830904268
0.9898146704669675	0.010185329533032528
0.9867450669850623	0.01325493301493725
0.9839886025229504	0.016011397477049355
0.9920704899498601	0.007929510050139891
0.05463930800268244	0.9453606919973176
0.9492736312518144	0.05072636874818566
0.9874339942546654	0.012566005745334584
0.07786438264153414	0.9221356173584655
0.9726024975854639	0.027397502414535757
0.9799793829902937	0.02002061700970611
0.16082185231374768	0.8391781476862522
0.9771868868445734	0.022813113155426338
0.992562907138963	0.007437092861036781
0.9927125373471906	0.007287462652809488
0.9865039642839782	0.013496035716021799
0.956503466489583	0.043496533510416914
0.04263810170721826	0.9573618982927822
0.9852355145974614	0.0147644854025383
0.946362341062011	0.05363765893798891
0.9461071037118713	0.05389289628812857
0.977098877569526	0.02290112243047423
0.9702613145658663	0.029738685434133605
0.9527069969874212	0.04729300301257869
0.9892077070438482	0.010792292956151585
0.9863352711660781	0.013664728833921457
0.9088296526725419	0.09117034732745821
0.996441452256967	0.00355854774303279
0.991453466312256	0.008546533687744053
0.054370183448983186	0.945629816551017
0.057157551778661365	0.9428424482213387
0.9635064791128439	0.03649352088715604
0.9706644419115187	0.02933555808848106
0.9923116207549595	0.007688379245040464
0.986478276660546	0.013521723339453584
0.9857197524174492	0.014280247582550563
0.1649268166595504	0.83507318334045
0.8374592961281228	0.16254070387187716
0.9856604160720973	0.014339583927902718
0.9784642515461585	0.02153574845384148
0.988259890514139	0.011740109485861154
0.9336775713649703	0.06632242863502938
0.9436306231275818	0.05636937687241808
0.9759739161989326	0.0240260838010674
0.9924687189992786	0.007531281000721392
0.9725226470123794	0.027477352987620742
0.975265824959585	0.024734175040414464
0.9920611438097598	0.007938856190240137
0.9160178262592467	0.08398217374075326
0.36434699304186635	0.6356530069581336
0.9911044862171078	0.00889551378289237
0.9613270248750844	0.03867297512491554
0.8997016118860269	0.10029838811397364
0.9830023545866085	0.01699764541339117
0.9823221407072751	0.017677859292724602
0.9744278008231343	0.02557219917686569
0.9951873015973706	0.004812698402629399
0.9704100189435688	0.029589981056431357
0.9784135848163291	0.02158641518367085
0.9474400205078471	0.05255997949215287
0.9871395106293369	0.012860489370663085
0.9947473174562268	0.005252682543773221
0.9752851369802571	0.024714863019742878
0.9446762937317256	0.05532370626827426
0.9942433313430957	0.005756668656904112
0.9783861399940232	0.02161386000597655
0.18816895912233622	0.8118310408776638
0.952051717744706	0.047948282255294065
0.9850710706630471	0.014928929336953006
0.9868395000260591	0.013160499973940849
0.9781680219927935	0.021831978007206265
0.9804966634349321	0.019503336565067718
0.911450715699784	0.08854928430021597
0.9746827252897368	0.025317274710263068
0.9464583880756217	0.05354161192437816
0.9594120550059648	0.04058794499403537
0.9234901009607048	0.07650989903929525
0.9713345517364591	0.02866544826354069
0.9332075715691823	0.06679242843081759
0.980648411549639	0.01935158845036111
0.9872983796289502	0.01270162037104948
0.04949407753627999	0.95050592246372
0.14261494979642447	0.8573850502035757
0.9089879519795779	0.09101204802042213
0.8437848562495602	0.15621514375043957
0.9939341399046395	0.006065860095360661
0.9728224640566875	0.027177535943312528
0.9833621102656624	0.0166378897343374
0.024562136366428976	0.9754378636335714
0.726804267766435	0.2731957322335651
0.6240796495997943	0.37592035040020605
0.1659106923068953	0.834089307693105
0.9570934744912947	0.04290652550870537
0.9807713615346969	0.01922863846530317
0.9613477155277917	0.038652284472207976
0.0244520143763086	0.9755479856236914
0.7205290004678622	0.27947099953213794
0.9872179103622181	0.012782089637781914
0.9416781820080198	0.05832181799198031
0.9599323361281097	0.04006766387189011
0.9851915007447974	0.014808499255202274
0.9916870670510163	0.008312932948983566
0.9651282476039255	0.034871752396074505
0.9942694308312496	0.005730569168750365
0.9399861484215783	0.06001385157842142
0.18396714878647635	0.8160328512135239
0.9877656254911642	0.0122343745088358
0.9889976019787865	0.011002398021213349
0.9781124170661364	0.021887582933863507
0.9812245749909466	0.018775425009053204
0.9889550948019746	0.011044905198025258
0.9883655967205824	0.01163440327941749
0.9593701043138254	0.04062989568617465
0.9793348879468721	0.020665112053127998
0.9866102719416557	0.013389728058344012
0.9752248920416341	0.02477510795836597
0.7701523220700796	0.22984767792992009
0.08691956740222884	0.913080432597771
0.9691228326374832	0.030877167362516646
0.9870695026149197	0.012930497385080288
0.9939538679268923	0.006046132073107558
0.9538225296200555	0.04617747037994431
0.988319590466629	0.011680409533370607
0.9836665578000432	0.016333442199956697
0.9905385090799136	0.009461490920086427
0.9857689312494026	0.014231068750597382
0.9936377484670764	0.006362251532923687
0.6826519587242555	0.31734804127574434
0.9466243096615067	0.053375690338493716
0.9629992338425767	0.03700076615742331
0.9601786237119475	0.03982137628805252
0.9711268891902833	0.028873110809716742
0.9846940748444923	0.01530592515550754
0.9789211250641996	0.02107887493580039
0.8053168678526764	0.1946831321473238
0.9924353770551275	0.007564622944872413
0.9946539634681895	0.005346036531810484
0.9881992047464994	0.011800795253500373
0.9461563722386812	0.05384362776131883
0.9849791656191806	0.015020834380819147
0.9861221580337114	0.013877841966288641
0.987936827383547	0.012063172616452629
0.9708897076402394	0.02911029235976008
0.9810088176248302	0.018991182375169807
0.9911352394400842	0.008864760559915776
0.9846034251149711	0.015396574885028515
0.9775951787551236	0.022404821244876597
0.9845144412224468	0.015485558777552935
0.8809452111939967	0.11905478880600327
0.9811293596703259	0.0188706403296742
0.9873362547800347	0.012663745219964979
0.984704654716797	0.015295345283202724
0.9883074543835874	0.011692545616412702
0.993138991440143	0.006861008559856956
0.9645160178648606	0.03548398213513943
0.9382025156759228	0.061797484324076966
0.9947949556351204	0.005205044364879638
0.062074276062253665	0.9379257239377465
0.06767556361837013	0.9323244363816298
0.9786946720785569	0.02130532792144295
0.9901461054104977	0.009853894589502117
0.9813451912659106	0.018654808734089545
0.9798211318048579	0.02017886819514222
0.9880253209076052	0.01197467909239481
0.9683956138230482	0.03160438617695166
0.9970277804483638	0.0029722195516360406
0.05139569421518447	0.9486043057848152
0.3939512979079559	0.6060487020920443
0.9677530074666092	0.03224699253339105
0.982114584598112	0.017885415401887757
0.9872981891707089	0.01270181082929109
0.9833891146759614	0.016610885324038465
0.9871732991866682	0.012826700813331687
0.9896445750240578	0.010355424975942419
0.8909330722000006	0.10906692779999937
0.9876002379574956	0.012399762042504267
0.9863367934688635	0.013663206531136667
0.9777772087659383	0.022222791234061453
0.9779598864525747	0.022040113547425105
0.9861460700548151	0.013853929945184598
0.9586415214231981	0.04135847857680173
0.02830931371248611	0.9716906862875141
0.9372706690629036	0.06272933093709639
0.5465374407995239	0.453462559200476
0.9898463953672664	0.010153604632733248
0.9911849290290321	0.008815070970968066
0.9869593875730212	0.013040612426978798
0.9882506527836601	0.011749347216339802
0.9838500473962448	0.016149952603754923
0.9811620567885333	0.018837943211466045
0.9802912808303508	0.01970871916964929
0.9884075608636803	0.011592439136319467
0.9921793386350294	0.007820661364970605
0.9401629044306535	0.05983709556934641
0.9373097475835582	0.06269025241644155
0.9886953903827501	0.011304609617249646
0.12716241568364073	0.8728375843163595
0.9938515020919025	0.006148497908097283
0.06726572380079512	0.9327342761992047
0.9849110325146168	0.015088967485382812
0.9479252671963938	0.05207473280360662
0.9853961633462243	0.01460383665377588
0.961444107120288	0.03855589287971225
0.9325995981212922	0.06740040187870783
0.9437447367731928	0.056255263226807434
0.9442425669364114	0.0557574330635887
0.9809148448276485	0.0190851551723517
0.989470342124251	0.010529657875748815
0.09952383789050931	0.9004761621094906
0.9854861183415329	0.014513881658467034
0.9866209163608413	0.01337908363915842
0.9865351328341079	0.013464867165891698
0.9925835528371758	0.00741644716282427
0.9961920346665382	0.0038079653334617356
0.9818112861364758	0.018188713863524057
0.9746455399571395	0.025354460042860363
0.9910709325310733	0.008929067468926782
0.9917207248285841	0.008279275171415922
0.9822947119740012	0.017705288025998897
0.8922360309299893	0.10776396907001073
0.9853529829931981	0.014647017006801745
0.9765685253109155	0.02343147468908431
0.9799472122140345	0.020052787785965503
0.9727619922403276	0.02723800775967246
0.8905039997985685	0.10949600020143155
0.9767338349011924	0.023266165098807343
0.990951670714149	0.009048329285850603
0.0798070204913697	0.9201929795086303
0.9630663097120575	0.03693369028794251
0.9733981340206422	0.026601865979357483
0.9873344263449998	0.012665573655000317
0.9396208362000944	0.06037916379990578
0.8955300379212673	0.10446996207873262
0.9671750920890055	0.03282490791099432
0.9938951951463675	0.00610480485363255
0.9935455193322437	0.006454480667755993
0.9506858778042812	0.04931412219571876
0.918340147224303	0.08165985277569711
0.9184230624313062	0.0815769375686938
0.9095754696124212	0.09042453038757879
0.9863466358540781	0.013653364145921734
0.9116218673461298	0.08837813265387001
0.9581023237697726	0.04189767623022757
0.18003598486962816	0.8199640151303718
0.9556344008785974	0.04436559912140251
0.9758477263804649	0.024152273619535102
0.9461557975162601	0.05384420248373982
0.9900852404162304	0.009914759583769563
0.9614910185941044	0.03850898140589565
0.9825261232627576	0.01747387673724244
0.8864798360925503	0.11352016390744993
0.9744407260284855	0.025559273971514283
0.9790575182755561	0.020942481724443976
0.9603738048085079	0.03962619519149218
0.9765513048646371	0.023448695135362466
0.9853367833661618	0.014663216633837739
0.964124353727162	0.03587564627283807
0.982240464346258	0.017759535653742085
0.06091122731869859	0.9390887726813019
0.985722505395509	0.014277494604491207
0.9766880550052126	0.02331194499478742
0.08906268258218525	0.9109373174178148
0.9856300968109182	0.01436990318908158
0.9711932503936324	0.0288067496063675
0.9941007614555605	0.00589923854443949
0.9826120295369586	0.017387970463041597
0.04072136855668888	0.9592786314433114
0.407078667501899	0.5929213324981008
0.9849777303902925	0.015022269609707406
0.14577359777540772	0.8542264022245922
0.9862676628525651	0.013732337147434912
0.05245617203424075	0.947543827965759
0.09234516446829845	0.9076548355317017
0.27456298348897634	0.7254370165110237
0.9618541014118827	0.03814589858811722
0.9582499928626074	0.04175000713739239
0.9533143830564883	0.04668561694351183
0.9059897624589526	0.09401023754104744
0.773456493373869	0.22654350662613054
0.7148581397068304	0.28514186029316924
0.9654567163965447	0.034543283603455245
0.9556877164262717	0.0443122835737285
0.9872869077999844	0.012713092200015203
0.9860346067900541	0.01396539320994588
0.9803330090531287	0.019666990946871125
0.9829279029081822	0.01707209709181771
0.9916211116889945	0.008378888311005455
0.668452361258167	0.33154763874183324
0.9654562134179815	0.034543786582018204
0.048323001463398726	0.9516769985366011
0.9810882206982844	0.018911779301715632
0.9861972969361618	0.01380270306383775
0.9666843768875915	0.03331562311240839
0.14942063011002418	0.8505793698899763
0.9789400064921457	0.021059993507854476
0.9874365094124602	0.012563490587539776
0.9863079424007603	0.013692057599239724
0.9882633157542188	0.011736684245781014
0.9830461304835362	0.01695386951646372
0.9859039915722196	0.014096008427779923
0.8423398667548014	0.15766013324519848
0.9785720974374226	0.021427902562577147
0.9855978904511692	0.014402109548830295
0.9794256672098163	0.020574332790183582
0.9871358461526524	0.012864153847347626
0.9835749960493051	0.016425003950694888
0.9925143065374055	0.0074856934625946794
0.29452476748578793	0.705475232514212
0.9853428282476092	0.01465717175239059
0.7253571590656159	0.27464284093438424
0.9359365173935459	0.06406348260645404
0.06825158992684624	0.9317484100731539
0.057060125532478426	0.9429398744675214
0.982543430435702	0.017456569564297853
0.06445440450828632	0.9355455954917137
0.9874443216727039	0.012555678327296108
0.9855641551400587	0.014435844859941009
0.9882388024007736	0.011761197599226145
0.9843251764900228	0.01567482350997707
0.8496370890324273	0.15036291096757268
0.988296158105831	0.011703841894168874
0.031456620107916694	0.968543379892083
0.9650932251622539	0.03490677483774638
0.8284596157965888	0.17154038420341133
0.9807252832036891	0.019274716796310744
0.9875759996133345	0.012424000386665593
0.9599024517891002	0.0400975482109001
0.9776268913921602	0.02237310860783974
0.9729185501556862	0.027081449844313838
0.0885212303261732	0.9114787696738266
0.9654246252132116	0.03457537478678851
0.9927331073695477	0.0072668926304521285
0.9229390666841221	0.07706093331587806
0.9901943866205352	0.00980561337946472
0.18963315691781954	0.8103668430821801
0.9732018317448702	0.026798168255129803
0.9843842106749062	0.015615789325093754
0.9716260300201931	0.02837396997980704
0.9938428200544983	0.006157179945501859
0.9901930726892231	0.009806927310776535
0.959787090176213	0.040212909823787016
0.9918126666251221	0.008187333374877656
0.04884186557481331	0.9511581344251865
0.11159109163893964	0.8884089083610606
0.9077031424968274	0.09229685750317257
0.9249593998509489	0.07504060014905098
0.8453830158759236	0.1546169841240765
0.9744274651855949	0.025572534814405277
0.377980166664507	0.6220198333354928
0.9834528295305849	0.01654717046941511
0.9911468969724768	0.00885310302752298
0.9143313012156544	0.08566869878434553
0.9743917094961936	0.025608290503806374
0.9618278501964892	0.03817214980351125
0.9592721000985941	0.04072789990140596
0.2729059413376355	0.7270940586623648
0.9883117758130652	0.011688224186934928
0.9685039473886466	0.0314960526113536
0.9774422597581365	0.022557740241863432
0.987603101988732	0.01239689801126757
0.05410025886399435	0.9458997411360057
0.9932562575302843	0.006743742469715642
0.9864842698480714	0.013515730151928468
0.9958450096108868	0.004154990389113173
0.9101742209572347	0.08982577904276554
0.908451778882545	0.09154822111745538
0.9751993847249512	0.024800615275048874
0.9744581369234318	0.025541863076567885
0.9797791706349401	0.020220829365059725
0.962779012565704	0.037220987434296
0.983621596116731	0.01637840388326901
0.9667424419280336	0.033257558071966176
0.9760573828420792	0.02394261715792057
0.9219024083227442	0.07809759167725579
0.9921240063003739	0.007875993699626199
0.9794391385896206	0.020560861410379314
0.020927860763523386	0.9790721392364767
0.052066117739869924	0.9479338822601303
0.9188555639143776	0.0811444360856225
0.7797604333237738	0.22023956667622632
0.9768507660437321	0.02314923395626793
0.4104412687174284	0.5895587312825717
0.9944491499451503	0.005550850054849538
0.4451482187628162	0.5548517812371839
0.08611187160046634	0.9138881283995337
0.9666506104500857	0.03334938954991436
0.9881289141647451	0.011871085835254789
0.9859978634014023	0.014002136598597335
0.71020543941106	0.28979456058894004
0.9823367905064265	0.01766320949357361
0.9681379742779846	0.03186202572201527
0.9801522294518158	0.019847770548184214
0.9913172854678008	0.008682714532198951
0.16696154727894558	0.8330384527210546
0.08926864079185735	0.9107313592081429
0.9928401815351332	0.007159818464866993
0.9898417186674952	0.010158281332504897
0.976154689153881	0.023845310846118847
0.9861637706832256	0.013836229316774135
0.9206184911897098	0.07938150881029023
0.1632715800628905	0.8367284199371093
0.9915757838549303	0.008424216145069417
0.9148757203569925	0.0851242796430076
0.9884290488103566	0.011570951189643137
0.9882659789498425	0.01173402105015737
0.9917281069525723	0.008271893047427863
0.932072284782956	0.06792771521704398
0.9618291794590169	0.038170820540982815
0.9785596192779145	0.02144038072208543
0.9782427977714603	0.02175720222853948
0.9503797502001814	0.049620249799818585
0.9770838790809006	0.02291612091909921
0.9086468095303197	0.09135319046968032
0.9835592635780778	0.01644073642192203
0.9857040321434222	0.01429596785657755
0.9462915926254516	0.05370840737454847
0.9909389446587504	0.009061055341249274
0.9217323676595132	0.07826763234048684
0.9718476310058513	0.028152368994148712
0.9232110559193802	0.07678894408061962
0.9821140114221417	0.01788598857785825
0.9556178486505845	0.04438215134941553
0.9614343003410375	0.03856569965896231
0.8774687565076413	0.12253124349235855
0.9806321161207637	0.01936788387923629
0.9925599238961124	0.007440076103887425
0.9618098235103899	0.03819017648961028
0.9890745068183926	0.010925493181607166
0.9753878605968913	0.02461213940310836
0.9873919109867486	0.012608089013251247
0.9581901132909512	0.04180988670904893
0.03410033286710697	0.9658996671328933
0.13024854361906052	0.8697514563809395
0.9766925493378676	0.02330745066213244
0.9686666544636341	0.03133334553636587
0.4979519277730497	0.5020480722269504
0.9937611163949563	0.006238883605043789
0.9870416893084429	0.012958310691557062
0.9712257759598039	0.028774224040195823
0.9888078832465438	0.011192116753456327
0.8957727312155828	0.10422726878441738
0.9650563396466694	0.03494366035333061
0.06601509506575885	0.9339849049342412
0.9764461078885323	0.023553892111467554
0.9912098166600862	0.008790183339913916
0.980262503411675	0.019737496588324858
0.641080301193401	0.35891969880659924
0.9609792373511649	0.03902076264883529
0.7917826013987513	0.20821739860124874
0.9749327780056339	0.0250672219943659
0.11636292658551638	0.8836370734144835
0.14130319254364693	0.8586968074563534
0.9912569487871508	0.008743051212849233
0.0906586524032984	0.9093413475967016
0.9089132223787731	0.0910867776212266
0.9795689271512696	0.020431072848730074
0.9327738586168145	0.0672261413831855
0.9689776456214357	0.031022354378564022
0.9900280396262745	0.009971960373725356
0.9951613628894607	0.004838637110539299
0.967271216116645	0.03272878388335483
0.9584897149732774	0.041510285026722805
0.931771493972899	0.06822850602710091
0.8910226101737045	0.1089773898262955
0.04809039022937364	0.9519096097706263
0.9839865132788492	0.016013486721150726
0.09421764785829348	0.9057823521417067
0.06169417070796708	0.9383058292920329
0.9850790851300292	0.014920914869970426
0.9768396486334345	0.023160351366565548
0.9509932799238991	0.049006720076100754
0.9799207190324168	0.020079280967583074
0.9903159810750108	0.009684018924989162
0.6610277367100824	0.33897226328991775
0.9848161500741429	0.015183849925857118
0.7121373163783643	0.2878626836216355
0.1766407976092346	0.8233592023907654
0.8198407617501932	0.1801592382498067
0.9931188551212479	0.006881144878752228
0.051425522877042676	0.9485744771229575
0.9762008824476749	0.02379911755232519
0.9294700178767195	0.07052998212328075
0.9853147394962772	0.014685260503722921
0.994472230802488	0.005527769197511986
0.9544921381298451	0.04550786187015483
0.9368840739902548	0.06311592600974539
0.9609076906815449	0.039092309318455136
0.9826524434110694	0.01734755658893045
0.22138609381444138	0.7786139061855587
0.9865441502340289	0.013455849765970657
0.9897134062991177	0.010286593700881995
0.9863245419236419	0.013675458076357706
0.9886921795072332	0.011307820492766862
0.9639738318250738	0.036026168174926265
0.8635603877376832	0.13643961226231682
0.9809674745406852	0.019032525459314855
0.12442366041023499	0.8755763395897651
0.9215050359117302	0.07849496408826981
0.9890914579548444	0.010908542045155664
0.9924255344945965	0.007574465505403522
0.9870441143808134	0.012955885619186487
0.9805808655664385	0.01941913443356116
0.4712478566106805	0.5287521433893199
0.8031440751258117	0.19685592487418846
0.7067089795823138	0.293291020417686
0.9708230737259244	0.02917692627407542
0.04240484269090205	0.9575951573090983
0.5509614082374629	0.44903859176253724
0.6539164704322183	0.34608352956778154
0.7916256010243599	0.20837439897564022
0.8375351962235649	0.1624648037764349
0.8589897965584611	0.1410102034415387
0.7420976312750721	0.2579023687249277
0.681640194545104	0.3183598054548959
0.04903957980092647	0.9509604201990736
0.8743553331184303	0.12564466688156975
0.12969837515421015	0.8703016248457902
0.04845383110857914	0.9515461688914205
0.052201442786757604	0.9477985572132424
0.02519547685298497	0.9748045231470153
0.09811925531633875	0.9018807446836615
0.14398397866340423	0.8560160213365958
0.05219114238477868	0.9478088576152213
0.09438600376944573	0.9056139962305544
0.9948428152008059	0.00515718479919404
0.9496894547519713	0.050310545248028686
0.9881981018304313	0.011801898169568639
0.09674177132061007	0.9032582286793902
0.9843691164985334	0.01563088350146649
0.9897053935701912	0.010294606429808638
0.6341232593673485	0.3658767406326515
0.7330846596527395	0.2669153403472603
0.03370006403549461	0.9662999359645057
0.2210118280381005	0.7789881719618995
0.19494533222040894	0.8050546677795909
0.42967251195732764	0.5703274880426724
0.8284752283802166	0.17152477161978325
0.986096476881565	0.013903523118434995
0.5450211635958545	0.4549788364041457
0.7564289121114784	0.24357108788852194
0.05944171386977077	0.9405582861302294
0.011767817165120336	0.9882321828348796
0.8685401168516032	0.13145988314839663
0.751276600557559	0.24872339944244104
0.07048435935795745	0.9295156406420426
0.40331191217626056	0.5966880878237395
0.8026411168444743	0.19735888315552563
0.9827158366398154	0.01728416336018473
0.9254485476744446	0.07455145232555585
0.9854993572140986	0.014500642785901113
0.981457912820241	0.01854208717975916
0.35679674565695146	0.6432032543430488
0.04360960744911264	0.9563903925508876
0.9798147152952456	0.020185284704754478
0.979638065219037	0.020361934780963133
0.11149828664382135	0.8885017133561786
0.08196076100909913	0.9180392389909008
0.35979523569485145	0.6402047643051489
0.7403685597835415	0.25963144021645823
0.086917542605172	0.9130824573948283
0.9844681558986548	0.015531844101344984
0.04853016263699834	0.9514698373630013
0.0688934208196048	0.9311065791803954
0.44731161900773925	0.5526883809922607
0.030089379063425247	0.9699106209365748
0.08624759740271996	0.9137524025972801
0.03418245033122803	0.965817549668772
0.9889724960364353	0.011027503963564498
0.9764955086145923	0.02350449138540791
0.9721155244755945	0.027884475524405792
0.9836928020970351	0.016307197902964605
0.9721549807754702	0.027845019224529855
0.9853413046156383	0.014658695384361365
0.9516257191334438	0.048374280866555895
0.987254990316179	0.012745009683821093
0.9804303845141535	0.019569615485846275
0.05781734146779576	0.9421826585322046
0.9606485702894667	0.03935142971053339
0.10933214487616981	0.8906678551238301
0.9818162097249735	0.018183790275026406
0.9762744177084417	0.023725582291558574
0.6028328585945585	0.39716714140544135
0.5908716508774562	0.4091283491225441
0.9887227719467403	0.011277228053259673
0.9527922208089455	0.047207779191054317
0.20633630028013045	0.7936636997198696
0.9867923795933906	0.013207620406609187
0.9891904896887409	0.010809510311259063
0.9410264947560585	0.05897350524394162
0.9853103831938645	0.01468961680613505
0.9321655781783668	0.06783442182163339
0.9718079380630337	0.02819206193696619
0.9848568239665433	0.0151431760334568
0.9842256201290347	0.015774379870965315
0.958327535091778	0.04167246490822189
0.986165185471448	0.013834814528551523
0.9853301416168978	0.014669858383101935
0.9898032868444641	0.010196713155535806
0.9932601107405777	0.006739889259422132
0.9803382014390319	0.019661798560968054
0.9595415858625543	0.04045841413744568
0.5056140421473722	0.49438595785262807
0.9779396596380697	0.022060340361930247
0.959932152964534	0.04006784703546618
0.9949094892436098	0.005090510756390206
0.06988370948098313	0.9301162905190167
0.988877875663518	0.011122124336481916
0.935962410282157	0.06403758971784294
0.9801690798289263	0.019830920171073515
0.6522178278759846	0.3477821721240155
0.977418254087882	0.022581745912118055
0.9851559009121341	0.014844099087865648
0.606907832845936	0.3930921671540641
0.9893203915840227	0.010679608415977404
0.9885472009210413	0.011452799078958385
0.984361389953834	0.01563861004616584
0.9866365525273904	0.01336344747260974
0.20133912599522244	0.7986608740047778
0.9905886412405693	0.009411358759430673
0.9811766174207528	0.01882338257924684
0.9893689042032326	0.010631095796767248
0.984512223759766	0.015487776240233994
0.9849373353558071	0.01506266464419291
0.9916865952691402	0.008313404730859522
0.9524105366704031	0.04758946332959679
0.9823659927033996	0.01763400729660011
0.9892931259027326	0.010706874097267387
0.9896766706363903	0.010323329363609506
0.9718866649397332	0.028113335060267017
0.9786310752109038	0.021368924789096213
0.9807186230865768	0.019281376913423246
0.992153530377017	0.007846469622982888
0.9827717302138238	0.017228269786176
0.9816610319024632	0.018338968097536462
0.9860951098126448	0.013904890187355136
0.9624701043019211	0.03752989569807881
0.9907285543418418	0.009271445658158088
0.15593246860377158	0.8440675313962288
0.15450563173443535	0.8454943682655645
0.9920880889815469	0.007911911018453205
0.9960082514607812	0.003991748539218965
0.9829656575392147	0.017034342460785196
0.5721748708987583	0.4278251291012415
0.919733742203326	0.08026625779667387
0.262737031278101	0.737262968721899
0.9800380517790016	0.019961948220998435
0.9899743700708725	0.010025629929127346
0.9825048984171897	0.017495101582810223
0.9869896243412636	0.013010375658736285
0.9890086416699218	0.010991358330078124
0.974160000361659	0.02583999963834078
0.9067825127698697	0.0932174872301304
0.9921289280535507	0.007871071946449138
0.9266938886518525	0.07330611134814784
0.952399650993405	0.04760034900659495
0.9861399063698377	0.013860093630162336
0.9410455006596073	0.05895449934039274
0.9699852046099464	0.030014795390053618
0.9919701400189384	0.008029859981061751
0.982482318579941	0.017517681420059165
0.9760992397911121	0.02390076020888789
0.2558126183459728	0.7441873816540274
0.9550385579018118	0.04496144209818825
0.9846333044230983	0.015366695576901592
0.9812539948145604	0.018746005185439327
0.9896486345776416	0.010351365422358332
0.9735521008743692	0.026447899125630493
0.9884328089103783	0.01156719108962138
0.9928318979049147	0.007168102095085341
0.9845688607229203	0.015431139277079675
0.9953662682691053	0.004633731730894525
0.9858805298075007	0.01411947019249886
0.9842961362449416	0.01570386375505825
0.9898990863597004	0.010100913640299644
0.9876744740041298	0.012325525995870324
0.9745231969908233	0.02547680300917671
0.9802394956674791	0.019760504332520797
0.9890834297502279	0.010916570249771978
0.7157652905303228	0.2842347094696771
0.9741392547444492	0.025860745255550863
0.9048689589346125	0.09513104106538767
0.9854256338015969	0.014574366198402853
0.9924076988958747	0.007592301104125387
0.964672729516718	0.03532727048328187
0.9804268448314549	0.01957315516854466
0.9865474052343874	0.013452594765612473
0.64983809140765	0.3501619085923503
0.9489787009038818	0.05102129909611795
0.9377412334970083	0.062258766502992106
0.013095398335098849	0.9869046016649011
0.019309413605974938	0.9806905863940252
0.895032970872677	0.10496702912732303
0.9713268762373043	0.028673123762695568
0.9869162443682157	0.013083755631784502
0.9897811943543967	0.010218805645603322
0.9891128872657127	0.01088711273428698
0.9823141412508246	0.017685858749175182
0.9602119120805912	0.039788087919408785
0.9853314952149802	0.014668504785019854
0.986292619604957	0.01370738039504287
0.8879272750985524	0.11207272490144764
0.9950773335682129	0.004922666431787001
0.9815469283598047	0.01845307164019524
0.9866436016981598	0.013356398301840345
0.9850289929483629	0.014971007051637208
0.9801808963866959	0.0198191036133038
0.09329966546791851	0.9067003345320814
0.9859262298822175	0.014073770117782379
0.9879771209928802	0.012022879007119467
0.9756002175621138	0.02439978243788564
0.9875775656274324	0.012422434372567374
0.9914749710370171	0.008525028962982805
0.9618735802094256	0.03812641979057435
0.4359579804339846	0.5640420195660154
0.9866853860877093	0.013314613912290319
0.9968491119510762	0.0031508880489236803
0.9789308079511021	0.02106919204889762
0.9881160540732437	0.011883945926756434
0.9819450806301973	0.018054919369802698
0.9726242050155652	0.027375794984434827
0.9121776421797649	0.08782235782023497
0.9849704186585885	0.015029581341411276
0.9939700477773481	0.006029952222651858
0.9896386613196714	0.010361338680328482
0.9850552115148906	0.014944788485109408
0.9817707988674074	0.018229201132592673
0.9307486924031875	0.06925130759681258
0.9914696689686788	0.008530331031321059
0.9612934325587043	0.03870656744129589
0.9801809725771173	0.01981902742288232
0.38206245415994466	0.6179375458400553
0.9804482569785883	0.0195517430214116
0.8113243958452638	0.1886756041547361
0.9962191995438431	0.003780800456156849
0.9782861783035357	0.02171382169646415
0.9871320835950885	0.01286791640491159
0.9041606667634852	0.09583933323651488
0.9915577256478705	0.008442274352129684
0.9763576014584017	0.023642398541598185
0.11040709785363392	0.8895929021463667
0.9757049538273529	0.024295046172647078
0.9720407213904484	0.02795927860955145
0.98988585731502	0.010114142684979765
0.992499035274469	0.007500964725530973
0.9836613656147389	0.016338634385260686
0.5169344674399579	0.4830655325600422
0.9782768583308828	0.021723141669117155
0.933962038230953	0.06603796176904674
0.940007720986169	0.05999227901383111
0.04781706830275664	0.9521829316972434
0.9204021209728827	0.0795978790271173
0.928868958244419	0.07113104175558087
0.9645082100139899	0.035491789986009825
0.9304422220788511	0.06955777792114873
0.9668491358597098	0.033150864140289886
0.07825333385289594	0.9217466661471042
0.9881997605612048	0.011800239438795126
0.9678716439336467	0.03212835606635351
0.9612151513870831	0.038784848612916714
0.983119115779484	0.01688088422051596
0.2587661187765773	0.7412338812234229
0.8717437194083756	0.1282562805916243
0.9820927829277695	0.017907217072230405
0.9808563041630178	0.019143695836982333
0.9347000200954325	0.06529997990456766
0.9740017519300594	0.025998248069940364
0.8353209238430385	0.16467907615696123
0.10828268025931787	0.8917173197406821
0.9490665805382522	0.05093341946174803
0.9889428169234372	0.01105718307656288
0.9911776096050317	0.008822390394968398
0.689044036367351	0.31095596363264855
0.9559555175333471	0.04404448246665289
0.9241557152883111	0.07584428471168918
0.9832616884086453	0.016738311591354655
0.03513440498291697	0.9648655950170831
0.9067633751821773	0.0932366248178227
0.9904644448518948	0.009535555148105269
0.9907975008704423	0.009202499129557683
0.0904786415863586	0.9095213584136417
0.9207449678866599	0.0792550321133401
0.989476746225592	0.010523253774407531
0.9872679754120485	0.012732024587951352
0.9935781580256191	0.006421841974380972
0.08808517572824145	0.9119148242717582
0.9643349318573498	0.03566506814265031
0.939163983143643	0.0608360168563569
0.9288440888029912	0.07115591119700852
0.04320623359647481	0.9567937664035254
0.9495166812180907	0.05048331878190911
0.034492007442214284	0.9655079925577855
0.21014800415877155	0.7898519958412286
0.982506122071196	0.017493877928804052
0.9732760650834159	0.02672393491658423
0.9913396124999412	0.008660387500058497
0.9660596833028117	0.033940316697188236
0.05959784401172339	0.9404021559882771
0.9934116859999239	0.006588314000076004
0.9570595857029442	0.04294041429705575
0.9947090692144899	0.005290930785510014
0.9858068856269975	0.014193114373002367
0.9584607885913126	0.04153921140868743
0.98728929259829	0.012710707401709861
0.9225989512026886	0.07740104879731108
0.9886001371337888	0.01139986286621081
0.8992862825542208	0.10071371744577931
0.9427625133667482	0.05723748663325172
0.982569199700826	0.017430800299173845
0.9905651056949472	0.009434894305052838
0.9745689729418672	0.025431027058132483
0.9306652978218339	0.06933470217816633
0.9495649608194404	0.050435039180559305
0.9899071786567697	0.010092821343230246
0.7600929727323634	0.23990702726763632
0.9869596070245191	0.01304039297548073
0.312029313398855	0.687970686601145
0.20461864907803928	0.7953813509219607
0.05189691558620052	0.9481030844137996
0.9869446029301655	0.013055397069834496
0.9941524620452159	0.005847537954784122
0.9870581649427695	0.01294183505723047
0.022576084940851154	0.9774239150591494
0.9507537794646959	0.04924622053530431
0.09455050023510986	0.9054494997648902
0.4700210040765431	0.5299789959234568
0.8913737339490757	0.10862626605092414
0.9834233726249445	0.016576627375055053
0.10514299983870484	0.8948570001612947
0.97795673303497	0.02204326696502985
0.9893552657604877	0.0106447342395121
0.9863384366347594	0.013661563365240603
0.97656585080993	0.023434149190069923
0.9935228374362999	0.006477162563700114
0.9633606983619647	0.036639301638035235
0.9913082748050647	0.008691725194935121
0.9869589687188135	0.013041031281186584
0.9825300665617838	0.017469933438216328
0.9847632798860482	0.015236720113951774
0.9764629924518584	0.023537007548141663
0.986566593503612	0.013433406496387839
0.9909240804884547	0.009075919511545339
0.7182787087520593	0.2817212912479406
0.9071517606574713	0.09284823934252878
0.9907871440750421	0.009212855924957724
0.9020934656162828	0.0979065343837172
0.9858853621320184	0.014114637867981844
0.8924137871381904	0.10758621286180958
0.9599251834744149	0.040074816525585054
0.9443122556656323	0.05568774433436802
0.979175561983967	0.020824438016033016
0.9911178849668703	0.008882115033129823
0.9895453814502322	0.010454618549767859
0.719938946588815	0.28006105341118526
0.9248772349647268	0.07512276503527343
0.2484283694853937	0.7515716305146062
0.9937637249455484	0.006236275054451361
0.9506200484478043	0.04937995155219538
0.9818468940565162	0.018153105943483815
0.824529052736022	0.17547094726397802
0.9484384153998127	0.05156158460018737
0.9810449071712894	0.018955092828710395
0.05855100284517363	0.9414489971548261
0.9795993283539077	0.020400671646092182
0.9033043796016728	0.09669562039832727
0.9915256502048032	0.008474349795196554
0.981543619067188	0.01845638093281198
0.9933495787980224	0.006650421201977465
0.968666954569381	0.031333045430618954
0.9919398115815927	0.008060188418407156
0.04681810748178565	0.9531818925182143
0.9853235748874556	0.0146764251125445
0.9772549344195995	0.02274506558040024
0.08654619633136555	0.913453803668634
0.9475722349399515	0.05242776506004879
0.13041094323688088	0.8695890567631193
0.9854627625808213	0.014537237419178738
0.9802833800090412	0.01971661999095867
0.7476851411117396	0.2523148588882604
0.9828833071041643	0.017116692895835395
0.9839458031476147	0.01605419685238509
0.9802847453728262	0.019715254627173925
0.9879858051573216	0.012014194842678348
0.9399597458075367	0.06004025419246319
0.9830342745509659	0.01696572544903383
0.975312952987014	0.024687047012985793
0.9786603842883589	0.021339615711640943
0.9696609128372995	0.030339087162700472
0.9691355658426373	0.03086443415736279
0.6359676803427462	0.3640323196572539
0.36703497627854703	0.6329650237214531
0.6957133531155596	0.3042866468844402
0.7098900060379458	0.2901099939620544
0.06846145011057392	0.9315385498894264
0.8748484729018646	0.12515152709813562
0.8974134596628405	0.10258654033715948
0.6956842847251449	0.30431571527485535
0.1911926500492603	0.8088073499507401
0.315639255828011	0.6843607441719892
0.9855806661634792	0.014419333836520878
0.9851793142351193	0.014820685764880714
0.9738295005498269	0.0261704994501732
0.5263362844075012	0.47366371559249887
0.992109923298034	0.00789007670196613
0.22670988779300605	0.773290112206994
0.9876584536150962	0.012341546384903347
0.9803012016069402	0.01969879839305942
0.9123523779101699	0.08764762208983017
0.9905314274297105	0.009468572570289385
0.7692832273429846	0.2307167726570155
0.8568912102103247	0.1431087897896752
0.051192593851685925	0.948807406148314
0.971709511354965	0.028290488645035142
0.506415601513099	0.49358439848690117
0.024970098614679772	0.9750299013853205
0.05092011094329784	0.9490798890567024
0.058725031647159386	0.941274968352841
0.0907008911506807	0.9092991088493195
0.235140881786995	0.764859118213005
0.8919113540910586	0.10808864590894154
0.9822550677307533	0.017744932269246387
0.9725063804252528	0.027493619574747274
0.9300542435233617	0.0699457564766382
0.9828720379390471	0.01712796206095265
0.9854049413763063	0.01459505862369352
0.9867733774983904	0.013226622501609664
0.9800245819402051	0.019975418059794997
0.9948496288829543	0.005150371117045673
0.9802790777152619	0.019720922284737902
0.9828796437770748	0.017120356222925282
0.9764952755323936	0.023504724467606306
0.23620249666831283	0.7637975033316873
0.5913517454733629	0.4086482545266371
0.9244002658993489	0.07559973410065153
0.7151296325328004	0.28487036746719974
0.8777341238977553	0.12226587610224503
0.9051783773605608	0.09482162263943912
0.6116934395749237	0.38830656042507633
0.9867482420936821	0.013251757906317472
0.9521235754468691	0.04787642455313081
0.9835486342671167	0.016451365732882983
0.8352688159820909	0.16473118401790907
0.9631821549219292	0.036817845078070885
0.8892684972978175	0.11073150270218265
0.9696554644066591	0.030344535593340827
0.994566668752581	0.005433331247418919
0.9889594953677237	0.0110405046322764
0.9210285762095483	0.07897142379045158
0.943175144433392	0.05682485556660781
0.9872343874966683	0.012765612503331268
0.5904369138763864	0.40956308612361375
0.12721645309294774	0.872783546907052
0.9213293667925287	0.07867063320747118
0.03674791639382983	0.9632520836061701
0.37967025951490335	0.6203297404850968
0.9820608128853858	0.017939187114614077
0.20284500372791672	0.7971549962720832
0.9534470692516928	0.04655293074830709
0.15023813647188908	0.849761863528111
0.9842105725331602	0.015789427466839777
0.19192536322832407	0.808074636771676
0.9859248126571444	0.014075187342855677
0.9849538930171465	0.015046106982853493
0.9355738831062926	0.06442611689370709
0.9857780507220696	0.01422194927793049
0.7603863194560347	0.2396136805439651
0.9766323117489975	0.0233676882510023
0.07639829190250748	0.9236017080974926
0.20772820511705156	0.7922717948829486
0.9931311251746295	0.006868874825370237
0.9873062597123048	0.012693740287695002
0.9963503059789264	0.003649694021073567
0.9951775155923677	0.0048224844076321036
0.9865863058746419	0.013413694125358346
0.9874250947069122	0.012574905293087767
0.9462798828120562	0.05372011718794388
0.10657431113943776	0.8934256888605618
0.9820607745794422	0.017939225420557602
0.931428466979106	0.06857153302089405
0.9608118326465233	0.03918816735347688
0.9466787215473329	0.053321278452667126
0.9730493926244482	0.026950607375551675
0.2698258434482011	0.7301741565517988
0.9690940553753334	0.03090594462466645
0.976417526186793	0.023582473813206998
0.17085061802270665	0.8291493819772934
0.9702607521119646	0.029739247888035298
0.062466640259796556	0.9375333597402034
0.9781503973869198	0.021849602613080082
0.5287356156142295	0.4712643843857707
0.2575282902229119	0.7424717097770887
0.9940463523474858	0.00595364765251429
0.9071307262707927	0.0928692737292074
0.5573812936687799	0.44261870633122036
0.048298515936812725	0.9517014840631874
0.6563833135642838	0.343616686435716
0.977584627488892	0.02241537251110784
0.08619271013674368	0.9138072898632563
0.8241939471472953	0.17580605285270465
0.9830898111614299	0.01691018883857023
0.9760485927319764	0.023951407268023472
0.977257673121631	0.0227423268783686
0.9799839625563385	0.020016037443661414
0.9891215934726609	0.010878406527338768
0.9956730530096556	0.004326946990344424
0.011857360224649869	0.9881426397753499
0.17238822824909528	0.8276117717509045
0.9791756887868136	0.020824311213186234
0.973832437549779	0.026167562450221227
0.9783285186140483	0.02167148138595154
0.9732593554688386	0.02674064453116136
0.2105275726307231	0.789472427369277
0.9921857385748377	0.007814261425162275
0.6909773081468419	0.3090226918531583
0.9894809453245281	0.010519054675471692
0.9874071296765701	0.012592870323429943
0.9826465327323436	0.017353467267656374
0.7323356895617029	0.2676643104382971
0.9496068911441159	0.05039310885588399
0.09735044866249129	0.902649551337509
0.09290608476019288	0.9070939152398071
0.9474809548293386	0.05251904517066135
0.990491373429262	0.009508626570738065
0.7369748157971059	0.2630251842028943
0.8709126890119829	0.12908731098801726
0.9867508027347281	0.013249197265271693
0.986901387964087	0.013098612035912817
0.9958619100569145	0.004138089943085898
0.10577782881375754	0.8942221711862425
0.9486618765257715	0.05133812347422864
0.9878172847999706	0.012182715200029252
0.9833815599188592	0.01661844008114079
0.04919204254083173	0.9508079574591687
0.777658310715783	0.2223416892842169
0.9905619184819082	0.009438081518091562
0.9687836635930374	0.031216336406962784
0.9862599992676525	0.013740000732347626
0.9835390936642652	0.016460906335734625
0.9886051966406366	0.011394803359363149
0.9900152770128985	0.009984722987101449
0.11173552806474428	0.8882644719352558
0.9689329975726872	0.031067002427312654
0.9008391692801987	0.09916083071980103
0.9905028331104149	0.009497166889585303
0.9869010515281741	0.013098948471825987
0.9217354879777191	0.07826451202228082
0.9930104174505052	0.0069895825494944415
0.9793701037125235	0.020629896287476485
0.9823547831437351	0.017645216856264887
0.49501338939836875	0.504986610601631
0.9870014267315774	0.012998573268422514
0.9877930738381496	0.01220692616185026
0.9846525386851015	0.01534746131489852
0.993277863801947	0.006722136198052953
0.9468447968475969	0.05315520315240316
0.9666322321905821	0.033367767809418004
0.9834114835263794	0.016588516473620366
0.9889004667155858	0.011099533284414084
0.9787328377603914	0.021267162239608724
0.9702583335745962	0.0297416664254039
0.8011673874024603	0.19883261259753926
0.9759312640075966	0.024068735992403466
0.9723199468607643	0.02768005313923577
0.08469226753358608	0.9153077324664141
0.9766890947490613	0.02331090525093903
0.9792852454462363	0.02071475455376389
0.7010225029177417	0.29897749708225846
0.985033753633771	0.014966246366228652
0.038832282231279776	0.9611677177687202
0.41410316443403766	0.5858968355659624
0.9819391626313855	0.018060837368614607
0.6371477343092938	0.3628522656907061
0.6006636218180816	0.3993363781819185
0.9834303900545511	0.016569609945448534
0.9803466071752054	0.019653392824794516
0.9789761091579525	0.021023890842047307
0.9904135447936205	0.009586455206378968
0.9824166563642387	0.017583343635761126
0.9044116818938803	0.09558831810611965
0.4326525849485174	0.5673474150514828
0.9032043109824115	0.09679568901758913
0.9949084532718773	0.005091546728122843
0.08288031915918609	0.9171196808408137
0.04502884643238934	0.9549711535676111
0.9878960915494113	0.012103908450588381
0.9750719487233249	0.02492805127667532
0.984263357478121	0.015736642521878737
0.1590094009274905	0.8409905990725096
0.9665624502491404	0.03343754975085956
0.9888230400774499	0.011176959922549967
0.980206336988234	0.019793663011765866
0.9830030925417249	0.016996907458275402
0.9837853544074093	0.016214645592590723
0.9804510162071964	0.019548983792803613
0.9504885031658532	0.04951149683414683
0.9820448813382222	0.017955118661777774
0.991992542268812	0.00800745773118811
0.9863697138342405	0.013630286165759217
0.9660548595461065	0.03394514045389364
0.9780386240690965	0.021961375930903443
0.992704974387199	0.007295025612801098
0.26314866911095613	0.736851330889044
0.9824111117973618	0.017588888202638268
0.6982520097867763	0.3017479902132238
0.9326263271188577	0.06737367288114218
0.990010711971655	0.00998928802834494
0.9204932339862678	0.07950676601373237
0.8957874181323991	0.1042125818676006
0.1782570879309242	0.8217429120690761
0.9464921267536538	0.053507873246346246
0.9730259403117245	0.02697405968827533
0.3727275385073263	0.6272724614926737
0.987339306215356	0.01266069378464358
0.9856938883175507	0.014306111682449291
0.9176101084606594	0.08238989153934063
0.06609398382228267	0.9339060161777174
0.04608374133658786	0.9539162586634121
0.17000515089341234	0.8299948491065875
0.9853388733673885	0.014661126632611283
0.9398099123038803	0.06019008769611954
0.9868639411930838	0.013136058806916033
0.05510301291860241	0.9448969870813975
0.9217498105555975	0.0782501894444027
0.9861403472916095	0.013859652708390447
0.9919543035211311	0.008045696478868745
0.9832558729462261	0.016744127053773802
0.9823515127724443	0.01764848722755574
0.9933425947226645	0.006657405277335421
0.9771026675385214	0.022897332461478345
0.9595553456047382	0.04044465439526169
0.93220110786208	0.06779889213792004
0.9918196405302531	0.008180359469746778
0.9822189769869588	0.01778102301304116
0.9491842837578459	0.05081571624215418
0.9737834736827363	0.026216526317263424
0.9403435415399403	0.059656458460059555
0.9886711426936159	0.011328857306384112
0.9899996210304677	0.010000378969532344
0.98486950583292	0.015130494167080193
0.9889865758081526	0.011013424191847244
0.9871014401680317	0.012898559831968071
0.9898715502272184	0.01012844977278165
0.6974966842203272	0.3025033157796728
0.990193721992557	0.009806278007442873
0.9367279708915374	0.06327202910846261
0.9852694866932916	0.014730513306708503
0.9960037153420334	0.003996284657966677
0.21969037755168488	0.7803096224483148
0.7654852293983682	0.23451477060163176
0.9817020090407571	0.018297990959242547
0.9785608454629272	0.021439154537072527
0.987159631830601	0.012840368169399066
0.15537543003213167	0.8446245699678685
0.9864727494756343	0.013527250524365486
0.7805085728080651	0.21949142719193485
0.9831093280589864	0.016890671941013548
0.9819845268154639	0.018015473184536227
0.9890230276638629	0.01097697233613697
0.9828928442512115	0.017107155748788294
0.9922871282321266	0.007712871767873109
0.7230922811652917	0.2769077188347082
0.9891992811129162	0.010800718887083694
0.9883945850697056	0.011605414930294395
0.9797997516352364	0.02020024836476369
0.845346057924681	0.15465394207531877
0.8280841754333714	0.1719158245666285
0.9726276098768868	0.027372390123113058
0.08355040400832932	0.9164495959916704
0.1732148817306837	0.8267851182693166
0.3525455741566805	0.6474544258433196
0.36599310508345	0.63400689491655
0.16883103797458054	0.8311689620254192
0.9885627877650792	0.011437212234920793
0.9775678318808549	0.022432168119145154
0.9750489539849003	0.024951046015099686
0.981111263447687	0.01888873655231318
0.41427852912882007	0.5857214708711803
0.9789615663342707	0.02103843366572936
0.9836245132012135	0.01637548679878632
0.9215708229364883	0.07842917706351185
0.9905729904635298	0.00942700953646996
0.9894375344594499	0.010562465540549675
0.9904118270612996	0.009588172938700464
0.0427983606053177	0.9572016393946822
0.34425767411168096	0.6557423258883192
0.9442874441762139	0.05571255582378591
0.9909118406988305	0.009088159301169024
0.792023262748434	0.20797673725156607
0.9812692760716375	0.018730723928362263
0.2219486932663018	0.7780513067336985
0.9716349028194129	0.028365097180587096
0.9706649840760545	0.029335015923945648
0.8886252851165718	0.1113747148834285
0.9134208459735151	0.08657915402648499
0.7511108374547796	0.2488891625452207
0.9815600300905228	0.018439969909477095
0.9651127309023075	0.034887269097692485
0.9850634457093242	0.014936554290675636
0.032618371889387106	0.967381628110613
0.9911909981347685	0.00880900186523147
0.30387805948282876	0.6961219405171714
0.11631528876407671	0.8836847112359237
0.9931586884591718	0.006841311540828272
0.7768410675094954	0.22315893249050445
0.6726568726609071	0.327343127339093
0.025380133128808272	0.9746198668711916
0.04447108960492118	0.9555289103950788
0.6529053788924295	0.3470946211075705
0.7463127837633017	0.2536872162366983
0.40118188368034835	0.5988181163196515
0.07173600612193716	0.928263993878063
0.3412909163540925	0.6587090836459076
0.17407531366892473	0.8259246863310753
0.29773882141820557	0.7022611785817946
0.6889745584964213	0.3110254415035787
0.03335982153084401	0.9666401784691562
0.043031776411134225	0.9569682235888658
0.8813617755981501	0.11863822440184996
0.973796271066104	0.026203728933895876
0.9864464835048474	0.013553516495152634
0.9839140583225476	0.016085941677452222
0.9754400339435431	0.02455996605645673
0.9818414888686178	0.018158511131382254
0.9829101097396017	0.01708989026039844
0.9855303998164309	0.014469600183569138
0.9758651993071956	0.024134800692804412
0.2557096372062624	0.7442903627937376
0.9832750515085502	0.016724948491449697
0.9683765368210422	0.03162346317895769
0.8932248905194254	0.10677510948057481
0.9910106946566455	0.00898930534335423
0.43358834492054166	0.5664116550794582
0.9724517432973725	0.027548256702627526
0.9703659467452619	0.029634053254738134
0.9770565493594304	0.022943450640569574
0.058471752256049454	0.941528247743951
0.9048386056918227	0.09516139430817715
0.9896386726706946	0.010361327329305385
0.6988136133448042	0.30118638665519615
0.9928674020826067	0.007132597917393514
0.9485912475670796	0.051408752432920556
0.9898192327806666	0.010180767219333307
0.9603055488106957	0.039694451189304425
0.852774777951889	0.14722522204811098
0.9878589018859847	0.012141098114014974
0.2086037058658427	0.7913962941341574
0.9819337827064384	0.018066217293561632
0.9677970728341333	0.03220292716586667
0.9454899155307248	0.054510084469275286
0.9178977116871785	0.08210228831282132
0.9131575156631081	0.08684248433689219
0.9846735546148554	0.015326445385144776
0.9626676002377799	0.03733239976221992
0.05151838949470212	0.948481610505298
0.9613995570543448	0.03860044294565532
0.8557606720001212	0.14423932799987874
0.9859588984348667	0.014041101565133085
0.9838721907045921	0.01612780929540774
0.0815780672552259	0.9184219327447738
0.9700664977604485	0.02993350223955143
0.9860544478084847	0.01394555219151516
0.9731275225881977	0.0268724774118021
0.9600604881012653	0.03993951189873448
0.925187389347612	0.07481261065238805
0.9870227639636845	0.012977236036315428
0.9955369109453918	0.004463089054608235
0.9223203710970058	0.07767962890299435
0.9805847829899287	0.019415217010071255
0.9391088762761567	0.060891123723843546
0.9880069211218091	0.011993078878190754
0.9845682082211114	0.015431791778888619
0.06508423603162765	0.9349157639683725
0.9860472441381204	0.013952755861879405
0.9867792082575503	0.013220791742449632
0.9664197422356725	0.03358025776432753
0.9818421903594244	0.018157809640575485
0.9840732953799117	0.015926704620088227
0.9422401753737322	0.057759824626267824
0.8283209900469043	0.17167900995309548
0.9763411232160242	0.023658876783975696
0.9813958663129283	0.018604133687071474
0.9567019181358777	0.04329808186412258
0.8134450136236032	0.1865549863763968
0.9645727942778205	0.03542720572217938
0.9844755618427341	0.01552443815726553
0.932998742097231	0.06700125790276877
0.10265149166391098	0.8973485083360891
0.06278980012561464	0.9372101998743853
0.4478511508559819	0.5521488491440182
0.9814400013126101	0.0185599986873899
0.9880706546761165	0.011929345323883804
0.9890501314624077	0.010949868537592247
0.9824829270127428	0.0175170729872572
0.91493913270317	0.08506086729683048
0.9897453112374859	0.010254688762513984
0.9754811074864087	0.024518892513591236
0.9888066552908381	0.011193344709161578
0.9896596734841216	0.010340326515878392
0.971704444338423	0.028295555661577106
0.9912246797705366	0.008775320229463077
0.9714588650907507	0.02854113490924943
0.9909728475627726	0.009027152437227137
0.9946487932494502	0.005351206750549739
0.7932279020561048	0.20677209794389526
0.4028543124343598	0.5971456875656403
0.9860019938790779	0.013998006120921865
0.9886751544528051	0.01132484554719499
0.02397016511826653	0.9760298348817336
0.9590956302248999	0.040904369775100174
0.9480105908140212	0.05198940918597879
0.9821982540458475	0.017801745954152532
0.9899120069154261	0.010087993084573565
0.9828625687391285	0.0171374312608712
0.9783918286115829	0.021608171388417072
0.9583407098969172	0.04165929010308268
0.9867880399063934	0.01321196009360629
0.9925253325974712	0.007474667402528627
0.9897975468615425	0.010202453138457433
0.9584432921065479	0.041556707893452005
0.9824714778120621	0.017528522187937993
0.9212193010495048	0.07878069895049516
0.991264813663893	0.008735186336106936
0.9896800736457465	0.010319926354253613
0.4405482651356724	0.5594517348643275
0.9545634571990094	0.04543654280099065
0.9786948943922392	0.021305105607760798
0.0690671076990536	0.9309328923009466
0.9904104003328331	0.009589599667166626
0.9852476760118243	0.014752323988175503
0.9969822252964515	0.003017774703548617
0.9347261610673011	0.0652738389326988
0.9876993704721897	0.01230062952781023
0.25584656468826616	0.7441534353117336
0.9724338357040027	0.02756616429599733
0.03824606265970916	0.9617539373402905
0.9888987974150082	0.011101202584991395
0.07858305867269194	0.9214169413273082
0.9786796629378641	0.021320337062135698
0.03722355614202046	0.9627764438579791
0.9259173495010296	0.0740826504989698
0.3007458264724663	0.6992541735275337
0.9887390934229976	0.011260906577002194
0.08715522176536655	0.9128447782346335
0.9340546950964227	0.06594530490357725
0.9816359441434597	0.018364055856540277
0.9208612086143743	0.07913879138562581
0.6595601567752205	0.3404398432247799
0.952766644662684	0.04723335533731587
0.9658421715619735	0.03415782843802653
0.871208782756409	0.12879121724359124
0.9014444084280663	0.0985555915719339
0.9880802629814533	0.011919737018546513
0.9317619247684583	0.06823807523154152
0.9692811939449839	0.030718806055016062
0.9692664699697482	0.03073353003025173
0.9790429481570979	0.02095705184290188
0.9938187362671314	0.006181263732868749
0.9869276152790136	0.013072384720986445
0.9643109366170883	0.03568906338291158
0.98319056289878	0.01680943710121962
0.9837112891110705	0.016288710888929595
0.9736893468608568	0.026310653139142923
0.9820673867216679	0.017932613278331982
0.9823691263522802	0.01763087364771958
0.978599135396881	0.021400864603119213
0.9529290930910181	0.04707090690898211
0.0578860053227284	0.9421139946772719
0.9844368617685472	0.015563138231452944
0.9849137551118041	0.015086244888195878
0.923605325102479	0.07639467489752114
0.9903261107131853	0.009673889286814513
0.9924488739509368	0.007551126049063024
0.9933463969206021	0.006653603079397829
0.9558269745633153	0.04417302543668466
0.9881276170229395	0.011872382977060301
0.12332956701265557	0.8766704329873442
0.9883155972596702	0.011684402740329381
0.9864128779199508	0.013587122080049046
0.9878666249397168	0.012133375060283167
0.9525853120900343	0.04741468790996603
0.10544519245985415	0.8945548075401457
0.9905472592127461	0.009452740787253843
0.9849139025855649	0.015086097414434972
0.9877519278285005	0.012248072171499248
0.9508823181999305	0.04911768180006945
0.34755216058185956	0.6524478394181403
0.985276801174584	0.01472319882541573
0.9893276600939075	0.010672339906092523
0.14312829540173702	0.856871704598263
0.9946562015238674	0.005343798476132503
0.9508402606776073	0.04915973932239277
0.9814018668573405	0.018598133142659443
0.980445453906348	0.01955454609365203
0.9892714731533477	0.010728526846651957
0.9678253835437913	0.032174616456208366
0.9756243765184297	0.024375623481570366
0.9862607368791291	0.013739263120870655
0.32690841829793493	0.6730915817020653
0.5195406071379609	0.4804593928620392
0.9893988297565579	0.01060117024344207
0.7729116862194806	0.2270883137805194
0.2413946801986356	0.7586053198013646
0.06380211354083107	0.9361978864591691
0.2560407479484279	0.7439592520515725
0.699406659098512	0.30059334090148804
0.9862420540858343	0.013757945914165485
0.5962096284694859	0.40379037153051406
0.5661188653658298	0.4338811346341703
0.13407763274809978	0.8659223672519005
0.3940800039537482	0.6059199960462525
0.679252987668561	0.32074701233143854
0.04694809469481865	0.9530519053051815
0.18083903321370717	0.8191609667862927
0.871199959396125	0.12880004060387487
0.8955081094835701	0.10449189051642988
0.09522075631114094	0.9047792436888593
0.1640243275822241	0.8359756724177764
0.7778542688969377	0.22214573110306243
0.5624932277249838	0.43750677227501616
0.06251587142799045	0.9374841285720096
0.48009703684339755	0.5199029631566028
0.7925738248719689	0.207426175128031
0.43110940898157957	0.5688905910184208
0.28615632950179437	0.7138436704982059
0.038498581895172294	0.9615014181048279
0.7483765600241261	0.251623439975874
0.051249070651529144	0.9487509293484713
0.04599151158345752	0.9540084884165426
0.9590950103904818	0.04090498960951808
0.9884176806443367	0.011582319355663492
0.9598055890072102	0.04019441099278976
0.965950884429966	0.034049115570033796
0.920527717925632	0.07947228207436757
0.9328830756929152	0.06711692430708456
0.9891764594605388	0.010823540539460927
0.9695635498966668	0.03043645010333325
0.9946141243401847	0.005385875659815017
0.9800440495652266	0.01995595043477293
0.9754648678225465	0.024535132177453428
0.9657519280985137	0.03424807190148674
0.9889779473701421	0.011022052629857804
0.05050478279870977	0.9494952172012904
0.9654266801075266	0.03457331989247346
0.9325298135796587	0.06747018642034147
0.9836070797891416	0.016392920210858072
0.06369423615362851	0.9363057638463715
0.9155362964380083	0.08446370356199165
0.9444789355105477	0.05552106448945213
0.07671848769560877	0.9232815123043914
0.9166715164708181	0.08332848352918157
0.9820777240993476	0.017922275900652006
0.989301446467424	0.010698553532576045
0.9918571417954262	0.008142858204573824
0.9878102269230692	0.012189773076930643
0.972047274021276	0.027952725978723624
0.09156497245060664	0.9084350275493931
0.9542051739693668	0.04579482603063326
0.9740057167595062	0.02599428324049378
0.9342217243083922	0.06577827569160781
0.9295211856043087	0.07047881439569122
0.9789534043119724	0.02104659568802754
0.9841979334161993	0.0158020665838007
0.9878071126122232	0.012192887387776338
0.055378341240533126	0.9446216587594674
0.9896528388146532	0.010347161185346825
0.04106046837764728	0.9589395316223529
0.9852026864180674	0.0147973135819323
0.9860025861173523	0.013997413882647516
0.9873616463717875	0.012638353628212253
0.06628294517105701	0.9337170548289428
0.9906864993276426	0.0093135006723572
0.07227550448954206	0.927724495510458
0.4790474550018593	0.5209525449981409
0.9599256674773623	0.04007433252263779
0.9591046234759486	0.040895376524051376
0.9694589051211914	0.030541094878808576
0.9784985438301768	0.021501456169823206
0.9896890190053378	0.01031098099466229
0.9044504227730513	0.09554957722694858
0.979487476536886	0.02051252346311402
0.9810949296602217	0.018905070339778056
0.12908584859543848	0.8709141514045616
0.9941553779932738	0.005844622006726097
0.1640020930185011	0.835997906981499
0.2501115882982534	0.7498884117017465
0.3355076354255857	0.6644923645744143
0.9022420669513253	0.09775793304867458
0.04140143573752033	0.95859856426248
0.8754689879138021	0.12453101208619799
0.6056743440685094	0.39432565593149055
0.07193453680097518	0.9280654631990246
0.3860835087925446	0.6139164912074555
0.5646493011177397	0.43535069888226063
0.051195576369893955	0.9488044236301064
0.6610837141412762	0.33891628585872374
0.24740501243889007	0.7525949875611099
0.39062356671997833	0.6093764332800218
0.06606731396975707	0.9339326860302429
0.006031891864053628	0.9939681081359466
0.8305367924109912	0.16946320758900885
0.009473263249700365	0.9905267367502997
0.26994063757953346	0.7300593624204664
0.15143688923937898	0.8485631107606211
0.03623518682289037	0.9637648131771099
0.23108732226821452	0.7689126777317855
0.9755750291979706	0.024424970802029183
0.9914040924125473	0.008595907587452333
0.9884621520328524	0.011537847967147448
0.9934993924962418	0.006500607503758222
0.9479727827253831	0.05202721727461713
0.977900063296667	0.022099936703333177
0.9865991009622508	0.013400899037749315
0.10170236654543642	0.8982976334545637
0.09276646760586163	0.9072335323941387
0.831812390421356	0.16818760957864407
0.9513517292386788	0.0486482707613209
0.9505219251081101	0.04947807489188999
0.4074150532055345	0.5925849467944655
0.9873912037538426	0.012608796246157357
0.9917718853619354	0.008228114638064742
0.9406126352372414	0.05938736476275894
0.9438554362977836	0.056144563702216425
0.9107916532214345	0.0892083467785654
0.9494139931212736	0.05058600687872657
0.19738623297293711	0.8026137670270633
0.7906847272470812	0.20931527275291884
0.9897227273931994	0.01027727260680069
0.9841996545796847	0.01580034542031482
0.980717226117779	0.01928277388222094
0.9814307747594181	0.018569225240581643
0.03039528764861151	0.9696047123513885
0.9882140881186019	0.011785911881398119
0.9525061929602352	0.04749380703976493
0.9801456937880547	0.019854306211945172
0.9551943196595984	0.044805680340401374
0.7707837399255097	0.22921626007449
0.3373097819753579	0.6626902180246422
0.2705290029759661	0.729470997024034
0.9887075103374605	0.011292489662539575
0.9743479675622387	0.02565203243776099
0.9862316196148032	0.013768380385196606
0.9780502046412558	0.021949795358743866
0.09972227713466354	0.9002777228653364
0.10911801977249164	0.8908819802275089
0.09091081842674273	0.9090891815732572
0.9360459145848092	0.06395408541519074
0.4755120646781706	0.5244879353218296
0.7052370194729427	0.2947629805270574
0.9854223525509294	0.014577647449070648
0.991366194979605	0.008633805020394618
0.9860008087124364	0.013999191287563148
0.9739780297428738	0.026021970257125986
0.6074697117596503	0.3925302882403498
0.034165408003618836	0.9658345919963813
0.9788465860722446	0.021153413927755098
0.9446834375656799	0.05531656243432033
0.8843474537956989	0.11565254620430125
0.081272149036067	0.9187278509639328
0.9656946756399715	0.03430532436002849
0.9027965083051928	0.09720349169480733
0.9803799779838552	0.019620022016144576
0.9963618644442799	0.0036381355557202812
0.7177602489325376	0.28223975106746224
0.9842591682536214	0.01574083174637862
0.14155787550276266	0.8584421244972371
0.9406108805381291	0.059389119461870976
0.9937393705633336	0.006260629436666521
0.9765642257862664	0.02343577421373364
0.6991760189180242	0.3008239810819761
0.11444125638056424	0.8855587436194357
0.9875194967311737	0.01248050326882618
0.9915247442681657	0.008475255731834412
0.7279345341593043	0.2720654658406956
0.796722282434122	0.20327771756587817
0.2099357672043703	0.7900642327956301
0.04127799875430397	0.9587220012456958
0.030325614468793526	0.9696743855312066
0.9464180783459866	0.05358192165401328
0.9877407555351561	0.012259244464843493
0.9861397936478913	0.013860206352108684
0.13858595587487557	0.8614140441251241
0.14176189185367666	0.8582381081463233
0.9887679015285754	0.011232098471424335
0.986845971337963	0.013154028662036903
0.6064155653621637	0.3935844346378365
0.9872489536924083	0.012751046307591636
0.6554501207826169	0.34454987921738345
0.9898307343384318	0.01016926566156788
0.9956271997172499	0.004372800282750171
0.9668584626167841	0.033141537383216145
0.9826058247957761	0.01739417520422383
0.9127082534015919	0.08729174659840835
0.9769542040147928	0.02304579598520702
0.9297198734555852	0.07028012654441465
0.12417040055046424	0.8758295994495354
0.9535494848572564	0.04645051514274362
0.7498071018008468	0.250192898199153
0.964664580840202	0.035335419159797946
0.9877627572527088	0.012237242747291275
0.9857683244881931	0.014231675511806728
0.9896582238693519	0.01034177613064784
0.9894219702055423	0.01057802979445763
0.9917976026025803	0.008202397397419441
0.9799379221632226	0.020062077836777097
0.9906722417083843	0.009327758291615413
0.9494909699233497	0.05050903007665028
0.9865618405014832	0.013438159498516677
0.9869550456884701	0.01304495431152988
0.5990324749336863	0.40096752506631345
0.9928263372610823	0.007173662738917666
0.5229128559023265	0.4770871440976736
0.9758788571514807	0.024121142848519326
0.970601428084422	0.029398571915577803
0.9198733754492338	0.0801266245507663
0.9884773901621241	0.011522609837875843
0.9700383794598275	0.029961620540172346
0.9843284903484115	0.015671509651588294
0.9881060002649633	0.011893999735036742
0.9743301665305338	0.025669833469466163
0.986766673137349	0.013233326862651128
0.9370596048612019	0.06294039513879836
0.9474421025870636	0.052557897412936594
0.9759070818630673	0.0240929181369326
0.7076382491138247	0.29236175088617533
0.9826017789766814	0.017398221023318398
0.9912411387059309	0.008758861294068826
0.9771078592325745	0.02289214076742556
0.9770248476681025	0.022975152331897276
0.9889788900719455	0.011021109928054253
0.8956510071239917	0.10434899287600821
0.9525969665104712	0.04740303348952882
0.9589103869518947	0.041089613048105204
0.9236781764021612	0.07632182359783904
0.9480009815294832	0.0519990184705166
0.981016318955927	0.01898368104407265
0.9777962294416543	0.02220377055834522
0.9929454198965079	0.007054580103492093
0.9836171542384687	0.016382845761531036
0.9664671836212219	0.03353281637877807
0.9560353351907322	0.04396466480926782
0.9841655545269791	0.015834445473020896
0.9007195007482579	0.09928049925174218
0.9827019587393339	0.017298041260665923
0.984187115641527	0.015812884358472876
0.9822739980316684	0.017726001968331764
0.9795049550371907	0.020495044962809246
0.9837298175264495	0.01627018247355051
0.971673702741336	0.028326297258663865
0.9878451959175111	0.012154804082488873
0.060396272280474436	0.9396037277195258
0.9680711341903419	0.03192886580965823
0.9902773579733689	0.009722642026631069
0.8782144096028486	0.12178559039715141
0.9838175089943297	0.016182491005670187
0.0621539387749518	0.9378460612250484
0.9614487209858984	0.03855127901410145
0.9068696027977698	0.09313039720223021
0.11379905620046381	0.8862009437995362
0.16475591687927837	0.8352440831207211
0.9347818743589859	0.06521812564101413
0.49574405843250546	0.5042559415674949
0.0934104364212377	0.9065895635787622
0.9902318760532907	0.009768123946709258
0.9584078730222862	0.04159212697771355
0.9338871580493463	0.06611284195065349
0.9909256538482011	0.009074346151798621
0.9915250253316786	0.008474974668321266
0.9827934415214438	0.017206558478556264
0.9597763061423646	0.04022369385763524
0.966569493904492	0.033430506095507996
0.9780014085148266	0.021998591485173274
0.9922352540128049	0.007764745987195103
0.7221255241600615	0.2778744758399386
0.9344358664633325	0.06556413353666761
0.9850656707046764	0.014934329295323205
0.9781409345186564	0.021859065481343788
0.978501209789669	0.021498790210330913
0.9891897705695211	0.010810229430479077
0.9697411339033133	0.030258866096686817
0.967867784644731	0.03213221535526901
0.9667250559276233	0.03327494407237677
0.9721913570454944	0.02780864295450545
0.7365962317215111	0.26340376827848877
0.9757428073176213	0.0242571926823786
0.9889085941350395	0.011091405864960263
0.9695987231046214	0.03040127689537889
0.9919277477707011	0.008072252229298821
0.7369231062929004	0.26307689370709925
0.9775381269522384	0.022461873047761566
0.8199520289861333	0.18004797101386685
0.9467090052697656	0.053290994730234506
0.9777951173190056	0.022204882680994565
0.9898642384603241	0.010135761539675834
0.922739298281453	0.0772607017185472
0.9612343799605205	0.03876562003947912
0.9693901122239206	0.030609887776079325
0.9692741745424303	0.030725825457569758
0.6559770272738997	0.34402297272610044
0.9814383651200067	0.018561634879993027
0.9713116154906623	0.028688384509337597
0.9859535029368377	0.014046497063162489
0.9891963183758561	0.010803681624143852
0.21414119976910187	0.7858588002308982
0.15392672615336409	0.8460732738466361
0.7425335567651246	0.2574664432348751
0.9311595379714502	0.06884046202854971
0.9700207870845037	0.0299792129154959
0.9897879493384432	0.010212050661556744
0.9796380417059746	0.02036195829402571
0.9957946787136954	0.004205321286304442
0.5128311082003008	0.48716889179969924
0.9680480525629016	0.03195194743709833
0.988018988693181	0.011981011306818636
0.9842051763364951	0.01579482366350511
0.08544508467957308	0.9145549153204265
0.9832663951924839	0.016733604807515765
0.9930077868515373	0.006992213148462656
0.6987257424591151	0.30127425754088505
0.14140164746852352	0.8585983525314763
0.9903742742848864	0.009625725715113722
0.9607852130206557	0.039214786979344315
0.7710771958033085	0.22892280419669134
0.9740312943760201	0.025968705623979887
0.387787024904548	0.6122129750954519
0.9850605815829357	0.014939418417063997
0.9931574308667964	0.006842569133203472
0.9855870842247897	0.014412915775210167
0.08636897906064822	0.9136310209393518
0.9879866413130229	0.01201335868697717
0.9882816546321922	0.011718345367807494
0.7668261025166657	0.2331738974833338
0.9846973531715278	0.015302646828471734
0.13579448237747274	0.8642055176225272
0.9887369562184442	0.011263043781555723
0.5781766468461442	0.4218233531538558
0.9055931372656464	0.0944068627343537
0.9874511390005497	0.012548860999450089
0.9788474023704632	0.02115259762953681
0.9704422106634466	0.029557789336553363
0.9947411187683752	0.0052588812316248165
0.06053815164178479	0.9394618483582151
0.9920350523962418	0.007964947603758151
0.16192333245493287	0.8380766675450674
0.9830290062595773	0.016970993740422557
0.17714189383137555	0.8228581061686246
0.42693595499634296	0.573064045003657
0.9850276687350145	0.01497233126498538
0.963319735357199	0.03668026464280095
0.6959074660719005	0.30409253392809954
0.5116476133257829	0.48835238667421743
0.04664421958302672	0.9533557804169738
0.9857284966356528	0.014271503364347026
0.9437120076727459	0.056287992327254156
0.9925322209127232	0.007467779087276876
0.08056045173199589	0.9194395482680038
0.9957081778995199	0.0042918221004803
0.903606437196282	0.09639356280371773
0.9894490419270374	0.010550958072962613
0.9174139125946708	0.08258608740532916
0.642732498296153	0.35726750170384713
0.9688017532879847	0.0311982467120153
0.6846487143169937	0.3153512856830062
0.08464567375992402	0.9153543262400761
0.9670592839303719	0.03294071606962813
0.9809442238264038	0.019055776173596047
0.6490777813234458	0.35092221867655404
0.28238769526497864	0.7176123047350217
0.9854399932515483	0.014560006748451648
0.9901912137466949	0.009808786253304771
0.07144384830182403	0.928556151698176
0.05835380993951612	0.9416461900604836
0.11141100910372258	0.8885889908962779
0.6948001674413914	0.30519983255860855
0.7774292648101694	0.22257073518983042
0.7948740035281588	0.20512599647184132
0.9881744626581799	0.01182553734182002
0.9804194131332455	0.01958058686675434
0.052033087927523695	0.9479669120724765
0.07221633992527213	0.9277836600747278
0.050169732660483204	0.9498302673395169
0.9888076395633564	0.011192360436643694
0.9907436936499908	0.009256306350009222
0.9810296429391832	0.01897035706081643
0.9755599164589108	0.024440083541089005
0.9729324306161651	0.027067569383834783
0.9645897353541071	0.03541026464589312
0.8953985904025228	0.10460140959747682
0.9822036847653145	0.01779631523468547
0.9804231545965518	0.01957684540344791
0.977535686040762	0.022464313959237724
0.988650804736158	0.011349195263841977
0.11273338614304733	0.8872666138569527
0.04600778269566821	0.9539922173043316
0.9905209482105086	0.009479051789491365
0.14149714321545595	0.8585028567845443
0.1008168832047305	0.8991831167952694
0.9889156418986661	0.011084358101334067
0.9519528884905958	0.04804711150940429
0.6570597151907798	0.34294028480922006
0.9936164127661523	0.006383587233847639
0.981197735436549	0.01880226456345107
0.9883882403099769	0.011611759690023123
0.9813088218926395	0.01869117810736048
0.945677646034176	0.05432235396582384
0.962605289151195	0.03739471084880508
0.16933561587661525	0.8306643841233847
0.22401646377509735	0.7759835362249023
0.9877647525005407	0.012235247499458842
0.9830989443107805	0.01690105568921919
0.9749714955018208	0.025028504498178908
0.4842291707497448	0.5157708292502552
0.6618342844717978	0.33816571552820207
0.5710959334691518	0.42890406653084795
0.9691474808951941	0.030852519104805794
0.9654456098406748	0.03455439015932516
0.9583218870320998	0.04167811296789993
0.07073023879413882	0.9292697612058615
0.8315000916466958	0.16849990835330397
0.04505423633830245	0.9549457636616975
0.06263924695238274	0.9373607530476172
0.0936150777101432	0.9063849222898568
0.937079220008394	0.06292077999160595
0.05246205436653492	0.9475379456334652
0.009686581116608816	0.9903134188833914
0.3590400730911422	0.6409599269088578
0.0656169664390201	0.9343830335609797
0.08101626931018105	0.9189837306898191
0.6151103454727762	0.38488965452722373
0.6103169408768294	0.3896830591231707
0.06687671862188717	0.9331232813781127
0.9879444170622818	0.01205558293771839
0.7443975311185511	0.25560246888144883
0.961684855960292	0.03831514403970834
0.9835874559028883	0.016412544097111417
0.0483985209774154	0.9516014790225847
0.9902049573238006	0.00979504267619938
0.9877505823913194	0.012249417608680431
0.2911864624561266	0.7088135375438732
0.9757219614684655	0.024278038531534506
0.935983751795077	0.06401624820492294
0.9875897248716751	0.012410275128324827
0.9771616541354792	0.02283834586452103
0.9825103292195594	0.01748967078044066
0.9839453436219934	0.016054656378006342
0.9777547332041066	0.022245266795893476
0.985343035199254	0.014656964800745537
0.9878139702367086	0.012186029763291134
0.9778297777439472	0.02217022225605268
0.9889414999107271	0.011058500089272607
0.9915840093770736	0.008415990622926039
0.9882106356219805	0.011789364378019253
0.9775538210176277	0.022446178982372344
0.9244937379984401	0.07550626200155995
0.9836928701741331	0.01630712982586678
0.8504231010345006	0.14957689896549925
0.9888584958951546	0.011141504104845457
0.060886134435092124	0.939113865564908
0.9782061239771064	0.021793876022893448
0.9919902967482702	0.008009703251729772
0.9900361302323678	0.009963869767632364
0.9795196222032919	0.020480377796707843
0.7279789009990588	0.2720210990009409
0.9742613115520754	0.025738688447924474
0.9103763562778896	0.0896236437221104
0.9931961892210299	0.006803810778970222
0.9710443761074496	0.028955623892550512
0.18394674093035082	0.8160532590696493
0.9902615581465605	0.009738441853439344
0.9634507308669445	0.0365492691330553
0.964997315200979	0.03500268479902088
0.9500678751484517	0.04993212485154874
0.9890533144229834	0.010946685577016495
0.9649569734115314	0.035043026588468404
0.994710636425254	0.005289363574745953
0.9766759651440595	0.02332403485594031
0.9667036374548976	0.03329636254510256
0.34569181208540767	0.6543081879145923
0.9902975163061548	0.009702483693844834
0.988960439042656	0.011039560957343885
0.9883758952284615	0.011624104771538525
0.10604536571975555	0.8939546342802442
0.9851662010568303	0.014833798943169474
0.18289095984320625	0.8171090401567938
0.07755014392558042	0.9224498560744198
0.13273851514164428	0.8672614848583557
0.980499516267665	0.019500483732334987
0.9917283698058564	0.008271630194143474
0.9893838253820116	0.010616174617987988
0.9278176552616713	0.07218234473832888
0.8913823633558926	0.10861763664410722
0.9860463133378847	0.013953686662115048
0.9466417594673118	0.053358240532688284
0.9632024075668417	0.03679759243315818
0.9888812295585722	0.011118770441427726
0.6878096054690137	0.31219039453098624
0.9531920688664587	0.04680793113354118
0.25490246192238186	0.7450975380776181
0.991756898067302	0.008243101932697927
0.056973671315911745	0.9430263286840881
0.08259907931602632	0.9174009206839737
0.9865398737901008	0.013460126209899153
0.988383852799014	0.011616147200986
0.9675439628006169	0.03245603719938326
0.9829351001085087	0.01706489989149101
0.9927299086733125	0.007270091326687397
0.9729113917451295	0.027088608254870406
0.8963807759065072	0.10361922409349297
0.8459209372200034	0.15407906277999664
0.9853097696675891	0.01469023033241087
0.9880644598153195	0.011935540184680474
0.13794746648348402	0.8620525335165159
0.5360448636202882	0.46395513637971186
0.9861549673294703	0.013845032670529531
0.7147993725391899	0.28520062746081004
0.9923548032114202	0.007645196788579739
0.9052461367963438	0.09475386320365647
0.9868043635038855	0.01319563649611432
0.9803451206572601	0.019654879342739857
0.2058292498117072	0.7941707501882928
0.8352504003530282	0.16474959964697175
0.9841571970280465	0.015842802971953562
0.9397385646243019	0.06026143537569802
0.9940222496507135	0.005977750349286524
0.11271985484254646	0.8872801451574539
0.23911650557885078	0.7608834944211494
0.968884224129352	0.03111577587064792
0.9136054601725955	0.0863945398274046
0.9637635379163342	0.03623646208366564
0.9868671268455187	0.01313287315448134
0.9435626391282583	0.05643736087174165
0.9739985512505089	0.026001448749490924
0.03931521878299833	0.9606847812170016
0.9929964529353671	0.007003547064632817
0.9780984561387751	0.02190154386122458
0.931737030818015	0.0682629691819848
0.06712921107463835	0.9328707889253619
0.9601053306139689	0.03989466938603103
0.08167089117116261	0.9183291088288373
0.21120691895601162	0.7887930810439883
0.9836508895729027	0.01634911042709711
0.9924811389136369	0.007518861086363035
0.9828923925753575	0.017107607424642547
0.8265747469499423	0.17342525305005776
0.9668063768314679	0.0331936231685323
0.9651680060006881	0.034831993999312014
0.975273793963445	0.02472620603655491
0.9689769420551986	0.031023057944801428
0.9813341776382445	0.018665822361755437
0.9864105991885995	0.013589400811400143
0.9803654108932836	0.01963458910671614
0.9707455116844882	0.029254488315511865
0.992789031344862	0.007210968655137505
0.9879000089925033	0.012099991007496291
0.9859791542220233	0.014020845777976474
0.9720937738434193	0.02790622615658069
0.9885614312550207	0.011438568744979359
0.9363418823426534	0.06365811765734641
0.930076083407322	0.06992391659267777
0.9424952755700795	0.057504724429920696
0.9791401235606739	0.020859876439325995
0.9878553067883731	0.012144693211626504
0.5879510153112996	0.41204898468870044
0.819990882774032	0.1800091172259678
0.11336657422278523	0.8866334257772145
0.05571355989717592	0.9442864401028243
0.9909347255572517	0.009065274442748175
0.9553078033710577	0.04469219662894238
0.9889493909206765	0.011050609079323448
0.9900147415523167	0.00998525844768327
0.9837737466530808	0.0162262533469191
0.7348882015656057	0.2651117984343941
0.972612473228834	0.02738752677116585
0.9775942683007182	0.022405731699281797
0.9859111042558153	0.014088895744184553
0.07792829640798858	0.9220717035920117
0.5363479691574079	0.4636520308425922
0.9861640974437756	0.013835902556224487
0.842811190339602	0.157188809660398
0.9436079308922577	0.05639206910774219
0.9903438211565359	0.009656178843464177
0.9792072724247923	0.02079272757520784
0.9929911960626877	0.007008803937312141
0.9773384262566082	0.022661573743391745
0.989622442571408	0.010377557428591819
0.9615042700467216	0.03849572995327828
0.9962494413844903	0.0037505586155096083
0.9609684758467403	0.03903152415325963
0.9597589352669382	0.0402410647330618
0.9910148098097176	0.00898519019028253
0.985555199420688	0.01444480057931179
0.7684916880832499	0.23150831191675011
0.9875653039277573	0.012434696072242655
0.9110827092388954	0.08891729076110458
0.037052210245139466	0.9629477897548607
0.03655355396104045	0.9634464460389596
0.057333290028966234	0.9426667099710341
0.8151990241309562	0.1848009758690437
0.6594846043347661	0.34051539566523387
0.9782427980173094	0.02175720198269062
0.9890562095193612	0.010943790480638767
0.1288281344053003	0.8711718655947
0.6259527501772463	0.37404724982275384
0.9828717069903711	0.01712829300962878
0.9901276640545063	0.009872335945493766
0.980638462793486	0.019361537206514092
0.7865914670638429	0.21340853293615722
0.0520416349962509	0.9479583650037492
0.9882398911078546	0.011760108892145196
0.925841162695189	0.07415883730481056
0.9539991265084399	0.046000873491560165
0.9645682178274758	0.035431782172524164
0.8860364800464842	0.11396351995351563
0.9915568991806919	0.008443100819308175
0.9047832872486774	0.09521671275132276
0.7484068178278344	0.2515931821721653
0.34082460581662893	0.659175394183371
0.6412200579178904	0.3587799420821098
0.3383242136738066	0.6616757863261933
0.14461298973550293	0.8553870102644967
0.9819014858181666	0.018098514181833517
0.9572269472837407	0.04277305271625921
0.9833929642859662	0.016607035714033484
0.9808231240150523	0.019176875984947595
0.05825442077772923	0.941745579222271
0.9339751054672977	0.06602489453270254
0.0555999551132095	0.944400044886791
0.5001191988947601	0.4998808011052402
0.991253500790215	0.008746499209784936
0.98726272390665	0.012737276093349792
0.9799111843613604	0.020088815638639432
0.9310768802033317	0.0689231197966683
0.9910976575334245	0.008902342466575322
0.04083655432021505	0.959163445679785
0.9664893731795756	0.03351062682042427
0.3457078226310016	0.6542921773689985
0.9577882224966985	0.04221177750330142
0.9849215356114926	0.015078464388507337
0.99137431806428	0.008625681935719942
0.04835607773197577	0.9516439222680242
0.9937001413044225	0.006299858695577179
0.8567564448328402	0.1432435551671597
0.6041802134343252	0.395819786565675
0.5696392458193924	0.4303607541806076
0.8152172170990529	0.18478278290094693
0.289059319204761	0.7109406807952393
0.9911628643302284	0.008837135669771738
0.6963806285948219	0.30361937140517786
0.6483201643673175	0.35167983563268285
0.917313108891575	0.08268689110842498
0.9542937380929994	0.0457062619070005
0.9842245498820175	0.01577545011798225
0.982301475338343	0.01769852466165702
0.9818446846967084	0.01815531530329152
0.0704838053922854	0.9295161946077144
0.9894911951160128	0.010508804883987007
0.9632332914851273	0.03676670851487278
0.9821314720819727	0.01786852791802738
0.9789797409035762	0.021020259096423657
0.9205353643689032	0.07946463563109661
0.9695039010166585	0.030496098983341362
0.05508194111526901	0.9449180588847311
0.16540973645937312	0.8345902635406268
0.986326425057805	0.013673574942195087
0.9907737959383919	0.009226204061608189
0.9833613003084497	0.016638699691550116
0.25186131649912935	0.7481386835008708
0.9917574548136495	0.008242545186350309
0.9674162566328787	0.03258374336712161
0.9239754895896354	0.07602451041036465
0.9944449089736598	0.005555091026339973
0.9869918566721155	0.01300814332788454
0.9523096338373729	0.04769036616262721
0.9838129488960854	0.016187051103914326
0.9764987862974792	0.023501213702520594
0.9856725406542136	0.014327459345786291
0.7561056139216258	0.24389438607837385
0.9911436991711227	0.008856300828877277
0.9741469444596027	0.025853055540397032
0.9771450727378088	0.022854927262191425
0.08571628050447451	0.9142837194955257
0.9860363461912702	0.013963653808729772
0.12433679707716838	0.8756632029228316
0.9714234559487015	0.028576544051298246
0.9809716546999975	0.019028345300002313
0.9902117413425303	0.009788258657469665
0.9879492309800483	0.012050769019951817
0.9904839516667715	0.009516048333228477
0.995597091213238	0.004402908786761906
0.988929756687194	0.011070243312806267
0.980924927249194	0.019075072750806124
0.06014558303535417	0.9398544169646457
0.7542274033530902	0.2457725966469096
0.4989459534187219	0.5010540465812783
0.9811878918467172	0.0188121081532831
0.9364999383720526	0.06350006162794783
0.8722949874148679	0.12770501258513214
0.9855158355130028	0.014484164486996748
0.9849347308445566	0.015065269155443158
0.9839886653209078	0.016011334679092132
0.9825235198609823	0.01747648013901744
0.9835164550280575	0.016483544971942377
0.9913737463737956	0.008626253626204422
0.9497371683758246	0.050262831624175636
0.07972928249395442	0.9202707175060456
0.9785850954113942	0.021414904588606044
0.42626867365840376	0.5737313263415964
0.41751204050227886	0.5824879594977213
0.18009279217794277	0.8199072078220574
0.06396511030157477	0.9360348896984254
0.9935073886765473	0.006492611323452741
0.5100496942324119	0.48995030576758813
0.295998107198017	0.7040018928019832
0.9669563373012342	0.03304366269876577
0.8766208712657879	0.123379128734212
0.9893159505683318	0.010684049431668365
0.08008938957596146	0.9199106104240383
0.12505955269952218	0.8749404473004779
0.9182735012310452	0.08172649876895476
0.05464165922299972	0.9453583407770003
0.6251705447854743	0.3748294552145259
0.6119502688694212	0.38804973113057906
0.20563962090943128	0.7943603790905688
0.06840630997894075	0.9315936900210595
0.045808941441064406	0.9541910585589356
0.00697000378667611	0.9930299962133242
0.32977167549870773	0.6702283245012924
0.9785576319037067	0.021442368096293345
0.8112938220496378	0.18870617795036193
0.40124113542550555	0.5987588645744948
0.3082995640657713	0.6917004359342286
0.09309178630628495	0.9069082136937152
0.1063736840611633	0.8936263159388365
0.15734759062009834	0.8426524093799017
0.6917813371307286	0.3082186628692713
0.09458584171356149	0.9054141582864387
0.8174449133034842	0.18255508669651543
0.37792602238420464	0.6220739776157957
0.9670438822771444	0.032956117722855734
0.9864589672047279	0.013541032795271832
0.9285518023544603	0.07144819764553988
0.9794896352670039	0.020510364732996066
0.9812850496039958	0.01871495039600386
0.9889640026044383	0.011035997395561487
0.9102300708941992	0.089769929105801
0.9869029614363977	0.013097038563602123
0.98065954415716	0.01934045584283997
0.9949951522415647	0.005004847758435326
0.9944996577632295	0.00550034223677074
0.07866137583416821	0.9213386241658315
0.2581179790259097	0.7418820209740905
0.9798757744775672	0.020124225522432728
0.9282518593113553	0.07174814068864473
0.9829961149675343	0.017003885032465492
0.9797713498115354	0.020228650188464665
0.16679187280208305	0.833208127197917
0.8611844931077567	0.13881550689224315
0.9878833092295709	0.012116690770428918
0.14544108485762566	0.8545589151423743
0.8150908662694409	0.18490913373055912
0.24434747217951217	0.7556525278204879
0.9764502721405297	0.02354972785947029
0.11698959917401275	0.8830104008259876
0.06612169631336245	0.9338783036866378
0.20611760858495376	0.7938823914150462
0.9887817171821789	0.011218282817821112
0.9916719259900106	0.008328074009989217
0.9871456882066955	0.012854311793304499
0.9911752488990065	0.008824751100993261
0.06260846581645799	0.9373915341835422
0.7331090490902424	0.26689095090975756
0.9868354003273053	0.01316459967269437
0.06011966294000559	0.9398803370599944
0.9804682773786397	0.019531722621359916
0.9639444678355964	0.03605553216440356
0.765418788307585	0.2345812116924148
0.09017605373529954	0.909823946264701
0.845055814636148	0.15494418536385196
0.14278654103641875	0.8572134589635811
0.9877724668692458	0.012227533130753872
0.9874623276909575	0.012537672309042337
0.050003279181278615	0.9499967208187214
0.055313861119898854	0.944686138880101
0.9785792774507772	0.02142072254922299
0.9812652344783424	0.018734765521657676
0.9812345216288889	0.018765478371110703
0.12874539368416632	0.8712546063158334
0.886178042871293	0.11382195712870714
0.692168929011363	0.3078310709886371
0.5266138262766019	0.47338617372339825
0.9546310730797234	0.045368926920276484
0.9890601488061967	0.010939851193803201
0.992702944572776	0.007297055427223801
0.9584383465905099	0.04156165340949011
0.156504235165072	0.8434957648349277
0.7279927480450118	0.27200725195498826
0.9653744254846752	0.03462557451532472
0.9498925122332365	0.05010748776676335
0.9478577058971019	0.052142294102897946
0.044991615574258514	0.9550083844257415
0.9695018364567681	0.03049816354323177
0.054204612312760005	0.94579538768724
0.7916336821374748	0.2083663178625251
0.08718402014698853	0.9128159798530114
0.05276635705734371	0.9472336429426562
0.0590581072438199	0.9409418927561802
0.9919832690991897	0.008016730900810173
0.9397149655589772	0.06028503444102264
0.991889515889572	0.008110484110427741
0.35772700497312426	0.6422729950268763
0.9884370048310162	0.011562995168983627
0.9844214399408071	0.015578560059192755
0.9930964806457844	0.0069035193542155695
0.15927354525502094	0.8407264547449791
0.9802067999021581	0.019793200097841798
0.9926117316468777	0.007388268353122345
0.6371351533584589	0.36286484664154117
0.6935283519486058	0.306471648051394
0.9767242775206896	0.023275722479310236
0.9615113897408901	0.03848861025911012
0.9972268973941963	0.0027731026058035292
0.9171856252214234	0.08281437477857623
0.9817603537834982	0.018239646216501534
0.9893109863629107	0.01068901363708917
0.9896267126043878	0.010373287395612189
0.4236330477320653	0.5763669522679351
0.19856775356373307	0.8014322464362668
0.2737360731981476	0.7262639268018526
0.7184634226310753	0.28153657736892457
0.5388859519193197	0.46111404808068
0.7292359332765773	0.2707640667234229
0.834307498589107	0.16569250141089298
0.5917949130718373	0.4082050869281629
0.11213065562339829	0.8878693443766018
0.1868736356686445	0.8131263643313555
0.3734201686824127	0.6265798313175877
0.03033862694910718	0.9696613730508927
0.09592796380221337	0.9040720361977865
0.03892977464822006	0.9610702253517802
0.019824229569781814	0.9801757704302182
0.7869873451632902	0.21301265483670984
0.22401430555576313	0.775985694444237
0.9865056783487514	0.013494321651248762
0.9921992075438285	0.0078007924561716395
0.9769713463434916	0.023028653656508413
0.9888645440651367	0.011135455934863108
0.9838848149849089	0.016115185015091158
0.8303393206701151	0.16966067932988466
0.7067914019206525	0.29320859807934746
0.9802056565891726	0.01979434341082724
0.13159592808914922	0.8684040719108508
0.9836139106713628	0.016386089328637124
0.9881623775670146	0.01183762243298495
0.9714889747111051	0.028511025288895014
0.9802403712608252	0.019759628739174556
0.43089994863522824	0.5691000513647718
0.035230252796593205	0.9647697472034068
0.9861018835425567	0.013898116457443165
0.9845407915139508	0.015459208486049062
0.9812981611557511	0.01870183884424873
0.966451342418205	0.03354865758179488
0.9927114834687062	0.007288516531293764
0.08230608904724086	0.9176939109527591
0.19919385618228314	0.8008061438177165
0.9855366774083937	0.014463322591606013
0.8786489898211965	0.12135101017880358
0.9874609105531276	0.012539089446872032
0.9375894165628966	0.06241058343710327
0.988595546055766	0.01140445394423395
0.7865842387971905	0.21341576120280936
0.9177776800893988	0.08222231991060117
0.9349763640235511	0.06502363597644906
0.049800508613754076	0.9501994913862467
0.9841720191846338	0.0158279808153663
0.9706159266121887	0.029384073387811235
0.9934822193250922	0.0065177806749077225
0.0676447056510741	0.9323552943489262
0.5528423890564831	0.4471576109435171
0.9481751208124107	0.051824879187589205
0.9144162258416415	0.08558377415835822
0.9870540401197454	0.012945959880254643
0.9915304993395094	0.0084695006604906
0.7046789601826434	0.29532103981735686
0.7991613377063916	0.2008386622936085
0.048439363943939814	0.9515606360560601
0.9690876932816118	0.030912306718388058
0.978021519704119	0.021978480295881012
0.959859872544328	0.0401401274556718
0.9820158998708145	0.017984100129185436
0.9895529770185211	0.010447022981479114
0.1608651307962651	0.8391348692037347
0.9027438165133611	0.09725618348663918
0.06397205749850982	0.9360279425014901
0.9825910207030434	0.017408979296956662
0.980299331725215	0.01970066827478518
0.1707527370258402	0.8292472629741597
0.981154022024485	0.0188459779755151
0.9715848426033104	0.028415157396689615
0.978332100917379	0.021667899082620953
0.9220040805022814	0.07799591949771839
0.20083454277104212	0.7991654572289579
0.9218311269145574	0.07816887308544265
0.9887846057001073	0.01121539429989271
0.9914415982167911	0.008558401783208887
0.9827938575713832	0.017206142428617045
0.9529390927977444	0.04706090720225562
0.9501747923967891	0.04982520760321057
0.9824538371088971	0.01754616289110271
0.8068344589743401	0.19316554102565966
0.40434794954565	0.5956520504543503
0.987932614410155	0.012067385589844904
0.9473506493636737	0.05264935063632621
0.9913146773343512	0.008685322665648646
0.9848929975405966	0.01510700245940344
0.9911499359548743	0.008850064045125783
0.9742583732761202	0.025741626723879793
0.14922668267972825	0.850773317320272
0.9890696574347185	0.01093034256528125
0.9755817337121746	0.02441826628782546
0.9198527820497828	0.0801472179502173
0.8919236367541913	0.10807636324580852
0.9867573021492416	0.0132426978507583
0.9826019882339443	0.017398011766055793
0.9819011943866853	0.018098805613314256
0.9866031854984645	0.01339681450153533
0.965540326676021	0.03445967332397893
0.9876440972464445	0.012355902753555532
0.974005584378348	0.025994415621651976
0.9092753899353704	0.09072461006462978
0.9848367883616234	0.01516321163837681
0.9849314941538787	0.015068505846120779
0.98828317868959	0.011716821310409731
0.9875822336104079	0.012417766389591882
0.9816477986686256	0.01835220133137426
0.9842611475043688	0.01573885249563077
0.9752691459136363	0.024730854086363684
0.9897865524271177	0.01021344757288222
0.9797239105329737	0.020276089467025988
0.9477884061046783	0.05221159389532169
0.9902172964854994	0.009782703514500654
0.9726694569260986	0.027330543073901446
0.16060349288604991	0.8393965071139503
0.9422808643351027	0.05771913566489735
0.2301283453354306	0.7698716546645695
0.9881851283665612	0.011814871633438709
0.08866273414126695	0.9113372658587331
0.9894672274058602	0.01053277259413961
0.9826182006935825	0.017381799306417214
0.9487182031135856	0.051281796886414266
0.986366613885765	0.013633386114235002
0.8912612427516975	0.10873875724830259
0.9814662891503424	0.018533710849657502
0.714441126945135	0.28555887305486516
0.18519688092361272	0.8148031190763875
0.18092292203509594	0.8190770779649041
0.9225899617418939	0.07741003825810616
0.9310842315651442	0.06891576843485585
0.9869804468921045	0.013019553107895009
0.9504522701850336	0.04954772981496661
0.9906823594934557	0.009317640506544234
0.8518711972422289	0.14812880275777107
0.9105556452926662	0.08944435470733386
0.05338265243228393	0.9466173475677162
0.3813512897846846	0.6186487102153155
0.9869789615105653	0.013021038489434845
0.983962717907459	0.016037282092540846
0.9886098433016783	0.011390156698321593
0.9892451485259951	0.010754851474004599
0.9733013530960082	0.026698646903991693
0.934117586120079	0.06588241387992104
0.6829919490955548	0.3170080509044451
0.9682024764505316	0.03179752354946853
0.9859522750959244	0.014047724904075489
0.0937789433247194	0.9062210566752804
0.9740706064953103	0.02592939350468958
0.9741790543784512	0.025820945621548876
0.9003987108178606	0.09960128918213941
0.9934890344067148	0.006510965593285179
0.9724720149851052	0.027527985014895045
0.6774638445055166	0.3225361554944832
0.9685526967022756	0.03144730329772446
0.9850866238961109	0.014913376103889113
0.9880942635326144	0.011905736467385335
0.9802668284066266	0.019733171593373275
0.9891438165826015	0.010856183417398276
0.74283842384646	0.2571615761535399
0.9906182129614289	0.009381787038570856
0.1483716076535886	0.8516283923464111
0.9586690993345099	0.04133090066548977
0.9811567122325147	0.018843287767485273
0.9827378853908114	0.017262114609188594
0.9895185555262094	0.010481444473790083
0.988076531956125	0.011923468043874891
0.9697073258182545	0.030292674181745357
0.9397756022339213	0.06022439776607876
0.965647577872143	0.03435242212785697
0.9849363377537311	0.015063662246268778
0.8918823349847718	0.10811766501522832
0.32887196255172235	0.6711280374482775
0.9780354945795046	0.02196450542049523
0.9852731615253917	0.014726838474608223
0.9836534841467115	0.016346515853288363
0.8919869694362703	0.10801303056372973
0.982400428049147	0.017599571950853158
0.9803421627289365	0.01965783727106351
0.38111261987169726	0.6188873801283027
0.19961570910884294	0.8003842908911571
0.984602989199807	0.015397010800192946
0.694748685470832	0.30525131452916804
0.5994892770335762	0.40051072296642376
0.6896168044670462	0.3103831955329543
0.4836494147056942	0.516350585294306
0.2108135488010874	0.789186451198913
0.9635217118448448	0.03647828815515509
0.9822228524597411	0.017777147540258855
0.5702337869011724	0.42976621309882773
0.23218224942563137	0.7678177505743691
0.13511565531686326	0.8648843446831371
0.08248526995872166	0.9175147300412783
0.058886521597426286	0.9411134784025736
0.8705786158220721	0.12942138417792778
0.053911375940100606	0.9460886240598994
0.05453624929606152	0.9454637507039385
0.6723992547880596	0.32760074521194066
0.9893949991100086	0.010605000889991308
0.9230620933757538	0.07693790662424649
0.09112656642332302	0.908873433576677
0.9776520780886004	0.022347921911399626
0.9865433778033177	0.013456622196682047
0.964777832031175	0.03522216796882494
0.9850413697628366	0.014958630237163328
0.9409233929665802	0.059076607033419985
0.9896442067700998	0.010355793229899884
0.9844639398230322	0.015536060176967664
0.9825890396559679	0.017410960344031903
0.5515770544497217	0.44842294555027834
0.055513311370471274	0.9444866886295289
0.977013237371549	0.022986762628451018
0.9913289773382928	0.008671022661707184
0.6380906412789052	0.3619093587210946
0.9808044216155237	0.019195578384476063
0.9867553037553517	0.013244696244648085
0.8636480145898918	0.13635198541010832
0.9576047276017445	0.04239527239825522
0.25222667586281383	0.7477733241371862
0.4923945804435457	0.5076054195564543
0.9865129119921621	0.013487088007837978
0.9705154426048623	0.029484557395137695
0.9310967618136374	0.06890323818636247
0.9588574671672602	0.04114253283274
0.9882786044455826	0.01172139555441728
0.10322257491955716	0.8967774250804433
0.9352487323802889	0.06475126761971114
0.006785751546699388	0.9932142484533008
0.9822694904222192	0.017730509577780777
0.9763069070741639	0.02369309292583579
0.9839839428593483	0.016016057140651702
0.0993775186566076	0.9006224813433927
0.972491368054954	0.02750863194504598
0.11644981769615048	0.8835501823038494
0.9849240603618212	0.015075939638178874
0.9422126611377709	0.05778733886222917
0.9624692159567207	0.037530784043279294
0.9846351677700015	0.015364832229998439
0.9856414975403613	0.014358502459638389
0.4930577852717564	0.5069422147282436
0.9813974683185398	0.018602531681459963
0.8818257826330416	0.11817421736695875
0.9234201970743462	0.07657980292565364
0.9642148377497755	0.03578516225022471
0.5205186160757477	0.4794813839242525
0.9788758881427324	0.021124111857267546
0.9914722190441464	0.00852778095585376
0.9324220606435968	0.06757793935640372
0.9863421409209588	0.013657859079040859
0.9932609190459963	0.006739080954003489
0.9885774473692176	0.011422552630782408
0.9888990680033484	0.011100931996651409
0.2547484077276958	0.7452515922723042
0.42823514573474475	0.5717648542652555
0.9831376709997593	0.016862329000240553
0.9870471944307176	0.012952805569282395
0.09790291638136234	0.9020970836186375
0.9965722155494713	0.003427784450528722
0.9716327504250135	0.028367249574986597
0.9766432278750653	0.023356772124934568
0.14038376991687276	0.8596162300831274
0.8510839178931393	0.14891608210686066
0.8727170293665334	0.12728297063346705
0.9895219311926958	0.010478068807304135
0.9665364105667574	0.0334635894332426
0.06968481892730041	0.9303151810726997
0.7184357124618918	0.28156428753810797
0.5500248527737083	0.4499751472262916
0.02524695654198479	0.9747530434580155
0.05018801865765285	0.9498119813423475
0.05148156351752246	0.9485184364824778
0.9734080234540445	0.02659197654595537
0.985061182904786	0.014938817095213872
0.8730727244232128	0.1269272755767872
0.9873353529499704	0.01266464705002952
0.9366971723499694	0.06330282765003058
0.9798872361447127	0.020112763855287194
0.1312400810754265	0.8687599189245736
0.9911930838952417	0.008806916104757997
0.9911233860198482	0.008876613980151627
0.9901903808995504	0.009809619100449977
0.9634191464332882	0.03658085356671177
0.9938344583431937	0.006165541656806376
0.9869797100920848	0.0130202899079153
0.9900232625429425	0.009976737457057334
0.9936007366123424	0.00639926338765742
0.9853184590394741	0.014681540960525508
0.9886501252508982	0.011349874749101657
0.9485346763156342	0.051465323684365634
0.9685830908733567	0.03141690912664296
0.2412031873958692	0.7587968126041303
0.9855820134196178	0.014417986580382024
0.9763297928994682	0.023670207100531603
0.9777207478899274	0.022279252110072555
0.989223334252268	0.01077666574773188
0.9263641181956627	0.07363588180433744
0.9714656269622658	0.028534373037733915
0.9783296643842586	0.021670335615741245
0.06673551716115146	0.9332644828388483
0.9906678803056712	0.009332119694328607
0.9276744762887708	0.07232552371122905
0.9329415349111996	0.06705846508880044
0.9442360086952577	0.05576399130474254
0.9864241621615868	0.013575837838412944
0.9319803444834612	0.06801965551653902
0.9859802612517907	0.014019738748209047
0.9673724897153387	0.032627510284661175
0.96136946402498	0.038630535975019836
0.7849018612524644	0.21509813874753547
0.7777921833063215	0.22220781669367845
0.8423536323940789	0.1576463676059211
0.9623949693658891	0.037605030634111074
0.9926809102718239	0.007319089728176257
0.9377222533345051	0.06227774666549477
0.9721966671772522	0.02780333282274778
0.9256480258061317	0.07435197419386828
0.6246506806929328	0.3753493193070673
0.9837816807766008	0.016218319223399
0.3309454472657005	0.6690545527342998
0.42585805427471285	0.574141945725287
0.8309772561591818	0.1690227438408183
0.19642925928504953	0.8035707407149505
0.05396035513328726	0.9460396448667129
0.6957181942116982	0.3042818057883018
0.9099461055592727	0.0900538944407273
0.5957587924600262	0.4042412075399737
0.22090385416077424	0.7790961458392255
0.9798583750389794	0.020141624961020232
0.7731729313741191	0.22682706862588098
0.9931056934230221	0.006894306576977748
0.9813859650055512	0.01861403499444872
0.7407445018366247	0.2592554981633752
0.7609385525881757	0.23906144741182436
0.950742416901784	0.04925758309821612
0.965590534018277	0.034409465981722794
0.0514652592659273	0.9485347407340725
0.921950216181571	0.0780497838184291
0.9967461880414463	0.003253811958553763
0.9844252674747155	0.01557473252528451
0.40481573757921907	0.5951842624207814
0.611238841707131	0.3887611582928689
0.6549097513861379	0.3450902486138622
0.9612630723357501	0.03873692766424997
0.779187296516708	0.22081270348329185
0.9847857065547609	0.015214293445239191
0.08200312339567145	0.9179968766043287
0.9934591044086986	0.0065408955913015335
0.8168295079859714	0.1831704920140286
0.9770789937435184	0.02292100625648156
0.22228894806308855	0.7777110519369117
0.6641045100834342	0.33589548991656576
0.683934993230541	0.316065006769459
0.4755033658227885	0.5244966341772116
0.6546806210733113	0.3453193789266886
0.816273143917804	0.18372685608219622
0.33751167142339966	0.6624883285766004
0.6082575949725593	0.3917424050274405
0.07787990544183078	0.9221200945581692
0.05553561315834427	0.944464386841656
0.16951790424102017	0.8304820957589802
0.06887873253678133	0.9311212674632187
0.11045386669989271	0.8895461333001075
0.5521443549941473	0.4478556450058529
0.9787813454542902	0.021218654545709825
0.9889817875716455	0.01101821242835468
0.9906831697922187	0.009316830207781167
0.9842453473943122	0.015754652605687675
0.9805424533255658	0.019457546674433782
0.9903908822300878	0.009609117769912074
0.9644625914498429	0.035537408550157266
0.9786777742176028	0.021322225782397154
0.977261059677599	0.022738940322400807
0.9481556764702248	0.051844323529775214
0.9699952522846733	0.030004747715326387
0.9876943511388185	0.012305648861181353
0.9705221485169199	0.029477851483080224
0.9472717095309823	0.05272829046901789
0.97980481855848	0.020195181441519737
0.9892960004170688	0.010703999582931022
0.382824890790206	0.6171751092097942
0.49795271767092975	0.50204728232907
0.9852072319982449	0.014792768001755162
0.9401099492533911	0.059890050746609
0.9452721414700619	0.0547278585299379
0.06841655265437327	0.9315834473456269
0.9882991284932394	0.011700871506760701
0.9901643522747132	0.009835647725287007
0.9910702860978173	0.008929713902182446
0.9898414120577599	0.01015858794224009
0.0816314629751811	0.9183685370248189
0.9461936161961617	0.05380638380383838
0.9883445304455633	0.011655469554436566
0.9489898030364705	0.05101019696352959
0.11916603245755271	0.8808339675424475
0.8625471756791703	0.13745282432083
0.9789137301636464	0.02108626983635349
0.9264157827398926	0.07358421726010757
0.3752288847804052	0.6247711152195945
0.9799136129709224	0.02008638702907764
0.9602012327019943	0.03979876729800551
0.9837332720187442	0.016266727981255707
0.9916722050695671	0.008327794930432815
0.6802800132696002	0.3197199867303999
0.058682972168702864	0.9413170278312971
0.9571029715671925	0.04289702843280765
0.31865181919197455	0.6813481808080255
0.20579473282863303	0.794205267171367
0.822557104284257	0.17744289571574304
0.9859606105685296	0.014039389431470171
0.7685632256918156	0.2314367743081846
0.9646268075797123	0.03537319242028755
0.9759589284222462	0.024041071577753783
0.6907018078159106	0.30929819218408966
0.9921994959966901	0.007800504003309803
0.07290742682991726	0.927092573170083
0.7852726130080688	0.21472738699193125
0.05793118265322592	0.9420688173467743
0.5014482162758308	0.4985517837241694
0.5899971318039984	0.4100028681960018
0.9954961681542146	0.0045038318457855196
0.9764043691237866	0.023595630876213462
0.9930059155032681	0.006994084496731826
0.9904946501417509	0.009505349858249119
0.909630646629513	0.09036935337048708
0.975913701406719	0.024086298593281073
0.09141879732827367	0.9085812026717263
0.9861164479923502	0.01388355200764921
0.9784734494597038	0.021526550540296154
0.9886530088516082	0.011346991148391742
0.9901767859774893	0.009823214022510499
0.11525437204368984	0.8847456279563101
0.9893809924505317	0.010619007549468438
0.9900625873218175	0.00993741267818209
0.8843433591639183	0.11565664083608164
0.9874536193206623	0.012546380679337468
0.9383238686591489	0.06167613134085128
0.058700400852800386	0.9412995991471996
0.9835652725351344	0.01643472746486533
0.9832107489728014	0.01678925102719855
0.9837207573249566	0.016279242675043208
0.20358508571915393	0.7964149142808463
0.06946783088722727	0.9305321691127729
0.5875444368369608	0.4124555631630395
0.976574586404839	0.023425413595161152
0.978268651921649	0.021731348078351077
0.9700723824814116	0.02992761751858836
0.990515361630604	0.009484638369395795
0.9970315349048526	0.002968465095147384
0.07371315320123747	0.9262868467987626
0.07921439526072943	0.9207856047392707
0.9938459918571888	0.006154008142811183
0.0504818934272111	0.949518106572789
0.0917276347989576	0.9082723652010425
0.9864859218250487	0.013514078174951148
0.9896314406654436	0.010368559334556195
0.9890925348579184	0.010907465142081503
0.9414764655466168	0.05852353445338293
0.9382718755226072	0.061728124477392704
0.9913589496413535	0.008641050358646471
0.7363901951782509	0.2636098048217493
0.9870139615382927	0.012986038461707374
0.9719609795553309	0.028039020444668973
0.9941252833043817	0.0058747166956180825
0.9725711754288063	0.027428824571193597
0.9862788096581281	0.013721190341871737
0.4474042223382735	0.5525957776617267
0.9164304246828335	0.08356957531716619
0.9863292813296225	0.013670718670377606
0.9835064220169392	0.016493577983060736
0.06652064984354117	0.9334793501564589
0.9937548569054165	0.006245143094583535
0.9903641495416861	0.009635850458313803
0.9874841871375117	0.012515812862488165
0.288741192320872	0.7112588076791281
0.8275275656294613	0.17247243437053864
0.9946943139060949	0.005305686093905129
0.9737240348168599	0.026275965183140036
0.9816310681048611	0.018368931895138843
0.9806617623189956	0.019338237681004258
0.9925310200904451	0.007468979909554769
0.9393152976902127	0.060684702309787196
0.9902394432941876	0.009760556705812379
0.7216456845210335	0.27835431547896694
0.9314550394097638	0.06854496059023629
0.9551916442186049	0.044808355781395
0.8888513322550092	0.11114866774499069
0.9313014432679791	0.06869855673202091
0.9853436798091102	0.014656320190889482
0.06506079660560503	0.934939203394395
0.9150619226298378	0.08493807737016225
0.9642194612499647	0.035780538750035326
0.9777750852301947	0.02222491476980505
0.9823529777608643	0.01764702223913583
0.9896351284096273	0.010364871590372703
0.9839090239895141	0.016090976010485883
0.9847869815363994	0.015213018463600595
0.9934302616592263	0.0065697383407733855
0.9936983225269524	0.006301677473047598
0.9902947026820211	0.00970529731797889
0.9850296359552816	0.014970364044718259
0.9855406796618749	0.014459320338125003
0.9880795714660243	0.011920428533975387
0.1800479572375538	0.8199520427624463
0.9694803599635012	0.03051964003649889
0.9896273889554358	0.01037261104456424
0.9606765881434869	0.03932341185651298
0.09126692250469279	0.9087330774953076
0.9742071706395683	0.02579282936043161
0.9912937451979603	0.008706254802039586
0.9847739305767159	0.015226069423283977
0.930028777377664	0.06997122262233584
0.951840113804988	0.048159886195012096
0.9506920929751533	0.04930790702484659
0.9768542142156699	0.023145785784329877
0.9749767296837465	0.025023270316253576
0.9822559094005162	0.017744090599483696
0.9905575189901338	0.009442481009866088
0.9038714596814549	0.0961285403185446
0.8914946561388511	0.10850534386114896
0.9092140448782959	0.09078595512170412
0.9897541452320197	0.01024585476798033
0.9801305272533324	0.019869472746667224
0.9807057783287287	0.019294221671271053
0.9681934875707493	0.03180651242925053
0.9922076420680077	0.0077923579319921785
0.9863798432702238	0.013620156729775923
0.0874904249552164	0.9125095750447835
0.9623407477758298	0.03765925222417038
0.9651194917777753	0.034880508222224396
0.9746918417498907	0.02530815825010933
0.9747434726455231	0.02525652735447667
0.972760934929887	0.0272390650701129
0.9861080940433442	0.013891905956655806
0.07372910414082014	0.92627089585918
0.9837070935425011	0.016292906457498733
0.9932892548684668	0.006710745131533442
0.08746331781609522	0.9125366821839055
0.16353938946225174	0.836460610537748
0.5729772474552484	0.42702275254475125
0.694856287329279	0.3051437126707209
0.9878330090658595	0.012166990934140403
0.9853322393648719	0.01466776063512795
0.07666559710823466	0.9233344028917655
0.8917018981621926	0.10829810183780754
0.12190892228118538	0.878091077718815
0.05674247686868259	0.9432575231313176
0.47249865635495125	0.5275013436450489
0.3735918975134217	0.6264081024865784
0.16667898771182174	0.8333210122881785
0.7983477106457036	0.20165228935429638
0.926035766648954	0.0739642333510457
0.9846702278793493	0.015329772120650766
0.9741499620827843	0.025850037917215712
0.19882266980810542	0.8011773301918944
0.9734621493926331	0.026537850607366843
0.05749203314908808	0.9425079668509119
0.43941498110524024	0.56058501889476
0.16181849028329082	0.8381815097167089
0.1705211479385169	0.8294788520614829
0.5850740331013404	0.4149259668986597
0.42295397846054533	0.5770460215394546
0.07965162816089098	0.9203483718391091
0.10521412278377723	0.8947858772162229
0.03682231329208551	0.9631776867079147
0.04993506048238437	0.9500649395176157
0.009435104921611726	0.9905648950783882
0.07626892994903992	0.9237310700509603
0.22693699335646908	0.7730630066435311
0.056154537740346414	0.9438454622596537
0.516557174503347	0.48344282549665296
0.6232905478040378	0.37670945219596264
0.9957001610107628	0.004299838989237126
0.9565685806485612	0.04343141935143864
0.9832347048628612	0.016765295137138286
0.9968445845833582	0.003155415416641869
0.9093515954870144	0.09064840451298556
0.9232956485557314	0.07670435144426863
0.9647929865325999	0.03520701346740005
0.947590735074968	0.05240926492503166
0.937289723810833	0.06271027618916702
0.10156983044992249	0.8984301695500776
0.9757589698612037	0.024241030138796173
0.9583576989535578	0.041642301046442086
0.9708252534842542	0.029174746515745885
0.9873292845089691	0.012670715491030549
0.09503547135617672	0.9049645286438232
0.9658145413133944	0.03418545868660564
0.9857181580437665	0.01428184195623318
0.9947717031947526	0.005228296805247251
0.9976270136954257	0.00237298630457419
0.09092124800939287	0.9090787519906072
0.9547295203569525	0.04527047964304746
0.04497512480699583	0.9550248751930043
0.9854779391137081	0.014522060886292133
0.9907492003218047	0.009250799678195096
0.984751396590683	0.015248603409316655
0.9842298512383287	0.015770148761671002
0.9778291163329785	0.022170883667021246
0.9720606135594265	0.027939386440573522
0.9953287653974573	0.004671234602542562
0.9718667381686119	0.028133261831388014
0.9215104639099334	0.07848953609006645
0.9581693072322278	0.04183069276777217
0.9877544098971365	0.01224559010286373
0.9924725866130472	0.00752741338695267
0.9861069679807515	0.013893032019248512
0.9742848550872064	0.025715144912793367
0.8256048723751903	0.17439512762480974
0.919656645397462	0.08034335460253789
0.9932269104513809	0.006773089548618977
0.9904356353709858	0.009564364629014126
0.8876597405955908	0.1123402594044094
0.7370288126431349	0.262971187356865
0.9441509191889947	0.05584908081100529
0.8921372060922623	0.10786279390773731
0.9212163121839255	0.0787836878160742
0.37244039355358605	0.6275596064464142
0.5414576216247811	0.45854237837521916
0.1522907233176373	0.8477092766823631
0.15776063742715865	0.8422393625728415
0.053822669928227304	0.946177330071773
0.9825398482463421	0.017460151753657716
0.5365099830906255	0.4634900169093744
0.06973163555818536	0.9302683644418149
0.8204807139264639	0.17951928607353576
0.6422612157500623	0.35773878424993755
0.9146245165813655	0.08537548341863456
0.28846425862606545	0.7115357413739345
0.6263964706358879	0.37360352936411234
0.05461442112390815	0.9453855788760922
0.9793868139677204	0.02061318603227937
0.28571404701063474	0.7142859529893651
0.9890212407664707	0.010978759233529414
0.12576351853914167	0.8742364814608584
0.08274040602214262	0.9172595939778574
0.13068809596433242	0.8693119040356677
0.7685448295213076	0.23145517047869202
0.41975204738530936	0.5802479526146912
0.2835630414122043	0.7164369585877962
0.11506136159397823	0.8849386384060216
0.9287746466437123	0.07122535335628759
0.10762054064186119	0.892379459358139
0.9829696508348796	0.01703034916512038
0.14666397853271423	0.8533360214672855
0.9916964806299253	0.008303519370074596
0.07828532599750769	0.9217146740024923
0.4847182380095464	0.5152817619904538
0.06766793367177794	0.9323320663282217
0.9831734976290788	0.01682650237092136
0.9940006213711382	0.005999378628861785
0.728459859721688	0.27154014027831214
0.8578183046696347	0.14218169533036523
0.9840388670741094	0.01596113292589073
0.9544414056893292	0.04555859431067091
0.4690951694076315	0.5309048305923685
0.039857276856874305	0.9601427231431259
0.1026416279032085	0.8973583720967915
0.7013840622117479	0.2986159377882519
0.7752132728315412	0.2247867271684586
0.012564437782594912	0.9874355622174055
0.09021426931733205	0.9097857306826682
0.7401859453826812	0.25981405461731893
0.09301921669318762	0.9069807833068124
0.049905636250434274	0.950094363749566
0.13869619700947144	0.8613038029905286
0.04453472480285715	0.9554652751971429
0.9660634540383177	0.03393654596168221
0.09349372296585219	0.9065062770341479
0.988300835212298	0.011699164787701615
0.966218399059137	0.03378160094086302
0.9924949065538908	0.007505093446108865
0.9906219772220468	0.009378022777953179
0.9931490735616458	0.006850926438354085
0.04361264737137689	0.9563873526286231
0.9462153017875323	0.05378469821246758
0.9288266439683217	0.07117335603167821
0.9310559775706008	0.06894402242939897
0.9811277601866567	0.018872239813343007
0.9906976985596423	0.00930230144035774
0.9933771513139484	0.006622848686051468
0.969332858690291	0.030667141309708917
0.9858394951234177	0.014160504876581817
0.9809601615100343	0.019039838489965807
0.6205344921805974	0.37946550781940275
0.8105622473516841	0.1894377526483159
0.050303757253153725	0.9496962427468464
0.9872619388241162	0.012738061175883622
0.33374369914144464	0.6662563008585554
0.5949891992141725	0.40501080078582774
0.8928114693976579	0.10718853060234204
0.7952250245368501	0.20477497546314982
0.9484615901575935	0.05153840984240648
0.9718744636633972	0.028125536336602534
0.06728588324468254	0.9327141167553172
0.9934012339452988	0.00659876605470135
0.8663145260072218	0.13368547399277805
0.937943835943685	0.06205616405631503
0.9664696415483728	0.03353035845162718
0.9784614785396647	0.021538521460335178
0.9762244455674357	0.023775554432563822
0.8991785654245547	0.10082143457544536
0.9820146104425376	0.017985389557462227
0.973737817285683	0.02626218271431702
0.10733750828934373	0.8926624917106561
0.09746396088470931	0.9025360391152907
0.9824093286910337	0.017590671308966178
0.9808502423595108	0.019149757640489026
0.9719186331911872	0.02808136680881274
0.9901993278226559	0.009800672177344323
0.9500113708073948	0.049988629192605355
0.7723026232639099	0.22769737673608995
0.9877960347783431	0.012203965221656878
0.9756453958408275	0.024354604159172406
0.9836760455156269	0.016323954484372852
0.9728827863213076	0.02711721367869218
0.9795029352486984	0.020497064751301898
0.9395311454844797	0.06046885451552024
0.9679262246381463	0.03207377536185405
0.9867776199566893	0.013222380043310484
0.1983421757992646	0.8016578242007357
0.9587151575144073	0.04128484248559294
0.9879280399359811	0.012071960064018523
0.9802845559227056	0.01971544407729432
0.9910136251189217	0.00898637488107829
0.9678294845094811	0.03217051549051884
0.9598345918016917	0.04016540819830819
0.980997737900744	0.019002262099255984
0.9630484705289413	0.03695152947105884
0.9723493941691814	0.027650605830818513
0.9884648158545845	0.011535184145415232
0.9051542558569179	0.09484574414308229
0.09856630476428785	0.9014336952357124
0.9840351714032871	0.0159648285967127
0.9895218040693569	0.01047819593064297
0.05849538927771032	0.9415046107222897
0.9930342895152802	0.006965710484719774
0.9825197182004554	0.017480281799544518
0.9561556683470605	0.04384433165293977
0.9668198417993383	0.033180158200661704
0.09045029198927129	0.9095497080107287
0.7024876704675604	0.29751232953243933
0.9942652718487045	0.005734728151295485
0.975390725354667	0.024609274645333093
0.01701696174713386	0.9829830382528663
0.9436816074524634	0.056318392547536705
0.9090879454767797	0.0909120545232206
0.9288810381811878	0.07111896181881218
0.9344305460493005	0.06556945395069913
0.9072620911602353	0.09273790883976489
0.9634487379487331	0.03655126205126709
0.1626489500995402	0.8373510499004603
0.9304496731135957	0.06955032688640433
0.9744563381962236	0.025543661803776735
0.9765640558512361	0.02343594414876378
0.05832559731247262	0.9416744026875272
0.6620483121660654	0.33795168783393487
0.06661475748717455	0.9333852425128255
0.8913310944510603	0.10866890554893953
0.8213518977287475	0.17864810227125233
0.8983958065755554	0.10160419342444435
0.9697146811846903	0.030285318815309745
0.9906004337485692	0.009399566251430975
0.9849963787858473	0.01500362121415242
0.9311844627952375	0.06881553720476256
0.03793134585971973	0.9620686541402804
0.9900396745820332	0.009960325417966473
0.9157839219547711	0.08421607804522883
0.9924904184007459	0.007509581599254093
0.9895623708824752	0.010437629117524867
0.9712086713726977	0.02879132862730189
0.9811973046131511	0.01880269538684861
0.994889316594213	0.005110683405787023
0.995749448325765	0.004250551674235018
0.9661966615098383	0.033803338490161386
0.9884416364805346	0.011558363519465169
0.97877093155363	0.021229068446370177
0.9600905974221469	0.039909402577853255
0.9849045923288685	0.01509540767113129
0.9905085188821378	0.009491481117862289
0.10724799203287941	0.8927520079671205
0.9853208093771514	0.01467919062284853
0.9862950244040395	0.01370497559596033
0.9655405905425021	0.03445940945749786
0.9934029464399634	0.006597053560036516
0.11467154549371886	0.8853284545062812
0.9870355114841959	0.012964488515803708
0.9788862250977509	0.02111377490224916
0.9785039441200385	0.021496055879961274
0.993220620335565	0.00677937966443487
0.23594402137242618	0.7640559786275738
0.9724487249279583	0.02755127507204154
0.6330925638669546	0.3669074361330457
0.9687008820415509	0.03129911795844857
0.9764774449504252	0.02352255504957489
0.9596651562859043	0.040334843714095625
0.9895561303085967	0.010443869691402976
0.39127326501891685	0.6087267349810834
0.9826110698448638	0.017388930155135818
0.2370331894675268	0.7629668105324733
0.9850640606717009	0.014935939328298977
0.9857531627642103	0.014246837235789712
0.7226817374982264	0.27731826250177344
0.994736971742094	0.005263028257906089
0.9771127735330327	0.022887226466966917
0.9847248836286963	0.015275116371303545
0.9897122012389576	0.010287798761042397
0.7347526718751237	0.26524732812487617
0.9677647584081087	0.032235241591891214
0.9801533466403873	0.019846653359612627
0.9771837071413142	0.02281629285868557
0.8620340170004952	0.13796598299950477
0.9902609453384933	0.009739054661506777
0.6266133867526896	0.37338661324731043
0.21212739466500605	0.7878726053349939
0.9605947697380999	0.03940523026190027
0.9404852191689305	0.059514780831069494
0.9934009002552466	0.006599099744753259
0.05271992508761844	0.9472800749123814
0.96579009721923	0.034209902780769824
0.06326042348915212	0.9367395765108484
0.9813783935936959	0.018621606406303982
0.9940002441648356	0.005999755835164414
0.9823869998174876	0.01761300018251245
0.9861480735702669	0.013851926429732977
0.9448382779089427	0.05516172209105735
0.9439271531378285	0.05607284686217152
0.9894737149607034	0.010526285039296441
0.991184346977441	0.008815653022558741
0.9864769761393073	0.0135230238606925
0.7925504367140244	0.20744956328597564
0.06420845521835657	0.9357915447816437
0.8782764477557001	0.12172355224430007
0.21698142989800068	0.7830185701019992
0.43365544920349064	0.5663445507965094
0.030128259929731317	0.9698717400702686
0.05940602159282911	0.9405939784071711
0.1380600839441917	0.8619399160558083
0.31818487358001646	0.6818151264199835
0.12978025069803997	0.8702197493019601
0.5758546554298869	0.4241453445701133
0.6110675294039448	0.38893247059605485
0.31537814765514144	0.6846218523448586
0.04093361783252229	0.959066382167478
0.3634135317822548	0.6365864682177453
0.6489115351150025	0.3510884648849977
0.9868476265455496	0.013152373454450285
0.11960370502795209	0.880396294972048
0.9664775609615549	0.03352243903844509
0.11332973068733113	0.8866702693126689
0.9719098115578386	0.028090188442161396
0.8083315556979277	0.19166844430207208
0.9834613148616315	0.01653868513836832
0.16776533136622448	0.8322346686337755
0.9790702797360672	0.020929720263932885
0.9840437673780152	0.015956232621984673
0.9860064295992921	0.013993570400707896
0.9751433378519339	0.02485666214806606
0.9912409054346972	0.008759094565302635
0.9668684468237718	0.03313155317622861
0.9864740035371581	0.013525996462841887
0.9814529162978404	0.018547083702159805
0.9878632236207152	0.012136776379284746
0.9808887129829281	0.019111287017071658
0.9843178125955835	0.015682187404416455
0.9888902520911513	0.011109747908848788
0.9818119976422278	0.018188002357771883
0.9788483604453491	0.021151639554651082
0.9784127792626773	0.021587220737322478
0.9784397924659245	0.02156020753407552
0.9045172798829174	0.09548272011708236
0.9900594051397306	0.009940594860269358
0.9457668136051212	0.05423318639487902
0.9276369269810408	0.07236307301895896
0.9895231919203085	0.0104768080796915
0.981112732668244	0.01888726733175604
0.9807758178602208	0.019224182139778882
0.9928498711895364	0.0071501288104637226
0.9204997581722558	0.07950024182774423
0.968066012757602	0.031933987242398
0.06574187456668602	0.934258125433314
0.9839710551422688	0.016028944857730945
0.9907891315990344	0.00921086840096579
0.9916980335460802	0.008301966453919889
0.11004653281650523	0.8899534671834948
0.9877573174929698	0.012242682507030103
0.987101840810595	0.012898159189404776
0.9845870372687358	0.01541296273126397
0.0656490275285107	0.9343509724714895
0.9913879413978397	0.008612058602160123
0.9847552603876841	0.015244739612316182
0.9280577991849044	0.07194220081509549
0.8555477306730763	0.14445226932692373
0.3067878811391591	0.6932121188608411
0.8230663886222677	0.17693361137773234
0.5810422382663579	0.4189577617336424
0.5754696578767938	0.42453034212320645
0.9891286089002791	0.010871391099720846
0.9659149785662169	0.03408502143378293
0.9089155844624418	0.09108441553755857
0.9936123208511117	0.0063876791488883325
0.5357252106113891	0.46427478938861116
0.9890115457456534	0.01098845425434628
0.9809131915229271	0.019086808477072763
0.15926590201361313	0.8407340979863871
0.06917574571569554	0.9308242542843044
0.9920971697621609	0.007902830237839142
0.9815824179668838	0.018417582033115863
0.09963141645901918	0.9003685835409805
0.9858341564046058	0.014165843595393897
0.9718104785961086	0.028189521403891513
0.99436197470336	0.005638025296639971
0.6564940529636522	0.34350594703634774
0.7264891092329284	0.27351089076707136
0.650721846789871	0.34927815321012917
0.7811654447791855	0.21883455522081452
0.8463310420474457	0.15366895795255436
0.6180040109670949	0.381995989032905
0.08677602565785801	0.9132239743421419
0.26607643728555014	0.7339235627144499
0.8452901722598071	0.15470982774019307
0.45703901640822914	0.5429609835917709
0.9946809762400065	0.005319023759993336
0.9716412501761783	0.02835874982382143
0.9668951689911972	0.033104831008802946
0.9688123959833507	0.031187604016649172
0.6134858431311693	0.38651415686883084
0.2798980012917459	0.7201019987082542
0.3573251434376959	0.6426748565623047
0.7338569162838035	0.2661430837161965
0.9733824483707483	0.026617551629251834
0.9821853377195298	0.01781466228047023
0.4058024352127102	0.5941975647872896
0.986935152001485	0.013064847998515025
0.9444341680316117	0.0555658319683883
0.9395654204298804	0.06043457957011952
0.24661355105592947	0.7533864489440706
0.9368501790721611	0.06314982092783882
0.2638096445085199	0.7361903554914799
0.6733217617266056	0.32667823827339404
0.7021962088166971	0.29780379118330275
0.061820043984477685	0.9381799560155222
0.005379147394814271	0.9946208526051857
0.05705492843320917	0.9429450715667909
0.9069113722066666	0.09308862779333374
0.3186351858630945	0.6813648141369057
0.388449488334807	0.6115505116651934
0.981683536663157	0.018316463336842982
0.9087370338284638	0.091262966171536
0.9931986854431571	0.0068013145568429426
0.9801869036764144	0.019813096323585615
0.06195786797665068	0.9380421320233497
0.9161662790836017	0.08383372091639829
0.24846829464394254	0.7515317053560574
0.5029897782845614	0.4970102217154387
0.4989989302526744	0.5010010697473259
0.8682329171846896	0.13176708281531022
0.14237702267873803	0.8576229773212618
0.6661462275834744	0.3338537724165255
0.9888222921831855	0.011177707816814651
0.9869838826722142	0.013016117327785667
0.9379686682864375	0.062031331713562655
0.9196985632945005	0.08030143670549926
0.9132044179203875	0.0867955820796127
0.040672737843679786	0.9593272621563201
0.10434172676731451	0.8956582732326861
0.05783851668760021	0.9421614833123998
0.961222060288316	0.038777939711683904
0.987947923095101	0.012052076904898894
0.03430745833603178	0.965692541663968
0.13255326141155824	0.8674467385884421
0.9887349583014559	0.01126504169854432
0.9682281749476956	0.0317718250523044
0.8695182084997988	0.13048179150020162
0.989322516878963	0.010677483121037112
0.9872584188680998	0.012741581131900213
0.9553599185464983	0.04464008145350176
0.9430505160245307	0.056949483975468944
0.9865700539850272	0.013429946014972528
0.9817975145209856	0.018202485479014117
0.9789271213910695	0.02107287860893047
0.3605128268476027	0.6394871731523974
0.9479959690548263	0.05200403094517347
0.9867937160396504	0.013206283960349691
0.9942214209633393	0.005778579036660695
0.14417759901574453	0.8558224009842554
0.9006552125124212	0.09934478748757875
0.9816205961666451	0.018379403833354985
0.9792777465564713	0.02072225344352871
0.44778878052248766	0.5522112194775123
0.9828291579327866	0.017170842067213244
0.19352212826386206	0.8064778717361385
0.992764864389718	0.007235135610282042
0.9630594659394407	0.036940534060559214
0.05274075807935301	0.9472592419206473
0.04618611593181974	0.9538138840681806
0.8948900813324474	0.1051099186675528
0.04754044328661498	0.9524595567133849
0.9729891334108474	0.027010866589152506
0.46803418727616064	0.5319658127238398
0.0614158402014821	0.9385841597985178
0.46790267232303323	0.532097327676967
0.9750787560685843	0.02492124393141558
0.8055327537431061	0.194467246256894
0.7849420669416198	0.2150579330583801
0.9349973129256132	0.06500268707438679
0.24283882619674135	0.7571611738032589
0.1476562542745055	0.8523437457254945
0.07782643217562227	0.9221735678243781
0.373489159796103	0.6265108402038971
0.25760214808353593	0.742397851916464
0.0801776958466543	0.919822304153346
0.04193983484094436	0.9580601651590557
0.04903993780935648	0.9509600621906432
0.9690745351267127	0.030925464873287893
0.9663513651178383	0.0336486348821617
0.969156900715407	0.03084309928459248
0.9868749564980231	0.01312504350197682
0.9943456707250269	0.005654329274972927
0.9926285074621873	0.007371492537812605
0.9736382285952732	0.026361771404726682
0.9889334246358819	0.011066575364118241
0.9752356941207405	0.024764305879259364
0.9849074410716819	0.015092558928317837
0.9283622050352079	0.07163779496479183
0.9428193657959166	0.05718063420408333
0.9900840744716966	0.009915925528303287
0.9865052803588723	0.013494719641127391
0.16024479748419732	0.8397552025158026
0.9821824319051352	0.01781756809486484
0.9781699021666409	0.021830097833359093
0.21921662505318448	0.7807833749468154
0.9785630058569335	0.021436994143066292
0.15971093316786122	0.8402890668321392
0.8922182951804788	0.10778170481952101
0.8729598690283467	0.12704013097165362
0.2908907108706443	0.709109289129356
0.7800396465092096	0.21996035349079004
0.7914168794676176	0.20858312053238234
0.07912219986880316	0.9208778001311966
0.9736813966489615	0.026318603351038437
0.924364744818973	0.07563525518102683
0.9697695205575242	0.0302304794424758
0.9887051503655685	0.01129484963443119
0.9469774097215807	0.05302259027841923
0.22686027998286235	0.7731397200171378
0.9572872293709611	0.04271277062903893
0.8772088007862144	0.12279119921378548
0.9362534304298993	0.06374656957010064
0.6958825339932848	0.30411746600671546
0.9953185727347651	0.004681427265234763
0.9889600466045817	0.011039953395417888
0.08500965122050294	0.9149903487794971
0.9684491656873437	0.03155083431265632
0.994161717670409	0.005838282329590981
0.973272350913762	0.026727649086238026
0.5704561420362984	0.4295438579637015
0.3508367898521977	0.6491632101478022
0.9894984940333632	0.010501505966636938
0.04109103948478232	0.9589089605152177
0.957817454531521	0.04218254546847895
0.21205401887139805	0.787945981128602
0.9134761704299188	0.08652382957008121
0.9883747460660339	0.011625253933965964
0.9862880515178414	0.013711948482158813
0.9949433310397796	0.005056668960220289
0.9837994719130525	0.016200528086947406
0.9869816812891327	0.013018318710867071
0.9720173940902765	0.027982605909723457
0.9920763358562542	0.007923664143745696
0.07841138310438814	0.9215886168956119
0.16829776419377587	0.8317022358062244
0.16550363875189741	0.8344963612481028
0.9903109714044586	0.009689028595541679
0.9796778107274691	0.02032218927253109
0.9906265422476492	0.00937345775235058
0.9521536713230759	0.04784632867692398
0.9901810921451824	0.009818907854817507
0.984022111785635	0.015977888214365178
0.9405022414907406	0.059497758509259605
0.9946033726710172	0.005396627328982853
0.9868293879825206	0.013170612017479093
0.9726526459047623	0.027347354095237697
0.9815298398906236	0.018470160109376403
0.9928011945644398	0.0071988054355600515
0.9905496294012788	0.00945037059872119
0.5679865658518204	0.43201343414817955
0.945324347893013	0.054675652106986626
0.9860639885483705	0.013936011451629416
0.99370274589037	0.006297254109630102
0.9378858910850716	0.06211410891492844
0.9049121896229957	0.09508781037700467
0.9716448866330032	0.02835511336699683
0.9751035647255913	0.024896435274408723
0.9914635825665578	0.008536417433442323
0.8933807543473931	0.10661924565260696
0.08133638950481753	0.9186636104951824
0.11215257081431423	0.8878474291856859
0.9840499571732461	0.015950042826753913
0.9827006006947758	0.017299399305224214
0.9830935487932916	0.01690645120670799
0.9872548180583864	0.012745181941613599
0.9918967250455433	0.008103274954456834
0.9686354143622766	0.031364585637723395
0.9885806310459327	0.011419368954067016
0.8449755566741812	0.1550244433258188
0.9883616468156202	0.011638353184379658
0.9365168300437877	0.06348316995621217
0.9871148295709508	0.012885170429049249
0.966476250597502	0.033523749402498054
0.13885873793834258	0.8611412620616573
0.9870871982018269	0.012912801798172757
0.9655276684150839	0.03447233158491585
0.6788104330489516	0.3211895669510485
0.2770068568066503	0.7229931431933493
0.27625617163138655	0.7237438283686137
0.987930065405863	0.0120699345941368
0.9915182116334589	0.008481788366541048
0.9816918342327052	0.01830816576729473
0.9480349781197686	0.05196502188023157
0.9804432209928992	0.019556779007100913
0.9548518096084063	0.04514819039159371
0.9890123688682273	0.01098763113177271
0.952036457432723	0.04796354256727681
0.9788104996898582	0.021189500310141756
0.9820858521468976	0.0179141478531024
0.9763332680598248	0.023666731940175226
0.8414009852075823	0.15859901479241748
0.9565688657705184	0.043431134229481555
0.9657638985170172	0.03423610148298293
0.9035536024957157	0.09644639750428416
0.9463030180530362	0.05369698194696375
0.9813285507233265	0.01867144927667367
0.9860625611775891	0.01393743882241072
0.9869616589008108	0.013038341099189183
0.9821310072663171	0.01786899273368299
0.9660675731735102	0.033932426826489726
0.9637628941029247	0.0362371058970754
0.9205522490609798	0.07944775093902014
0.15974177947933113	0.8402582205206689
0.08393124489225494	0.9160687551077453
0.9851393272212259	0.014860672778773986
0.5727160446903568	0.42728395530964325
0.9655705326765651	0.03442946732343446
0.19153307723457247	0.8084669227654279
0.832573834253364	0.16742616574663607
0.975827822427762	0.02417217757223782
0.979349946602027	0.02065005339797266
0.9548262061365693	0.045173793863430595
0.9933388002453498	0.006661199754650152
0.2972128924723672	0.7027871075276328
0.9509332350049361	0.049066764995063766
0.3541098533962755	0.6458901466037247
0.5968304936057419	0.4031695063942579
0.6097711429262704	0.3902288570737295
0.27261584130873506	0.7273841586912652
0.1623981285024035	0.8376018714975965
0.9867798667890427	0.013220133210957314
0.9389328146900435	0.06106718530995611
0.9881747085655487	0.011825291434451308
0.9908113422795689	0.009188657720430739
0.9818100294081127	0.018189970591887233
0.98884182124532	0.011158178754679662
0.9908836544429596	0.009116345557040207
0.9724227994625082	0.027577200537491745
0.9604685599470696	0.03953144005293048
0.9499401847608496	0.05005981523915043
0.34899291478456457	0.6510070852154354
0.9814945886206621	0.018505411379337887
0.2187741459507067	0.7812258540492938
0.7220518548138024	0.27794814518619776
0.12041058913958422	0.8795894108604158
0.9861776019123196	0.013822398087680307
0.9646039382160282	0.03539606178397156
0.9321464806060643	0.06785351939393573
0.1515225972141989	0.8484774027858015
0.9850764619732107	0.014923538026788833
0.9554308180843711	0.0445691819156287
0.9864236435519633	0.013576356448036475
0.9678813401756454	0.032118659824354745
0.9665505158816698	0.03344948411833029
0.9778676384627063	0.02213236153729348
0.9872005366459666	0.012799463354033315
0.9874988467969039	0.012501153203095906
0.9295154417977349	0.07048455820226503
0.07218767333862923	0.9278123266613707
0.9928771401849726	0.007122859815027031
0.9789758246014335	0.021024175398566523
0.07161285520306838	0.9283871447969321
0.9842864557940386	0.015713544205961386
0.9862464809206116	0.013753519079388288
0.9748130138879825	0.02518698611201748
0.9855233861818529	0.01447661381814692
0.9515188348413779	0.04848116515862202
0.9878414238614145	0.012158576138585373
0.8130515314745276	0.1869484685254724
0.1784655079812542	0.8215344920187456
0.8098220905993132	0.19017790940068674
0.415949356791137	0.584050643208863
0.9309452024114835	0.06905479758851675
0.9907051538863431	0.009294846113656925
0.9310798311339358	0.06892016886606459
0.5807061115482527	0.41929388845174737
0.11824284983584743	0.8817571501641526
0.9910722541848991	0.008927745815100717
0.03695803352078603	0.9630419664792141
0.4603335893854631	0.5396664106145376
0.40442412829900404	0.5955758717009964
0.9275270411927043	0.07247295880729569
0.9225278628176337	0.0774721371823664
0.9896843387464507	0.01031566125354926
0.6145680553248727	0.3854319446751272
0.9105504091243773	0.0894495908756226
0.9834455766978709	0.016554423302129032
0.17847546743606346	0.8215245325639365
0.7396998122276922	0.2603001877723075
0.02924298504061841	0.9707570149593815
0.06339027122899883	0.9366097287710012
0.2587301581821674	0.7412698418178332
0.026368212876499274	0.973631787123501
0.3341119618255463	0.6658880381744536
0.16467611986565217	0.835323880134348
0.08540862664662843	0.9145913733533716
0.3582970837444631	0.6417029162555374
0.5324409335948634	0.46755906640513684
0.03106340201458456	0.9689365979854156
0.5147186988229941	0.4852813011770062
0.3814487580536938	0.6185512419463064
0.23212387955413835	0.7678761204458621
0.11623224497394455	0.8837677550260554
0.009352342918902646	0.9906476570810975
0.7253359112791736	0.27466408872082604
0.9040725125887329	0.09592748741126696
0.992993490812347	0.007006509187652999
0.9732957799653681	0.026704220034631698
0.9831507267315076	0.016849273268492372
0.9837377840878085	0.01626221591219105
0.04155919799065556	0.9584408020093446
0.9812329026242875	0.01876709737571226
0.26847452429095364	0.7315254757090465
0.9810051209449118	0.01899487905508823
0.16101911412101508	0.8389808858789849
0.9901835194166634	0.009816480583336637
0.8649793779710706	0.13502062202892978
0.9904497095020472	0.009550290497952361
0.9882023118163521	0.011797688183647926
0.850441869559176	0.14955813044082403
0.24180552756522444	0.7581944724347758
0.9831224705363654	0.016877529463634355
0.9860082242760467	0.013991775723953206
0.18261155026036774	0.8173884497396322
0.6634183892477736	0.3365816107522262
0.9936959463603862	0.006304053639613777
0.9919458219574713	0.008054178042528568
0.07101889437535079	0.9289811056246493
0.9813284403301743	0.018671559669825633
0.9866801102773934	0.013319889722606629
0.9523611759046611	0.04763882409533881
0.08084774874266286	0.9191522512573376
0.3425689893427269	0.657431010657273
0.9927325556877277	0.0072674443122724385
0.09431999969406961	0.9056800003059304
0.9224067231131217	0.07759327688687806
0.9721368259163361	0.027863174083663525
0.9807764663798143	0.019223533620185675
0.9067171030361268	0.0932828969638732
0.8813381426230424	0.11866185737695725
0.9903328175683573	0.009667182431642645
0.9737980363929705	0.02620196360702945
0.4674993894167146	0.5325006105832856
0.047901161173898546	0.9520988388261017
0.9840080473497685	0.015991952650231393
0.9860711698688899	0.0139288301311101
0.9686528001356927	0.031347199864307305
0.17255033020371774	0.8274496697962823
0.9028106485821941	0.09718935141780582
0.9124560975232744	0.08754390247672536
0.7790512038382964	0.2209487961617036
0.9825591510694557	0.017440848930544216
0.21309248897383226	0.786907511026168
0.8584615375214962	0.14153846247850382
0.05469759223718414	0.945302407762816
0.939700390293995	0.06029960970600511
0.06930072861804341	0.9306992713819568
0.9932064914345606	0.0067935085654391705
0.9900437907989615	0.009956209201038293
0.9633267566479491	0.03667324335205067
0.987635245335716	0.012364754664283986
0.9834937747178938	0.01650622528210622
0.9849280803504432	0.015071919649556982
0.9696108946115949	0.030389105388405155
0.06694650368179424	0.9330534963182059
0.9870259554226525	0.01297404457734733
0.9480802474271225	0.05191975257287726
0.9448210415483901	0.055178958451609784
0.9748670292250494	0.025132970774950535
0.2755735590790048	0.7244264409209954
0.9812815295577864	0.01871847044221373
0.22825015523482745	0.7717498447651725
0.9084198453011224	0.09158015469887776
0.9920684124321599	0.007931587567839954
0.085294764048392	0.9147052359516076
0.9300671663665139	0.0699328336334862
0.9629223898405108	0.03707761015948914
0.9516736670441525	0.04832633295584762
0.9912492009696912	0.008750799030308468
0.9883789276071897	0.011621072392810367
0.9734071353452571	0.02659286465474304
0.9736424693684625	0.026357530631537323
0.7626207579646875	0.23737924203531272
0.9681676342857108	0.03183236571428928
0.36325409843671946	0.6367459015632808
0.08282940608825486	0.9171705939117447
0.96444054313859	0.03555945686140992
0.9456793340880449	0.054320665911955
0.7711000926680788	0.22889990733192106
0.11078460925955218	0.8892153907404476
0.7130842403143751	0.2869157596856249
0.7856567512958668	0.2143432487041331
0.9847643633318494	0.0152356366681507
0.9342612050137034	0.06573879498629676
0.01352328151944873	0.9864767184805519
0.9677055245492654	0.03229447545073471
0.9900463556624683	0.009953644337531618
0.05907228120310484	0.9409277187968952
0.9897643794790537	0.010235620520946377
0.03800177629482734	0.9619982237051726
0.05462983269359938	0.9453701673064008
0.9934251224214402	0.006574877578559543
0.13011610581958222	0.8698838941804178
0.9672171975636364	0.03278280243636338
0.9856368239781717	0.014363176021828256
0.9416888540387037	0.058311145961296024
0.914664316635978	0.08533568336402196
0.9893567688108	0.010643231189199995
0.6865250143907056	0.3134749856092943
0.14779404702476143	0.8522059529752386
0.9859789915781186	0.014021008421880926
0.9831578556336663	0.016842144366333685
0.9674702949290601	0.03252970507093983
0.9911218499269344	0.008878150073065439
0.9847992793708278	0.015200720629172122
0.9799184687114306	0.020081531288569168
0.9868851008939188	0.013114899106081131
0.9525951582783	0.04740484172169989
0.992974180895973	0.007025819104026966
0.9873940131657942	0.012605986834205858
0.07365696707863205	0.9263430329213681
0.941215221836806	0.05878477816319402
0.9831755752051666	0.01682442479483321
0.9685640954179707	0.0314359045820296
0.9784806776260103	0.021519322373989423
0.878509151798116	0.12149084820188415
0.9523722160482508	0.04762778395174909
0.9943833412737406	0.0056166587262593375
0.9781695968040428	0.021830403195957224
0.9861141767589617	0.013885823241038037
0.9875578427697721	0.012442157230227548
0.9080348315616044	0.09196516843839558
0.9841679613322044	0.015832038667795225
0.13253882642479606	0.8674611735752039
0.9718331731079677	0.028166826892032183
0.9799768268116401	0.020023173188359875
0.9834976401821143	0.016502359817885434
0.9924676358195073	0.00753236418049265
0.9847196342761166	0.015280365723883218
0.9891248444758428	0.010875155524157321
0.9812560346043934	0.01874396539560651
0.027897428667178783	0.972102571332821
0.9889832105253932	0.011016789474606815
0.9729786904747614	0.027021309525238863
0.9839813614015176	0.01601863859848215
0.9743795305303088	0.025620469469691088
0.08111451548415696	0.9188854845158433
0.959509374216816	0.04049062578318399
0.990027294456126	0.009972705543873887
0.9859957189382775	0.014004281061722114
0.8716154668595985	0.12838453314040124
0.9909900963259178	0.009009903674081941
0.9853923104326182	0.014607689567381654
0.04788795320166976	0.9521120467983307
0.9923146486225068	0.007685351377493057
0.9774924685976064	0.022507531402393425
0.9633184320791901	0.03668156792080976
0.05383456238604087	0.9461654376139593
0.987775256446661	0.012224743553339018
0.9844488082409523	0.015551191759047615
0.99091668780174	0.009083312198259913
0.9254235671055803	0.07457643289441983
0.9874694335550619	0.012530566444937925
0.9648117931214995	0.0351882068785006
0.9906470781113456	0.009352921888654336
0.9846956731581541	0.015304326841845857
0.7170501050149889	0.28294989498501133
0.9577627802863602	0.04223721971363985
0.9397953371481234	0.060204662851876464
0.9599155866494573	0.04008441335054266
0.13372781951713883	0.8662721804828609
0.952186377532209	0.0478136224677911
0.990537591893769	0.009462408106230995
0.8954233021497998	0.1045766978502004
0.9809053793432337	0.019094620656766325
0.9879780200732062	0.012021979926793689
0.08758500446474514	0.912414995535255
0.20553242289577497	0.7944675771042248
0.02370663871416785	0.9762933612858324
0.9240872891659789	0.07591271083402101
0.937706544886529	0.06229345511347097
0.27724149240083945	0.7227585075991605
0.9797272853709045	0.02027271462909527
0.09155380200785031	0.9084461979921501
0.7099291686618505	0.29007083133814915
0.11994477985355376	0.8800552201464461
0.11467476752172845	0.885325232478272
0.10859493758795803	0.8914050624120421
0.7813503590251267	0.2186496409748733
0.9732189698212159	0.026781030178784093
0.9818928549217297	0.018107145078270312
0.5416633100104817	0.4583366899895184
0.9930756964169275	0.006924303583072274
0.9728046957293466	0.02719530427065324
0.9883163508420378	0.011683649157962064
0.036615430435132094	0.9633845695648681
0.6720607576047811	0.327939242395219
0.9851813565657461	0.014818643434253759
0.10997457804588345	0.8900254219541164
0.9929045774727189	0.00709542252728115
0.9765850828585886	0.023414917141411612
0.047834024734112426	0.9521659752658875
0.1933299523825517	0.8066700476174486
0.9878082223920218	0.012191777607978273
0.9492458521973812	0.050754147802618776
0.9532488445616082	0.046751155438391735
0.9578262954135183	0.04217370458648155
0.9873004121783867	0.012699587821613066
0.9825133035433475	0.017486696456652323
0.9876547343352499	0.01234526566474986
0.9815742287594179	0.018425771240581746
0.9774138000217941	0.02258619997820605
0.9884542628148228	0.01154573718517743
0.7106946309134601	0.2893053690865397
0.9870828886805844	0.012917111319415753
0.9897172624054648	0.010282737594535275
0.9215368397552652	0.07846316024473474
0.978023365421539	0.021976634578461093
0.8296983822717415	0.1703016177282584
0.04026964091375374	0.9597303590862465
0.9621438512585161	0.03785614874148391
0.13278455155366087	0.8672154484463392
0.9942079834975927	0.005792016502407394
0.1320400358746384	0.8679599641253617
0.9578888988386072	0.04211110116139279
0.9665864418398631	0.033413558160137004
0.9585519029626787	0.04144809703732125
0.9004527541501527	0.09954724584984749
0.9581013189613762	0.041898681038623646
0.9800216792938486	0.019978320706151062
0.46457306658605463	0.5354269334139454
0.04692518829836881	0.9530748117016311
0.024755839298610458	0.9752441607013899
0.9907426477882174	0.009257352211782562
0.9740754700653464	0.0259245299346538
0.0439402181737446	0.9560597818262552
0.9738233626119118	0.02617663738808779
0.3675623163820386	0.6324376836179613
0.12113919717442583	0.8788608028255745
0.9830626580503399	0.01693734194965989
0.9893903128108045	0.010609687189195598
0.9903932023355057	0.009606797664494111
0.9823698940320117	0.017630105967988204
0.9902434664470878	0.009756533552912193
0.9327867097799242	0.06721329022007591
0.695939446600859	0.3040605533991408
0.9857419308309184	0.014258069169081655
0.025175189965985653	0.9748248100340146
0.018123515204542667	0.9818764847954575
0.9799192057564113	0.020080794243588475
0.991856044495119	0.008143955504881006
0.06154153716242176	0.938458462837578
0.9758901856085871	0.02410981439141269
0.9913347118535136	0.00866528814648623
0.8970973743993522	0.10290262560064792
0.0832622196990249	0.916737780300975
0.29156678370699995	0.7084332162929999
0.9877857551348653	0.01221424486513474
0.9852446633030693	0.014755336696930783
0.9916737623712594	0.008326237628740643
0.05772938884335133	0.9422706111566486
0.9905552396325916	0.009444760367408147
0.9847032898580383	0.015296710141961645
0.9819539674547022	0.018046032545297533
0.09292604749670726	0.9070739525032931
0.9928795918507809	0.007120408149219222
0.07681770530015142	0.9231822946998487
0.986051634353495	0.013948365646505081
0.9913629386447192	0.008637061355280702
0.03012634725103771	0.9698736527489625
0.9944930869890232	0.00550691301097684
0.9297624720023415	0.07023752799765864
0.9147068610958776	0.08529313890412235
0.9890060661202703	0.0109939338797295
0.9803710429675567	0.01962895703244302
0.973974655622315	0.026025344377684553
0.9796005104374733	0.02039948956252643
0.09534967589390918	0.9046503241060908
0.060741356901923095	0.9392586430980772
0.10424915415241977	0.8957508458475805
0.8316219948796525	0.16837800512034776
0.2572292390547504	0.7427707609452496
0.10224723597225838	0.8977527640277418
0.8043734958598884	0.19562650414011185
0.06548695555464713	0.9345130444453532
0.06607340121007606	0.9339265987899242
0.843269242422764	0.15673075757723587
0.14357770159943675	0.8564222984005633
0.9613481663297256	0.03865183367027432
0.9670964087182665	0.03290359128173334
0.8570270714644995	0.14297292853550062
0.9631265721170492	0.03687342788295091
0.986162671002958	0.013837328997042105
0.9904344328644363	0.009565567135563476
0.9825212118469662	0.017478788153033494
0.5898400589098196	0.4101599410901805
0.9147888249709173	0.08521117502908267
0.9603987764307891	0.03960122356921106
0.9536505088815743	0.04634949111842582
0.9909695979201386	0.009030402079861024
0.9837560774638489	0.016243922536150944
0.9913870083718773	0.008612991628122721
0.8141580788974742	0.18584192110252573
0.9226611680320067	0.07733883196799311
0.8806083052432706	0.11939169475672953
0.9573333008403969	0.04266669915960319
0.1495495612832359	0.850450438716764
0.9768722089034072	0.0231277910965927
0.9347425704558519	0.06525742954414789
0.9786543151399535	0.02134568486004633
0.9872554005574864	0.01274459944251363
0.9440074744234255	0.05599252557657449
0.9036626726808755	0.09633732731912467
0.9296894724013867	0.07031052759861349
0.9958999355554953	0.004100064444504487
0.9916548903456198	0.0083451096543802
0.9875748649927155	0.012425135007284205
0.925726589969769	0.07427341003023098
0.9900777569186523	0.00992224308134752
0.9229321507644989	0.07706784923550115
0.9856050289190306	0.014394971080969328
0.08467090239581251	0.9153290976041876
0.2521046080940465	0.7478953919059534
0.9269678375519471	0.07303216244805258
0.5239243500100694	0.47607564998993057
0.7680646134542911	0.23193538654570858
0.9733228401611045	0.026677159838895535
0.8768949971423367	0.12310500285766354
0.9738150510257665	0.026184948974233534
0.9616298891428865	0.03837011085711358
0.017597496163630634	0.9824025038363697
0.9551204553693802	0.04487954463062009
0.9568406643795904	0.043159335620409515
0.9771910110472358	0.022808988952764314
0.9890255074060211	0.010974492593978728
0.2495571621134208	0.7504428378865791
0.9854775877145808	0.014522412285419261
0.21641612935354926	0.7835838706464503
0.9837993501071831	0.016200649892816613
0.06901663587157994	0.9309833641284198
0.8731230362390177	0.12687696376098226
0.9853073024971635	0.01469269750283628
0.9878096143568166	0.012190385643183185
0.9825273183949976	0.017472681605002243
0.9881263995062676	0.011873600493732341
0.9627869588924466	0.03721304110755342
0.9097317632502099	0.09026823674979015
0.7470362934825634	0.2529637065174362
0.8352075307536806	0.1647924692463193
0.8631207060264923	0.136879293973508
0.5715296947866412	0.42847030521335866
0.07363060189107444	0.9263693981089257
0.7906376518472774	0.20936234815272228
0.19693086995919745	0.8030691300408026
0.9471365171963531	0.05286348280364685
0.7764124188863977	0.22358758111360255
0.11389802938136948	0.8861019706186307
0.9830683683420682	0.01693163165793169
0.9871221492214086	0.012877850778591311
0.9806333395794518	0.019366660420548257
0.9838300497301049	0.01616995026989517
0.9858750605737032	0.014124939426296636
0.9745604572076867	0.025439542792313294
0.9895867852292872	0.010413214770712801
0.9935377437002539	0.006462256299746133
0.9790875105065957	0.020912489493404195
0.982778008099006	0.01722199190099406
0.6082796359356406	0.3917203640643597
0.9623180084568405	0.03768199154315955
0.12587019083168785	0.8741298091683122
0.9853891678484377	0.014610832151562447
0.8843872547917981	0.11561274520820199
0.9851747728268987	0.014825227173101004
0.9841894875598146	0.015810512440185213
0.9757839609040698	0.024216039095929842
0.9853099550871474	0.014690044912852569
0.17240031718219764	0.8275996828178023
0.9711701796517345	0.02882982034826571
0.9357114870631983	0.06428851293680166
0.9751172393240114	0.02488276067598833
0.9767608578176115	0.023239142182388327
0.9868300064692356	0.01316999353076436
0.9859354259609592	0.014064574039040783
0.9851046642274776	0.014895335772522065
0.9944663536709771	0.005533646329022815
0.9756541238692629	0.02434587613073702
0.9470687102596298	0.05293128974037032
0.10465112560263458	0.8953488743973652
0.9267532070572644	0.07324679294273545
0.9448975973868806	0.0551024026131192
0.9920270695570114	0.007972930442988553
0.7347119704350437	0.2652880295649567
0.8904976253026595	0.10950237469734062
0.9945218798570061	0.005478120142993946
0.2829069614999449	0.717093038500055
0.978528158073955	0.02147184192604479
0.9865415715374742	0.013458428462525894
0.9848219152062596	0.01517808479374025
0.9651491009798376	0.03485089902016235
0.9854348944837945	0.014565105516205068
0.9784666842717553	0.021533315728244986
0.9961937222251197	0.003806277774880213
0.11634068256194956	0.8836593174380506
0.9924741468764922	0.007525853123507759
0.09912741635593372	0.9008725836440662
0.5864804600479246	0.4135195399520753
0.8775356839147832	0.12246431608521695
0.9831419203782599	0.01685807962173994
0.0396967542484288	0.9603032457515712
0.9813307016648202	0.018669298335179843
0.9747365980391254	0.025263401960874603
0.9853680816191401	0.01463191838085981
0.9894291842007391	0.01057081579926056
0.9935156199730948	0.0064843800269050325
0.985989779539246	0.014010220460753866
0.9756513511955912	0.02434864880440886
0.9478479685046398	0.05215203149536042
0.8702903800657392	0.12970961993426083
0.9591597320565484	0.04084026794345172
0.9866154018745174	0.013384598125482462
0.9845913886784129	0.015408611321586647
0.9908848635558481	0.009115136444151567
0.9892089045285988	0.010791095471400997
0.9840673739557395	0.01593262604426053
0.9110939685666373	0.08890603143336309
0.9791425808743233	0.02085741912567677
0.9352014855635079	0.06479851443649225
0.9721451762949345	0.02785482370506577
0.763244968790004	0.23675503120999597
0.24961047897136232	0.7503895210286377
0.988288641931492	0.011711358068507836
0.5914982909875659	0.40850170901243404
0.9827361086824733	0.017263891317526654
0.5450261595316918	0.45497384046830824
0.8203493080404525	0.1796506919595475
0.16094396198181207	0.839056038018188
0.9879819494171049	0.01201805058289475
0.9885279380487885	0.01147206195121151
0.9941987518653492	0.005801248134650699
0.984870969241963	0.015129030758037076
0.9760223726361957	0.023977627363804467
0.984460222899463	0.015539777100537
0.9718202063768716	0.02817979362312845
0.9910950048488749	0.008904995151124874
0.9260979140190635	0.0739020859809364
0.9893039777134429	0.010696022286557128
0.9734907145182092	0.02650928548179053
0.9860995469112775	0.013900453088722474
0.9833563694667076	0.016643630533292358
0.9845998643046231	0.015400135695377033
0.9970372671926359	0.0029627328073641335
0.8848760202426676	0.11512397975733257
0.6307063950823566	0.3692936049176435
0.9095079230445582	0.0904920769554416
0.9937145168365348	0.006285483163465393
0.9875972624643687	0.012402737535631066
0.9914234405782867	0.008576559421713214
0.9807698196576062	0.019230180342393596
0.9742295614895708	0.0257704385104291
0.02254371293061565	0.9774562870693846
0.9911181074355251	0.008881892564474879
0.7732143190838866	0.22678568091611326
0.9302248589985938	0.06977514100140622
0.9809629015326904	0.019037098467309686
0.2555769971312565	0.7444230028687439
0.902701118924431	0.0972988810755691
0.8900900929574642	0.1099099070425358
0.6330095341746953	0.36699046582530476
0.8415888099944417	0.15841119000555814
0.9881016594964366	0.011898340503563268
0.8667937720910789	0.13320622790892134
0.9912612795938148	0.00873872040618484
0.9731327522560619	0.0268672477439382
0.9874790347659252	0.012520965234074519
0.9953231178916713	0.004676882108328594
0.9906361651515083	0.00936383484849161
0.9862422929164103	0.013757707083589739
0.9902475883930694	0.00975241160693028
0.9911202252791078	0.008879774720892056
0.9460761712624813	0.05392382873751852
0.9236435071519412	0.07635649284805883
0.9883150792529648	0.011684920747035272
0.9924002922687375	0.007599707731262431
0.9895478522938117	0.01045214770618809
0.926010671183462	0.07398932881653762
0.9297148222248538	0.07028517777514652
0.9609424730842184	0.03905752691578168
0.9563516462967475	0.043648353703252415
0.08831316254439468	0.9116868374556054
0.9573087251870172	0.042691274812982766
0.041842207853061565	0.9581577921469385
0.9866836890591603	0.013316310940839508
0.974684101779263	0.02531589822073692
0.996472699392429	0.003527300607570933
0.9088071663550403	0.09119283364495975
0.9897087571245557	0.01029124287544416
0.8590571110363368	0.14094288896366325
0.9822335123719526	0.01776648762804743
0.08228404370235086	0.9177159562976491
0.22764039452369667	0.7723596054763036
0.9743094947217223	0.02569050527827759
0.9843302335403123	0.01566976645968804
0.11861853384960216	0.8813814661503979
0.899418807659278	0.10058119234072237
0.9819036898042603	0.018096310195739606
0.9263434942613178	0.07365650573868227
0.9901111314549429	0.009888868545056866
0.6709428223403572	0.32905717765964293
0.0340011154659082	0.9659988845340918
0.1579321533297378	0.8420678466702625
0.9788515329411763	0.021148467058823815
0.9658240915739524	0.03417590842604731
0.982646849205147	0.017353150794852806
0.16794304110358932	0.8320569588964105
0.9694602293228924	0.03053977067710742
0.8997815778531973	0.1002184221468027
0.774257759194667	0.22574224080533295
0.593994618470525	0.4060053815294749
0.29375625801902155	0.7062437419809785
0.5121643681826974	0.4878356318173028
0.23680410686687817	0.7631958931331216
0.6088941657356604	0.39110583426434
0.05418051248229812	0.9458194875177018
0.058458919879876205	0.941541080120124
0.19226660121782888	0.807733398782171
0.2862336663628077	0.7137663336371921
0.6049111028066826	0.39508889719331763
0.6528107599685398	0.3471892400314605
0.3331448860073531	0.666855113992647
0.9148266019864353	0.0851733980135648
0.9763896995159429	0.023610300484056913
0.03635988570722859	0.9636401142927714
0.986601276226162	0.01339872377383795
0.988007119456647	0.01199288054335318
0.19746089704635594	0.8025391029536437
0.9912054792825178	0.008794520717482152
0.9762188455142937	0.023781154485706186
0.9220271753859554	0.07797282461404474
0.9827247029839752	0.0172752970160248
0.6817195329357547	0.31828046706424523
0.9626545700298237	0.037345429970176085
0.9826738507623898	0.017326149237610076
0.038518449591505605	0.9614815504084945
0.9454539826714243	0.0545460173285757
0.9850284390710474	0.014971560928952455
0.9869936705651068	0.013006329434893226
0.9640331721375918	0.03596682786240828
0.9895196527739378	0.010480347226062243
0.990825456842946	0.009174543157053898
0.9394878207664337	0.06051217923356661
0.32800461199133224	0.6719953880086678
0.9762377095425179	0.023762290457482238
0.9494841288956867	0.0505158711043133
0.9697834430972958	0.030216556902704143
0.9023808582520196	0.09761914174798057
0.9438423136160874	0.056157686383912706
0.9789621278933257	0.021037872106673926
0.9485425365096596	0.051457463490340395
0.7707792889161118	0.2292207110838883
0.9839128915405346	0.01608710845946541
0.9884288342575631	0.011571165742436598
0.9704904139799737	0.029509586020026058
0.9840343459557533	0.015965654044246606
0.990304598527637	0.009695401472362988
0.9540577187417928	0.04594228125820751
0.9315107780852553	0.06848922191474471
0.5911166293633996	0.40888337063660046
0.36356200736478195	0.6364379926352183
0.2685608701352952	0.7314391298647048
0.9719306821079025	0.028069317892097684
0.9843846974001424	0.015615302599857604
0.9225779428053964	0.07742205719460361
0.9862426714363989	0.013757328563601045
0.7680219076258212	0.2319780923741787
0.10805236036274955	0.8919476396372502
0.9896026131886865	0.010397386811313716
0.980390356811267	0.019609643188733053
0.8265963034983862	0.17340369650161389
0.9612077083049642	0.03879229169503597
0.9433781508727089	0.056621849127290964
0.9756060972063052	0.02439390279369456
0.381255517682279	0.618744482317721
0.7339626862195523	0.26603731378044737
0.9665403083571346	0.033459691642865594
0.5774236075144143	0.4225763924855858
0.9903650873020713	0.009634912697928712
0.13782810127085712	0.8621718987291426
0.9691778016430358	0.030822198356964103
0.9514351070764896	0.048564892923510274
0.9335123717051783	0.06648762829482184
0.9844386945649419	0.015561305435058147
0.1335879284339525	0.866412071566047
0.06310785029509558	0.9368921497049046
0.9441217542049472	0.05587824579505292
0.9820377200558759	0.01796227994412405
0.9857982793621431	0.014201720637856668
0.9839775556168914	0.016022444383108802
0.07285113349870609	0.9271488665012939
0.9633954148836326	0.03660458511636761
0.9838612888588735	0.016138711141126656
0.0490315969086328	0.9509684030913671
0.9871301409774798	0.012869859022519938
0.9861369659270666	0.013863034072933201
0.984735273904277	0.015264726095723042
0.975640203460943	0.024359796539056764
0.9919295999987463	0.00807040000125357
0.15208813395637788	0.8479118660436221
0.07104211794923593	0.9289578820507642
0.20213133762480326	0.7978686623751969
0.08651038694165795	0.9134896130583422
0.9812462658761355	0.01875373412386443
0.11021415057044377	0.8897858494295562
0.9888700331363067	0.011129966863693304
0.9826417986304773	0.017358201369522597
0.9940345812886039	0.005965418711396144
0.9923491104510168	0.007650889548983095
0.9572490800018174	0.04275091999818257
0.7167912706787268	0.28320872932127333
0.9326755922834282	0.06732440771657199
0.9773391555205923	0.022660844479407603
0.7475142337468657	0.2524857662531342
0.9764861621404072	0.023513837859592865
0.9781082854056576	0.02189171459434249
0.05167537726632448	0.9483246227336756
0.08056266651032505	0.9194373334896748
0.9722987216987466	0.027701278301253268
0.9948286160989164	0.005171383901083496
0.9905555199804672	0.009444480019532804
0.06324050417331799	0.9367594958266824
0.987030849077451	0.012969150922548715
0.11898127886116736	0.8810187211388327
0.9853845235387391	0.0146154764612606
0.932459652749443	0.06754034725055691
0.9941237163184593	0.0058762836815409334
0.9810145924059174	0.01898540759408215
0.9813578020282958	0.01864219797170401
0.9216682271158967	0.07833177288410331
0.7506202667280865	0.24937973327191354
0.9458382066357648	0.05416179336423523
0.19045484925191786	0.8095451507480823
0.8924819766557133	0.10751802334428685
0.9740247500831514	0.025975249916848565
0.057384676531391905	0.9426153234686087
0.9601135170592962	0.039886482940704154
0.9817507048944332	0.018249295105566717
0.9844482486871491	0.015551751312850814
0.8995837458282822	0.10041625417171796
0.4773810938094208	0.5226189061905796
0.9837845954825872	0.016215404517412955
0.9889168710616099	0.011083128938390205
0.08795608388473342	0.9120439161152669
0.05559426936392306	0.9444057306360771
0.9857536564763941	0.01424634352360578
0.9382801733892769	0.06171982661072326
0.06965929353342916	0.9303407064665707
0.6585149267686665	0.3414850732313334
0.9832177809340762	0.01678221906592367
0.9427809810660213	0.05721901893397849
0.8944335651646926	0.10556643483530763
0.04324429461877829	0.9567557053812217
0.9825453099112882	0.017454690088711974
0.9938288513884049	0.006171148611595154
0.9717830241677206	0.02821697583227937
0.9723654126909769	0.02763458730902308
0.9053168164051857	0.09468318359481455
0.08038375846905282	0.919616241530947
0.9534968378893061	0.04650316211069408
0.9885389163620667	0.011461083637933227
0.9856654729377746	0.014334527062225464
0.263914620208012	0.736085379791988
0.9328522849779646	0.06714771502203556
0.9122132639139764	0.08778673608602394
0.9270426726432187	0.07295732735678134
0.7969878253481464	0.20301217465185384
0.9931046814983138	0.006895318501686027
0.9876319806381182	0.012368019361882024
0.9842011918349385	0.015798808165061275
0.990729106708987	0.009270893291013011
0.9840812296026552	0.015918770397344916
0.984914212689886	0.015085787310113912
0.18318738142475413	0.8168126185752458
0.9781652828717482	0.021834717128251743
0.979108561590268	0.020891438409731896
0.9852839658468318	0.014716034153168205
0.9745965497360217	0.02540345026397815
0.967962949958957	0.032037050041043076
0.9805198867688608	0.019480113231139073
0.9445994380725139	0.055400561927485895
0.09465593126740166	0.9053440687325985
0.9877375624233635	0.012262437576636429
0.9642107208226549	0.035789279177345194
0.9858143385438953	0.014185661456104648
0.962089268368059	0.03791073163194077
0.980474575516202	0.019525424483797665
0.6907154421833396	0.30928455781666053
0.9912113173677866	0.008788682632213416
0.9715783891155876	0.02842161088441237
0.9819279574146483	0.0180720425853514
0.9834238333504404	0.01657616664955955
0.9243154750697622	0.07568452493023782
0.07778478966637381	0.9222152103336265
0.9868750109924366	0.013124989007563285
0.989405324975471	0.010594675024528717
0.9180932858902119	0.08190671410978802
0.969686924727626	0.03031307527237381
0.988458748522612	0.011541251477387975
0.8587575998180382	0.1412424001819619
0.9654045137066114	0.03459548629338842
0.975323816171107	0.024676183828893042
0.9863747645544311	0.013625235445568698
0.9821442970131754	0.017855702986824526
0.7831783993551656	0.21682160064483444
0.12136802589218877	0.8786319741078112
0.9086784834017821	0.09132151659821794
0.8223613991075035	0.17763860089249625
0.6039306443913506	0.3960693556086493
0.9553877832694844	0.0446122167305162
0.9481818606369875	0.05181813936301254
0.9248496028284775	0.07515039717152233
0.9888070672298559	0.0111929327701442
0.9828860422518018	0.017113957748198093
0.16029317154106587	0.8397068284589341
0.9912853125544023	0.008714687445597703
0.1783632394481783	0.8216367605518217
0.9923009032041722	0.00769909679582789
0.06001247945844161	0.9399875205415585
0.979297285112399	0.020702714887600924
0.9868347851303113	0.013165214869688597
0.9379895092819439	0.06201049071805602
0.06143521389135482	0.9385647861086451
0.9578251838481162	0.042174816151883725
0.9573173180407372	0.04268268195926303
0.9744924268648518	0.025507573135147815
0.9866250723685801	0.013374927631419816
0.9927107150581019	0.0072892849418981324
0.24490429935288827	0.7550957006471115
0.9860010729006435	0.013998927099356488
0.9821924379633871	0.01780756203661277
0.1645606230345744	0.8354393769654265
0.14505082590782417	0.8549491740921757
0.15432369496733678	0.8456763050326629
0.9802289114709866	0.019771088529013395
0.9809097992883763	0.01909020071162371
0.9851015648059473	0.014898435194052763
0.9908396374560682	0.009160362543931688
0.5324642475220831	0.4675357524779175
0.09448346904999769	0.9055165309500021
0.7151784334402385	0.2848215665597617
0.2336231130052061	0.766376886994794
0.0687021389199575	0.9312978610800426
0.091495402928945	0.9085045970710551
0.34960719108357496	0.6503928089164251
0.5438602255083291	0.4561397744916709
0.07735396917862397	0.9226460308213763
0.10047769763191403	0.8995223023680862
0.08446072589700064	0.9155392741029995
0.08046902109416598	0.9195309789058344
0.06797055475926421	0.9320294452407358
0.502731745593996	0.4972682544060042
0.08621965684765304	0.9137803431523467
0.049138379173598416	0.9508616208264016
0.9919913268706305	0.008008673129369266
0.9741868293517832	0.02581317064821667
0.9724320874861258	0.027567912513874342
0.9825824332993944	0.017417566700605566
0.9855900973543719	0.014409902645627892
0.9811783712062406	0.018821628793759308
0.9863290666522577	0.013670933347742149
0.9895547714184876	0.010445228581512573
0.9417973831474196	0.058202616852580505
0.986640155853729	0.01335984414627076
0.9848145254937567	0.015185474506242715
0.9891211490880424	0.010878850911957233
0.9848863694410062	0.015113630558993561
0.9742316122657867	0.025768387734213173
0.9821072053362403	0.017892794663759443
0.9537153042441372	0.04628469575586264
0.9841689858591629	0.015831014140836933
0.9873235267689927	0.012676473231007285
0.9545754104230734	0.04542458957692644
0.9845215100054605	0.015478489994539315
0.9875917823317405	0.012408217668259376
0.9232778177942166	0.07672218220578349
0.9758042637657609	0.024195736234239276
0.06484179620989666	0.9351582037901032
0.9721222675400596	0.02787773245994045
0.921624832175825	0.07837516782417503
0.9550977543609808	0.04490224563901937
0.9849355318336822	0.015064468166317584
0.9393527637772442	0.060647236222755446
0.9550053562161596	0.04499464378384028
0.1453540064811687	0.8546459935188314
0.9811435994810586	0.018856400518941288
0.9792367964243194	0.020763203575680435
0.9565019866505229	0.043498013349476755
0.9846819564364762	0.015318043563523459
0.9175477597914261	0.08245224020857388
0.956223533358709	0.04377646664129105
0.7299160103250901	0.27008398967491
0.7490582367961087	0.2509417632038911
0.9534532573804055	0.046546742619594426
0.7498603708631382	0.2501396291368618
0.6755255871683515	0.3244744128316484
0.9857177888926418	0.01428221110735794
0.9525940847387957	0.04740591526120427
0.9895154146923197	0.010484585307680245
0.056222075081625376	0.9437779249183749
0.2536979411396285	0.7463020588603715
0.9746170477412569	0.025382952258743166
0.15466718385681608	0.8453328161431841
0.9835530456767464	0.016446954323253802
0.9810329297774694	0.01896707022253074
0.9273210266869344	0.07267897331306526
0.7808706561159213	0.21912934388407831
0.05717744219716442	0.942822557802836
0.9827553218214823	0.017244678178517797
0.7411834006646235	0.25881659933537643
0.3862256527604264	0.6137743472395735
0.9716414298712945	0.0283585701287054
0.06299247421238205	0.9370075257876179
0.03795542081505001	0.9620445791849506
0.1339762824250071	0.8660237175749927
0.9638156643829778	0.03618433561702251
0.9863849859895976	0.01361501401040247
0.994439361121968	0.005560638878032015
0.16106974750341516	0.8389302524965853
0.7601809647544693	0.2398190352455307
0.9249210720263977	0.07507892797360233
0.9880535039877756	0.011946496012224181
0.8947557125621068	0.10524428743789313
0.9695040457186482	0.030495954281351746
0.8212476298760842	0.178752370123916
0.25815853262133226	0.7418414673786679
0.03534424116523607	0.9646557588347642
0.10759319149557406	0.892406808504426
0.08711498624327055	0.9128850137567298
0.09125770529614458	0.9087422947038555
0.09278411910759746	0.9072158808924027
0.1163892989520965	0.8836107010479038
0.9805452366690932	0.019454763330906902
0.9673678195836175	0.03263218041638252
0.7074787652672311	0.29252123473276925
0.49581673731036935	0.504183262689631
0.5330716223363322	0.466928377663668
0.16335933981394146	0.8366406601860585
0.3174642862566342	0.682535713743366
0.33123344082531814	0.6687665591746823
0.2337580774664702	0.76624192253353
0.042472178499993476	0.9575278215000066
0.7935584571324875	0.2064415428675125
0.20008506225400036	0.7999149377459998
0.20453995343941295	0.7954600465605872
0.2833148438086022	0.7166851561913979
0.4478530242168713	0.5521469757831289
0.5179927325489806	0.4820072674510196
0.216429685973512	0.7835703140264885
0.23444558230437132	0.7655544176956286
0.21600862878348157	0.7839913712165189
0.7538343982125122	0.24616560178748767
0.12227627122575728	0.8777237287742428
0.10579434667361565	0.8942056533263841
0.9836584525299584	0.01634154747004162
0.9842888517592897	0.015711148240710338
0.9735659204907186	0.026434079509281293
0.9617493971527925	0.038250602847207424
0.663341469896929	0.336658530103071
0.9889156616003527	0.011084338399647273
0.9910105086974325	0.008989491302567485
0.983098738584633	0.016901261415367255
0.9818485200048428	0.018151479995156948
0.9152054257379997	0.08479457426200057
0.05465542248013171	0.9453445775198683
0.05251879813365176	0.9474812018663483
0.1468033264393171	0.8531966735606832
0.43631123637020175	0.5636887636297984
0.06404440731441942	0.9359555926855809
0.15304529714980641	0.8469547028501939
0.15719423350791642	0.8428057664920837
0.1454325388454617	0.8545674611545385
0.13023956941970213	0.8697604305802978
0.030440391469146948	0.9695596085308531
0.09383113037075119	0.9061688696292489
0.03707808337179283	0.9629219166282071
0.02273481398923187	0.9772651860107683
0.06298242705886481	0.9370175729411352
0.411819072120308	0.5881809278796921
0.901838811084721	0.09816118891527906
0.9180449164614207	0.08195508353857912
0.9731676702806774	0.026832329719322635
0.9599812810463614	0.04001871895363819
0.9880045887270181	0.011995411272981602
0.7065749063382911	0.2934250936617087
0.9730760180898851	0.026923981910114882
0.9867294325997045	0.01327056740029545
0.986751965838994	0.013248034161005638
0.9602210198714825	0.039778980128517515
0.972220239971373	0.02777976002862678
0.9834263006740457	0.01657369932595426
0.07181184174386666	0.9281881582561335
0.052691260839817844	0.9473087391601822
0.9775985726766414	0.02240142732335855
0.9604891368298063	0.03951086317019381
0.9695772082804835	0.030422791719516517
0.9887736171590524	0.011226382840947728
0.7059594664973641	0.29404053350263565
0.043293154923147385	0.9567068450768527
0.9032517485403488	0.09674825145965146
0.8339944219119616	0.16600557808803867
0.6617142328871065	0.3382857671128932
0.32618226896624836	0.6738177310337519
0.9664986171137743	0.03350138288622576
0.9849820479224534	0.015017952077546566
0.9509913342557107	0.04900866574428938
0.9885292120629761	0.011470787937023809
0.6748178910137456	0.3251821089862546
0.9786652305896201	0.02133476941038005
0.04489145723940794	0.9551085427605922
0.9834405537816161	0.016559446218383858
0.08620739820320183	0.9137926017967982
0.9587378142519077	0.041262185748092255
0.9867199306035259	0.013280069396474123
0.9778930412785045	0.02210695872149502
0.03595638145994069	0.9640436185400589
0.9919755054515071	0.00802449454849271
0.9844579204649498	0.015542079535049989
0.9317542310905235	0.06824576890947631
0.9856088645340562	0.01439113546594376
0.9821717471167213	0.01782825288327862
0.9887325934174221	0.01126740658257784
0.9797881741534981	0.020211825846502135
0.9871589609805227	0.012841039019477123
0.9752542517915291	0.024745748208470815
0.9901833748941924	0.009816625105807452
0.9324806527564151	0.06751934724358499
0.9440822538509522	0.055917746149047674
0.05521946037022855	0.9447805396297714
0.9049363548152045	0.09506364518479524
0.19127502306455899	0.8087249769354411
0.4680978166130933	0.5319021833869065
0.9905983462833319	0.009401653716667752
0.9761219605419336	0.023878039458066092
0.9187251910485589	0.08127480895144144
0.963455619758565	0.03654438024143491
0.9781033709973415	0.021896629002658815
0.9870476749619386	0.012952325038061561
0.9923351174003711	0.00766488259962881
0.13311942060423154	0.8668805793957688
0.986243291463887	0.013756708536112907
0.9855291834467215	0.01447081655327847
0.037270691312659365	0.9627293086873401
0.16926216644872838	0.8307378335512712
0.9615834056093321	0.038416594390667684
0.1772148025398916	0.8227851974601083
0.588512460102603	0.41148753989739695
0.9869807439901165	0.013019256009883578
0.909366119371401	0.09063388062859902
0.9730584062159251	0.02694159378407474
0.049198874710887124	0.9508011252891131
0.9720893138935172	0.027910686106482972
0.055577420727963796	0.9444225792720363
0.10156248583807653	0.8984375141619235
0.8090929083117117	0.1909070916882882
0.9829628330095329	0.01703716699046704
0.9767493574603102	0.02325064253968972
0.08276664683345779	0.9172333531665425
0.9917634327530963	0.008236567246903649
0.9833620931552196	0.016637906844780413
0.8767509424233074	0.12324905757669248
0.9777417760391797	0.022258223960820275
0.975299786118054	0.024700213881945928
0.9869679728012518	0.013032027198747879
0.8957456446885103	0.10425435531148981
0.9806680640097162	0.019331935990283596
0.9894655142651699	0.010534485734829997
0.8562124706566793	0.14378752934332076
0.9841379105797369	0.01586208942026287
0.9861948392974069	0.01380516070259264
0.9837925844639359	0.016207415536063936
0.9885741478619328	0.01142585213806719
0.07744091961358952	0.9225590803864105
0.4097202593872426	0.5902797406127576
0.9784108476962297	0.02158915230377047
0.9895349023179858	0.010465097682013931
0.04762951106433037	0.9523704889356698
0.9774702754713868	0.02252972452861327
0.9842907235576961	0.015709276442303688
0.9811959606480459	0.01880403935195392
0.9530003984224032	0.04699960157759664
0.8983768035306668	0.10162319646933318
0.11032785614061674	0.8896721438593832
0.8636910145113241	0.1363089854886758
0.10248621670579951	0.8975137832942002
0.9914294362387076	0.008570563761292336
0.9786012672542096	0.02139873274579055
0.1397127191445161	0.8602872808554841
0.9887298355849131	0.011270164415086941
0.9507785638515409	0.049221436148459106
0.9714508112404288	0.02854918875957123
0.9844957902586806	0.015504209741319178
0.9808098700014279	0.019190129998571993
0.9919362838598978	0.008063716140102189
0.5005579314356794	0.49944206856432066
0.9715710558723073	0.02842894412769246
0.9912793252294084	0.008720674770591434
0.9898733320716231	0.010126667928376838
0.08848144647433699	0.9115185535256627
0.9791876191929696	0.02081238080703044
0.9872917800260044	0.012708219973995372
0.8984629453439268	0.1015370546560729
0.8461464259529008	0.15385357404709932
0.9945545968642077	0.005445403135792219
0.05551296793289847	0.9444870320671015
0.9820776086610059	0.017922391338993943
0.9884441309168912	0.011555869083108234
0.9476010909467378	0.052398909053261986
0.8975826125158467	0.1024173874841531
0.9590068846253981	0.040993115374601735
0.9754713558477184	0.024528644152281603
0.9884337159533179	0.011566284046682274
0.024762145937989342	0.9752378540620108
0.910205525051497	0.08979447494850318
0.23215957181841765	0.7678404281815824
0.9925872230904956	0.007412776909504331
0.9862399560345354	0.013760043965464487
0.9495193194599965	0.05048068054000326
0.9762817343192965	0.023718265680703513
0.14310574084017808	0.8568942591598219
0.9909175785075373	0.009082421492462538
0.9899500044356216	0.01004999556437821
0.9640610643720477	0.035938935627952376
0.9917269979216041	0.008273002078395934
0.9783390075310011	0.021660992468998944
0.9770305160345351	0.02296948396546465
0.9313681869522089	0.06863181304779135
0.08535107840068519	0.9146489215993148
0.4114165808953173	0.5885834191046827
0.9887681100057596	0.011231889994240138
0.9891334714837205	0.01086652851627935
0.9718385149673372	0.02816148503266253
0.9869332233855027	0.013066776614497058
0.904264359252457	0.09573564074754291
0.9700075398601689	0.029992460139830847
0.061696787784945785	0.9383032122150543
0.9783878547532994	0.021612145246700413
0.9469827256718637	0.053017274328136216
0.7047130884622895	0.2952869115377104
0.9903453999665784	0.009654600033421409
0.8394265824333056	0.16057341756669455
0.9876605128200373	0.012339487179962572
0.9231864771355573	0.07681352286444229
0.9890265997024553	0.010973400297544426
0.988323430655376	0.01167656934462373
0.978722839719061	0.02127716028093897
0.9917742471554288	0.008225752844571084
0.9656008177696175	0.0343991822303828
0.9870023404225534	0.012997659577446688
0.9954060272552097	0.004593972744790284
0.7088718965965313	0.2911281034034687
0.994198414402055	0.0058015855979447
0.12546055791610974	0.8745394420838903
0.3664264954092028	0.633573504590797
0.5952272403197292	0.4047727596802707
0.9723456326559574	0.027654367344042568
0.76245400860246	0.23754599139753974
0.6783654724910559	0.32163452750894383
0.9890651632445582	0.01093483675544184
0.9673881555610246	0.03261184443897544
0.9755346425050873	0.02446535749491292
0.8958693083665868	0.10413069163341328
0.7768951418207746	0.2231048581792255
0.89303200658554	0.10696799341446006
0.9770764746696158	0.022923525330384192
0.9312580448789294	0.06874195512107056
0.9065220824182946	0.09347791758170555
0.9935304749412994	0.006469525058700659
0.7595561145335289	0.24044388546647094
0.9836409408146628	0.01635905918533699
0.18659482410103492	0.8134051758989649
0.9417622790565972	0.05823772094340276
0.2817646242245943	0.7182353757754062
0.9906154920910168	0.009384507908983009
0.6467782551565457	0.3532217448434543
0.7360877644759447	0.2639122355240552
0.5019189287068488	0.49808107129315105
0.5882078088237558	0.4117921911762441
0.9896237448873864	0.010376255112613758
0.9681284688729411	0.03187153112705858
0.9890871050564962	0.010912894943503792
0.9267031574570329	0.07329684254296698
0.6524333485739467	0.34756665142605314
0.031097434090441668	0.9689025659095585
0.9861852686698175	0.01381473133018231
0.9387059633151437	0.06129403668485654
0.9755179222186541	0.024482077781345913
0.9639423647122828	0.036057635287717035
0.985323292876576	0.014676707123423909
0.9678071779146579	0.032192822085341806
0.927096939449247	0.07290306055075306
0.9830081078359852	0.016991892164014942
0.9902132036001451	0.009786796399854775
0.9883793399985464	0.011620660001453585
0.49271780562019024	0.5072821943798097
0.9849450410342285	0.015054958965771303
0.9840025043719902	0.015997495628009915
0.15693200337498328	0.8430679966250166
0.10304436813006694	0.896955631869933
0.9724379827720826	0.027562017227917464
0.9799603935339468	0.020039606466052965
0.9727065927522548	0.027293407247744973
0.9815827788171246	0.01841722118287537
0.9391540295176639	0.06084597048233598
0.07280803835806425	0.9271919616419357
0.9856626108054009	0.014337389194599285
0.9845848141340167	0.015415185865983425
0.2735361291429222	0.7264638708570778
0.9539214899842147	0.04607851001578536
0.9195195445386055	0.0804804554613946
0.9734828273607274	0.026517172639272515
0.044861297526686904	0.955138702473313
0.992773697020501	0.007226302979499068
0.9671230980693296	0.032876901930670326
0.10936508998219621	0.8906349100178035
0.19028647509251542	0.8097135249074847
0.9877588256244171	0.012241174375582982
0.9594470051032546	0.04055299489674527
0.9724016263931192	0.027598373606880878
0.9934581672496008	0.00654183275039899
0.970159940016442	0.029840059983558098
0.9834716479001778	0.016528352099822
0.9661861932060904	0.03381380679390938
0.9121603861018318	0.08783961389816826
0.9862492823645241	0.013750717635475711
0.9915884001581625	0.00841159984183757
0.9237628796785091	0.07623712032149077
0.9732094470683045	0.026790552931695463
0.9575850156091829	0.042414984390817055
0.9713868883898659	0.028613111610134433
0.9843835552625965	0.015616444737403675
0.9820775630739482	0.017922436926051936
0.9916144803734361	0.008385519626563542
0.9862838159220221	0.013716184077977998
0.07602830271280155	0.9239716972871986
0.9874250711219789	0.012574928878020855
0.9915321067569037	0.008467893243096113
0.6389321041992723	0.3610678958007276
0.9877356160338199	0.012264383966179881
0.9243931515963922	0.07560684840360796
0.9761697818505849	0.023830218149415126
0.9723655173177974	0.027634482682202314
0.982999170938737	0.01700082906126278
0.9932857586030132	0.006714241396986906
0.926424716270291	0.07357528372970892
0.9511846573382376	0.048815342661762254
0.9286764526774566	0.07132354732254342
0.9775620437926933	0.022437956207306743
0.9823033309029857	0.017696669097014266
0.6720582067692856	0.3279417932307146
0.7205712441561524	0.2794287558438475
0.9883792418741915	0.011620758125808343
0.9395319274392807	0.06046807256071939
0.9858681470925323	0.014131852907467482
0.9910035331031887	0.008996466896811073
0.9037699932429133	0.09623000675708702
0.18566359513379893	0.814336404866201
0.9880745320880279	0.011925467911972031
0.9495340209918142	0.05046597900818597
0.9720196693218912	0.02798033067810862
0.9844753497711713	0.01552465022882863
0.9764664288822591	0.023533571117740917
0.9839864541751191	0.0160135458248809
0.810185267520753	0.1898147324792469
0.938854297290989	0.06114570270901095
0.19210949085531734	0.8078905091446826
0.982777824005865	0.017222175994134736
0.969790445700403	0.030209554299596854
0.9608778775744348	0.039122122425565384
0.9515342751794958	0.048465724820504305
0.9231944466106117	0.07680555338938827
0.9817953170261744	0.01820468297382515
0.3158038678074465	0.6841961321925535
0.32626666829716144	0.6737333317028387
0.19266314895987613	0.8073368510401241
0.08693548062089135	0.9130645193791089
0.41323706381707687	0.5867629361829233
0.36519373708394914	0.6348062629160514
0.390871847635996	0.6091281523640041
0.5646370167154529	0.435362983284547
0.60286964447958	0.39713035552042003
0.017297244050463158	0.982702755949537
0.8256155801839197	0.17438441981608047
0.04867056812334357	0.9513294318766566
0.991326801325222	0.008673198674777755
0.9889116081186202	0.01108839188137945
0.9797790622801352	0.020220937719864714
0.20087514437463103	0.7991248556253688
0.028568994718586153	0.9714310052814139
0.6841497169929184	0.31585028300708157
0.8674028120612636	0.13259718793873634
0.06129313021311555	0.9387068697868846
0.9731389457280926	0.0268610542719071
0.09407420351718251	0.9059257964828176
0.9883691799688059	0.011630820031193954
0.9726909198502907	0.027309080149709074
0.9861906300105637	0.013809369989435976
0.9780840208936457	0.02191597910635425
0.984202676182242	0.015797323817758013
0.9875211106255541	0.012478889374445879
0.9912477783188238	0.008752221681176162
0.9495957084238433	0.050404291576156626
0.9700814389448844	0.029918561055115617
0.053007674839116926	0.9469923251608834
0.9830512236433527	0.016948776356647058
0.9521427268679986	0.047857273132001284
0.9970107002851563	0.0029892997148436118
0.8820535545317063	0.11794644546829378
0.9939084596881195	0.006091540311880322
0.07803995055007219	0.921960049449928
0.9815464190177791	0.018453580982220563
0.9883073328130866	0.011692667186913195
0.985231436534297	0.01476856346570269
0.9537992111321866	0.04620078886781364
0.16672082489678236	0.8332791751032176
0.9899459442152322	0.010054055784767923
0.9851807287757681	0.014819271224231769
0.9877111938958413	0.012288806104158452
0.9661781721126473	0.033821827887352766
0.9320993530050049	0.06790064699499485
0.9520647513793032	0.047935248620696494
0.9900097965794978	0.009990203420501663
0.9866658393255652	0.013334160674434494
0.05379743381978064	0.9462025661802193
0.97257810498334	0.02742189501666002
0.9280268535180753	0.07197314648192474
0.38760301576465095	0.6123969842353492
0.990528755660099	0.009471244339900946
0.9845985548131974	0.01540144518680253
0.9840248596058357	0.015975140394164047
0.27111533194792287	0.7288846680520771
0.9906395311940343	0.009360468805965676
0.13335640698932227	0.8666435930106775
0.9116207763009659	0.08837922369903396
0.9796422459018508	0.020357754098149064
0.2718214851746475	0.7281785148253525
0.2541350571043323	0.7458649428956676
0.7237136525410136	0.2762863474589864
0.993095427319085	0.006904572680915022
0.9658905388611292	0.03410946113887081
0.991305331664247	0.008694668335752777
0.3848769584165155	0.6151230415834846
0.9839533838107976	0.016046616189202473
0.2586276060428571	0.741372393957143
0.31563485837406297	0.684365141625937
0.9863139684129978	0.013686031587002077
0.9898158118079462	0.010184188192053809
0.9827505171360414	0.017249482863958426
0.10853013266819098	0.8914698673318092
0.8831418686928845	0.11685813130711557
0.9792116881907063	0.020788311809293764
0.4066363684332681	0.593363631566732
0.11126766360307162	0.8887323363969284
0.984699347650858	0.015300652349141968
0.3585778764562839	0.6414221235437166
0.07731267002083216	0.9226873299791682
0.48205122220771784	0.5179487777922822
0.19453938927018058	0.805460610729819
0.07684500957467408	0.9231549904253259
0.8419802667243048	0.15801973327569496
0.6269202336935065	0.3730797663064935
0.1703186446822342	0.8296813553177662
0.6961018686262126	0.30389813137378696
0.4030044082914918	0.5969955917085081
0.8836798277065754	0.11632017229342456
0.0654877777890944	0.9345122222109059
0.8852450239851564	0.11475497601484388
0.9531596311424668	0.04684036885753312
0.9874880609777663	0.01251193902223353
0.9732349672862948	0.026765032713705058
0.986386999211352	0.013613000788648038
0.9765227721479829	0.02347722785201686
0.9894214234000401	0.010578576599959864
0.9898799589750653	0.010120041024934396
0.9276054907446205	0.07239450925537934
0.20501886323755694	0.7949811367624429
0.06155695254952876	0.9384430474504714
0.9114692313638925	0.08853076863610757
0.9798188102796648	0.0201811897203351
0.9783490904391775	0.02165090956082251
0.9846539262981111	0.015346073701888783
0.9921145181208348	0.007885481879165176
0.962886167578296	0.03711383242170387
0.07186466310601919	0.9281353368939808
0.09573139286945022	0.9042686071305498
0.9593387747569014	0.040661225243098516
0.0435184256954118	0.9564815743045882
0.9877153152181148	0.012284684781885007
0.04250504508892353	0.9574949549110765
0.9263213255992139	0.07367867440078622
0.9715750560245071	0.02842494397549278
0.9696850186039561	0.03031498139604384
0.906768217127297	0.09323178287270327
0.9511382276655626	0.048861772334437524
0.7825337960603109	0.21746620393968916
0.953585528647977	0.04641447135202315
0.7734145285146599	0.22658547148534045
0.93191868332607	0.06808131667392979
0.9815483843121648	0.018451615687834502
0.10456797226194901	0.895432027738051
0.983181162627378	0.016818837372621732
0.039466355485859535	0.9605336445141404
0.9923620875155925	0.007637912484407634
0.8997158963589925	0.10028410364100743
0.9909371423522754	0.009062857647724657
0.9834131812760079	0.016586818723991776
0.8846730656419531	0.11532693435804703
0.9805167053139978	0.01948329468600205
0.9519749634502988	0.04802503654970123
0.11745112203635395	0.8825488779636461
0.7138497800664888	0.2861502199335117
0.817277285557333	0.18272271444266688
0.9148031247724433	0.08519687522755674
0.9881754612513659	0.011824538748634069
0.9939349907753082	0.006065009224691875
0.08470979213696922	0.9152902078630312
0.08994116230184174	0.9100588376981587
0.9710014637196805	0.028998536280319544
0.978717923772993	0.021282076227006837
0.6758997075043746	0.32410029249562555
0.9910187860644385	0.00898121393556154
0.9776021739227599	0.022397826077239787
0.06930769360738136	0.9306923063926186
0.9950854958284598	0.004914504171540049
0.9791908688562724	0.020809131143727587
0.2386303243524549	0.761369675647545
0.14494931430011268	0.8550506856998875
0.21552263557477608	0.784477364425224
0.2570870491684644	0.7429129508315357
0.2518519952644419	0.7481480047355579
0.9819860244564467	0.01801397554355343
0.991207141140121	0.008792858859878778
0.990509609765357	0.009490390234642924
0.9391008656347882	0.06089913436521154
0.9880208937399185	0.011979106260081487
0.9866593986776909	0.01334060132230894
0.9138376492273683	0.08616235077263151
0.9894284507084774	0.010571549291522575
0.9886254255970861	0.0113745744029136
0.9945808622774439	0.005419137722555863
0.9825808408524938	0.01741915914750598
0.9754901863915788	0.024509813608421405
0.9749114138488914	0.025088586151108525
0.9687254308820132	0.031274569117986574
0.9670422041456306	0.03295779585436937
0.7440990303590723	0.2559009696409276
0.9185076777135379	0.08149232228646226
0.9597078255471883	0.040292174452811684
0.9453585790146056	0.05464142098539448
0.986586830312535	0.013413169687464728
0.13128846338172998	0.8687115366182698
0.9850166463982899	0.014983353601710105
0.8805190652806292	0.11948093471937078
0.0790159071324781	0.9209840928675219
0.93836448773147	0.06163551226852984
0.9760976739572772	0.023902326042722626
0.8957518785185602	0.10424812148143978
0.9599154220156977	0.04008457798430243
0.9941631945209584	0.005836805479041695
0.9967464290752664	0.003253570924733512
0.9880055473871373	0.01199445261286285
0.9787053373381893	0.021294662661810553
0.9908049359315843	0.009195064068415543
0.954134701814501	0.04586529818549913
0.9624469033630078	0.03755309663699194
0.976389308636722	0.023610691363277946
0.9190610818887266	0.08093891811127334
0.32572833677435753	0.6742716632256421
0.9913403790167054	0.008659620983294652
0.9778696665758565	0.022130333424143472
0.48926015323869576	0.5107398467613044
0.9438073573686511	0.05619264263134882
0.9873521216030398	0.012647878396959663
0.8956619040012519	0.10433809599874828
0.9852487927632388	0.014751207236761196
0.9365326820361166	0.06346731796388375
0.9877970188362443	0.012202981163755624
0.9915901634078637	0.008409836592136387
0.9840490659336889	0.015950934066310873
0.9871784427048871	0.012821557295112897
0.9852971302897788	0.01470286971022098
0.9945081802364095	0.0054918197635903795
0.9783080798304623	0.021691920169537506
0.9142228187186353	0.08577718128136473
0.988049755279253	0.011950244720747027
0.9882187358753382	0.011781264124661428
0.9530844823252603	0.04691551767473962
0.9821474930920863	0.017852506907913925
0.9793910137824209	0.02060898621757932
0.9479137141390287	0.052086285860971
0.9202050179017496	0.07979498209825048
0.9899705228107157	0.010029477189284286
0.9924146438966794	0.007585356103320705
0.9941026355382031	0.005897364461796796
0.9722062926014656	0.027793707398534054
0.9611748878624072	0.03882511213759277
0.9594135229471248	0.04058647705287525
0.9916502334190669	0.008349766580933232
0.6835648881497203	0.31643511185028
0.9531915060223102	0.04680849397768956
0.9548790095194905	0.04512099048050949
0.9905306606133195	0.00946933938668033
0.9829724857157345	0.017027514284265254
0.9383481709821921	0.06165182901780795
0.9080934636507846	0.09190653634921557
0.9916194665612516	0.008380533438748523
0.9935927967576952	0.006407203242304732
0.9882110654287076	0.011788934571291996
0.9913878050446766	0.008612194955323208
0.9917479459060761	0.008252054093923848
0.9890264125199785	0.010973587480021266
0.9318727352684119	0.06812726473158795
0.5851150329848889	0.41488496701511146
0.9705892444877745	0.029410755512225373
0.14147014859082996	0.85852985140917
0.06918885778295154	0.9308111422170485
0.23638480933660588	0.7636151906633941
0.10023751897741985	0.8997624810225802
0.9612772800441273	0.03872271995587253
0.08393384474706198	0.9160661552529382
0.9898639345683005	0.010136065431699577
0.9746197579586315	0.02538024204136835
0.9909054095207699	0.009094590479230004
0.9966917504382949	0.0033082495617050346
0.9744553947829305	0.02554460521706919
0.984287853062765	0.015712146937235022
0.9840336216928387	0.01596637830716106
0.9875180328185642	0.01248196718143569
0.9839172718212028	0.016082728178797332
0.9827687632735318	0.017231236726468306
0.990616459792967	0.009383540207032822
0.8857839880681041	0.11421601193189578
0.8930952614674248	0.10690473853257519
0.9874182102775795	0.01258178972242065
0.9146796255659495	0.08532037443405016
0.20372232042986785	0.7962776795701322
0.7507311082727262	0.24926889172727384
0.9763802195967063	0.023619780403293884
0.9802604131768977	0.01973958682310226
0.960356972423988	0.0396430275760123
0.9588285645749756	0.041171435425024334
0.9589649969061156	0.04103500309388444
0.9486091575568943	0.05139084244310571
0.9896335370961791	0.010366462903821039
0.1213399287394728	0.8786600712605277
0.9626565491911243	0.0373434508088757
0.8881906231492119	0.11180937685078836
0.9608270726682399	0.03917292733176016
0.9491435323566975	0.05085646764330219
0.9921067723130871	0.00789322768691283
0.9810975360793279	0.01890246392067202
0.2118574254724518	0.7881425745275483
0.08010149690997731	0.9198985030900225
0.9912324308144815	0.008767569185518425
0.9816767467388349	0.018323253261165157
0.08065667508327738	0.9193433249167227
0.9563556459563693	0.04364435404363062
0.04328822128204677	0.9567117787179533
0.9691307444957196	0.03086925550428047
0.9891531294798314	0.010846870520168715
0.9828256898659675	0.01717431013403209
0.9797332201556713	0.02026677984432853
0.0919337508681666	0.9080662491318336
0.9307066040702591	0.069293395929741
0.990921841226462	0.0090781587735379
0.03792649802784974	0.9620735019721502
0.9808786018117339	0.01912139818826605
0.07004875910016076	0.9299512408998395
0.9695695733621581	0.030430426637841883
0.9797866225730754	0.020213377426924348
0.955276821204774	0.044723178795225825
0.9420607976812547	0.05793920231874505
0.9458136081073831	0.05418639189261693
0.9758919879853015	0.024108012014698605
0.9660864911398156	0.033913508860184544
0.9785569124636301	0.0214430875363699
0.7747978927543632	0.22520210724563705
0.9098212024268283	0.0901787975731722
0.9908037796229543	0.009196220377045723
0.1774611276970537	0.8225388723029468
0.979976789181312	0.020023210818687937
0.9543377916806794	0.045662208319320365
0.9819363299353984	0.01806367006460172
0.06034162408478547	0.9396583759152146
0.9775228582169686	0.022477141783031337
0.3088818167957581	0.6911181832042418
0.8760790763436254	0.1239209236563749
0.2723339511813839	0.727666048818616
0.20783453773103877	0.7921654622689615
0.47896451278247626	0.5210354872175237
0.4990159265393506	0.5009840734606491
0.03289818531336503	0.9671018146866349
0.9848469476183946	0.01515305238160524
0.9317911537155513	0.06820884628444872
0.10044156286542014	0.8995584371345801
0.40357000737628573	0.5964299926237144
0.01902460582977334	0.9809753941702266
0.04877106659020924	0.9512289334097909
0.13109329812759643	0.8689067018724033
0.7917282839495864	0.20827171605041364
0.09133030860442076	0.9086696913955794
0.14948054280055048	0.8505194571994494
0.7111429597889237	0.2888570402110762
0.09618501897616946	0.9038149810238306
0.9627286779203834	0.03727132207961669
0.7713591401956112	0.22864085980438875
0.8993506887283962	0.1006493112716036
0.9861615658928717	0.013838434107128216
0.9389359371361617	0.06106406286383823
0.9037098832171016	0.09629011678289837
0.9309652666952772	0.06903473330472301
0.9821799362298341	0.01782006377016563
0.9660191708862897	0.03398082911371022
0.035025735414948155	0.9649742645850523
0.9873505950138314	0.012649404986168589
0.9903473951893835	0.009652604810616609
0.9855819492140034	0.014418050785996254
0.985928359752812	0.014071640247187989
0.9878296455620221	0.012170354437977602
0.9714730617521989	0.02852693824780082
0.04571224509350377	0.9542877549064961
0.5247927451259005	0.4752072548740996
0.9156483532876964	0.08435164671230368
0.984255331982571	0.0157446680174289
0.9472031993167446	0.052796800683255415
0.9707923142505899	0.029207685749410482
0.9525574648252761	0.047442535174723764
0.7330643622614863	0.2669356377385136
0.08745619933136364	0.9125438006686365
0.9850010295599182	0.01499897044008183
0.9807706807425141	0.01922931925748552
0.16676161976996748	0.833238380230033
0.9641211948906929	0.03587880510930685
0.9829525592057936	0.01704744079420614
0.8806716827505586	0.11932831724944157
0.9895560494881819	0.010443950511818116
0.9862754249814114	0.013724575018588609
0.9632774476272271	0.03672255237277275
0.042049474139913744	0.9579505258600863
0.9626628582957091	0.03733714170429084
0.9849106981452078	0.015089301854792025
0.04876744205425583	0.9512325579457444
0.6396857465065032	0.36031425349349694
0.983820911057878	0.01617908894212206
0.48149151936001516	0.5185084806399852
0.9949650384641643	0.005034961535835683
0.1955260064610626	0.8044739935389371
0.14716427888176126	0.8528357211182387
0.9844362383922742	0.015563761607725697
0.15018108814522563	0.8498189118547745
0.2979047964054073	0.7020952035945929
0.8516793313630647	0.1483206686369355
0.6626871000460584	0.33731289995394176
0.4677089882227605	0.5322910117772398
0.22946582878585267	0.7705341712141476
0.7791084243933581	0.22089157560664205
0.837146702321143	0.16285329767885723
0.7748368573898979	0.2251631426101022
0.4792224759006746	0.5207775240993252
0.10830051940609577	0.8916994805939042
0.5904443782551669	0.4095556217448329
0.9659797216517423	0.034020278348257806
0.8600971513879025	0.13990284861209742
0.9869881269811781	0.013011873018821674
0.1973726702291858	0.8026273297708141
0.9869300384536378	0.013069961546362223
0.975387706640095	0.024612293359904957
0.9912871590019714	0.008712840998028687
0.9795381701234918	0.02046182987650834
0.9866162178056755	0.013383782194324362
0.43399895212737377	0.5660010478726264
0.9856875415199678	0.01431245848003202
0.9850147053153944	0.014985294684605554
0.9879357224212422	0.012064277578757636
0.4178148056002059	0.5821851943997942
0.9208327443761474	0.0791672556238528
0.7060110606638105	0.2939889393361892
0.9773839423820562	0.022616057617943962
0.9807629017438925	0.019237098256107466
0.9818474147532962	0.018152585246703733
0.7316419352840853	0.2683580647159143
0.9933189966425021	0.006681003357497679
0.9011477674266685	0.09885223257333152
0.18398045361554008	0.8160195463844601
0.6561967335231057	0.3438032664768946
0.09097278431258454	0.9090272156874157
0.5887969873747663	0.41120301262523395
0.7405209308006355	0.2594790691993643
0.18192529865587012	0.8180747013441301
0.037153820305428915	0.962846179694571
0.4955387704789142	0.5044612295210859
0.36687414075641955	0.6331258592435808
0.13180775665674496	0.8681922433432547
0.34474093399369926	0.6552590660063007
0.7557445267522079	0.24425547324779184
0.4270195913409708	0.5729804086590292
0.25441171447289396	0.7455882855271061
0.07660812357566332	0.9233918764243366
0.6639073372034836	0.3360926627965164
0.9760242215803455	0.02397577841965439
0.9578741110673066	0.04212588893269349
0.9945614444210065	0.005438555578993559
0.9880453684752634	0.011954631524736485
0.09581624065442533	0.9041837593455747
0.9749629872921947	0.02503701270780533
0.9874650364238888	0.012534963576110645
0.9802506831424554	0.019749316857544417
0.9850644977458913	0.014935502254108633
0.15247611909089512	0.8475238809091051
0.831713195113456	0.1682868048865439
0.9906738282277725	0.009326171772227243
0.08428334664801702	0.9157166533519829
0.9776047160646002	0.022395283935399662
0.9815340627997412	0.018465937200258794
0.9832829499953816	0.016717050004618567
0.9884725603488248	0.011527439651175269
0.795937570229541	0.20406242977045902
0.4486340807180435	0.5513659192819563
0.04963858369735722	0.9503614163026429
0.46967991102942597	0.5303200889705741
0.032877583843788624	0.9671224161562116
0.9863657939665263	0.01363420603347357
0.9923157251923002	0.007684274807699807
0.9882783955838533	0.01172160441614658
0.6734843933158235	0.3265156066841769
0.9865800772907738	0.013419922709226007
0.9871374657098778	0.01286253429012216
0.9871310223688151	0.01286897763118479
0.9491995756117572	0.05080042438824295
0.977074485017146	0.02292551498285401
0.3104975078734954	0.6895024921265046
0.7138422023801206	0.28615779761987914
0.8556069596463735	0.1443930403536266
0.07990118463061206	0.9200988153693881
0.3580195312490328	0.6419804687509673
0.9228772552647873	0.07712274473521283
0.7606740260200704	0.23932597397992977
0.9802254867891703	0.01977451321082977
0.04657821796720132	0.9534217820327987
0.9414069886185246	0.05859301138147537
0.04776874754149854	0.9522312524585014
0.18061700658247573	0.8193829934175243
0.7595686661407178	0.24043133385928195
0.82363275022638	0.17636724977362006
0.08081901859685187	0.919180981403148
0.18118979624912457	0.8188102037508755
0.9679422525407143	0.03205774745928568
0.41517076133882463	0.5848292386611758
0.5044250436744813	0.49557495632551857
0.0407879538466118	0.9592120461533884
0.07181116320146737	0.9281888367985328
0.5420646860281096	0.45793531397189047
0.9853652630986482	0.014634736901351853
0.9862503476782681	0.013749652321731814
0.9831744327865709	0.016825567213428996
0.9932278445667768	0.006772155433223281
0.9923650072881182	0.0076349927118817785
0.08288064263567863	0.9171193573643213
0.9696206627657148	0.030379337234285275
0.9837089130400634	0.016291086959936665
0.9349497636782427	0.06505023632175733
0.986598912005324	0.013401087994675789
0.9880158439104321	0.011984156089567717
0.9839335160831536	0.016066483916846133
0.1185561304541437	0.8814438695458563
0.9768139432151729	0.023186056784827106
0.977342668492596	0.022657331507404024
0.9765548843746281	0.023445115625371774
0.9838306973395207	0.016169302660479157
0.19015343052913944	0.8098465694708612
0.9756733268453529	0.02432667315464694
0.0684956291280454	0.9315043708719541
0.6719270597855771	0.32807294021442274
0.9891063937895379	0.010893606210462162
0.9840321815955757	0.015967818404424187
0.8926264691157014	0.10737353088429855
0.7312044704401889	0.26879552955981095
0.9897665897471551	0.0102334102528449
0.8962607543366081	0.10373924566339204
0.8821806929015663	0.11781930709843337
0.9735170953208186	0.026482904679181053
0.9254016544268187	0.07459834557318129
0.981526413558252	0.01847358644174776
0.9953310192418704	0.004668980758129737
0.23924797026239675	0.7607520297376034
0.9912669150074135	0.008733084992586205
0.8417010236651222	0.1582989763348775
0.9926628691957162	0.007337130804283616
0.10814226905734775	0.8918577309426522
0.9733943775376883	0.026605622462311695
0.9815386775707927	0.018461322429207342
0.5392407939824851	0.46075920601751486
0.20633322027629675	0.7936667797237031
0.9903640607673193	0.009635939232680562
0.7549772979393304	0.2450227020606696
0.07411171442368107	0.9258882855763191
0.07497859922144451	0.9250214007785558
0.8208724441181036	0.17912755588189647
0.88177924718122	0.11822075281878
0.026470142460095877	0.9735298575399044
0.9828441549428212	0.017155845057178855
0.978598207346075	0.021401792653924626
0.9839769246448792	0.01602307535512055
0.9914009880385426	0.008599011961457504
0.9553028072000709	0.04469719279992918
0.9633207079631252	0.03667929203687485
0.16619396036199952	0.8338060396380002
0.8889453006911847	0.11105469930881508
0.9028703101846335	0.09712968981536639
0.15349334217299238	0.8465066578270074
0.494372526818008	0.5056274731819921
0.35004488091232777	0.6499551190876722
0.49786563181627835	0.5021343681837215
0.26233588396137564	0.7376641160386249
0.7364611172583195	0.2635388827416804
0.6633373959932526	0.33666260400674775
0.9117577002520165	0.08824229974798334
0.9916290667837414	0.008370933216258479
0.9832536179156548	0.016746382084345045
0.14719465700930415	0.8528053429906961
0.9793265660571582	0.0206734339428416
0.9633390632989693	0.03666093670103045
0.9934883096477365	0.006511690352263361
0.9765694834082717	0.02343051659172789
0.19022968448305394	0.8097703155169462
0.9901727918936003	0.009827208106399584
0.9945462692853142	0.005453730714685687
0.960379143700061	0.039620856299938695
0.954834525953214	0.04516547404678613
0.9637402695355219	0.036259730464478064
0.9924635601349258	0.007536439865074069
0.9498705737527753	0.0501294262472248
0.9698257348286361	0.03017426517136379
0.9763281340560964	0.02367186594390334
0.9911707597398299	0.008829240260170075
0.9256033204864201	0.07439667951358023
0.801803797159387	0.19819620284061273
0.995827701836472	0.004172298163527954
0.519105973638488	0.48089402636151213
0.9670491486018817	0.032950851398118285
0.9086996242579686	0.09130037574203126
0.9398632738427308	0.06013672615726929
0.07217227873956727	0.927827721260433
0.9890889510839361	0.010911048916063959
0.8911827247335548	0.10881727526644502
0.9233704625621227	0.07662953743787723
0.9824721755336299	0.017527824466370155
0.9630407449804897	0.036959255019510195
0.856658060924142	0.1433419390758578
0.4589864628725016	0.5410135371274986
0.9821223761062025	0.017877623893797146
0.04210108792738458	0.9578989120726156
0.9885638645504996	0.011436135449500428
0.09699326794654446	0.9030067320534552
0.4368479425242755	0.5631520574757245
0.5632347270517917	0.4367652729482085
0.7253212200710218	0.274678779928978
0.9800384298935539	0.019961570106446155
0.30898011589444746	0.6910198841055528
0.981836196683777	0.018163803316222995
0.06355696909418782	0.9364430309058125
0.7596494971642176	0.2403505028357823
0.8519614259298707	0.14803857407012894
0.053959572595160994	0.9460404274048392
0.5789370978727711	0.42106290212722897
0.8338580748754586	0.16614192512454154
0.907901781256095	0.09209821874390496
0.09339595379528542	0.9066040462047147
0.04015536929258519	0.9598446307074151
0.6665758378870222	0.33342416211297804
0.287653463480488	0.7123465365195125
0.11112316878608265	0.8888768312139174
0.7371001116896067	0.26289988831039346
0.9194213373557267	0.08057866264427353
0.10193774222416163	0.8980622577758384
0.23513726057918888	0.7648627394208113
0.08611682441253161	0.9138831755874685
0.5609071850698799	0.43909281493012037
0.9893668748935401	0.010633125106459867
0.4686354061905354	0.5313645938094647
0.7809179585030327	0.21908204149696708
0.2302362881919507	0.7697637118080495
0.634581747694535	0.36541825230546493
0.9949086945029048	0.005091305497095174
0.9155204530775154	0.08447954692248467
0.9466682044317457	0.05333179556825436
0.9847473784505393	0.015252621549460723
0.9900073986119701	0.009992601388029793
0.9610268675668222	0.03897313243317756
0.9794576323071942	0.020542367692805846
0.9902845879893717	0.009715412010628534
0.3814956999551643	0.6185043000448358
0.9816589279728118	0.018341072027187825
0.9413830657157175	0.058616934284282454
0.9915209041168452	0.008479095883154904
0.9808522597616457	0.019147740238354374
0.07489679225672422	0.9251032077432755
0.6889191177058477	0.31108088229415237
0.7129284571666272	0.2870715428333726
0.4631860941401255	0.5368139058598745
0.057855237676413644	0.9421447623235869
0.3848843235778008	0.6151156764221994
0.9757264105807901	0.02427358941920992
0.7545413034657743	0.24545869653422547
0.09544382309181985	0.9045561769081806
0.9930666312285468	0.00693336877145333
0.9951291033298253	0.004870896670174553
0.8698214372036506	0.1301785627963496
0.9803724064590139	0.019627593540986046
0.9892452008181624	0.010754799181837658
0.9805566309652576	0.019443369034742138
0.5965739971722279	0.40342600282777197
0.3209531807448559	0.6790468192551441
0.9880471270588417	0.011952872941158307
0.3578510788235689	0.6421489211764313
0.9891663836746215	0.010833616325378125
0.599403642728234	0.40059635727176596
0.9897264029442625	0.010273597055737181
0.7456080567630603	0.2543919432369399
0.1254772746557979	0.8745227253442021
0.2244390132861516	0.7755609867138484
0.7664403134825064	0.2335596865174937
0.20982632432085485	0.7901736756791453
0.9829002567117092	0.017099743288290732
0.7892544446025218	0.21074555539747794
0.8637365960791774	0.13626340392082226
0.4943783639084442	0.505621636091556
0.9795578923531497	0.020442107646850456
0.8465470305786238	0.1534529694213763
0.9765480298607812	0.023451970139219007
0.11101990911569677	0.8889800908843033
0.944092492094474	0.055907507905525705
0.45215833184016224	0.547841668159838
0.1886346383588156	0.8113653616411847
0.9852187264136478	0.014781273586352062
0.9264596612775524	0.0735403387224473
0.15878939174193157	0.8412106082580685
0.9856280846860928	0.014371915313907378
0.9555286912830137	0.044471308716986103
0.9370648738041126	0.06293512619588762
0.9778009413805927	0.022199058619407516
0.9881189479906151	0.011881052009384932
0.915850423376708	0.08414957662329202
0.5963123122128183	0.4036876877871816
0.9401299959558471	0.05987000404415279
0.9879845353069218	0.01201546469307834
0.9892375713000205	0.010762428699979155
0.9851457664115059	0.01485423358849385
0.9882001495603773	0.011799850439622483
0.9394613645843201	0.060538635415679894
0.9970369063196601	0.00296309368034007
0.8139149896664574	0.18608501033354213
0.9811810307440233	0.018818969255976564
0.9780142806162736	0.021985719383726197
0.5900254445615031	0.40997455543849726
0.9190901547297702	0.0809098452702297
0.9912210342527052	0.008778965747294629
0.9174739077454913	0.08252609225450853
0.988866167130367	0.011133832869632997
0.8860985573070921	0.11390144269290803
0.976649607804522	0.023350392195477743
0.9037060082511056	0.09629399174889419
0.9808776772260152	0.01912232277398511
0.9810306528130736	0.01896934718692658
0.9517727927448183	0.048227207255181516
0.9006175409116207	0.09938245908837928
0.9858321461533593	0.014167853846640615
0.9926980696211974	0.0073019303788025534
0.991045122182105	0.00895487781789489
0.9750032503701839	0.02499674962981611
0.9856528180804005	0.014347181919599097
0.9365038315069782	0.06349616849302196
0.9893198293575659	0.010680170642433755
0.9798530344093748	0.020146965590625007
0.9851796675181264	0.014820332481873357
0.9721941153942564	0.02780588460574356
0.98514202748114	0.01485797251885973
0.9791934896936418	0.020806510306357894
0.9444376464478019	0.0555623535521981
0.985494418614593	0.014505581385406918
0.9868653137251521	0.013134686274847812
0.14429548482697213	0.8557045151730278
0.9875998023062924	0.012400197693707515
0.9921845989767989	0.007815401023201073
0.7784307221640454	0.22156927783595465
0.1482107736841923	0.8517892263158076
0.5050582284822278	0.4949417715177721
0.530531120854822	0.46946887914517804
0.08224202271882781	0.9177579772811724
0.7200817029679253	0.279918297032075
0.723646273817765	0.27635372618223486
0.08461751073532327	0.9153824892646769
0.481296626631544	0.5187033733684564
0.4157983503493028	0.5842016496506974
0.15478073881585566	0.8452192611841444
0.4483089593806627	0.551691040619337
0.1618910552735382	0.838108944726462
0.11768748129187585	0.8823125187081245
0.054667144799210324	0.9453328552007899
0.2608929396574519	0.7391070603425486
0.023900473578088884	0.9760995264219112
0.9887825884004232	0.011217411599576881
0.9396987668038937	0.06030123319610632
0.9855047994364454	0.014495200563554196
0.9857622684800528	0.014237731519946941
0.9877453033131338	0.012254696686866096
0.9924006531966312	0.007599346803368746
0.21589210267445222	0.7841078973255481
0.9286824113206343	0.07131758867936552
0.948650533450906	0.051349466549093885
0.9486256972423558	0.051374302757644257
0.9838951498130675	0.016104850186932237
0.10264227380322166	0.897357726196778
0.9590348755530669	0.04096512444693325
0.9932734041465657	0.006726595853434197
0.9811230289369685	0.018876971063031378
0.9911096492599527	0.00889035074004734
0.9843998144218237	0.015600185578176178
0.9957546986425636	0.004245301357436369
0.9841003796031231	0.015899620396876837
0.9855876143627894	0.014412385637210692
0.9182119233192965	0.0817880766807035
0.23003724642580906	0.769962753574191
0.0721612767829057	0.9278387232170944
0.9899949719004677	0.010005028099532312
0.6965417578310087	0.3034582421689912
0.05121310210230451	0.9487868978976954
0.9609831609322065	0.039016839067793525
0.08641197825977182	0.9135880217402285
0.9877697359434897	0.01223026405651005
0.9895677784160197	0.010432221583980042
0.3449459328285279	0.6550540671714725
0.9269865488399759	0.07301345116002396
0.9787303957463986	0.02126960425360148
0.9935190024053369	0.006480997594663185
0.1335447740248326	0.866455225975167
0.9776447632062287	0.022355236793771036
0.9501871059511376	0.04981289404886233
0.9902827792940972	0.009717220705902583
0.901194028579161	0.09880597142083908
0.9824331209025722	0.017566879097427716
0.9807046608605167	0.01929533913948315
0.44808704197327315	0.5519129580267269
0.7763799030215935	0.22362009697840668
0.6835380429859115	0.3164619570140885
0.9941594845283062	0.005840515471693809
0.07113956930532654	0.9288604306946735
0.9741096500367399	0.025890349963259687
0.0458305251145062	0.9541694748854936
0.046399345927208444	0.9536006540727917
0.9845484499658934	0.015451550034106597
0.9838267568594283	0.016173243140571496
0.9834232462947355	0.01657675370526427
0.9487326773940299	0.05126732260597021
0.05390535355071328	0.9460946464492868
0.9725509133898724	0.0274490866101277
0.9918629001968003	0.008137099803199587
0.9837847417974634	0.01621525820253628
0.9364239663512128	0.063576033648787
0.9873609851388682	0.012639014861131857
0.3519171089537293	0.6480828910462709
0.98174557450306	0.018254425496940164
0.990745678635234	0.009254321364765871
0.9920747530620989	0.007925246937901021
0.9742508644442147	0.02574913555578517
0.978432603132366	0.02156739686763358
0.9888451439327062	0.01115485606729379
0.06801982087858778	0.9319801791214123
0.9795285727061962	0.020471427293803815
0.7215566188948296	0.2784433811051704
0.31438343583003203	0.6856165641699681
0.9855318296915292	0.014468170308470836
0.12345411975045843	0.8765458802495416
0.2645716316882959	0.7354283683117044
0.9488348633675819	0.051165136632418014
0.9704359272020244	0.02956407279797565
0.9654939153914895	0.034506084608510595
0.9818636051008256	0.018136394899174367
0.9832272807077049	0.016772719292295037
0.983425239082301	0.01657476091769906
0.9669036439333623	0.033096356066638105
0.9797076843195385	0.020292315680461543
0.9898188122874447	0.010181187712555424
0.06959090293584	0.9304090970641604
0.9753885937330725	0.024611406266927337
0.992769858016501	0.0072301419834990424
0.9903795997767658	0.009620400223234245
0.9834036130438989	0.016596386956101095
0.9723358799343707	0.027664120065629433
0.9857710466893175	0.014228953310682437
0.9860695115988001	0.013930488401199904
0.9842137056250518	0.015786294374948096
0.04795481579218436	0.9520451842078156
0.59911645371213	0.40088354628787004
0.07870210310144873	0.9212978968985515
0.911598933763714	0.08840106623628598
0.08155853632769437	0.9184414636723056
0.1779450936006654	0.8220549063993349
0.9850370490578807	0.014962950942119408
0.8963435150698374	0.10365648493016241
0.9853600484203341	0.014639951579665968
0.91613180552164	0.0838681944783601
0.8145622159064496	0.18543778409355013
0.17398591153076143	0.8260140884692387
0.9923316120630578	0.007668387936941998
0.9915952130313136	0.008404786968686451
0.9865804691544049	0.013419530845594996
0.8756839147361372	0.12431608526386291
0.9909307731707717	0.009069226829228245
0.15939314288773349	0.8406068571122667
0.9823702687721265	0.017629731227873327
0.25627905328732475	0.7437209467126755
0.9320037356362136	0.0679962643637867
0.5629016987009122	0.4370983012990875
0.9826120394801257	0.017387960519874263
0.9793441189569364	0.02065588104306339
0.9804111420138705	0.019588857986129415
0.9871690650953814	0.012830934904618164
0.9890115949972212	0.010988405002778893
0.9815084812750214	0.018491518724978544
0.9760798564105148	0.023920143589484976
0.9956517650871055	0.004348234912894571
0.9852726186335203	0.01472738136647937
0.9502938764656296	0.04970612353437054
0.9808042023237976	0.01919579767620235
0.9853036332116314	0.014696366788368618
0.9825432148318656	0.017456785168134703
0.9866870093450189	0.013312990654981118
0.9200862982543023	0.07991370174569766
0.06892962259162988	0.9310703774083707
0.16553154533521597	0.8344684546647839
0.052577052705390585	0.9474229472946095
0.4911335647267751	0.508866435273225
0.8461325291162994	0.1538674708837005
0.6776260948153717	0.32237390518462844
0.11370008779038226	0.8862999122096177
0.9188177504464744	0.08118224955352545
0.023332898339748772	0.9766671016602514
0.9864392065767568	0.01356079342324324
0.9657322134601556	0.03426778653984426
0.9843683890606496	0.015631610939350293
0.9116657994170755	0.08833420058292468
0.9883327364922033	0.01166726350779642
0.9872232656417372	0.012776734358262464
0.9901277285030268	0.009872271496973032
0.9777075691089795	0.022292430891020457
0.9874222012101831	0.012577798789816838
0.9154912325653979	0.08450876743460219
0.9789588345413336	0.021041165458666168
0.9689761872189205	0.03102381278107942
0.9912108843701728	0.008789115629826922
0.9283251357428248	0.07167486425717526
0.916531681285154	0.08346831871484586
0.9836294638300578	0.016370536169942208
0.9578002187079361	0.04219978129206423
0.9830008511906789	0.016999148809321112
0.9710483705243417	0.028951629475658498
0.9901572032208442	0.009842796779155817
0.9501389301816675	0.0498610698183325
0.9949429970261607	0.005057002973839226
0.9533850846837776	0.04661491531622258
0.9832134881794513	0.016786511820548425
0.048616188538891505	0.9513838114611082
0.9930787628527645	0.006921237147235628
0.9693305039352011	0.030669496064798577
0.9890969440607954	0.010903055939204312
0.9774791088432054	0.022520891156794242
0.9438114353018502	0.056188564698149986
0.9821496050588346	0.01785039494116511
0.9892366065535387	0.010763393446460936
0.9815533421473481	0.018446657852651677
0.07492639119430698	0.9250736088056929
0.9747685169717374	0.025231483028262492
0.9805566951229798	0.019443304877020073
0.952009615053281	0.04799038494671893
0.9910462609616563	0.008953739038343534
0.9880948369235274	0.011905163076472373
0.9766899204675465	0.02331007953245364
0.9829967518333657	0.017003248166634094
0.9841648823818868	0.015835117618113355
0.07494754551646504	0.9250524544835349
0.9861329450843571	0.01386705491564283
0.9856881899703146	0.014311810029685464
0.983951433651852	0.016048566348147896
0.9021505724156096	0.09784942758439047
0.9805835298447737	0.019416470155226316
0.8200729666213976	0.17992703337860239
0.7759621473370296	0.22403785266297063
0.9739767310030953	0.02602326899690464
0.07789724344259298	0.9221027565574069
0.9896771815675572	0.010322818432442975
0.04070385202114101	0.9592961479788591
0.9824005664480748	0.017599433551925264
0.2696946568047049	0.7303053431952948
0.9922463669428443	0.007753633057155845
0.9865258398768713	0.013474160123128695
0.9875876036882874	0.012412396311712563
0.9856124954794682	0.014387504520531608
0.9215120560560099	0.07848794394399028
0.9803791253212542	0.01962087467874559
0.9530564677410773	0.04694353225892268
0.9354533164100602	0.06454668358993976
0.057359185973694056	0.942640814026306
0.7525140455020397	0.24748595449796013
0.30773855976627656	0.6922614402337237
0.24413924487893085	0.755860755121069
0.980797986052101	0.019202013947898985
0.9617212806257587	0.038278719374241495
0.9784537357067843	0.021546264293215822
0.9344877313004956	0.06551226869950443
0.9721312441321275	0.02786875586787231
0.9826801604228573	0.017319839577142615
0.08606138153099732	0.9139386184690029
0.979140850294642	0.020859149705358054
0.9181753838572448	0.08182461614275514
0.9703520305946226	0.029647969405377384
0.9895010862443495	0.010498913755650208
0.978373495841848	0.021626504158152027
0.9895538242182046	0.010446175781795061
0.9569227268648981	0.04307727313510175
0.7901963461492666	0.209803653850733
0.9888155216668999	0.01118447833310015
0.9391829609508171	0.06081703904918295
0.9910890893794152	0.008910910620584793
0.5966204976340607	0.4033795023659393
0.0696170480275785	0.9303829519724215
0.9756497613026205	0.024350238697379352
0.9213683400874814	0.07863165991251835
0.9373752975880919	0.06262470241190815
0.9623485962967143	0.03765140370328569
0.13801945939718652	0.8619805406028134
0.9941380681504642	0.005861931849535713
0.9805556085983547	0.019444391401645226
0.9794085623694312	0.020591437630568574
0.9542205166636404	0.045779483336359415
0.9668155557356266	0.033184444264373406
0.8842517281077268	0.11574827189227327
0.923314855012165	0.07668514498783498
0.9868620584179709	0.013137941582029024
0.8860772725392101	0.11392272746078995
0.9590235871853254	0.04097641281467477
0.9815265397304475	0.018473460269552346
0.01472969761760719	0.9852703023823931
0.8255023354402354	0.17449766455976448
0.9824721651900432	0.01752783480995643
0.9283163575228499	0.07168364247714983
0.884565580624007	0.11543441937599282
0.9871322040291158	0.012867795970883857
0.9761758459683232	0.023824154031677033
0.9834794323193801	0.016520567680619613
0.419219132335281	0.5807808676647191
0.99496955643748	0.0050304435625199324
0.9260768100934708	0.0739231899065293
0.9859968024759226	0.014003197524077172
0.928093365925192	0.07190663407480784
0.9753480819477008	0.024651918052299045
0.9882520430565325	0.011747956943467676
0.9445001109858198	0.055499889014180306
0.8388458270326627	0.16115417296733722
0.20308440714274428	0.796915592857256
0.792765938289727	0.20723406171027292
0.22311351722169553	0.7768864827783044
0.9866387251848814	0.013361274815118663
0.9940529019027613	0.005947098097238518
0.7873706407336261	0.21262935926637436
0.9760119330027954	0.023988066997204665
0.9568065577761837	0.04319344222381653
0.979673729636898	0.020326270363102354
0.959729221995608	0.04027077800439191
0.09132083762317998	0.9086791623768202
0.06332442903609779	0.9366755709639023
0.9891643654061397	0.010835634593860187
0.9855338051384663	0.014466194861533476
0.9866613065771433	0.013338693422856329
0.9772880006623161	0.022711999337684075
0.989923751907473	0.010076248092526961
0.9199475141171292	0.08005248588287099
0.9811645281705672	0.018835471829432862
0.9821676342745245	0.017832365725475502
0.9844221964101721	0.01557780358982784
0.980663209003115	0.019336790996884748
0.9710811065283628	0.02891889347163696
0.9494771955840491	0.050522804415950674
0.705275931318303	0.29472406868169715
0.684144076701955	0.3158559232980451
0.7838988937429376	0.21610110625706272
0.9689058076211151	0.031094192378884746
0.9437119567225332	0.056288043277466955
0.9677108768945806	0.03228912310541951
0.9937400544134347	0.006259945586565294
0.9857937104742406	0.014206289525759466
0.9263989119259517	0.07360108807404797
0.04087291886418356	0.9591270811358167
0.9865792399634055	0.013420760036594417
0.7903250974184168	0.2096749025815833
0.9184693242564298	0.08153067574357045
0.7598465915075547	0.24015340849244537
0.9849387276043902	0.015061272395609693
0.9874699997371171	0.012530000262882836
0.48206108453756774	0.5179389154624323
0.9836862427510087	0.01631375724899094
0.9932288585244586	0.006771141475541385
0.8636469585502996	0.13635304144970026
0.9451024677775512	0.05489753222244855
0.9335558935553165	0.06644410644468363
0.9843238283854778	0.015676171614522245
0.9843301150067755	0.015669884993224432
0.9256401826753978	0.07435981732460206
0.9706034749340159	0.02939652506598361
0.5721433191219282	0.42785668087807205
0.15149461086163973	0.8485053891383605
0.9906982349581803	0.009301765041819688
0.985251323528895	0.014748676471104736
0.9851413544217972	0.014858645578202434
0.980794416237308	0.019205583762692217
0.9829417106711172	0.01705828932888275
0.6507599798693465	0.34924002013065353
0.051043655659512494	0.9489563443404873
0.9847025282162317	0.015297471783768037
0.9890784824201497	0.010921517579850194
0.11961703377129183	0.880382966228708
0.9792223278713158	0.020777672128684282
0.9811922633966261	0.018807736603373666
0.9032825196503421	0.09671748034965794
0.978423994771221	0.02157600522877886
0.9446780038885055	0.05532199611149462
0.37700679654158603	0.6229932034584141
0.6146702093702336	0.3853297906297661
0.7699647257170957	0.23003527428290416
0.17421028916360942	0.8257897108363905
0.981004573066257	0.018995426933743027
0.9892988013833485	0.010701198616651529
0.9905672888659919	0.00943271113400821
0.9921659803990097	0.00783401960099036
0.9795324420260164	0.02046755797398367
0.3240346304872307	0.6759653695127698
0.9836094792841521	0.016390520715847637
0.9950886387828625	0.00491136121713749
0.08145607263083324	0.9185439273691668
0.9086523566699702	0.09134764333002972
0.9622786753481691	0.037721324651830944
0.9386482793548534	0.061351720645146574
0.9816699187907929	0.01833008120920703
0.6782197159595076	0.3217802840404924
0.9817156374491514	0.018284362550848646
0.87981276092865	0.12018723907135018
0.9750135416483058	0.02498645835169438
0.9630268243541028	0.03697317564589715
0.10514191519402898	0.8948580848059712
0.9736379698430815	0.026362030156918667
0.9582439901897994	0.041756009810200806
0.9896978607437839	0.010302139256215863
0.279047284646566	0.7209527153534343
0.8255489508354801	0.1744510491645201
0.9592811830999624	0.040718816900037605
0.9716485668442155	0.02835143315578472
0.9868430687106607	0.013156931289339193
0.9847166855441263	0.0152833144558735
0.9849515647413735	0.015048435258626522
0.9842633984424561	0.0157366015575438
0.9710855849212465	0.028914415078753475
0.9695462103701016	0.03045378962989851
0.16629647680375875	0.8337035231962413
0.9732915172946786	0.026708482705321432
0.9793905979119986	0.020609402088001508
0.08820564234883278	0.9117943576511669
0.9761851761487885	0.02381482385121113
0.9740877595561418	0.025912240443858016
0.9751191662920118	0.024880833707987896
0.13474861086176795	0.8652513891382321
0.0420093579561813	0.9579906420438191
0.9822172515680705	0.01778274843192941
0.9338314298478827	0.06616857015211729
0.5654069070591723	0.4345930929408277
0.4359302519551146	0.5640697480448855
0.40529443213378175	0.5947055678662183
0.38762822424599214	0.6123717757540078
0.11254883069911696	0.8874511693008832
0.5141947287214511	0.48580527127854917
0.4136274997215068	0.5863725002784932
0.18268992868759995	0.8173100713123997
0.06644127310857965	0.9335587268914206
0.6296684472424293	0.3703315527575709
0.7002896604631801	0.29971033953682014
0.041776148224952625	0.9582238517750474
0.6001364423595301	0.3998635576404699
0.018990529942175458	0.9810094700578247
0.1808125896306919	0.8191874103693089
0.044917986272809254	0.9550820137271907
0.030403948689232095	0.9695960513107679
0.14795957812646587	0.8520404218735343
0.138040399549002	0.861959600450998
0.11336179587170436	0.8866382041282957
0.9886445847269099	0.011355415273089958
0.06649115548535654	0.9335088445146436
0.5659003543829144	0.4340996456170857
0.9641470837843865	0.03585291621561316
0.9886216452059123	0.01137835479408765
0.9829501273113772	0.017049872688622802
0.9689769925362514	0.03102300746374844
0.9730000016837609	0.02699999831623927
0.931328648864537	0.06867135113546306
0.98376047083447	0.016239529165529933
0.5925146567289878	0.4074853432710119
0.9809965988324494	0.019003401167550366
0.021614039332840885	0.9783859606671593
0.10579728251719912	0.894202717482801
0.9617261071507309	0.03827389284926918
0.9291133027988815	0.07088669720111873
0.055948450978861065	0.944051549021139
0.5362760147323409	0.4637239852676591
0.7185915027821356	0.28140849721786476
0.9564933567418898	0.0435066432581098
0.9783391930092361	0.02166080699076368
0.8831869060189287	0.11681309398107136
0.24163637167015417	0.7583636283298456
0.9736406155351441	0.02635938446485586
0.7270347696439907	0.27296523035600956
0.2664068384787946	0.7335931615212055
0.1975228320100328	0.8024771679899674
0.06318271166794202	0.9368172883320581
0.843361539342759	0.15663846065724088
0.44044908152243645	0.5595509184775639
0.7114163874962399	0.2885836125037598
0.9809568789092377	0.019043121090762186
0.053929978217605735	0.9460700217823943
0.07496880584897685	0.9250311941510233
0.2665404545954297	0.7334595454045703
0.19460682501628554	0.8053931749837144
0.9716663463191765	0.02833365368082378
0.05905541757379999	0.9409445824262
0.9510004790834227	0.048999520916577485
0.9534234407978595	0.04657655920214057
0.9752019107536082	0.024798089246391777
0.9841665145700046	0.01583348542999549
0.5453360733422131	0.4546639266577868
0.9839612248554501	0.016038775144549842
0.8049554777426513	0.1950445222573486
0.956758266147846	0.043241733852154
0.9750211569241002	0.024978843075899766
0.050898445248129816	0.94910155475187
0.12502110339918762	0.8749788966008124
0.8398246030015458	0.1601753969984542
0.07225154433975148	0.9277484556602483
0.8586648026961519	0.14133519730384803
0.3450347212304403	0.6549652787695603
0.428141568441541	0.5718584315584593
0.670772985657073	0.3292270143429269
0.07983392014449806	0.9201660798555019
0.8737876426846721	0.12621235731532798
0.11640583108090949	0.8835941689190905
0.036922845138634613	0.9630771548613655
0.054943633501844245	0.9450563664981558
0.8611263787546517	0.1388736212453483
0.033787207502639804	0.9662127924973605
0.15695229907522645	0.8430477009247734
0.08137231297234589	0.9186276870276542
0.15645291508741993	0.8435470849125803
0.5789231788517982	0.4210768211482017
0.1943174330763936	0.8056825669236072
0.5546655512521085	0.4453344487478915
0.14047353825084755	0.8595264617491526
0.9921397224980582	0.0078602775019417
0.9667489187013695	0.033251081298630504
0.9443752997425291	0.05562470025747093
0.05707734886513526	0.942922651134865
0.9875012188354552	0.012498781164544566
0.9919475971657916	0.00805240283420831
0.9860462511122831	0.013953748887716767
0.9159689236500768	0.0840310763499233
0.9647333399333788	0.035266660066620985
0.8313355644548257	0.16866443554517466
0.9571840548160102	0.042815945183989894
0.9881549819941549	0.011845018005844919
0.07904654283595462	0.9209534571640455
0.9742678697592483	0.025732130240751543
0.9825977583663763	0.01740224163362327
0.8171695644486512	0.18283043555134873
0.8073118986332823	0.19268810136671774
0.9319661575925295	0.06803384240747062
0.9481883372362792	0.051811662763721185
0.9421000285191112	0.057899971480889115
0.9959270576441287	0.004072942355871258
0.9764650878667815	0.0235349121332185
0.9825936674987737	0.01740633250122618
0.9749070183417656	0.02509298165823418
0.986308512359586	0.013691487640413925
0.9611619828563086	0.0388380171436914
0.9852417514929991	0.014758248507000728
0.9895845455195516	0.010415454480448214
0.9801703228233086	0.019829677176691398
0.964357636002736	0.03564236399726366
0.9628912919687166	0.03710870803128348
0.9799168382923582	0.020083161707641482
0.9427468524558503	0.05725314754414981
0.9777629886570475	0.022237011342952754
0.9725799662438814	0.02742003375611854
0.9771402658187427	0.022859734181257366
0.8653307112215006	0.13466928877849962
0.17304153414489484	0.8269584658551048
0.9194590063443361	0.0805409936556639
0.08331509323722983	0.91668490676277
0.3346417381666872	0.6653582618333128
0.9683547354809058	0.031645264519094
0.6105593131686128	0.38944068683138716
0.9578078644183516	0.04219213558164858
0.965416770940881	0.034583229059119105
0.9521501587262358	0.04784984127376414
0.05955461442127866	0.9404453855787216
0.6755349421118507	0.32446505788814944
0.5253748571422503	0.4746251428577498
0.12084394532255008	0.8791560546774498
0.9841192362553792	0.015880763744620715
0.9886678987622861	0.011332101237713926
0.9896399384449138	0.010360061555085962
0.9850198389796907	0.01498016102030955
0.9869318294760041	0.013068170523995705
0.09576447167742541	0.9042355283225748
0.07945776471376792	0.9205422352862321
0.034684893376295496	0.9653151066237045
0.0628720337920757	0.9371279662079243
0.9792598013767116	0.020740198623288526
0.9829449796085646	0.01705502039143548
0.9805292533845679	0.019470746615432178
0.5440504692618169	0.45594953073818295
0.09841474560954723	0.9015852543904525
0.1574594768066914	0.8425405231933089
0.08700370786561602	0.912996292134384
0.08440468624574132	0.9155953137542587
0.01923104636434532	0.9807689536356549
0.0037272369392422054	0.9962727630607578
0.4801476440739333	0.5198523559260669
0.5520995358730377	0.4479004641269625
0.09471241053891276	0.9052875894610873
0.25950991730919876	0.7404900826908015
0.9842009802016549	0.01579901979834498
0.7772218640454664	0.22277813595453339
0.9896264923388166	0.010373507661183548
0.9041060267449885	0.09589397325501137
0.971689958488247	0.028310041511752954
0.9935897816307547	0.006410218369245057
0.04507702617836684	0.9549229738216333
0.9729332160581164	0.027066783941883457
0.9570757712869953	0.04292422871300503
0.9881506109985422	0.011849389001458042
0.9134173048330486	0.08658269516695175
0.9458064912100492	0.05419350878995103
0.9818739843520163	0.018126015647983464
0.9835016324987516	0.016498367501248293
0.9956454515570876	0.004354548442912312
0.06644216574197342	0.9335578342580269
0.9756505257060576	0.02434947429394239
0.9774478857960821	0.022552114203917638
0.9881286996756171	0.011871300324382725
0.981343998738465	0.01865600126153498
0.9904188287195713	0.009581171280428593
0.9837216413149971	0.016278358685002874
0.9817162172357012	0.018283782764298512
0.7133371852567119	0.28666281474328803
0.9892101412791122	0.010789858720887722
0.9755756658504156	0.024424334149584434
0.023155731824364135	0.9768442681756357
0.989100513556501	0.01089948644349905
0.9231350306847466	0.07686496931525313
0.9585599648394323	0.04144003516056725
0.98687301810715	0.013126981892850194
0.8864238571078864	0.11357614289211365
0.10806291607336646	0.8919370839266336
0.9592573563805057	0.0407426436194948
0.9884224759525879	0.011577524047412094
0.02098409649726846	0.9790159035027315
0.07226258936170633	0.927737410638294
0.9840072441683652	0.015992755831634918
0.8016472073982958	0.1983527926017039
0.0965424140677464	0.9034575859322538
0.93486475537556	0.06513524462443995
0.985678212543092	0.014321787456908198
0.9926769626095632	0.007323037390436758
0.95804285519771	0.04195714480228989
0.9800196197180355	0.019980380281964482
0.5429518728856234	0.4570481271143766
0.03779750424164104	0.962202495758359
0.10460398182456157	0.8953960181754383
0.03327739472435194	0.9667226052756481
0.804095621934669	0.1959043780653311
0.711158820941337	0.2888411790586627
0.5771379247657431	0.42286207523425695
0.4699548988381897	0.5300451011618105
0.8562417099047575	0.1437582900952426
0.9847671023007653	0.015232897699234702
0.9559837358581622	0.044016264141837735
0.9816329928011566	0.01836700719884327
0.9786569265176168	0.021343073482382974
0.9858102114071177	0.01418978859288225
0.9839854892632824	0.01601451073671753
0.9703193290309641	0.02968067096903596
0.9894812334013957	0.010518766598603773
0.9874116510937937	0.012588348906206082
0.985072981825802	0.01492701817419803
0.900693327338719	0.09930667266128111
0.990116947165923	0.009883052834077005
0.05034822164976787	0.9496517783502323
0.9653195685796693	0.0346804314203305
0.8966526635332179	0.10334733646678179
0.9668288782331037	0.033171121766896204
0.9825421350869955	0.01745786491300451
0.07797173145259464	0.9220282685474053
0.9737513592907833	0.02624864070921655
0.9796140175684779	0.020385982431522023
0.9032453577622965	0.09675464223770351
0.9762786350686651	0.02372136493133479
0.9815674641938114	0.01843253580618861
0.9757457477478958	0.02425425225210397
0.9911692832295849	0.008830716770414906
0.037321806421169536	0.9626781935788304
0.9523312385763986	0.04766876142360167
0.38406306909545507	0.615936930904545
0.9792969484189736	0.020703051581026415
0.9606380888718968	0.03936191112810315
0.9821298520890452	0.017870147910954454
0.8885069115004682	0.11149308849953174
0.9739112144386906	0.026088785561309495
0.9694925013118834	0.030507498688116703
0.9832923312726167	0.01670766872738312
0.8274761303292801	0.1725238696707202
0.9825098774522728	0.017490122547727017
0.994020681385922	0.005979318614077722
0.5368847971716968	0.46311520282830315
0.08406829534620122	0.915931704653799
0.7777115047333267	0.22228849526667357
0.6742111719827741	0.32578882801722586
0.704575956418384	0.29542404358161595
0.9818784229388181	0.018121577061181705
0.9777302854390756	0.022269714560924605
0.42468994839354757	0.5753100516064529
0.966179111790329	0.03382088820967102
0.9067189058957681	0.09328109410423188
0.9854835590538358	0.014516440946164102
0.9902081584807919	0.00979184151920805
0.5982209320261079	0.4017790679738918
0.9222135444424304	0.0777864555575696
0.9848793883958108	0.015120611604189427
0.042623755628247266	0.9573762443717528
0.9677273217901923	0.03227267820980788
0.9847511483975125	0.015248851602487123
0.3932861810291955	0.6067138189708047
0.9855611575206271	0.014438842479372847
0.9652918563687157	0.03470814363128431
0.9846221387333943	0.015377861266605373
0.9775165962565515	0.02248340374344832
0.9854789750647415	0.014521024935258578
0.9873272729610183	0.012672727038981636
0.9763271878881626	0.023672812111837374
0.009432935212625426	0.9905670647873747
0.9908189703834904	0.009181029616509752
0.9443787405989167	0.055621259401082944
0.9510627241285162	0.04893727587148376
0.9781405532982476	0.02185944670175246
0.9872909017033595	0.012709098296640454
0.9895915457712179	0.010408454228781991
0.9378991802467986	0.0621008197532013
0.902619396847872	0.09738060315212792
0.5699947562603377	0.4300052437396623
0.964941374579977	0.035058625420023005
0.030364301171308804	0.969635698828691
0.027680485019954775	0.9723195149800453
0.9299484863858202	0.07005151361417988
0.9739492883700867	0.02605071162991351
0.9467329784790749	0.05326702152092512
0.028733743777914652	0.9712662562220857
0.9802419545240029	0.019758045475997042
0.9869123590673692	0.013087640932630741
0.7169272304979565	0.28307276950204363
0.9905797634887739	0.009420236511226037
0.9463579623570681	0.05364203764293178
0.9880026335914499	0.011997366408550116
0.983020176168406	0.01697982383159412
0.04871766505118392	0.9512823349488163
0.09018763396104175	0.9098123660389583
0.9822240860237715	0.017775913976228536
0.13576178975913125	0.8642382102408688
0.7612655408001747	0.2387344591998254
0.06692855614024217	0.9330714438597582
0.7281204627502873	0.27187953724971253
0.16880232022705763	0.8311976797729425
0.15606374422666935	0.8439362557733306
0.6960181654654316	0.30398183453456823
0.10118104304437006	0.8988189569556297
0.7806406828659068	0.21935931713409307
0.209559490533543	0.7904405094664573
0.9755162715462433	0.02448372845375669
0.9729921634967096	0.027007836503290198
0.7465494723478144	0.25345052765218534
0.6476874300539731	0.3523125699460269
0.9838902118755609	0.01610978812443894
0.9026435039105398	0.09735649608946029
0.20274075757284182	0.7972592424271583
0.04176441570299904	0.9582355842970013
0.13933707155539737	0.860662928444603
0.9960747018353038	0.003925298164696192
0.5427318010559277	0.45726819894407233
0.11278467714833741	0.8872153228516624
0.8944103124694851	0.10558968753051486
0.5244074794062159	0.4755925205937842
0.34980772094779866	0.6501922790522014
0.7714181141373194	0.2285818858626805
0.43050240744006246	0.5694975925599374
0.18220873161955808	0.8177912683804419
0.08516139208856441	0.9148386079114356
0.091827096763229	0.9081729032367711
0.9446289997114734	0.055371000288526755
0.9833984393123784	0.01660156068762135
0.9739624012382427	0.026037598761757243
0.9769600749922023	0.02303992500779768
0.9562240000200295	0.043775999979970316
0.9835130008661175	0.0164869991338826
0.9920555692915172	0.007944430708482865
0.9529643843442334	0.04703561565576678
0.9470982394700167	0.052901760529983397
0.9731340241428161	0.026865975857183578
0.9745202152892908	0.02547978471070919
0.9913345892124069	0.008665410787592955
0.9807252369890941	0.019274763010905763
0.9696891249791638	0.030310875020836656
0.9927022906302487	0.007297709369751373
0.9833340735444479	0.016665926455552035
0.9851570475373612	0.014842952462638821
0.7280670796467765	0.2719329203532233
0.9769685161286403	0.02303148387135947
0.8810268681095227	0.11897313189047759
0.9901361495708154	0.009863850429184301
0.6856171986366839	0.31438280136331626
0.8866989145424163	0.11330108545758381
0.38804189481658236	0.6119581051834178
0.9436102617531789	0.05638973824682103
0.026933272315728788	0.9730667276842714
0.9748347947970912	0.02516520520290863
0.988501021450007	0.011498978549993202
0.9595385829903798	0.04046141700962048
0.16040040254698543	0.8395995974530149
0.9843040403144934	0.015695959685506283
0.9867346850322164	0.013265314967783506
0.9932376081539026	0.0067623918460973575
0.9929787776291562	0.007021222370843797
0.9883494677915258	0.01165053220847419
0.7250788141088546	0.27492118589114534
0.9697887169808544	0.03021128301914549
0.3714493041922037	0.6285506958077963
0.8613726756978669	0.13862732430213312
0.9763410174054711	0.023658982594528873
0.686665980677044	0.3133340193229557
0.9772805019326097	0.022719498067390237
0.9973376502465365	0.002662349753463598
0.981268335091495	0.01873166490850482
0.9795203423829995	0.020479657617000685
0.9686007758690693	0.031399224130930554
0.9905681477194084	0.00943185228059162
0.9917452233545838	0.008254776645416295
0.02964506940862916	0.9703549305913713
0.9822371124837591	0.017762887516240573
0.9531403858811263	0.04685961411887355
0.9582958209156781	0.04170417908432174
0.494326792312352	0.5056732076876479
0.9660320617449137	0.03396793825508625
0.98986556450272	0.010134435497279697
0.9575879946256832	0.04241200537431686
0.9915290891394071	0.008470910860592706
0.704247758025371	0.29575224197462907
0.9904928429415925	0.009507157058407566
0.9862177598341455	0.013782240165854142
0.7382533691098834	0.2617466308901167
0.9913284434526117	0.008671556547388132
0.09553968806496428	0.9044603119350358
0.977412396997413	0.022587603002586838
0.10267924850056674	0.8973207514994336
0.987117480422906	0.01288251957709361
0.4051250472401331	0.594874952759867
0.9780313053792652	0.021968694620734905
0.9881722960887471	0.011827703911252579
0.9902615957413724	0.009738404258627624
0.9874921867286207	0.012507813271379429
0.9750732368712898	0.024926763128710238
0.28569192996827697	0.7143080700317229
0.18007248844510013	0.8199275115548997
0.8375847014392866	0.16241529856071324
0.5793882192980481	0.42061178070195204
0.9853738063233862	0.014626193676613695
0.937606646467657	0.0623933535323432
0.9280002880832017	0.0719997119167985
0.9829907885784925	0.01700921142150761
0.990809377834837	0.0091906221651628
0.9553089159195893	0.044691084080410545
0.916597786734549	0.08340221326545122
0.9396991278687113	0.06030087213128898
0.975235279316151	0.02476472068384896
0.9827898251907934	0.01721017480920667
0.9507433158280145	0.04925668417198564
0.984256164782323	0.015743835217676878
0.9768580375236695	0.02314196247633046
0.9908408646137219	0.009159135386277922
0.9793161321385887	0.02068386786141127
0.9845978377213471	0.015402162278652966
0.9045407763240552	0.09545922367594488
0.9943672453275028	0.005632754672497203
0.9779666538565591	0.022033346143440883
0.9849818310337264	0.015018168966273332
0.9462653074847996	0.05373469251520014
0.9818151808428381	0.018184819157162014
0.9488821554515819	0.051117844548418195
0.9790689446081906	0.020931055391809457
0.9856970309686999	0.014302969031299868
0.983442177774304	0.01655782222569555
0.17589627245644263	0.8241037275435574
0.3704567243044362	0.6295432756955639
0.9824849213914577	0.01751507860854231
0.9960986251444504	0.003901374855549725
0.8161999233844703	0.18380007661552977
0.9503461146049658	0.04965388539503422
0.03162197209605464	0.9683780279039453
0.9851861632041059	0.014813836795894118
0.11907996123684787	0.8809200387631525
0.9087976082958136	0.0912023917041866
0.7212735243464813	0.2787264756535185
0.114125172488175	0.8858748275118252
0.9885961292815705	0.011403870718429245
0.9483979702189166	0.051602029781083525
0.07591097305875129	0.9240890269412486
0.9695073275840029	0.030492672415996895
0.9898323624892833	0.010167637510716847
0.9894180957075781	0.01058190429242173
0.9663537861717133	0.03364621382828645
0.9828662819015124	0.017133718098487495
0.23047547342663968	0.7695245265733602
0.9944371573475783	0.005562842652421612
0.059507973046356855	0.9404920269536433
0.9525089764247145	0.04749102357528547
0.9603702694369517	0.03962973056304812
0.045628697668138506	0.9543713023318615
0.6956712275016878	0.30432877249831236
0.06540321878721718	0.934596781212783
0.6050472866732295	0.3949527133267708
0.8317387687994874	0.16826123120051276
0.9685929050956016	0.03140709490439856
0.44329945128566206	0.5567005487143379
0.6867256476979944	0.313274352302006
0.3060763777366471	0.6939236222633529
0.9832242301111086	0.016775769888891352
0.05270742010717913	0.9472925798928209
0.9648872834513046	0.03511271654869545
0.047828497906128656	0.9521715020938712
0.9817338943965607	0.018266105603439543
0.11925225767943415	0.8807477423205664
0.8859724579829714	0.11402754201702876
0.44637576587707994	0.5536242341229202
0.29031281589460756	0.7096871841053922
0.1582125263534201	0.8417874736465801
0.21241434409910995	0.78758565590089
0.03723610480367272	0.9627638951963271
0.04276891735873514	0.9572310826412648
0.0051835583873066325	0.9948164416126934
0.11190076196830284	0.8880992380316975
0.2197831703588371	0.7802168296411628
0.9402297877280108	0.05977021227198913
0.9894391527754514	0.01056084722454851
0.9852442691609414	0.0147557308390584
0.05919294722835389	0.9408070527716461
0.9342050315346452	0.06579496846535465
0.9812661887735247	0.018733811226475
0.995387041255303	0.004612958744697146
0.4780262009301138	0.5219737990698864
0.9894612394955545	0.010538760504445412
0.9937149353892223	0.006285064610777677
0.47900542101679106	0.5209945789832091
0.661830752357516	0.33816924764248385
0.1673793695391047	0.8326206304608951
0.2730778555824089	0.7269221444175912
0.963691675262322	0.0363083247376779
0.972520791397355	0.027479208602644956
0.9860525265168019	0.01394747348319786
0.9753761543180315	0.024623845681968532
0.9738697133432863	0.026130286656713127
0.9920441387247169	0.00795586127528307
0.9859994666891174	0.014000533310882331
0.9913732392998565	0.008626760700143536
0.9813101478283205	0.018689852171679205
0.9798987617054357	0.02010123829456412
0.0661286910742709	0.9338713089257294
0.9764785655988204	0.023521434401179396
0.8937131664300497	0.10628683356995053
0.9888004493481029	0.011199550651896937
0.09446674634674826	0.9055332536532517
0.9824591129905944	0.017540887009405568
0.9792804468252752	0.020719553174724875
0.9876194066362346	0.01238059336376528
0.8978309890959622	0.10216901090403799
0.030232459696463366	0.9697675403035363
0.9719784275582125	0.02802157244178713
0.9576684289545083	0.04233157104549137
0.984554567088921	0.015445432911079034
0.9948906086701416	0.0051093913298584015
0.9925522620060419	0.007447737993958032
0.9816899327990803	0.018310067200919357
0.9900441201349695	0.009955879865030446
0.984618233056882	0.015381766943118026
0.9913208587349387	0.008679141265061127
0.9915706351565123	0.008429364843487587
0.9320577477615178	0.06794225223848231
0.2356621179863997	0.7643378820136003
0.989735905508646	0.010264094491353917
0.982971922916019	0.01702807708398062
0.9873161819139561	0.01268381808604395
0.9871583511465043	0.012841648853495667
0.9886034219210427	0.011396578078957107
0.05965218376066541	0.9403478162393344
0.9697703875219534	0.03022961247804652
0.9850740714344497	0.014925928565550186
0.9906279424765774	0.009372057523422522
0.8246395957143099	0.1753604042856898
0.5562198930401833	0.443780106959817
0.07511168153610664	0.9248883184638936
0.9835177857336039	0.01648221426639611
0.985282326410133	0.014717673589866951
0.9908678329332267	0.009132167066773165
0.9850916544218632	0.01490834557813653
0.9798795197775578	0.02012048022244204
0.4684946696342276	0.5315053303657722
0.7798918910177278	0.22010810898227218
0.09972130236307533	0.9002786976369249
0.9896069123409762	0.010393087659023904
0.9878504194169634	0.012149580583036319
0.6796642951898868	0.32033570481011325
0.9645038453925247	0.0354961546074754
0.9695049277622982	0.030495072237701617
0.987509592770432	0.012490407229567974
0.12221361760129101	0.8777863823987091
0.9127630509537202	0.08723694904628003
0.06824544597170529	0.931754554028295
0.9816105640228422	0.018389435977157847
0.6126698748672483	0.3873301251327519
0.9793495584639291	0.02065044153607082
0.1447237378247007	0.8552762621752994
0.9728058855480077	0.02719411445199233
0.06066371310336656	0.9393362868966334
0.9865623756469281	0.013437624353071982
0.9804345600425557	0.01956543995744409
0.4774419758916079	0.5225580241083925
0.821868752352894	0.1781312476471059
0.8448134361778521	0.15518656382214807
0.8445534282748686	0.15544657172513135
0.16478021487912994	0.8352197851208701
0.8916322869044977	0.10836771309550207
0.1508849161628924	0.8491150838371075
0.20517344169341756	0.7948265583065824
0.9704786536941437	0.029521346305856455
0.9392789747071499	0.06072102529285008
0.1039514932761137	0.8960485067238867
0.7443783344848665	0.2556216655151335
0.9846362020661817	0.015363797933818155
0.968006985247055	0.03199301475294528
0.9850881481228442	0.01491185187715554
0.9870211093317255	0.012978890668274285
0.06931447608131606	0.9306855239186841
0.09037260598314908	0.909627394016851
0.04493665435617834	0.9550633456438221
0.07933225118916643	0.9206677488108336
0.9890026453079714	0.010997354692028276
0.969077351447832	0.030922648552168086
0.3334864645035431	0.6665135354964568
0.9684581717587518	0.03154182824124823
0.9296467122550156	0.07035328774498431
0.9461448188620455	0.0538551811379544
0.05130647928881059	0.9486935207111895
0.988413414276969	0.011586585723030778
0.983422206031167	0.016577793968832685
0.9798503513054213	0.020149648694578488
0.9717416922260153	0.02825830777398479
0.9925558277978849	0.007444172202115269
0.9906727831267989	0.009327216873201205
0.5526418243239157	0.4473581756760844
0.940555909267661	0.05944409073233877
0.9930594231936513	0.006940576806348635
0.9924766825390874	0.007523317460912418
0.9772938591003211	0.02270614089967908
0.9596223135254758	0.04037768647452435
0.9875249347852353	0.01247506521476478
0.9968573621676171	0.003142637832382736
0.8659404404185471	0.13405955958145313
0.9817487520807471	0.01825124791925291
0.45165825421149786	0.5483417457885023
0.9862047082107555	0.013795291789244253
0.21917344577423217	0.7808265542257677
0.5402942671866149	0.4597057328133852
0.05885252820759876	0.941147471792401
0.9790225768903672	0.020977423109632493
0.9878666929709888	0.01213330702901129
0.9874787414912173	0.012521258508782586
0.19614507889900124	0.8038549211009987
0.028507478281534944	0.9714925217184652
0.9802802540446883	0.01971974595531139
0.9903479802149414	0.009652019785058266
0.9910210312031716	0.008978968796828336
0.9740375254030051	0.025962474596995057
0.9626796351869724	0.03732036481302756
0.9850560888708868	0.014943911129113299
0.9857165976653157	0.014283402334684265
0.9897021693158545	0.010297830684145233
0.9660386401980281	0.03396135980197199
0.9441895071480506	0.05581049285194963
0.9695632510780109	0.03043674892198893
0.9879837107408139	0.012016289259185773
0.9646925446922944	0.03530745530770578
0.9898144963318152	0.010185503668184574
0.9946443607105797	0.0053556392894203095
0.9827332919027282	0.01726670809727182
0.9726482031286244	0.02735179687137554
0.9792594105177369	0.020740589482262765
0.4227741078397728	0.5772258921602273
0.98410866192319	0.015891338076809564
0.9928469897480973	0.007153010251902694
0.9938420229142483	0.006157977085751744
0.9938062896713241	0.006193710328675732
0.8834842311937989	0.1165157688062012
0.9415975492624831	0.05840245073751669
0.9718818240503253	0.028118175949674678
0.982560150836622	0.017439849163377832
0.9891413503003419	0.010858649699658062
0.9808485935137666	0.01915140648623315
0.9770987441936605	0.022901255806339834
0.9894493312452417	0.010550668754757853
0.9802148008344439	0.01978519916555603
0.9823398916075962	0.01766010839240366
0.9065844592280458	0.09341554077195453
0.944126235363922	0.055873764636077586
0.9847594932815937	0.01524050671840624
0.9862773561254172	0.013722643874582859
0.9035134290797809	0.09648657092021923
0.9834042450343277	0.016595754965672362
0.9530211205977704	0.04697887940222949
0.055140879568450124	0.9448591204315501
0.9731748637265862	0.02682513627341353
0.9600813449200761	0.039918655079923863
0.9908386431577755	0.009161356842224456
0.815983887179872	0.18401611282012806
0.9641976605279428	0.035802339472057215
0.8872123193766273	0.1127876806233731
0.9804502495914393	0.01954975040856084
0.9882520173570619	0.01174798264293772
0.9738489591658888	0.02615104083411124
0.9863980185319734	0.013601981468026589
0.9800336214776323	0.019966378522367562
0.04089041226927399	0.9591095877307262
0.9680600555609231	0.031939944439076606
0.21901883327392344	0.7809811667260763
0.9769955256328027	0.023004474367197093
0.9782915744844661	0.02170842551553392
0.1566896915608433	0.8433103084391569
0.9777799735810556	0.02222002641894441
0.9714763251487603	0.028523674851239553
0.9937133998094915	0.006286600190508481
0.9343722503520191	0.06562774964798125
0.9048829365930628	0.09511706340693732
0.9858978961431378	0.014102103856862041
0.07029482337509614	0.9297051766249039
0.9750229254922984	0.02497707450770162
0.9752416712787686	0.02475832872123124
0.9339642350681358	0.06603576493186425
0.9848477234964984	0.015152276503501356
0.05606413495978128	0.9439358650402184
0.9150382696967505	0.0849617303032496
0.058639156946848896	0.941360843053151
0.9165096351250089	0.08349036487499094
0.979241680923105	0.020758319076894686
0.9810653512322614	0.0189346487677387
0.18724826424298466	0.8127517357570154
0.8206995394394886	0.17930046056051144
0.9839097458209829	0.016090254179016973
0.9748774647799486	0.02512253522005134
0.738566323450672	0.26143367654932786
0.6772224678238007	0.32277753217619926
0.9833879907460727	0.016612009253927217
0.9924286440639751	0.007571355936024863
0.3982992140359052	0.601700785964095
0.6792174676400714	0.3207825323599286
0.8972476333703098	0.1027523666296904
0.9763338538909656	0.02366614610903403
0.6922097725609712	0.30779022743902884
0.9852291274115254	0.01477087258847449
0.741852139279348	0.25814786072065166
0.10281689930201271	0.8971831006979875
0.9431269985114109	0.056873001488589356
0.9834227580149125	0.01657724198508743
0.9513016427220785	0.04869835727792162
0.9931454205062792	0.006854579493720739
0.8406114942754843	0.1593885057245156
0.987515566078893	0.012484433921107
0.9945791564958718	0.0054208435041283275
0.9871671782348237	0.012832821765176115
0.9828128006786754	0.017187199321324606
0.8917290856415313	0.10827091435846879
0.973211642039542	0.02678835796045804
0.9897776375044383	0.010222362495561571
0.7606687123361634	0.23933128766383696
0.41764425337850325	0.5823557466214971
0.9197368335830247	0.0802631664169756
0.978323361924164	0.021676638075835832
0.9392509935136811	0.06074900648631879
0.9299640908748934	0.0700359091251067
0.6300782272806513	0.36992177271934856
0.9764521074590491	0.023547892540950865
0.9879945761702671	0.012005423829732815
0.9798095063896416	0.020190493610358438
0.9904972576828363	0.00950274231716393
0.9897733270407759	0.01022667295922406
0.8850656780709316	0.11493432192906859
0.9481164302521639	0.051883569747836464
0.7177109933497228	0.2822890066502771
0.5408280977165283	0.4591719022834718
0.9828086576645618	0.0171913423354381
0.9867914396794154	0.013208560320584716
0.8869674018507709	0.11303259814922904
0.8261399301292708	0.17386006987072927
0.9814097524155925	0.018590247584407568
0.9957723648244005	0.004227635175599512
0.9661862373114505	0.033813762688549444
0.9485192818749164	0.05148071812508357
0.955407839625163	0.04459216037483689
0.9195466920006306	0.08045330799936912
0.9870690839722467	0.012930916027753423
0.956804241279514	0.043195758720486026
0.9828625102959475	0.017137489704052548
0.9831779051200737	0.01682209487992617
0.9820627200817844	0.017937279918215355
0.9762671459289006	0.023732854071099485
0.885012733433129	0.11498726656687122
0.9879609089392232	0.012039091060776757
0.9771457999278326	0.022854200072167402
0.9589463775814547	0.041053622418545196
0.8505385594374328	0.14946144056256727
0.9834332725478148	0.016566727452185192
0.13112563022677992	0.8688743697732204
0.9892258989440523	0.010774101055947853
0.9929186672048044	0.0070813327951952994
0.9834632424588928	0.01653675754110708
0.9837373136848965	0.016262686315103456
0.9819146689664584	0.018085331033541506
0.9837561775498542	0.016243822450145808
0.9820642655718125	0.017935734428187303
0.9928772462939012	0.007122753706098781
0.9867044948957059	0.01329550510429408
0.9763552371305405	0.0236447628694592
0.9929437452361962	0.007056254763803509
0.9514145838847148	0.04858541611528489
0.1461359581382783	0.8538640418617213
0.9908851111340939	0.009114888865905868
0.9855235610928937	0.014476438907106107
0.9875874527042079	0.012412547295792149
0.9904460840552752	0.009553915944724814
0.9822148132375151	0.017785186762484702
0.9737448198331827	0.02625518016681719
0.9827655397876717	0.017234460212328575
0.11746161197100946	0.882538388028991
0.9855957335717257	0.014404266428274198
0.9815391631264293	0.01846083687357059
0.9705538464138438	0.029446153586156373
0.3027996438407301	0.6972003561592701
0.9857187255268585	0.01428127447314136
0.9191887986268066	0.08081120137319368
0.7218346501455717	0.2781653498544282
0.9891809171797301	0.01081908282026951
0.9790907804063974	0.020909219593602476
0.9862116148311715	0.013788385168828248
0.9922794422485504	0.007720557751449606
0.9492420987339613	0.05075790126603872
0.985374143163409	0.014625856836590763
0.9878315796285878	0.012168420371412107
0.9838269339068977	0.01617306609310223
0.9870914171937188	0.012908582806280995
0.9740513908085334	0.025948609191466698
0.9850793730868679	0.014920626913131913
0.9833332949715647	0.01666670502843521
0.9845280074387547	0.015471992561244761
0.9693124905696259	0.030687509430374554
0.9134952182180843	0.08650478178191577
0.9763710903309747	0.023628909669025124
0.18814150783834854	0.8118584921616514
0.9838202846771289	0.01617971532287118
0.17165975232156583	0.8283402476784342
0.9875651184739495	0.012434881526050639
0.986332032733521	0.013667967266478748
0.8578460884323631	0.1421539115676366
0.9777514042461205	0.022248595753879486
0.16572504918566655	0.8342749508143333
0.991110378643809	0.008889621356190845
0.9866909528137158	0.013309047186284078
0.9905396777286737	0.009460322271326111
0.8077681977884821	0.19223180221151803
0.15689647198986656	0.8431035280101333
0.9918396163390625	0.008160383660937413
0.9754483863623546	0.024551613637645374
0.9932755881807428	0.006724411819257123
0.9750106908600991	0.02498930913990093
0.9836990718215161	0.016300928178483602
0.9614039741516537	0.03859602584834617
0.6012612924828981	0.39873870751710155
0.9925341901648792	0.007465809835120641
0.9662567633627737	0.033743236637226136
0.990939751014253	0.009060248985747067
0.9796735883823893	0.020326411617610583
0.9639669727282677	0.03603302727173239
0.9773204788266519	0.02267952117334817
0.9914031413704879	0.00859685862951217
0.9786649183017515	0.02133508169824838
0.9828640396440492	0.017135960355950722
0.05338860218264375	0.9466113978173564
0.9179939611187509	0.08200603888124917
0.9839378089315933	0.016062191068406638
0.9719297487546116	0.02807025124538856
0.9652771056545778	0.034722894345422264
0.4463324969063607	0.5536675030936393
0.9413623567273652	0.05863764327263448
0.9955351363898116	0.004464863610188418
0.9918415852636483	0.008158414736351687
0.5763978714651763	0.42360212853482354
0.5313519880533141	0.4686480119466859
0.40706557600942483	0.5929344239905752
0.9919316038893404	0.008068396110659487
0.49246862576701267	0.5075313742329873
0.9832475346215607	0.01675246537843915
0.8792786523313093	0.12072134766869101
0.9549623509375083	0.04503764906249139
0.1108518183752939	0.8891481816247062
0.9500375363677087	0.04996246363229127
0.023406307169556474	0.9765936928304434
0.0676389753123094	0.9323610246876908
0.026840734844770228	0.9731592651552302
0.9769560102346523	0.023043989765347373
0.27239600705395683	0.7276039929460437
0.9860731680536106	0.01392683194638917
0.9756480761562876	0.02435192384371241
0.07573797321422565	0.9242620267857745
0.9777633826648997	0.022236617335099868
0.9876670239805527	0.012332976019446874
0.12140466925070813	0.8785953307492921
0.12173041721546284	0.8782695827845373
0.9844227207987625	0.015577279201237509
0.9909853371764119	0.009014662823588116
0.055125516898098095	0.9448744831019021
0.9859737632967177	0.014026236703282145
0.9763601011203354	0.023639898879664615
0.8610101926009424	0.13898980739905772
0.9833870524783181	0.0166129475216815
0.9669676643117531	0.03303233568824692
0.9680763787006755	0.0319236212993243
0.9282390753140981	0.07176092468590166
0.9881132131664522	0.011886786833547474
0.9873702622526782	0.012629737747321727
0.9802798340315243	0.01972016596847564
0.06464462294953505	0.9353553770504646
0.9544267695734016	0.04557323042659846
0.11337990447904693	0.8866200955209532
0.9880801578365458	0.011919842163453957
0.7229689895541419	0.2770310104458581
0.9629809630155988	0.03701903698440103
0.9897309404684073	0.010269059531592715
0.9190682590924023	0.08093174090759776
0.982045648245913	0.01795435175408704
0.987158515018309	0.012841484981690876
0.9692449125107825	0.03075508748921737
0.9672790004234757	0.03272099957652428
0.924815760343093	0.07518423965690711
0.9916943956799256	0.008305604320074217
0.9798115430908366	0.020188456909163457
0.9902352137475292	0.009764786252470741
0.05309071104289522	0.9469092889571048
0.9879536598651234	0.01204634013487659
0.8687462674004506	0.13125373259955
0.9818769911508592	0.018123008849140577
0.915408168864492	0.08459183113550794
0.9293165353586782	0.0706834646413219
0.814940478783184	0.18505952121681626
0.9621976352911408	0.037802364708859094
0.9838065411841468	0.016193458815852876
0.06396368525149838	0.9360363147485018
0.9874562295554123	0.012543770444587548
0.16111291812454784	0.8388870818754524
0.18790907367687917	0.8120909263231205
0.005335956586319945	0.9946640434136802
0.07243011609409628	0.9275698839059037
0.09322632108869217	0.9067736789113079
0.08530956202357431	0.9146904379764256
0.047685119292881065	0.9523148807071192
0.983085503700446	0.016914496299554174
0.9727250120431574	0.02727498795684253
0.9216089925079816	0.0783910074920185
0.025580661146892378	0.9744193388531077
0.9881863896074838	0.011813610392516192
0.9826405139477811	0.017359486052218574
0.98882296924873	0.011177030751269624
0.9897762115752233	0.01022378842477645
0.9390251245597473	0.06097487544025244
0.9854080346138849	0.014591965386114673
0.9745404024225505	0.02545959757744956
0.9127244948942048	0.08727550510579515
0.9874555955547082	0.012544404445291528
0.08933138683151234	0.9106686131684877
0.9731418576515408	0.02685814234845882
0.9797149931404099	0.020285006859590213
0.9643415643917307	0.03565843560826936
0.9776997786378335	0.02230022136216631
0.9803031097112803	0.019696890288719737
0.9767995000107585	0.023200499989241362
0.9646280292816682	0.035371970718331786
0.5834724870734971	0.41652751292650286
0.06846978435062703	0.9315302156493729
0.9855526589797938	0.014447341020206193
0.9715922523361908	0.02840774766380917
0.9631604993966988	0.0368395006033011
0.9678886420062132	0.032111357993786734
0.9852781484151372	0.014721851584862807
0.7664266971742889	0.2335733028257109
0.15013494869319402	0.8498650513068056
0.9875589467097552	0.012441053290244686
0.908915750897912	0.09108424910208832
0.991417188239195	0.008582811760804825
0.11747147224642436	0.8825285277535758
0.9875920754037371	0.012407924596262858
0.9897654730941357	0.010234526905864565
0.9949190849889297	0.005080915011070259
0.9789910212837742	0.021008978716225698
0.7109422578072437	0.2890577421927562
0.9862686090839732	0.013731390916026744
0.08457163038731208	0.9154283696126879
0.9199943196595853	0.08000568034041461
0.1948402786504475	0.8051597213495524
0.9547389325936136	0.045261067406386475
0.9898776591929367	0.010122340807063104
0.0769639823961184	0.9230360176038817
0.0923122425225809	0.9076877574774191
0.21584313306054853	0.7841568669394519
0.3473377035150639	0.6526622964849362
0.398297619977454	0.6017023800225465
0.27916789028097294	0.720832109719027
0.7523072526779088	0.2476927473220916
0.9158617970268105	0.08413820297318951
0.4189353971795148	0.581064602820485
0.8160347107551325	0.18396528924486774
0.10979932618168671	0.8902006738183134
0.9437279916693125	0.05627200833068732
0.6023343777084937	0.39766562229150615
0.2964775354000922	0.7035224645999081
0.13934962521765062	0.8606503747823495
0.0968291498234514	0.9031708501765483
0.7592723315234984	0.24072766847650162
0.4838013035229892	0.5161986964770109
0.0769072895946773	0.9230927104053227
0.06584500016187657	0.9341549998381236
0.054446842766514306	0.945553157233486
0.517246372476452	0.4827536275235482
0.030950159003546824	0.9690498409964533
0.01910910150542448	0.9808908984945758
0.9780883616036771	0.021911638396322913
0.06187042233190417	0.938129577668096
0.9835975057006023	0.01640249429939753
0.9878134225084918	0.01218657749150792
0.13954305368430642	0.8604569463156939
0.40096138436244233	0.5990386156375579
0.8129770291209819	0.18702297087901804
0.7454851674130215	0.25451483258697855
0.5043297585628891	0.49567024143711097
0.7257507206260492	0.27424927937395077
0.08253747027044461	0.9174625297295556
0.7074141584942144	0.2925858415057855
0.010192908382830967	0.9898070916171691
0.13011380215190022	0.8698861978480998
0.16461112363107733	0.8353888763689226
0.3582729295346687	0.6417270704653315
0.9896673256784392	0.010332674321560781
0.9869063667975719	0.013093633202427946
0.9774825352232499	0.022517464776749943
0.9409618021995974	0.059038197800402877
0.9794856541100281	0.020514345889972047
0.6858119082975394	0.31418809170246104
0.9672766776501086	0.03272332234989142
0.022904012509876902	0.9770959874901233
0.9323073419348582	0.06769265806514203
0.9823483334817424	0.01765166651825734
0.4940827373584191	0.5059172626415811
0.9875542884410697	0.012445711558930343
0.9812142852558803	0.018785714744119563
0.9845377096237611	0.015462290376238832
0.5707641099101506	0.42923589008984925
0.971951431782512	0.028048568217488044
0.8601393627610091	0.13986063723899078
0.041676161831415245	0.9583238381685848
0.9838833497958626	0.016116650204137068
0.9376227344749801	0.06237726552501981
0.989009414900308	0.010990585099691752
0.9867007604828657	0.013299239517134066
0.4605645088150503	0.53943549118495
0.9814609227808027	0.01853907721919732
0.9918688897553939	0.008131110244606055
0.9719494122563218	0.028050587743677996
0.9491312859505291	0.05086871404947078
0.9841245260213748	0.015875473978625154
0.9514768671594558	0.048523132840544256
0.6592609641889999	0.3407390358109999
0.9797689887396892	0.020231011260310974
0.9516573232669913	0.048342676733008315
0.9921521781775943	0.007847821822405452
0.9860868459903154	0.01391315400968435
0.9216967969841464	0.07830320301585368
0.9737597040710803	0.02624029592891959
0.9847041237149733	0.015295876285026655
0.9866229285192373	0.013377071480762752
0.9860739584572413	0.013926041542758574
0.06921651759514182	0.9307834824048584
0.9819006958505254	0.018099304149474384
0.9778188379773871	0.02218116202261273
0.9934995413901531	0.0065004586098471005
0.9918865585412407	0.008113441458759203
0.04557431677126655	0.9544256832287336
0.9858015351685573	0.014198464831442402
0.9701439561117138	0.029856043888286346
0.9814160798913254	0.018583920108674483
0.9873743217396168	0.01262567826038308
0.9589278881938074	0.041072111806192566
0.9835572579688613	0.01644274203113871
0.9595630256792355	0.04043697432076465
0.915044050603046	0.08495594939695378
0.9782279319746054	0.021772068025394536
0.5556512778053314	0.4443487221946686
0.9900264025888376	0.009973597411162443
0.4064599082047289	0.5935400917952715
0.03757823753031911	0.9624217624696807
0.07234473914935714	0.927655260850643
0.2281854554081299	0.77181454459187
0.13969980249437683	0.8603001975056234
0.9869505070319268	0.013049492968073513
0.9812880097113971	0.01871199028860257
0.9896418392928988	0.010358160707100977
0.9447266206764451	0.05527337932355498
0.9621037408709161	0.03789625912908372
0.7496289579966564	0.2503710420033434
0.986406905271496	0.013593094728503698
0.9876970329367392	0.012302967063260674
0.9795979795944132	0.020402020405586994
0.9943878422017473	0.005612157798252741
0.9765445747222761	0.02345542527772388
0.9033190984442022	0.09668090155579771
0.9249301050164075	0.07506989498359251
0.988137024427635	0.01186297557236494
0.9903750838881399	0.009624916111859706
0.980893943439894	0.019106056560105975
0.9872974261354596	0.012702573864540443
0.9912197972354454	0.008780202764554356
0.9841754174381008	0.015824582561899052
0.9776302765241793	0.022369723475820634
0.4537316170926615	0.5462683829073386
0.9901675399460375	0.009832460053962409
0.9577874804307795	0.04221251956922009
0.1705355367478007	0.8294644632521995
0.24705865856815087	0.7529413414318494
0.9830102694185078	0.016989730581491926
0.988983270394699	0.011016729605301066
0.9893280456172721	0.010671954382727795
0.9694438390206715	0.03055616097932827
0.9863281960343762	0.013671803965623848
0.9714768182778338	0.02852318172216603
0.9830175142713923	0.016982485728607704
0.9804966013541102	0.019503398645889843
0.9793053746613981	0.020694625338601703
0.9886447181492716	0.011355281850728394
0.9731411962427124	0.02685880375728732
0.5385761521520901	0.4614238478479099
0.9853794950908682	0.014620504909131648
0.9825751207813742	0.017424879218625712
0.14883170920920846	0.8511682907907917
0.9811971734294288	0.018802826570571467
0.9934275000016428	0.006572499998357139
0.935708720203854	0.06429127979614607
0.9820499452665373	0.01795005473346228
0.19995957651099985	0.800040423489
0.9818129143689202	0.01818708563107975
0.42633834789675995	0.5736616521032404
0.12533768028879358	0.8746623197112064
0.9807953347835385	0.019204665216461456
0.9787583268372089	0.02124167316279101
0.9883195742573389	0.01168042574266095
0.983551507822998	0.01644849217700196
0.9380086898143658	0.061991310185634155
0.9713282527934719	0.028671747206527855
0.9867586896911766	0.01324131030882342
0.9671226258569376	0.0328773741430624
0.9233759243226284	0.07662407567737153
0.9893344091468496	0.010665590853150391
0.9891786172996788	0.010821382700321151
0.9895900860714911	0.010409913928508591
0.9852742690200219	0.014725730979977945
0.05716242655581286	0.9428375734441871
0.9843653190616637	0.01563468093833612
0.9801258265723328	0.019874173427666827
0.993080695254971	0.006919304745029039
0.9846941032832202	0.01530589671677965
0.9491972062280333	0.0508027937719669
0.9838256637134991	0.01617433628650077
0.9016109644544464	0.09838903554555391
0.9911654623092625	0.008834537690737243
0.9773397519599217	0.022660248040078237
0.7043531704843177	0.2956468295156821
0.9182922397707265	0.08170776022927378
0.9601278111350308	0.03987218886496914
0.9896449908237309	0.010355009176268916
0.9881962168114886	0.011803783188511123
0.9756655808917458	0.02433441910825425
0.9901357520618563	0.009864247938143299
0.9950486055202521	0.004951394479747935
0.9868307296779393	0.013169270322060661
0.9646070826620503	0.035392917337949796
0.9794396426106791	0.020560357389321028
0.732539164406532	0.26746083559346767
0.870450966921622	0.12954903307837762
0.9957038909104458	0.004296109089554136
0.8466052086641188	0.1533947913358814
0.9854281301726634	0.014571869827336563
0.9285909869793385	0.07140901302066185
0.8613186983074655	0.13868130169253445
0.9656293693257523	0.034370630674247796
0.9837191894851901	0.016280810514809885
0.1806371206774725	0.8193628793225274
0.9937260836615279	0.006273916338472107
0.5564640669770639	0.44353593302293637
0.5971110880309604	0.40288891196903953
0.8757969787442461	0.12420302125575394
0.5044565983448586	0.4955434016551412
0.9724784845355399	0.027521515464460293
0.9848385416840406	0.015161458315959084
0.9875945114681477	0.012405488531852058
0.9731518670366813	0.026848132963318817
0.2967699556878756	0.7032300443121245
0.9653933627579263	0.03460663724207334
0.9874247086178957	0.01257529138210432
0.8645391107540737	0.13546088924592634
0.9856024217635322	0.014397578236467715
0.40098225565945406	0.5990177443405459
0.9667520848522924	0.03324791514770752
0.9884345309613997	0.0115654690386
0.9623990135507862	0.03760098644921374
0.9041334393654634	0.09586656063453672
0.9812742805190473	0.018725719480952623
0.9923544949371716	0.007645505062828104
0.9901509464817334	0.009849053518266428
0.9200681531359893	0.07993184686401068
0.9245626969121454	0.0754373030878546
0.1258639628683279	0.8741360371316718
0.9894061532385678	0.010593846761432041
0.9664101855433007	0.03358981445669921
0.9856353149355725	0.014364685064427354
0.9446428379038054	0.05535716209619435
0.9824206722127861	0.017579327787213783
0.9686893552787973	0.0313106447212027
0.20497494012688333	0.7950250598731172
0.9876487137480733	0.012351286251926599
0.972297141025365	0.027702858974634738
0.940442419269995	0.05955758073000505
0.87181451368426	0.12818548631574017
0.9871279160135192	0.012872083986480952
0.7340589881449406	0.26594101185505914
0.8933418619982426	0.1066581380017578
0.9694614092805688	0.030538590719431418
0.9918403931299443	0.008159606870055345
0.060344584743332555	0.9396554152566676
0.9709357673988177	0.0290642326011822
0.993646843406948	0.006353156593051995
0.9794894943151666	0.020510505684833445
0.9836155274598002	0.016384472540199514
0.09370613036511447	0.9062938696348852
0.9928651762565335	0.007134823743466415
0.07615310928549425	0.9238468907145057
0.9823681659919647	0.01763183400803529
0.9929017774874748	0.007098222512525046
0.9672778619021554	0.03272213809784462
0.9857748735283307	0.014225126471669005
0.9933382272994866	0.006661772700513102
0.10249071121359143	0.8975092887864085
0.9797492354957952	0.020250764504204502
0.9759645598270309	0.024035440172969283
0.9885051956430622	0.011494804356937869
0.8908639905364661	0.10913600946353384
0.981440176477254	0.018559823522746113
0.983471369819336	0.016528630180663882
0.9820266287566927	0.017973371243307366
0.9665152449714405	0.03348475502855921
0.9765890018125803	0.023410998187419665
0.0774583527786568	0.9225416472213434
0.07557747461776283	0.9244225253822371
0.9906230747974272	0.009376925202572623
0.9809179298357072	0.01908207016429243
0.060441106334159736	0.9395588936658403
0.10352443164302322	0.8964755683569768
0.12654099585795467	0.8734590041420454
0.02056578055135345	0.9794342194486465
0.07940371693648368	0.9205962830635164
0.43639124494944453	0.5636087550505556
0.05361382297810146	0.9463861770218986
0.17310453203073162	0.8268954679692684
0.9864398237958306	0.013560176204169177
0.9689194048615596	0.031080595138440418
0.5100111119165212	0.48998888808347874
0.7431335624551256	0.25686643754487437
0.9774423244762557	0.022557675523744183
0.9834292723826609	0.016570727617339395
0.9265602138082113	0.07343978619178829
0.9840387401216898	0.015961259878309854
0.9938358695588674	0.006164130441132397
0.9241401510036791	0.0758598489963209
0.08046811312037383	0.9195318868796263
0.9864077202121243	0.013592279787875755
0.057417793194771985	0.942582206805228
0.9834301631830104	0.01656983681698943
0.8929719894368487	0.10702801056315144
0.9446480652312179	0.05535193476878206
0.9851617660757487	0.014838233924251215
0.9283376783538583	0.07166232164614185
0.8882073856341066	0.1117926143658935
0.9812248757594118	0.018775124240588047
0.1262716571884548	0.8737283428115451
0.980529286877246	0.01947071312275403
0.9745704940455184	0.02542950595448144
0.9823405120106942	0.017659487989305635
0.9698708325539236	0.030129167446076507
0.9620202811487453	0.03797971885125463
0.9382017613537174	0.06179823864628269
0.9821421792353461	0.017857820764653982
0.05076171464389653	0.9492382853561032
0.0748518384315914	0.9251481615684088
0.9340358769713988	0.06596412302860116
0.9367432015710082	0.06325679842899161
0.18999625002765963	0.8100037499723405
0.994392846570131	0.00560715342986904
0.7892706804478814	0.21072931955211846
0.9779770245855353	0.02202297541446494
0.9782097356819058	0.02179026431809415
0.9883339777564737	0.011666022243526005
0.989987136607391	0.010012863392609005
0.10138812213126867	0.898611877868731
0.7016546966611564	0.2983453033388437
0.9870720167173652	0.012927983282634545
0.648208072010668	0.3517919279893322
0.9588640504259517	0.04113594957404827
0.9211883629138788	0.07881163708612104
0.9792087135219993	0.0207912864780005
0.9364477383060607	0.06355226169393907
0.3645427252439009	0.635457274756099
0.9731364378643973	0.026863562135602398
0.9675188356844747	0.032481164315525245
0.9928729024921189	0.0071270975078810625
0.9747529825325516	0.02524701746744824
0.9665021884153907	0.03349781158460907
0.9830918039059418	0.016908196094058234
0.06351993985081791	0.9364800601491823
0.08067072362315027	0.9193292763768497
0.9169602387398875	0.08303976126011241
0.9880845811604791	0.011915418839520762
0.9861264044724963	0.013873595527503555
0.9603790516288221	0.03962094837117781
0.9359880587941113	0.06401194120588893
0.9735212559414932	0.02647874405850717
0.9845270542942705	0.015472945705729631
0.976271636384611	0.023728363615388676
0.9002335414457612	0.09976645855423884
0.9571376793518179	0.042862320648181906
0.9815845591517736	0.018415440848226296
0.9663165702556451	0.03368342974435509
0.9719684018821519	0.028031598117847948
0.9658647494771186	0.0341352505228813
0.9906716338250454	0.00932836617495461
0.9507020570857084	0.0492979429142912
0.9882670532912806	0.011732946708719294
0.0638739239804503	0.9361260760195497
0.7904175585738082	0.20958244142619165
0.5993679440426479	0.4006320559573524
0.9210184163401733	0.07898158365982651
0.954615474677843	0.04538452532215687
0.9752439356718219	0.024756064328177806
0.9342314153277224	0.06576858467227802
0.9727860422163934	0.027213957783606732
0.09874576220639182	0.9012542377936081
0.9756112989560519	0.024388701043947927
0.9586270240394303	0.04137297596056971
0.12724164780799133	0.8727583521920087
0.21936495450240698	0.780635045497593
0.5729514639123182	0.42704853608768145
0.987166873034499	0.012833126965501105
0.7126086823387804	0.28739131766121945
0.9759364934278523	0.02406350657214746
0.09092590854603129	0.909074091453969
0.9840225252520091	0.01597747474799067
0.9875713325742376	0.012428667425762312
0.7296239889474808	0.27037601105251924
0.9876514960897471	0.012348503910252794
0.08324522320180718	0.9167547767981928
0.931830137370002	0.06816986262999805
0.2463401298226805	0.7536598701773195
0.9953766197802932	0.004623380219706802
0.04604912536880877	0.9539508746311917
0.9178595902402233	0.08214040975977671
0.9836600377945153	0.01633996220548469
0.9790160058684169	0.020983994131583156
0.995483409439527	0.004516590560473011
0.9686144936532589	0.031385506346741004
0.8808757681896765	0.11912423181032365
0.8498269539414323	0.15017304605856777
0.9877815205570653	0.012218479442934695
0.9644311142135131	0.03556888578648648
0.9767486073183436	0.02325139268165617
0.9712092620465043	0.02879073795349566
0.9926543942559085	0.007345605744091276
0.9380828436508065	0.06191715634919353
0.986648742035807	0.013351257964193071
0.9655501164055356	0.03444988359446431
0.38898312007481445	0.6110168799251857
0.9476330032297499	0.05236699677025003
0.9896930168623599	0.010306983137640195
0.98465560809732	0.015344391902680022
0.9954738303202347	0.004526169679765204
0.9498062317150024	0.05019376828499775
0.9902389813878412	0.009761018612158895
0.9880297550044865	0.011970244995513593
0.9695596249718037	0.030440375028196024
0.15240478610032204	0.8475952138996777
0.9902928445744543	0.009707155425545667
0.10242261465998041	0.89757738534002
0.9491634357116071	0.05083656428839285
0.98306749721992	0.016932502780079725
0.982816346134132	0.017183653865868093
0.9688129039666513	0.031187096033348686
0.2520550691332238	0.7479449308667762
0.9959244920241495	0.00407550797585063
0.9875372299872462	0.01246277001275357
0.9842580475174378	0.015741952482562167
0.9604482404126479	0.03955175958735207
0.10385370746572177	0.8961462925342787
0.9887904257444119	0.011209574255588151
0.9686835394224615	0.031316460577538126
0.9941027241471291	0.005897275852870998
0.9817166687880978	0.018283331211902093
0.9751757116269865	0.024824288373013644
0.9862387227838638	0.013761277216136186
0.9806767326553089	0.019323267344691166
0.9860464828441473	0.013953517155852605
0.9874358643027213	0.012564135697278753
0.07136348106671744	0.9286365189332827
0.9778583121544773	0.0221416878455226
0.9703615178956795	0.02963848210432055
0.9878422939102762	0.012157706089723821
0.9920012646241005	0.007998735375899573
0.9863631990717241	0.013636800928275827
0.7840032255283288	0.21599677447167104
0.2172070081379347	0.7827929918620659
0.9878907881399515	0.012109211860048623
0.9459453183263941	0.05405468167360596
0.9486449967959149	0.05135500320408501
0.3888682118556043	0.611131788144396
0.9284907991016297	0.07150920089837033
0.10541765491146193	0.8945823450885377
0.7009537195302401	0.29904628046975984
0.4404917178118442	0.5595082821881556
0.9781733839116865	0.021826616088313634
0.5116326332240684	0.48836736677593195
0.1066371709153033	0.893362829084697
0.9727474870865765	0.0272525129134233
0.98553294098578	0.01446705901421962
0.06814939192614691	0.931850608073853
0.33674072956417966	0.6632592704358209
0.98125907757677	0.01874092242322999
0.9909722815309076	0.009027718469092375
0.9878626648703285	0.012137335129671223
0.9440272263732659	0.05597277362673394
0.8698274489373177	0.13017255106268272
0.9890523489129492	0.010947651087050574
0.9844803517815225	0.015519648218477145
0.05876544975737349	0.9412345502426268
0.9876959079928613	0.012304092007138313
0.9958561631328035	0.004143836867196556
0.9846295841052621	0.015370415894737768
0.10753224414841349	0.8924677558515864
0.08306162905884534	0.9169383709411549
0.9843009684968691	0.015699031503131004
0.9878796620761615	0.012120337923838405
0.9840484488645882	0.015951551135411773
0.8800185236977007	0.11998147630229955
0.9220072377675089	0.07799276223249128
0.9802783930980117	0.019721606901988195
0.6921980769443921	0.3078019230556078
0.9811292821584603	0.018870717841539483
0.9884358495875156	0.01156415041248432
0.9930769526358759	0.006923047364123913
0.9283175303799958	0.0716824696200045
0.03296932177604121	0.9670306782239589
0.9879212888973811	0.012078711102618824
0.7244052695428794	0.2755947304571206
0.25526362640365685	0.7447363735963434
0.9255722855648097	0.07442771443519026
0.8944353512601618	0.10556464873983837
0.8189036782043909	0.18109632179560886
0.8175183492216922	0.18248165077830772
0.9847683134401493	0.015231686559850672
0.9882494349199064	0.011750565080093504
0.07793444431222801	0.922065555687772
0.7603600705909435	0.2396399294090564
0.989445189864269	0.010554810135730945
0.977884980917516	0.022115019082484047
0.9740561918410467	0.02594380815895294
0.9892607857341505	0.010739214265849442
0.19000531320407898	0.809994686795921
0.9905483701586968	0.009451629841303209
0.9932734441770767	0.006726555822923165
0.9320902382810174	0.06790976171898225
0.0658176700173483	0.9341823299826519
0.9917095231792017	0.008290476820798191
0.9174582392458072	0.08254176075419296
0.9934738810020584	0.006526118997941472
0.9936547352183471	0.006345264781652856
0.975849669644149	0.024150330355851048
0.18687943819729413	0.8131205618027059
0.9677934309082066	0.03220656909179337
0.09893910655268642	0.9010608934473135
0.9719562751657251	0.028043724834274628
0.8800217629244572	0.11997823707554285
0.353843774636811	0.6461562253631894
0.06285122904878286	0.9371487709512172
0.986396483058328	0.01360351694167158
0.9939877913596105	0.00601220864038938
0.11829856380421726	0.881701436195783
0.970387308646394	0.02961269135360611
0.16666520350860012	0.8333347964913999
0.9929353730140648	0.007064626985935268
0.9718068856426314	0.028193114357368626
0.8683437576162436	0.13165624238375648
0.9637832952824051	0.036216704717594916
0.9802233605558065	0.019776639444193677
0.9686127017667758	0.03138729823322414
0.9901038653126802	0.009896134687319764
0.9815270075239979	0.01847299247600184
0.985962529157411	0.014037470842588624
0.9799875962673119	0.020012403732687884
0.9752090417885497	0.02479095821144996
0.9861068599171503	0.013893140082849573
0.9754245675596319	0.024575432440368042
0.9434761119501378	0.05652388804986229
0.18078031233044775	0.819219687669552
0.16215360193667192	0.837846398063328
0.9705702416725076	0.029429758327492114
0.9825078084624757	0.017492191537524085
0.98174692358222	0.018253076417779936
0.9903141303836371	0.00968586961636285
0.8570982045297668	0.142901795470233
0.8047262123601644	0.19527378763983555
0.8388755960057631	0.1611244039942371
0.9813376203987173	0.018662379601282524
0.3103343279048157	0.6896656720951843
0.7009644823402642	0.2990355176597358
0.13626445647520063	0.8637355435247993
0.9105932584429598	0.08940674155704027
0.9675773066293223	0.032422693370677644
0.9897188044774216	0.010281195522578713
0.9817065408309337	0.0182934591690661
0.9858933809239641	0.014106619076036123
0.9848443085714728	0.015155691428527225
0.10599043171837541	0.8940095682816248
0.9861071216018228	0.013892878398177188
0.9897230935859249	0.010276906414074883
0.44292325307900154	0.5570767469209984
0.9853646774397781	0.014635322560221408
0.9931743460636657	0.006825653936334223
0.9283355694253952	0.07166443057460464
0.9761519297415056	0.023848070258494294
0.9178307906895664	0.08216920931043341
0.9730945097586159	0.026905490241384323
0.9849180390281431	0.01508196097185675
0.9917209409308788	0.008279059069121292
0.9931860549516202	0.006813945048379745
0.9845793050270408	0.015420694972959153
0.5280796737025587	0.4719203262974416
0.05896665337476786	0.9410333466252322
0.9892101574620981	0.010789842537901542
0.0539768620451003	0.9460231379548997
0.9851809907720024	0.014819009227997178
0.9764482986426851	0.023551701357314644
0.04035533781742773	0.9596446621825724
0.992441753214807	0.007558246785192873
0.9819936581592291	0.018006341840770875
0.9514698810626023	0.0485301189373977
0.9881085847285677	0.01189141527143199
0.9927456845302349	0.007254315469765096
0.9859816199958346	0.014018380004165588
0.7960002907240775	0.20399970927592231
0.9151355999062512	0.08486440009374896
0.09742756603396431	0.9025724339660358
0.8200214525501656	0.17997854744983438
0.03703447855483365	0.9629655214451666
0.8755080280270626	0.12449197197293722
0.08359260950126268	0.9164073904987372
0.018859125474584876	0.9811408745254154
0.2946472854464658	0.7053527145535347
0.28400140640421573	0.7159985935957843
0.061823158465009895	0.9381768415349906
0.05224159140034659	0.947758408599654
0.16411242693799696	0.8358875730620031
0.9250619021226487	0.07493809787735148
0.023118031472188775	0.9768819685278112
0.08856805431592743	0.9114319456840729
0.2820149328868029	0.7179850671131972
0.3142248797410121	0.6857751202589881
0.14970454446222317	0.850295455537777
0.45411709708387854	0.5458829029161216
0.3718645918484302	0.6281354081515699
0.9284524459300174	0.07154755406998248
0.9118455631003458	0.0881544368996542
0.7747141980741218	0.22528580192587794
0.11774747565853941	0.8822525243414606
0.9455359859792292	0.05446401402077095
0.984544068300484	0.015455931699515889
0.6556500436592648	0.34434995634073523
0.16776312306941546	0.8322368769305846
0.9829168920094467	0.01708310799055325
0.9724647354375056	0.027535264562494347
0.4891295347774351	0.5108704652225652
0.9798075014171581	0.02019249858284171
0.9886890062715615	0.011310993728438268
0.9784541435182514	0.021545856481748428
0.9908779218104533	0.009122078189546672
0.25015627547408154	0.7498437245259187
0.9227797091835225	0.07722029081647733
0.9081191452833727	0.09188085471662706
0.9820936149919697	0.01790638500803011
0.9890439459762839	0.010956054023716195
0.9372430735306722	0.06275692646932823
0.9798356264500672	0.02016437354993263
0.04889339116999007	0.9511066088300102
0.9555466404891788	0.044453359510821105
0.9906465992143445	0.009353400785655509
0.41502893638581845	0.5849710636141815
0.9949682699061068	0.005031730093893188
0.06231089980169277	0.9376891001983073
0.07958537659369866	0.9204146234063013
0.6293436850999111	0.3706563149000891
0.9853841670071394	0.014615832992860572
0.9026023189356813	0.09739768106431868
0.9832570689565044	0.016742931043495314
0.9617314488129555	0.03826855118704411
0.9713565640536558	0.028643435946344286
0.9874843996297529	0.012515600370246878
0.9423220703819957	0.057677929618004456
0.9894718787773149	0.010528121222684862
0.9903769033179407	0.009623096682059061
0.9827301841047091	0.017269815895291016
0.8431785557973015	0.15682144420269847
0.9399425913084356	0.06005740869156449
0.1047397103577301	0.89526028964227
0.9901047151655215	0.009895284834478374
0.9356609989096537	0.0643390010903462
0.8803317471143572	0.11966825288564265
0.9816035168484332	0.01839648315156675
0.1305954794099863	0.8694045205900142
0.9931258964148743	0.006874103585125885
0.038506892031605164	0.9614931079683952
0.992422793822691	0.007577206177308764
0.9443181643036607	0.05568183569633949
0.9653171582502668	0.0346828417497331
0.9571717093216806	0.04282829067831948
0.9873917563738849	0.012608243626115097
0.9822379334164073	0.0177620665835927
0.9706482944178125	0.029351705582187044
0.9911171924222211	0.008882807577779034
0.4833052933524681	0.516694706647532
0.9383554520689477	0.061644547931052375
0.9854138264921427	0.014586173507857013
0.9729061571309436	0.027093842869056098
0.9839207825204559	0.016079217479543856
0.9821246759972523	0.017875324002747724
0.9825103604591089	0.017489639540890965
0.9877736556488537	0.012226344351146234
0.9839485942578305	0.0160514057421694
0.9838198013784104	0.016180198621589405
0.9932758736603503	0.006724126339649572
0.9862933869330149	0.013706613066985143
0.9798244590787187	0.02017554092128107
0.10017807441741404	0.8998219255825859
0.9923348103181587	0.007665189681841133
0.9783329320322889	0.021667067967710844
0.8974038724069549	0.1025961275930452
0.8713734274995248	0.12862657250047493
0.9475996753795819	0.05240032462041814
0.9825018966725955	0.01749810332740435
0.9948759735202215	0.005124026479778684
0.9884375247846944	0.011562475215305372
0.9677206918416859	0.03227930815831381
0.9793373153953029	0.020662684604696984
0.8070962369447061	0.19290376305529397
0.9917291896739284	0.008270810326071534
0.9157182310198294	0.0842817689801706
0.9025703820543397	0.09742961794566046
0.07281436038215197	0.9271856396178481
0.9790554994533659	0.02094450054663391
0.942693378519546	0.057306621480454185
0.9514477815275814	0.048552218472418654
0.936280184380758	0.06371981561924167
0.9904019717463204	0.009598028253679464
0.984057356856711	0.01594264314328863
0.9888156905839678	0.011184309416031935
0.9745482305264543	0.02545176947354555
0.9619992001110732	0.038000799888926566
0.972686639059607	0.02731336094039317
0.9819752275410265	0.018024772458973465
0.9903879625510433	0.009612037448956536
0.9932783877718058	0.006721612228194125
0.9958008264267613	0.004199173573238664
0.9846169026302479	0.015383097369751866
0.9836748132289261	0.016325186771073575
0.9901641818188753	0.00983581818112475
0.9648231440949736	0.03517685590502602
0.9150048760175932	0.0849951239824067
0.9880415362848296	0.011958463715170316
0.971021882727759	0.028978117272240898
0.8039767858646489	0.1960232141353513
0.9865157392976371	0.013484260702362846
0.9895005337812154	0.01049946621878444
0.267637227596454	0.7323627724035462
0.20881341133249498	0.7911865886675052
0.9886199031245759	0.011380096875424047
0.9763110226891925	0.023688977310807716
0.9796100584867617	0.02038994151323799
0.9763388244739359	0.023661175526064
0.9572913132499477	0.042708686750052384
0.9521704120021461	0.047829587997853834
0.9692155268472159	0.03078447315278438
0.9776536309532579	0.022346369046742264
0.993219218446621	0.006780781553378832
0.9918303997490412	0.008169600250958572
0.9800883192647799	0.01991168073521977
0.9799236197097956	0.02007638029020424
0.967280526724773	0.032719473275226736
0.9902589138256868	0.009741086174313053
0.9680126081874397	0.031987391812560204
0.9768730339235897	0.02312696607641001
0.9565739634196558	0.04342603658034415
0.99666298478164	0.0033370152183600232
0.9670055107523657	0.03299448924763416
0.9772374640206344	0.022762535979365395
0.9552866891526526	0.04471331084734787
0.986051203580792	0.013948796419207765
0.9968441518702106	0.0031558481297894003
0.9856694250863967	0.014330574913603003
0.9905431629157337	0.009456837084266128
0.9620897670178061	0.03791023298219378
0.9726075086852135	0.027392491314786313
0.9874300573044684	0.012569942695531492
0.9817645926375101	0.018235407362489686
0.6061457801550094	0.3938542198449903
0.6831439162181512	0.3168560837818488
0.9668377264159931	0.033162273584007036
0.8609284364266148	0.13907156357338551
0.9915455807858398	0.008454419214160281
0.9874278574291177	0.012572142570882273
0.9847417263578815	0.015258273642118306
0.9202161018251409	0.07978389817485919
0.2591598749392919	0.7408401250607084
0.27102029202242883	0.7289797079775715
0.992510162416781	0.007489837583218993
0.11968392003124766	0.8803160799687524
0.9683434071824704	0.03165659281752944
0.9603398492755086	0.03966015072449142
0.5951497501305224	0.40485024986947743
0.8319890707736878	0.16801092922631217
0.9707892167066864	0.029210783293314047
0.11184907922788087	0.8881509207721191
0.9914381392981234	0.008561860701876482
0.7808049398841314	0.21919506011586865
0.9817803111481043	0.01821968885189569
0.9727670396634909	0.027232960336509168
0.9821984574931438	0.017801542506855995
0.9243491448781469	0.07565085512185274
0.9233076366606473	0.07669236333935267
0.9017407564788013	0.09825924352119858
0.09456282133542239	0.9054371786645777
0.994035330224103	0.005964669775896953
0.9826859592069613	0.017314040793038724
0.9897793023647687	0.010220697635231025
0.6936154449451328	0.3063845550548672
0.4230007211935182	0.5769992788064818
0.8762617004880916	0.12373829951190865
0.9006786902607867	0.09932130973921333
0.9710138661034847	0.0289861338965152
0.9918517646122474	0.008148235387752483
0.8783995396684765	0.1216004603315239
0.9958558120705219	0.004144187929478042
0.9872817304040293	0.012718269595970333
0.07271178725368105	0.9272882127463191
0.9216679979798396	0.07833200202016055
0.9884290185101063	0.011570981489893379
0.9686665248598572	0.03133347514014264
0.9963613974418958	0.0036386025581041444
0.4236750170476982	0.576324982952302
0.9544838268580023	0.045516173141997684
0.9741024300127168	0.025897569987283243
0.9904760879278139	0.009523912072186034
0.9751032390273826	0.024896760972617445
0.06788913584699043	0.9321108641530094
0.9748870117731631	0.02511298822683687
0.9875599120931841	0.012440087906815942
0.32269130717223904	0.6773086928277608
0.9777040981942389	0.02229590180576108
0.6792250761400441	0.3207749238599562
0.9864573776774399	0.01354262232256014
0.7480436332747012	0.2519563667252988
0.7140174109157681	0.2859825890842318
0.03423955788075474	0.9657604421192454
0.4373025346876373	0.5626974653123629
0.012515083337189451	0.9874849166628106
0.42934049627995735	0.5706595037200426
0.016819903902618262	0.983180096097382
0.2706603429720064	0.7293396570279937
0.014950366710012668	0.9850496332899875
0.09157590622265781	0.9084240937773421
0.14469909585470994	0.85530090414529
0.03891833371945452	0.9610816662805456
0.04862575829556222	0.951374241704438
0.7702249308902762	0.2297750691097237
0.212572744476916	0.7874272555230841
0.039508891965413746	0.9604911080345864
0.15965769240965014	0.8403423075903498
0.950929973444193	0.049070026555806834
0.7777701331607513	0.22222986683924856
0.7649570329886205	0.23504296701137936
0.5068849625143782	0.49311503748562174
0.08474158743179014	0.91525841256821
0.03840376177669602	0.9615962382233043
0.9593130745648628	0.04068692543513715
0.928482645555874	0.07151735444412594
0.9839618564466392	0.01603814355336066
0.49969088334191974	0.5003091166580803
0.0292779194244312	0.9707220805755687
0.5233575610458465	0.4766424389541537
0.9777508148875625	0.022249185112437363
0.8636455542695417	0.13635444573045835
0.07385714083810956	0.9261428591618903
0.9124110388113001	0.08758896118869978
0.9703809604610214	0.029619039538978615
0.7208562507119454	0.27914374928805463
0.9854108321200384	0.0145891678799615
0.9859141960864511	0.01408580391354848
0.7397505088251612	0.2602494911748386
0.04488085063324734	0.9551191493667527
0.8990738075553375	0.10092619244466244
0.9910526779767533	0.008947322023246345
0.9038556173758885	0.09614438262411121
0.08109385251956783	0.9189061474804325
0.9830002256592799	0.016999774340720017
0.47940425654852553	0.5205957434514746
0.9392301569952828	0.0607698430047175
0.9046010664305095	0.09539893356949052
0.944594073057417	0.05540592694258272
0.9773158520776164	0.022684147922383487
0.9835035394805395	0.016496460519460344
0.12556778100493765	0.8744322189950624
0.9885974536917068	0.011402546308293023
0.9894880842109329	0.01051191578906709
0.9909602559131023	0.009039744086897568
0.9914512254361856	0.008548774563814482
0.9930764894130187	0.006923510586980986
0.9816250721792161	0.0183749278207836
0.969420518559333	0.030579481440667147
0.08684237159296015	0.91315762840704
0.9838386473102081	0.016161352689791565
0.0791132403676858	0.9208867596323139
0.29579949578071935	0.7042005042192805
0.9866592320447937	0.013340767955206216
0.9835842469332674	0.016415753066732333
0.9845494386329585	0.01545056136704125
0.1223437333110323	0.877656266688968
0.6716203335492978	0.32837966645070216
0.9725472142517497	0.027452785748250216
0.9753086327279551	0.024691367272044875
0.945376197370594	0.05462380262940576
0.896391273789751	0.10360872621024889
0.9936606915645052	0.006339308435494629
0.9847367204416375	0.015263279558362503
0.6741204612945931	0.32587953870540715
0.021520673361294554	0.9784793266387055
0.9872772031210651	0.012722796878935055
0.9926177188226158	0.007382281177384105
0.9934638155189368	0.0065361844810632175
0.938273569012742	0.061726430987258156
0.9170545708501495	0.08294542914985062
0.9789593413881851	0.021040658611815113
0.9716019230245	0.02839807697549996
0.8853891484071401	0.11461085159286
0.01518073741404237	0.9848192625859578
0.977193388396692	0.022806611603307894
0.021813856560218867	0.9781861434397814
0.9823065074939642	0.0176934925060356
0.9857620691893296	0.014237930810670249
0.9877914979416079	0.01220850205839229
0.9777135745460422	0.022286425453957585
0.9724376201251903	0.027562379874809653
0.9787605971894588	0.021239402810540934
0.9171209920962853	0.08287900790371495
0.9844041872234864	0.015595812776513219
0.9609425479875242	0.039057452012475784
0.09871299100676342	0.9012870089932364
0.9104068743690884	0.08959312563091154
0.9820853437745126	0.017914656225487106
0.9749473978197791	0.025052602180220995
0.8936404759007438	0.10635952409925647
0.9809104256366596	0.019089574363340328
0.9184447627388643	0.08155523726113582
0.9885662343168791	0.01143376568312084
0.9879519841445757	0.012048015855424333
0.9917298712348979	0.008270128765101956
0.2851029519202703	0.7148970480797296
0.9866951697259644	0.01330483027403523
0.9629313994777609	0.03706860052223911
0.9826595271647056	0.017340472835294267
0.9950161981526462	0.004983801847353785
0.6421803203916473	0.35781967960835276
0.08613530148506063	0.9138646985149397
0.9840186451808774	0.015981354819122436
0.9862354997173317	0.01376450028266809
0.9892416941326018	0.010758305867398222
0.9912318339694945	0.008768166030505209
0.985527955218465	0.014472044781534726
0.979624615707927	0.020375384292073143
0.9545615054377099	0.045438494562290294
0.9728264496239255	0.027173550376074353
0.1745088885415546	0.8254911114584452
0.9629558824930473	0.0370441175069528
0.9910787570849644	0.008921242915035623
0.9855040863070211	0.014495913692978894
0.9864160980332346	0.013583901966765254
0.46381858719955793	0.5361814128004423
0.9393357779923899	0.060664222007610166
0.3992541355056964	0.6007458644943037
0.08880128596922233	0.9111987140307778
0.12167055410406208	0.8783294458959382
0.6424200226395691	0.3575799773604313
0.5979401878002856	0.40205981219971426
0.17713896926118458	0.8228610307388154
0.022381729298999814	0.9776182707010002
0.07759094671049264	0.9224090532895072
0.07403257559889811	0.9259674244011018
0.5514712222536029	0.4485287777463972
0.9814631531505884	0.01853684684941143
0.04137766611884856	0.9586223338811515
0.9666086280808269	0.033391371919173074
0.9383188527050992	0.061681147294900596
0.18301346174748917	0.8169865382525109
0.9932261380423502	0.006773861957650018
0.9872361819184209	0.01276381808157865
0.9926033060724353	0.00739669392756455
0.9774290043175979	0.022570995682402045
0.08339715388348719	0.9166028461165129
0.9774460375326492	0.022553962467350624
0.9852190846194757	0.014780915380523885
0.9888412850569427	0.011158714943057224
0.9381752270644483	0.06182477293555182
0.9919848617654072	0.008015138234592675
0.9646752619755976	0.035324738024402204
0.9855878531695267	0.014412146830473403
0.6403401926225404	0.3596598073774595
0.9719380409019781	0.028061959098021717
0.9553988233467641	0.04460117665323618
0.9552906970166285	0.04470930298337151
0.9910661285291924	0.008933871470807486
