[2026/04/21-20:22:15.328] [FT-TrainWorkThread-GZbmMv5G-2109] [INFO] [dku.analysis.prediction]  - [ct: 0] ******************************************
[2026/04/21-20:22:15.329] [FT-TrainWorkThread-GZbmMv5G-2109] [INFO] [dku.analysis.prediction]  - [ct: 1] ** Start train session s1
[2026/04/21-20:22:15.330] [FT-TrainWorkThread-GZbmMv5G-2109] [INFO] [dku.analysis.prediction]  - [ct: 2] ******************************************
[2026/04/21-20:22:15.332] [FT-TrainWorkThread-GZbmMv5G-2109] [INFO] [dku.shaker.data] T-ensPAIMA - [ct: 4] Need to compute sampleId before checking memory cache
[2026/04/21-20:22:15.333] [FT-TrainWorkThread-GZbmMv5G-2109] [DEBUG] [dip.shaker.runner] T-ensPAIMA - [ct: 5] Computed required sample id=b5a2985be5ce9dc85ad09f3a6d1f3e7d-NA-67d2d4a7bb9f68bd5a120c6956099c590--d751713988987e9331980363e24189ce
[2026/04/21-20:22:15.334] [FT-TrainWorkThread-GZbmMv5G-2109] [DEBUG] [dku.shaker.cache] T-ensPAIMA - Shaker MemoryCache get on dataset PROJET_CHURN_BANQUE.product_holdings_info_prepared_joined_by_customer_id key=ds=1ab73304e9e33197d29024b68faa7734--scr=7d253a7b74360c3e808ccc1b48079dcd--samp=b5a2985be5ce9dc85ad09f3a6d1f3e7d-NA-67d2d4a7bb9f68bd5a120c6956099c590--d751713988987e9331980363e24189ce: hit
[2026/04/21-20:22:15.334] [FT-TrainWorkThread-GZbmMv5G-2109] [INFO] [dku.shaker.schema] T-ensPAIMA - [ct: 6] Column customer_id meaning=LongMeaning fail=0
[2026/04/21-20:22:15.335] [FT-TrainWorkThread-GZbmMv5G-2109] [INFO] [dku.shaker.schema] T-ensPAIMA - [ct: 7] Column is_churn_max meaning=Boolean fail=0
[2026/04/21-20:22:15.335] [FT-TrainWorkThread-GZbmMv5G-2109] [INFO] [dku.shaker.schema] T-ensPAIMA - [ct: 7] Column balance_min_avg meaning=DoubleMeaning fail=0
[2026/04/21-20:22:15.336] [FT-TrainWorkThread-GZbmMv5G-2109] [INFO] [dku.shaker.schema] T-ensPAIMA - [ct: 8] Column balance_avg_avg meaning=DoubleMeaning fail=0
[2026/04/21-20:22:15.336] [FT-TrainWorkThread-GZbmMv5G-2109] [INFO] [dku.shaker.schema] T-ensPAIMA - [ct: 8] Column revenue_sum_avg meaning=DoubleMeaning fail=0
[2026/04/21-20:22:15.337] [FT-TrainWorkThread-GZbmMv5G-2109] [INFO] [dku.shaker.schema] T-ensPAIMA - [ct: 9] Column count meaning=LongMeaning fail=0
[2026/04/21-20:22:15.339] [FT-TrainWorkThread-GZbmMv5G-2109] [INFO] [dku.datasets.bloblike] T-ensPAIMA - [ct: 11] Enumerating blob-like dataset PROJET_CHURN_BANQUE.product_holdings_info_prepared_joined_by_customer_id prefix=
[2026/04/21-20:22:15.340] [FT-TrainWorkThread-GZbmMv5G-2109] [DEBUG] [dku.datasets.fsbased] T-ensPAIMA - [ct: 12] Building FS provider for dataset handler: PROJET_CHURN_BANQUE.product_holdings_info_prepared_joined_by_customer_id
[2026/04/21-20:22:15.340] [FT-TrainWorkThread-GZbmMv5G-2109] [DEBUG] [dku.fs.s3] T-ensPAIMA - [ct: 12] No S3 client found, creating one
[2026/04/21-20:22:15.341] [FT-TrainWorkThread-GZbmMv5G-2109] [INFO] [dku.fs.s3] T-ensPAIMA - [ct: 13] Using region for S3 client instantiation: eu-west-3
[2026/04/21-20:22:15.342] [FT-TrainWorkThread-GZbmMv5G-2109] [INFO] [dku.aws.credentials] T-ensPAIMA - [ct: 14] AWS connection=dataiku-managed-storage authCtx=karunakaranrishikaran@gmail.com assuming role=arn:aws:iam::538701811630:role/GIS/euwest3/dku/s3-space-1e09aade-dku-eu-west-3-dku
[2026/04/21-20:22:15.342] [FT-TrainWorkThread-GZbmMv5G-2109] [DEBUG] [dku.aws.credentials] T-ensPAIMA - [ct: 14] Credentials cache miss
[2026/04/21-20:22:15.343] [FT-TrainWorkThread-GZbmMv5G-2109] [DEBUG] [dku.aws.credentials] T-ensPAIMA - [ct: 15] Using context creds access=ASIAX23JBJ6XA75FI43R
[2026/04/21-20:22:15.346] [FT-TrainWorkThread-GZbmMv5G-2109] [DEBUG] [dku.aws.credentials] T-ensPAIMA - [ct: 18] Truncated/slugified session name to 64 chars: dss-conn-dataiku-managed-storage-assumed-for-karunakara-DtGbGGAz
[2026/04/21-20:22:15.394] [FT-TrainWorkThread-GZbmMv5G-2109] [DEBUG] [dku.aws.credentials] T-ensPAIMA - [ct: 66] Got assumed role credentials from STS
[2026/04/21-20:22:15.394] [FT-TrainWorkThread-GZbmMv5G-2109] [DEBUG] [dku.aws.credentials] T-ensPAIMA - [ct: 66] Caching assumed STS credential
[2026/04/21-20:22:15.398] [FT-TrainWorkThread-GZbmMv5G-2109] [DEBUG] [dku.fs.s3] T-ensPAIMA - [ct: 70] Done creating S3 client
[2026/04/21-20:22:15.398] [FT-TrainWorkThread-GZbmMv5G-2109] [INFO] [dku.fs.s3] T-ensPAIMA - [ct: 70] Created S3 FS provider bucket=gis-data-eu-west-3 path=/space-1e09aade-dku/node-56800c84/managed-dss-data/PROJET_CHURN_BANQUE/product_holdings_info_prepared_joined_by_customer_id
[2026/04/21-20:22:15.399] [FT-TrainWorkThread-GZbmMv5G-2109] [DEBUG] [dku.datasets.fsbased] T-ensPAIMA - [ct: 71] FS Provider built
[2026/04/21-20:22:15.432] [FT-TrainWorkThread-GZbmMv5G-2109] [INFO] [dku.fs.s3] T-ensPAIMA - [ct: 104] Start S3 Enumeration ON bucketPath=space-1e09aade-dku/node-56800c84/managed-dss-data/PROJET_CHURN_BANQUE/product_holdings_info_prepared_joined_by_customer_id/ prefix= fullPath=space-1e09aade-dku/node-56800c84/managed-dss-data/PROJET_CHURN_BANQUE/product_holdings_info_prepared_joined_by_customer_id/
[2026/04/21-20:22:15.452] [FT-TrainWorkThread-GZbmMv5G-2109] [INFO] [dku.fs.s3] T-ensPAIMA - [ct: 124] S3 enumeration done, found 1 items, 1178387 bytes
[2026/04/21-20:22:15.453] [FT-TrainWorkThread-GZbmMv5G-2109] [INFO] [dku.input.push] T-ensPAIMA - USTP: push selection.method=HEAD_SEQUENTIAL records=100000 ratio=0.02 col=null
[2026/04/21-20:22:15.454] [FT-TrainWorkThread-GZbmMv5G-2109] [INFO] [dku.format] T-ensPAIMA - [ct: 126] Extractor run: limit={"maxBytes":-1,"maxRecords":100000,"samplingMethod":"HEAD_SEQUENTIAL","samplingRatio":0.02,"samplingSeed":1337,"ordering":{"enabled":false,"rules":[]}} totalRecords=0
[2026/04/21-20:22:15.454] [FT-TrainWorkThread-GZbmMv5G-2109] [INFO] [dku.fs.s3] T-ensPAIMA - [ct: 126] Getting S3 stream on space-1e09aade-dku/node-56800c84/managed-dss-data/PROJET_CHURN_BANQUE/product_holdings_info_prepared_joined_by_customer_id/out-s0.csv
[2026/04/21-20:22:15.466] [FT-TrainWorkThread-GZbmMv5G-2109] [INFO] [dku.fs.s3] T-ensPAIMA - [ct: 138] Path to read /space-1e09aade-dku/node-56800c84/managed-dss-data/PROJET_CHURN_BANQUE/product_holdings_info_prepared_joined_by_customer_id|/out-s0.csv -> space-1e09aade-dku/node-56800c84/managed-dss-data/PROJET_CHURN_BANQUE/product_holdings_info_prepared_joined_by_customer_id/out-s0.csv
[2026/04/21-20:22:15.481] [FT-TrainWorkThread-GZbmMv5G-2109] [INFO] [dku.fs.s3] T-ensPAIMA - [ct: 153] read with pos=null
[2026/04/21-20:22:15.560] [FT-TrainWorkThread-GZbmMv5G-2109] [INFO] [dku.format] T-ensPAIMA - [ct: 232] Start uncompressed stream: /out-s0.csv / totalRecsBefore=0
[2026/04/21-20:22:15.855] [FT-TrainWorkThread-GZbmMv5G-2109] [INFO] [dip.retriable.stream] T-ensPAIMA - [ct: 527] close com.dataiku.dss.shadelibawssk2.software.amazon.awssdk.core.ResponseInputStream@3fe885ba
[2026/04/21-20:22:15.855] [FT-TrainWorkThread-GZbmMv5G-2109] [INFO] [dku.format] T-ensPAIMA - [ct: 527] after stream totalComp=1178387 totalUncomp=1178387 totalRec=22308
[2026/04/21-20:22:15.856] [FT-TrainWorkThread-GZbmMv5G-2109] [INFO] [dku.format] T-ensPAIMA - [ct: 528] Extractor run done, totalCompressed=1178387 totalRecords=22308
[2026/04/21-20:22:15.856] [FT-TrainWorkThread-GZbmMv5G-2109] [DEBUG] [dku.fs.s3] T-ensPAIMA - [ct: 528] Closing s3 client
[2026/04/21-20:22:15.861] [FT-TrainWorkThread-GZbmMv5G-2109] [INFO] [dku.analysis.splits] T-ensPAIMA - [ct: 533] Checking if splits are up to date. Policy: type=SPLIT_SINGLE_DATASET,split=RANDOM,splitBeforePrepare=true,ds=product_holdings_info_prepared_joined_by_customer_id,sel=(method=head-s,records=100000),r=0.8,s=1337, instance id: 89187ac91f9ea34e5e35deb83fa1f262-0
[2026/04/21-20:22:15.863] [FT-TrainWorkThread-GZbmMv5G-2109] [INFO] [dku.analysis.ml.python] T-ensPAIMA - [ct: 535] Joining processing thread ...
[2026/04/21-20:22:15.863] [MRT-2110] [INFO] [dku.analysis.ml.python]  - Running a preprocessing set: pp1 in /data/dataiku/datadir/analysis-data/PROJET_CHURN_BANQUE/thJxdWrU/ensPAIMA/sessions/s1/pp1
[2026/04/21-20:22:15.871] [MRT-2110] [INFO] [com.dataiku.dss.shadelib.org.eclipse.jetty.util.ssl.SslContextFactory]  - x509=X509@3a51e5a4(1,h=[localhost, dss-design-host-node-56800c84-space-1e09aade-dku, dss-headless-node-56800c84.space-1e09aade-dku.svc.cluster.local],a=[/127.0.0.1, /10.0.159.212],w=[]) for Server@2699eb82[provider=null,keyStore=file:///data/dataiku/datadir/install-support/encrypted-rpc/certandkey.p12,trustStore=null]
[2026/04/21-20:22:15.873] [MRT-2110] [INFO] [dku.block.link]  - Started a socket on port 42997
[2026/04/21-20:22:15.874] [MRT-2110] [INFO] [com.dataiku.dip.analysis.ml.distributed.workers]  - New worker pool created: pool-hf0o9moolzt7ibjs
[2026/04/21-20:22:15.875] [MRT-2110] [INFO] [dku.ml.kernel]  - Writing output of python-single-command-kernel to /data/dataiku/datadir/analysis-data/PROJET_CHURN_BANQUE/thJxdWrU/ensPAIMA/sessions/s1/pp1/train.log
[2026/04/21-20:22:15.876] [MRT-2110] [DEBUG] [dku.remoterun.registry]  - Registering container execution doctor-preprocessing-rq0iqjx of type DOCTOR_PYTHON
[2026/04/21-20:22:15.877] [MRT-2110] [INFO] [dip.tickets]  - Creating API ticket for analysis-ml-PROJET_CHURN_BANQUE-Rq0iQjX on behalf of karunakaranrishikaran@gmail.com id=analysis-ml-PROJET_CHURN_BANQUE-Rq0iQjX_LPSejO6Nfz6n
[2026/04/21-20:22:15.877] [MRT-2110] [INFO] [dku.containerexec.imageshelper]  - Finding out which image to use for requestedBase=dss-gis-alma9-exec-base-14.4.4:1.0.78 envLang=PYTHON envName=null envVersion=null
[2026/04/21-20:22:15.877] [MRT-2110] [INFO] [dku.containerexec.imageshelper]  - No env, using base
[2026/04/21-20:22:15.884] [MRT-2110] [INFO] [dku.containers.kubernetes]  - Trying to create pod dataiku-exec-doctor-preprocessing-rq0iqjx, try=1 previousTransientErrors=0 previousQuotaErrors=0 timeSinceStartMS=0
[2026/04/21-20:22:15.884] [MRT-2110] [DEBUG] [dku.containers.kubernetes]  - Pod creation command: kubectl --namespace space-1e09aade-dku-compute create -f /data/dataiku/datadir/analysis-data/PROJET_CHURN_BANQUE/thJxdWrU/ensPAIMA/sessions/s1/pp1/secret.yaml -f /data/dataiku/datadir/analysis-data/PROJET_CHURN_BANQUE/thJxdWrU/ensPAIMA/sessions/s1/pp1/pod.yaml
[2026/04/21-20:22:16.422] [Thread-1764] [DEBUG] [dku.utils]  - Process kubectl done (return code 0)
[2026/04/21-20:22:16.422] [MRT-2110] [INFO] [dku.containers.kubernetes]  - Pod was successfully created
[2026/04/21-20:22:16.423] [MRT-2110] [INFO] [dku.containers.kubernetes]  - Starting to wait for logs to be available
[2026/04/21-20:22:16.423] [MRT-2110] [INFO] [dku.containers.kubernetes]  - Getting pod
[2026/04/21-20:22:16.604] [Thread-1770] [DEBUG] [dku.utils]  - Process kubectl done (return code 0)
[2026/04/21-20:22:17.605] [MRT-2110] [INFO] [dku.containers.kubernetes]  - Pod is now created, waiting for logs fetch to be successful
[2026/04/21-20:22:17.605] [MRT-2110] [INFO] [dku.containers.kubernetes]  - Calling logs on pods/dataiku-exec-doctor-preprocessing-rq0iqjx
[2026/04/21-20:22:17.814] [Thread-1776] [DEBUG] [dku.utils]  - Process kubectl done (return code 0)
[2026/04/21-20:22:17.814] [MRT-2110] [INFO] [dku.containers.kubernetes]  - Getting logs succeeded, but checking that pod is indeed running
[2026/04/21-20:22:18.028] [Thread-1779] [DEBUG] [dku.utils]  - Process kubectl done (return code 0)
[2026/04/21-20:22:18.029] [MRT-2110] [INFO] [dku.process]  - Starting process (regular)
[2026/04/21-20:22:18.033] [MRT-2110] [INFO] [dku.process]  - Process started with pid=34957
[2026/04/21-20:22:18.034] [MRT-2110] [DEBUG] [dku.resourceusage]  - Reporting start of CRU:{"context":{"type":"ANALYSIS_ML_TRAIN","authIdentifier":"karunakaranrishikaran@gmail.com","projectKey":"PROJET_CHURN_BANQUE","analysisId":"thJxdWrU","mlTaskId":"ensPAIMA","sessionId":"s1"},"type":"SINGLE_K8S_JOB","id":"jlB7gAQJloAVw5Qn","startTime":1776802935875,"singleK8SJob":{"k8sClusterId":"__builtin__","executionId":"doctor-preprocessing-rq0iqjx","cpuRequest":1.0,"cpuLimit":1.0,"memoryRequestMB":8192,"memoryLimitMB":8192,"containerConfigName":"vCPU-1-RAM-8GiB"}}
[2026/04/21-20:22:18.085] [KNL-python-single-command-kernel-k8smonitor-2141] [INFO] [dku.ml.kernel]  - Waiting for K8S pod termination
[2026/04/21-20:22:18.086] [KNL-python-single-command-kernel-k8smonitor-2141] [INFO] [dku.containers.kubernetes]  - wait for pod to complete, getting pod status
[2026/04/21-20:22:18.086] [KNL-python-single-command-kernel-k8smonitor-2141] [INFO] [dku.containers.kubernetes]  - Querying status on pod dataiku-exec-doctor-preprocessing-rq0iqjx- try number 1
[2026/04/21-20:22:18.507] [Thread-1793] [DEBUG] [dku.utils]  - Process kubectl-get-pod done (return code 0)
[2026/04/21-20:22:18.507] [KNL-python-single-command-kernel-k8smonitor-2141] [DEBUG] [dku.containers.kubernetes]  - kubectl get pod OK, out=Running
[2026/04/21-20:22:18.507] [KNL-python-single-command-kernel-k8smonitor-2141] [DEBUG] [dku.containers.kubernetes]  - Kubernetes pod is running
[2026-04-21 20:22:18,362] [1/MainThread] [INFO] [root] Fetching job definition
[2026-04-21 20:22:18,365] [1/MainThread] [DEBUG] [root] Creating HTTP session for internal RPC
[2026-04-21 20:22:18,365] [1/MainThread] [DEBUG] [root] Verifying SSL calls: /home/dataiku/rpc_server_cert.pem
[2026-04-21 20:22:18,366] [1/MainThread] [DEBUG] [urllib3.connectionpool] Starting new HTTPS connection (1): dss-headless-node-56800c84.space-1e09aade-dku.svc.cluster.local:10005
[2026-04-21 20:22:18,487] [1/MainThread] [DEBUG] [urllib3.connectionpool] https://dss-headless-node-56800c84.space-1e09aade-dku.svc.cluster.local:10005 "POST /dip/api/tintercom/containers/get-execution HTTP/1.1" 200 None
[2026-04-21 20:22:18,487] [1/MainThread] [INFO] [root] got exec: {"dssVersion": "14.4.4", "id": "doctor-preprocessing-rq0iqjx", "projectKey": "PROJET_CHURN_BANQUE", "backendDipHomePath": "/data/dataiku/datadir", "contextPath": "/data/dataiku/datadir/analysis-data/PROJET_CHURN_BANQUE/thJxdWrU/ensPAIMA", "executionPath": "/data/dataiku/datadir/analysis-data/PROJET_CHURN_BANQUE/thJxdWrU/ensPAIMA/sessions/s1/pp1", "resyncPythonCode": false, "type": "DOCTOR_PYTHON", "definition": null, "payload": null, "codeEnvs": [{"lang": "PYTHON", "version": "Latest"}], "envResource": null}
[2026-04-21 20:22:18,487] [1/MainThread] [INFO] [root] Running with DSS code from image
[2026-04-21 20:22:18,488] [1/MainThread] [INFO] [root] Training doctor model
[2026-04-21 20:22:18,488] [1/MainThread] [INFO] [root] Fetching instance libraries
[2026-04-21 20:22:18,495] [1/MainThread] [DEBUG] [urllib3.connectionpool] https://dss-headless-node-56800c84.space-1e09aade-dku.svc.cluster.local:10005 "POST /dip/api/tintercom/containers/get-file HTTP/1.1" 200 None
[2026-04-21 20:22:18,507] [1/MainThread] [INFO] [root] Fetching project libraries
[2026-04-21 20:22:18,513] [1/MainThread] [DEBUG] [urllib3.connectionpool] https://dss-headless-node-56800c84.space-1e09aade-dku.svc.cluster.local:10005 "POST /dip/api/tintercom/containers/get-file HTTP/1.1" 200 12288
[2026-04-21 20:22:18,517] [1/MainThread] [DEBUG] [root] Adding /home/dataiku/lib/project/project-python-libs/PROJET_CHURN_BANQUE/python to Pythonpath
[2026-04-21 20:22:18,517] [1/MainThread] [INFO] [root] running on python 3.9.25 (main, Feb 25 2026, 00:00:00) 
[GCC 11.5.0 20240719 (Red Hat 11.5.0-11)]
[2026-04-21 20:22:18,517] [1/MainThread] [INFO] [root] now using PYTHONPATH: /home/dataiku:/opt/dataiku/python:/home/dataiku/lib/instance:/home/dataiku/lib/project/project-python-libs/PROJET_CHURN_BANQUE/python
[2026-04-21 20:22:18,517] [1/MainThread] [INFO] [root] Running doctor server
[2026-04-21 20:22:18,523] [1/MainThread] [INFO] [root] Running subprocess in PID 24
[2026-04-21 20:22:18,523] [1/Thread-1] [INFO] [root] Start monitoring process 24
[2026-04-21 20:22:19,819] [24/MainThread] [INFO] [root] Launching doctor command server
[2026-04-21 20:22:19,819] [24/MainThread] [INFO] [dataiku.base.socket_block_link] cert found
[2026-04-21 20:22:19,823] [24/MainThread] [INFO] [dataiku.base.socket_block_link] Connecting to dss-headless-node-56800c84.space-1e09aade-dku.svc.cluster.local (10.0.159.212) at port 42997
[2026-04-21 20:22:19,844] [24/MainThread] [INFO] [dataiku.base.socket_block_link] Connected to dss-headless-node-56800c84.space-1e09aade-dku.svc.cluster.local (10.0.159.212) at port 42997
[2026/04/21-20:22:19.844] [MRT-2110] [INFO] [dku.link.secret_protected]  - Connected to kernel
[2026/04/21-20:22:19.846] [MRT-2110] [INFO] [dku.block.link.interaction]  - Execute link command respClazz=true respTypeToken=false respIsString=false is=false asyncInputStream=false os=false
/opt/dataiku/python/dataiku/doctor/posttraining/features_distribution.py:18: DeprecationWarning: Please import `mquantiles` from the `scipy.stats.mstats` namespace; the `scipy.stats.mstats_basic` namespace is deprecated and will be removed in SciPy 2.0.0.
  from scipy.stats.mstats_basic import mquantiles
[2026-04-21 20:22:20,545] [24/MainThread] [INFO] [dataiku.doctor.server] Running analysis command: train_prediction_models_nosave
[2026-04-21 20:22:20,545] [24/MainThread] [INFO] [dataiku.doctor.utils.gpu_execution] Not logging `nvidia-smi`: `useGPU` is False
[2026-04-21 20:22:20,546] [24/MainThread] [INFO] [dataiku.doctor.diagnostics.diagnostics] enabling diagnostic callback: DatasetSanityCheckDiagnostic of type DiagnosticType.ML_DIAGNOSTICS_DATASET_SANITY_CHECKS
[2026-04-21 20:22:20,546] [24/MainThread] [INFO] [dataiku.doctor.diagnostics.diagnostics] enabling diagnostic callback: ClassifierAccuracyCheckDiagnostic of type DiagnosticType.ML_DIAGNOSTICS_MODEL_CHECK
[2026-04-21 20:22:20,546] [24/MainThread] [INFO] [dataiku.doctor.diagnostics.diagnostics] enabling diagnostic callback: RegressionR2CheckDiagnostic of type DiagnosticType.ML_DIAGNOSTICS_MODEL_CHECK
[2026-04-21 20:22:20,546] [24/MainThread] [INFO] [dataiku.doctor.diagnostics.diagnostics] enabling diagnostic callback: LeakageDiagnostic of type DiagnosticType.ML_DIAGNOSTICS_LEAKAGE_DETECTION
[2026-04-21 20:22:20,546] [24/MainThread] [INFO] [dataiku.doctor.diagnostics.diagnostics] enabling diagnostic callback: TreeOverfitDiagnostic of type DiagnosticType.ML_DIAGNOSTICS_TRAINING_OVERFIT
[2026-04-21 20:22:20,546] [24/MainThread] [INFO] [dataiku.doctor.diagnostics.diagnostics] enabling diagnostic callback: MLAssertionsDiagnostic of type DiagnosticType.ML_DIAGNOSTICS_ML_ASSERTIONS
[2026-04-21 20:22:20,546] [24/MainThread] [INFO] [dataiku.doctor.diagnostics.diagnostics] enabling diagnostic callback: ModelCheckDiagnostic of type DiagnosticType.ML_DIAGNOSTICS_MODEL_CHECK
[2026-04-21 20:22:20,546] [24/MainThread] [INFO] [dataiku.doctor.diagnostics.diagnostics] enabling diagnostic callback: AbnormalPredictionsDetectionDiagnostic of type DiagnosticType.ML_DIAGNOSTICS_ABNORMAL_PREDICTIONS_DETECTION
[2026-04-21 20:22:20,546] [24/MainThread] [INFO] [dataiku.doctor.prediction.common] NaN support available: compatible algorithm RANDOM_FOREST_CLASSIFICATION and feature reduction NONE
[2026-04-21 20:22:20,547] [24/MainThread] [INFO] [dataiku.doctor.commands] PPS is {'feature_selection_params': {'method': 'NONE', 'random_forest_params': {'n_trees': 30, 'depth': 10, 'n_features': 25}, 'lasso_params': {'alpha': [0.01, 0.1, 1.0, 10.0, 100.0], 'cross_validate': True}, 'pca_params': {'n_features': 25, 'variance_proportion': 0.9}, 'ica_params': {'n_components': 25, 'fun': 'logcosh'}, 'correlation_params': {'min_abs_correlation': 0.0, 'max_abs_correlation': 1.0, 'n_features': 25}, 'custom_params': {'code': '# type your code here'}}, 'preprocessingFitSampleRatio': 1.0, 'preprocessingFitSampleSeed': 1337, 'target_remapping': [{'sourceValue': 'false', 'mappedValue': 0, 'sampleFreq': 6769}, {'sourceValue': 'true', 'mappedValue': 1, 'sampleFreq': 3231}], 'skipPreprocessing': False, 'per_feature': {'count': {'generate_derivative': False, 'numerical_handling': 'REGULAR', 'missing_handling': 'IMPUTE', 'missing_impute_with': 'MEAN', 'impute_constant_value': 0.0, 'keep_regular': False, 'rescaling': 'AVGSTD', 'monotonic': 'NONE', 'quantile_bin_nb_bins': 4, 'binarize_threshold_mode': 'MEDIAN', 'binarize_constant_threshold': 0.0, 'datetime_cyclical_periods': [], 'role': 'INPUT', 'type': 'NUMERIC', 'state': {'userModified': False, 'autoModifiedByDSS': False, 'recordedMeaning': 'LongMeaning'}, 'customHandlingCode': '', 'customProcessorWantsMatrix': False, 'sendToInput': 'main'}, 'balance_min_avg': {'generate_derivative': False, 'numerical_handling': 'REGULAR', 'missing_handling': 'IMPUTE', 'missing_impute_with': 'MEAN', 'impute_constant_value': 0.0, 'keep_regular': False, 'rescaling': 'AVGSTD', 'monotonic': 'NONE', 'quantile_bin_nb_bins': 4, 'binarize_threshold_mode': 'MEDIAN', 'binarize_constant_threshold': 0.0, 'datetime_cyclical_periods': [], 'role': 'INPUT', 'type': 'NUMERIC', 'state': {'userModified': False, 'autoModifiedByDSS': False, 'recordedMeaning': 'DoubleMeaning'}, 'customHandlingCode': '', 'customProcessorWantsMatrix': False, 'sendToInput': 'main'}, 'is_churn_max': {'dummy_clip': 'MAX_NB_CATEGORIES', 'cumulative_proportion': 0.95, 'min_samples': 10, 'max_nb_categories': 100, 'max_cat_safety': 200, 'nb_bins_hashing': 1048576, 'hash_whole_categories': True, 'dummy_drop': 'NONE', 'impact_method': 'M_ESTIMATOR', 'impact_m': 10, 'impact_kfold': True, 'impact_kfold_k': 5, 'impact_kfold_seed': 1337, 'ordinal_order': 'COUNT', 'ordinal_ascending': False, 'ordinal_default_mode': 'HIGHEST', 'ordinal_default_value': 0, 'frequency_default_mode': 'EXPLICIT', 'frequency_default_value': 0.0, 'frequency_normalized': True, 'role': 'TARGET', 'type': 'CATEGORY', 'state': {'userModified': False, 'autoModifiedByDSS': False, 'recordedMeaning': 'Boolean'}, 'customHandlingCode': '', 'customProcessorWantsMatrix': False, 'sendToInput': 'main'}, 'balance_avg_avg': {'generate_derivative': False, 'numerical_handling': 'REGULAR', 'missing_handling': 'IMPUTE', 'missing_impute_with': 'MEAN', 'impute_constant_value': 0.0, 'keep_regular': False, 'rescaling': 'AVGSTD', 'monotonic': 'NONE', 'quantile_bin_nb_bins': 4, 'binarize_threshold_mode': 'MEDIAN', 'binarize_constant_threshold': 0.0, 'datetime_cyclical_periods': [], 'role': 'INPUT', 'type': 'NUMERIC', 'state': {'userModified': False, 'autoModifiedByDSS': False, 'recordedMeaning': 'DoubleMeaning'}, 'customHandlingCode': '', 'customProcessorWantsMatrix': False, 'sendToInput': 'main'}, 'customer_id': {'generate_derivative': False, 'impute_constant_value': 0.0, 'keep_regular': False, 'monotonic': 'NONE', 'quantile_bin_nb_bins': 4, 'binarize_threshold_mode': 'MEDIAN', 'binarize_constant_threshold': 0.0, 'datetime_cyclical_periods': [], 'role': 'REJECT', 'type': 'NUMERIC', 'state': {'userModified': False, 'autoModifiedByDSS': False, 'recordedMeaning': 'LongMeaning'}, 'autoReason': 'REJECT_IDENTIFIER', 'customHandlingCode': '', 'customProcessorWantsMatrix': False, 'sendToInput': 'main'}, 'revenue_sum_avg': {'generate_derivative': False, 'numerical_handling': 'REGULAR', 'missing_handling': 'IMPUTE', 'missing_impute_with': 'MEAN', 'impute_constant_value': 0.0, 'keep_regular': False, 'rescaling': 'AVGSTD', 'monotonic': 'NONE', 'quantile_bin_nb_bins': 4, 'binarize_threshold_mode': 'MEDIAN', 'binarize_constant_threshold': 0.0, 'datetime_cyclical_periods': [], 'role': 'INPUT', 'type': 'NUMERIC', 'state': {'userModified': False, 'autoModifiedByDSS': False, 'recordedMeaning': 'DoubleMeaning'}, 'customHandlingCode': '', 'customProcessorWantsMatrix': False, 'sendToInput': 'main'}}, 'reduce': {'enabled': False, 'kept_variance': 0.0}, 'feature_generation': {'pairwise_linear': {'behavior': 'DISABLED'}, 'polynomial_combinations': {'behavior': 'DISABLED'}, 'manual_interactions': {'interactions': []}, 'numericals_clustering': {'k': 0, 'all_features': False, 'input_features': [], 'behavior': 'DISABLED'}, 'categoricals_count_transformer': {'all_features': False, 'input_features': [], 'behavior': 'DISABLED'}, 'shifts': {}, 'windows': [], 'windows_rescale_numericals': False, 'windows_max_categories': 10}}
[2026-04-21 20:22:20,547] [24/MainThread] [INFO] [dataiku.doctor.utils.listener] START -  Loading train set
[2026-04-21 20:22:20,547] [24/MainThread] [INFO] [dataiku.base.folder_context] Fetching file from backend: source='/data/dataiku/datadir/analysis-data/PROJET_CHURN_BANQUE/thJxdWrU/ensPAIMA/sessions/s1/pp1/m1/train_info.json' target='/home/dataiku/cache/analysis-data/PROJET_CHURN_BANQUE/thJxdWrU/ensPAIMA/sessions/s1/pp1/m1/train_info.json'
[2026-04-21 20:22:20,547] [24/MainThread] [INFO] [dataiku.container.file_exchange] Fetching file /data/dataiku/datadir/analysis-data/PROJET_CHURN_BANQUE/thJxdWrU/ensPAIMA/sessions/s1/pp1/m1/train_info.json into /home/dataiku/cache/analysis-data/PROJET_CHURN_BANQUE/thJxdWrU/ensPAIMA/sessions/s1/pp1/m1/train_info.json
[2026-04-21 20:22:20,548] [24/MainThread] [DEBUG] [root] Creating HTTP session for internal RPC
[2026-04-21 20:22:20,548] [24/MainThread] [DEBUG] [root] Verifying SSL calls: /home/dataiku/rpc_server_cert.pem
[2026-04-21 20:22:20,550] [24/MainThread] [DEBUG] [urllib3.connectionpool] Starting new HTTPS connection (1): dss-headless-node-56800c84.space-1e09aade-dku.svc.cluster.local:10005
[2026-04-21 20:22:20,580] [24/MainThread] [DEBUG] [urllib3.connectionpool] https://dss-headless-node-56800c84.space-1e09aade-dku.svc.cluster.local:10005 "POST /dip/api/tintercom/containers/get-file HTTP/1.1" 200 629
[2026-04-21 20:22:20,602] [24/MainThread] [INFO] [dataiku.doctor.utils] Training on platform: {"architecture": ["64bit", "ELF"], "libc": ["glibc", "2.34"], "machine": "x86_64", "kernelRelease": "6.12.68-92.122.amzn2023.x86_64", "kernelVersion": "#1 SMP PREEMPT_DYNAMIC Mon Feb  9 10:43:10 UTC 2026", "platform": "Linux-6.12.68-92.122.amzn2023.x86_64-x86_64-with-glibc2.34", "pythonCompiler": "GCC 11.5.0 20240719 (Red Hat 11.5.0-11)", "pythonImplementation": "CPython", "pythonVersion": "3.9.25", "system": "Linux"}
[2026-04-21 20:22:20,603] [24/MainThread] [INFO] [dataiku.doctor.utils] Training on CPU: {"processor": "0", "vendor_id": "GenuineIntel", "cpu family": "6", "model": "85", "model name": "Intel(R) Xeon(R) Platinum 8175M CPU @ 2.50GHz", "stepping": "4", "microcode": "0x2007006", "cpu MHz": "3103.124", "cache size": "33792 KB", "physical id": "0", "siblings": "8", "core id": "0", "cpu cores": "4", "apicid": "0", "initial apicid": "0", "fpu": "yes", "fpu_exception": "yes", "cpuid level": "13", "wp": "yes", "flags": "fpu vme de pse tsc msr pae mce cx8 apic sep mtrr pge mca cmov pat pse36 clflush mmx fxsr sse sse2 ss ht syscall nx pdpe1gb rdtscp lm constant_tsc rep_good nopl xtopology nonstop_tsc cpuid aperfmperf tsc_known_freq pni pclmulqdq ssse3 fma cx16 pcid sse4_1 sse4_2 x2apic movbe popcnt tsc_deadline_timer aes xsave avx f16c rdrand hypervisor lahf_lm abm 3dnowprefetch cpuid_fault pti fsgsbase tsc_adjust bmi1 avx2 smep bmi2 erms invpcid mpx avx512f avx512dq rdseed adx smap clflushopt clwb avx512cd avx512bw avx512vl xsaveopt xsavec xgetbv1 xsaves ida arat pku ospke", "bugs": "cpu_meltdown spectre_v1 spectre_v2 spec_store_bypass l1tf mds swapgs itlb_multihit mmio_stale_data retbleed gds bhi its", "bogomips": "4999.99", "clflush size": "64", "cache_alignment": "64", "address sizes": "46 bits physical, 48 bits virtual"}
[2026-04-21 20:22:20,631] [24/MainThread] [INFO] [dataiku.doctor.utils] Training with main package versions: {"pandas": "2.2.3", "scikit-learn": "1.5.2", "scipy": "1.13.1", "lightgbm": "4.6.0", "flask": "2.2.5", "itsdangerous": "2.2.0", "jinja2": "3.1.6", "xgboost": "1.7.6", "werkzeug": "3.1.8", "statsmodels": "0.14.6", "pillow": "11.3.0", "markupsafe": "3.0.3", "cloudpickle": "1.5.0"} 
[2026-04-21 20:22:20,632] [24/MainThread] [INFO] [root] Sending /home/dataiku/cache/analysis-data/PROJET_CHURN_BANQUE/thJxdWrU/ensPAIMA/sessions/s1/pp1/m1/train_info.json to /data/dataiku/datadir/analysis-data/PROJET_CHURN_BANQUE/thJxdWrU/ensPAIMA/sessions/s1/pp1/m1/train_info.json
[2026-04-21 20:22:20,634] [24/MainThread] [DEBUG] [urllib3.connectionpool] Resetting dropped connection: dss-headless-node-56800c84.space-1e09aade-dku.svc.cluster.local
[2026-04-21 20:22:20,656] [24/MainThread] [DEBUG] [urllib3.connectionpool] https://dss-headless-node-56800c84.space-1e09aade-dku.svc.cluster.local:10005 "POST /dip/api/tintercom/containers/put-file?executionId=doctor-preprocessing-rq0iqjx&fileKind=FILTERED_PATHS&path=%2Fdata%2Fdataiku%2Fdatadir%2Fanalysis-data%2FPROJET_CHURN_BANQUE%2FthJxdWrU%2FensPAIMA%2Fsessions%2Fs1%2Fpp1%2Fm1%2Ftrain_info.json&expand=false HTTP/1.1" 200 None
[2026-04-21 20:22:20,657] [24/MainThread] [INFO] [root] Sending /home/dataiku/cache/analysis-data/PROJET_CHURN_BANQUE/thJxdWrU/ensPAIMA/sessions/s1/pp1/m1/train_info.json to /data/dataiku/datadir/analysis-data/PROJET_CHURN_BANQUE/thJxdWrU/ensPAIMA/sessions/s1/pp1/m1/train_info.json
[2026-04-21 20:22:20,660] [24/MainThread] [DEBUG] [urllib3.connectionpool] https://dss-headless-node-56800c84.space-1e09aade-dku.svc.cluster.local:10005 "POST /dip/api/tintercom/containers/put-file?executionId=doctor-preprocessing-rq0iqjx&fileKind=FILTERED_PATHS&path=%2Fdata%2Fdataiku%2Fdatadir%2Fanalysis-data%2FPROJET_CHURN_BANQUE%2FthJxdWrU%2FensPAIMA%2Fsessions%2Fs1%2Fpp1%2Fm1%2Ftrain_info.json&expand=false HTTP/1.1" 200 None
[2026-04-21 20:22:20,661] [24/MainThread] [INFO] [dataiku.base.folder_context] Fetching file from backend: source='/data/dataiku/datadir/analysis-data/PROJET_CHURN_BANQUE/thJxdWrU/ensPAIMA/splits/train-89187ac91f9ea34e5e35deb83fa1f262-0.csv.gz' target='/home/dataiku/cache/analysis-data/PROJET_CHURN_BANQUE/thJxdWrU/ensPAIMA/splits/train-89187ac91f9ea34e5e35deb83fa1f262-0.csv.gz'
[2026-04-21 20:22:20,661] [24/MainThread] [INFO] [dataiku.container.file_exchange] Fetching file /data/dataiku/datadir/analysis-data/PROJET_CHURN_BANQUE/thJxdWrU/ensPAIMA/splits/train-89187ac91f9ea34e5e35deb83fa1f262-0.csv.gz into /home/dataiku/cache/analysis-data/PROJET_CHURN_BANQUE/thJxdWrU/ensPAIMA/splits/train-89187ac91f9ea34e5e35deb83fa1f262-0.csv.gz
[2026-04-21 20:22:20,664] [24/MainThread] [DEBUG] [urllib3.connectionpool] https://dss-headless-node-56800c84.space-1e09aade-dku.svc.cluster.local:10005 "POST /dip/api/tintercom/containers/get-file HTTP/1.1" 200 360132
[2026-04-21 20:22:20,668] [24/MainThread] [INFO] [root] Reading with dtypes: None
[2026-04-21 20:22:20,668] [24/MainThread] [INFO] [dataiku.doctor.utils] Computed dtype for customer_id: None (schema_type=bigint feature_type=NUMERIC feature_role=REJECT)
[2026-04-21 20:22:20,668] [24/MainThread] [INFO] [dataiku.doctor.utils] Computed dtype for is_churn_max: <class 'numpy.object_'> (schema_type=boolean feature_type=CATEGORY feature_role=TARGET)
[2026-04-21 20:22:20,668] [24/MainThread] [INFO] [dataiku.doctor.utils] Computed dtype for balance_min_avg: <class 'numpy.float64'> (schema_type=double feature_type=NUMERIC feature_role=INPUT)
[2026-04-21 20:22:20,668] [24/MainThread] [INFO] [dataiku.doctor.utils] Computed dtype for balance_avg_avg: <class 'numpy.float64'> (schema_type=double feature_type=NUMERIC feature_role=INPUT)
[2026-04-21 20:22:20,668] [24/MainThread] [INFO] [dataiku.doctor.utils] Computed dtype for revenue_sum_avg: <class 'numpy.float64'> (schema_type=double feature_type=NUMERIC feature_role=INPUT)
[2026-04-21 20:22:20,668] [24/MainThread] [INFO] [dataiku.doctor.utils] Computed dtype for count: <class 'numpy.float64'> (schema_type=bigint feature_type=NUMERIC feature_role=INPUT)
[2026-04-21 20:22:20,669] [24/MainThread] [INFO] [root] Reading with FIXED dtypes: {'is_churn_max': <class 'numpy.object_'>, 'balance_min_avg': <class 'numpy.float64'>, 'balance_avg_avg': <class 'numpy.float64'>, 'revenue_sum_avg': <class 'numpy.float64'>, 'count': <class 'numpy.float64'>}
[2026-04-21 20:22:20,726] [24/MainThread] [INFO] [root] Loaded table
[2026-04-21 20:22:20,727] [24/MainThread] [INFO] [dataiku.doctor.utils] Coercion done
[2026-04-21 20:22:20,727] [24/MainThread] [DEBUG] [dataiku.doctor.diagnostics.diagnostics] calling DatasetSanityCheckDiagnostic.on_load_train_dataset_end()
[2026-04-21 20:22:20,730] [24/MainThread] [DEBUG] [dataiku.doctor.diagnostics.diagnostics] DatasetSanityCheckDiagnostic.on_load_train_dataset_end() generated diagnostics: []
[2026-04-21 20:22:20,730] [24/MainThread] [DEBUG] [dataiku.doctor.diagnostics.diagnostics] calling ClassifierAccuracyCheckDiagnostic.on_load_train_dataset_end()
[2026-04-21 20:22:20,730] [24/MainThread] [DEBUG] [dataiku.doctor.diagnostics.diagnostics] calling RegressionR2CheckDiagnostic.on_load_train_dataset_end()
[2026-04-21 20:22:20,730] [24/MainThread] [DEBUG] [dataiku.doctor.diagnostics.diagnostics] calling LeakageDiagnostic.on_load_train_dataset_end()
[2026-04-21 20:22:20,730] [24/MainThread] [DEBUG] [dataiku.doctor.diagnostics.diagnostics] calling TreeOverfitDiagnostic.on_load_train_dataset_end()
[2026-04-21 20:22:20,730] [24/MainThread] [DEBUG] [dataiku.doctor.diagnostics.diagnostics] calling MLAssertionsDiagnostic.on_load_train_dataset_end()
[2026-04-21 20:22:20,730] [24/MainThread] [DEBUG] [dataiku.doctor.diagnostics.diagnostics] calling ModelCheckDiagnostic.on_load_train_dataset_end()
[2026-04-21 20:22:20,730] [24/MainThread] [DEBUG] [dataiku.doctor.diagnostics.diagnostics] calling AbnormalPredictionsDetectionDiagnostic.on_load_train_dataset_end()
[2026-04-21 20:22:20,730] [24/MainThread] [INFO] [dataiku.doctor.utils.split] Loaded train df: shape=(17872,6)
[2026-04-21 20:22:20,731] [24/MainThread] [INFO] [dataiku.doctor.commands] Train col : customer_id (int64)
[2026-04-21 20:22:20,731] [24/MainThread] [INFO] [dataiku.doctor.commands] Train col : is_churn_max (object)
[2026-04-21 20:22:20,731] [24/MainThread] [INFO] [dataiku.doctor.commands] Train col : balance_min_avg (float64)
[2026-04-21 20:22:20,731] [24/MainThread] [INFO] [dataiku.doctor.commands] Train col : balance_avg_avg (float64)
[2026-04-21 20:22:20,731] [24/MainThread] [INFO] [dataiku.doctor.commands] Train col : revenue_sum_avg (float64)
[2026-04-21 20:22:20,731] [24/MainThread] [INFO] [dataiku.doctor.commands] Train col : count (float64)
[2026-04-21 20:22:20,731] [24/MainThread] [INFO] [dataiku.doctor.utils.listener] END -  Loading train set
[2026-04-21 20:22:20,731] [24/MainThread] [INFO] [dataiku.doctor.utils.listener] START -  Loading test set
[2026-04-21 20:22:20,732] [24/MainThread] [INFO] [root] Sending /home/dataiku/cache/analysis-data/PROJET_CHURN_BANQUE/thJxdWrU/ensPAIMA/sessions/s1/pp1/m1/train_info.json to /data/dataiku/datadir/analysis-data/PROJET_CHURN_BANQUE/thJxdWrU/ensPAIMA/sessions/s1/pp1/m1/train_info.json
[2026-04-21 20:22:20,736] [24/MainThread] [DEBUG] [urllib3.connectionpool] https://dss-headless-node-56800c84.space-1e09aade-dku.svc.cluster.local:10005 "POST /dip/api/tintercom/containers/put-file?executionId=doctor-preprocessing-rq0iqjx&fileKind=FILTERED_PATHS&path=%2Fdata%2Fdataiku%2Fdatadir%2Fanalysis-data%2FPROJET_CHURN_BANQUE%2FthJxdWrU%2FensPAIMA%2Fsessions%2Fs1%2Fpp1%2Fm1%2Ftrain_info.json&expand=false HTTP/1.1" 200 None
[2026-04-21 20:22:20,736] [24/MainThread] [INFO] [dataiku.base.folder_context] Fetching file from backend: source='/data/dataiku/datadir/analysis-data/PROJET_CHURN_BANQUE/thJxdWrU/ensPAIMA/splits/test-89187ac91f9ea34e5e35deb83fa1f262-0.csv.gz' target='/home/dataiku/cache/analysis-data/PROJET_CHURN_BANQUE/thJxdWrU/ensPAIMA/splits/test-89187ac91f9ea34e5e35deb83fa1f262-0.csv.gz'
[2026-04-21 20:22:20,737] [24/MainThread] [INFO] [dataiku.container.file_exchange] Fetching file /data/dataiku/datadir/analysis-data/PROJET_CHURN_BANQUE/thJxdWrU/ensPAIMA/splits/test-89187ac91f9ea34e5e35deb83fa1f262-0.csv.gz into /home/dataiku/cache/analysis-data/PROJET_CHURN_BANQUE/thJxdWrU/ensPAIMA/splits/test-89187ac91f9ea34e5e35deb83fa1f262-0.csv.gz
[2026-04-21 20:22:20,739] [24/MainThread] [DEBUG] [urllib3.connectionpool] https://dss-headless-node-56800c84.space-1e09aade-dku.svc.cluster.local:10005 "POST /dip/api/tintercom/containers/get-file HTTP/1.1" 200 91115
[2026-04-21 20:22:20,741] [24/MainThread] [INFO] [root] Reading with dtypes: None
[2026-04-21 20:22:20,741] [24/MainThread] [INFO] [dataiku.doctor.utils] Computed dtype for customer_id: None (schema_type=bigint feature_type=NUMERIC feature_role=REJECT)
[2026-04-21 20:22:20,741] [24/MainThread] [INFO] [dataiku.doctor.utils] Computed dtype for is_churn_max: <class 'numpy.object_'> (schema_type=boolean feature_type=CATEGORY feature_role=TARGET)
[2026-04-21 20:22:20,741] [24/MainThread] [INFO] [dataiku.doctor.utils] Computed dtype for balance_min_avg: <class 'numpy.float64'> (schema_type=double feature_type=NUMERIC feature_role=INPUT)
[2026-04-21 20:22:20,741] [24/MainThread] [INFO] [dataiku.doctor.utils] Computed dtype for balance_avg_avg: <class 'numpy.float64'> (schema_type=double feature_type=NUMERIC feature_role=INPUT)
[2026-04-21 20:22:20,741] [24/MainThread] [INFO] [dataiku.doctor.utils] Computed dtype for revenue_sum_avg: <class 'numpy.float64'> (schema_type=double feature_type=NUMERIC feature_role=INPUT)
[2026-04-21 20:22:20,741] [24/MainThread] [INFO] [dataiku.doctor.utils] Computed dtype for count: <class 'numpy.float64'> (schema_type=bigint feature_type=NUMERIC feature_role=INPUT)
[2026-04-21 20:22:20,741] [24/MainThread] [INFO] [root] Reading with FIXED dtypes: {'is_churn_max': <class 'numpy.object_'>, 'balance_min_avg': <class 'numpy.float64'>, 'balance_avg_avg': <class 'numpy.float64'>, 'revenue_sum_avg': <class 'numpy.float64'>, 'count': <class 'numpy.float64'>}
[2026-04-21 20:22:20,755] [24/MainThread] [INFO] [root] Loaded table
[2026-04-21 20:22:20,755] [24/MainThread] [INFO] [dataiku.doctor.utils] Coercion done
[2026-04-21 20:22:20,755] [24/MainThread] [DEBUG] [dataiku.doctor.diagnostics.diagnostics] calling DatasetSanityCheckDiagnostic.on_load_test_dataset_end()
[2026-04-21 20:22:20,757] [24/MainThread] [DEBUG] [dataiku.doctor.diagnostics.diagnostics] DatasetSanityCheckDiagnostic.on_load_test_dataset_end() generated diagnostics: []
[2026-04-21 20:22:20,757] [24/MainThread] [DEBUG] [dataiku.doctor.diagnostics.diagnostics] calling ClassifierAccuracyCheckDiagnostic.on_load_test_dataset_end()
[2026-04-21 20:22:20,757] [24/MainThread] [DEBUG] [dataiku.doctor.diagnostics.diagnostics] calling RegressionR2CheckDiagnostic.on_load_test_dataset_end()
[2026-04-21 20:22:20,757] [24/MainThread] [DEBUG] [dataiku.doctor.diagnostics.diagnostics] calling LeakageDiagnostic.on_load_test_dataset_end()
[2026-04-21 20:22:20,757] [24/MainThread] [DEBUG] [dataiku.doctor.diagnostics.diagnostics] calling TreeOverfitDiagnostic.on_load_test_dataset_end()
[2026-04-21 20:22:20,757] [24/MainThread] [DEBUG] [dataiku.doctor.diagnostics.diagnostics] calling MLAssertionsDiagnostic.on_load_test_dataset_end()
[2026-04-21 20:22:20,757] [24/MainThread] [DEBUG] [dataiku.doctor.diagnostics.diagnostics] calling ModelCheckDiagnostic.on_load_test_dataset_end()
[2026-04-21 20:22:20,757] [24/MainThread] [DEBUG] [dataiku.doctor.diagnostics.diagnostics] calling AbnormalPredictionsDetectionDiagnostic.on_load_test_dataset_end()
[2026-04-21 20:22:20,757] [24/MainThread] [INFO] [dataiku.doctor.utils.split] Loaded test df: shape=(4436,6)
[2026-04-21 20:22:20,757] [24/MainThread] [INFO] [dataiku.doctor.utils.listener] END -  Loading test set
[2026-04-21 20:22:20,757] [24/MainThread] [INFO] [dataiku.doctor.utils.listener] START -  Collecting statistics
[2026-04-21 20:22:20,758] [24/MainThread] [INFO] [root] Sending /home/dataiku/cache/analysis-data/PROJET_CHURN_BANQUE/thJxdWrU/ensPAIMA/sessions/s1/pp1/m1/train_info.json to /data/dataiku/datadir/analysis-data/PROJET_CHURN_BANQUE/thJxdWrU/ensPAIMA/sessions/s1/pp1/m1/train_info.json
[2026-04-21 20:22:20,762] [24/MainThread] [DEBUG] [urllib3.connectionpool] https://dss-headless-node-56800c84.space-1e09aade-dku.svc.cluster.local:10005 "POST /dip/api/tintercom/containers/put-file?executionId=doctor-preprocessing-rq0iqjx&fileKind=FILTERED_PATHS&path=%2Fdata%2Fdataiku%2Fdatadir%2Fanalysis-data%2FPROJET_CHURN_BANQUE%2FthJxdWrU%2FensPAIMA%2Fsessions%2Fs1%2Fpp1%2Fm1%2Ftrain_info.json&expand=false HTTP/1.1" 200 None
[2026-04-21 20:22:20,762] [24/MainThread] [INFO] [dataiku.doctor.preprocessing_collector] Looking at count... (type=NUMERIC)
[2026-04-21 20:22:20,762] [24/MainThread] [INFO] [dataiku.doctor.preprocessing_collector] Checking series of type: float64 (isM8=False)
[2026-04-21 20:22:20,765] [24/MainThread] [INFO] [dataiku.doctor.preprocessing_collector] Looking at balance_min_avg... (type=NUMERIC)
[2026-04-21 20:22:20,765] [24/MainThread] [INFO] [dataiku.doctor.preprocessing_collector] Checking series of type: float64 (isM8=False)
[2026-04-21 20:22:20,767] [24/MainThread] [INFO] [dataiku.doctor.preprocessing_collector] Looking at is_churn_max... (type=CATEGORY)
[2026-04-21 20:22:20,767] [24/MainThread] [INFO] [dataiku.doctor.preprocessing_collector] Looking at balance_avg_avg... (type=NUMERIC)
[2026-04-21 20:22:20,767] [24/MainThread] [INFO] [dataiku.doctor.preprocessing_collector] Checking series of type: float64 (isM8=False)
[2026-04-21 20:22:20,769] [24/MainThread] [INFO] [dataiku.doctor.preprocessing_collector] Looking at customer_id... (type=NUMERIC)
[2026-04-21 20:22:20,769] [24/MainThread] [INFO] [dataiku.doctor.preprocessing_collector] Looking at revenue_sum_avg... (type=NUMERIC)
[2026-04-21 20:22:20,769] [24/MainThread] [INFO] [dataiku.doctor.preprocessing_collector] Checking series of type: float64 (isM8=False)
[2026-04-21 20:22:20,772] [24/MainThread] [INFO] [dataiku.doctor.preprocessing_handler] generating interactions
[2026-04-21 20:22:20,772] [24/MainThread] [INFO] [dataiku.doctor.preprocessing_handler] {'feature_selection_params': {'method': 'NONE', 'random_forest_params': {'n_trees': 30, 'depth': 10, 'n_features': 25}, 'lasso_params': {'alpha': [0.01, 0.1, 1.0, 10.0, 100.0], 'cross_validate': True}, 'pca_params': {'n_features': 25, 'variance_proportion': 0.9}, 'ica_params': {'n_components': 25, 'fun': 'logcosh'}, 'correlation_params': {'min_abs_correlation': 0.0, 'max_abs_correlation': 1.0, 'n_features': 25}, 'custom_params': {'code': '# type your code here'}}, 'preprocessingFitSampleRatio': 1.0, 'preprocessingFitSampleSeed': 1337, 'target_remapping': [{'sourceValue': 'false', 'mappedValue': 0, 'sampleFreq': 6769}, {'sourceValue': 'true', 'mappedValue': 1, 'sampleFreq': 3231}], 'skipPreprocessing': False, 'per_feature': {'count': {'generate_derivative': False, 'numerical_handling': 'REGULAR', 'missing_handling': 'IMPUTE', 'missing_impute_with': 'MEAN', 'impute_constant_value': 0.0, 'keep_regular': False, 'rescaling': 'AVGSTD', 'monotonic': 'NONE', 'quantile_bin_nb_bins': 4, 'binarize_threshold_mode': 'MEDIAN', 'binarize_constant_threshold': 0.0, 'datetime_cyclical_periods': [], 'role': 'INPUT', 'type': 'NUMERIC', 'state': {'userModified': False, 'autoModifiedByDSS': False, 'recordedMeaning': 'LongMeaning'}, 'customHandlingCode': '', 'customProcessorWantsMatrix': False, 'sendToInput': 'main'}, 'balance_min_avg': {'generate_derivative': False, 'numerical_handling': 'REGULAR', 'missing_handling': 'IMPUTE', 'missing_impute_with': 'MEAN', 'impute_constant_value': 0.0, 'keep_regular': False, 'rescaling': 'AVGSTD', 'monotonic': 'NONE', 'quantile_bin_nb_bins': 4, 'binarize_threshold_mode': 'MEDIAN', 'binarize_constant_threshold': 0.0, 'datetime_cyclical_periods': [], 'role': 'INPUT', 'type': 'NUMERIC', 'state': {'userModified': False, 'autoModifiedByDSS': False, 'recordedMeaning': 'DoubleMeaning'}, 'customHandlingCode': '', 'customProcessorWantsMatrix': False, 'sendToInput': 'main'}, 'is_churn_max': {'dummy_clip': 'MAX_NB_CATEGORIES', 'cumulative_proportion': 0.95, 'min_samples': 10, 'max_nb_categories': 100, 'max_cat_safety': 200, 'nb_bins_hashing': 1048576, 'hash_whole_categories': True, 'dummy_drop': 'NONE', 'impact_method': 'M_ESTIMATOR', 'impact_m': 10, 'impact_kfold': True, 'impact_kfold_k': 5, 'impact_kfold_seed': 1337, 'ordinal_order': 'COUNT', 'ordinal_ascending': False, 'ordinal_default_mode': 'HIGHEST', 'ordinal_default_value': 0, 'frequency_default_mode': 'EXPLICIT', 'frequency_default_value': 0.0, 'frequency_normalized': True, 'role': 'TARGET', 'type': 'CATEGORY', 'state': {'userModified': False, 'autoModifiedByDSS': False, 'recordedMeaning': 'Boolean'}, 'customHandlingCode': '', 'customProcessorWantsMatrix': False, 'sendToInput': 'main'}, 'balance_avg_avg': {'generate_derivative': False, 'numerical_handling': 'REGULAR', 'missing_handling': 'IMPUTE', 'missing_impute_with': 'MEAN', 'impute_constant_value': 0.0, 'keep_regular': False, 'rescaling': 'AVGSTD', 'monotonic': 'NONE', 'quantile_bin_nb_bins': 4, 'binarize_threshold_mode': 'MEDIAN', 'binarize_constant_threshold': 0.0, 'datetime_cyclical_periods': [], 'role': 'INPUT', 'type': 'NUMERIC', 'state': {'userModified': False, 'autoModifiedByDSS': False, 'recordedMeaning': 'DoubleMeaning'}, 'customHandlingCode': '', 'customProcessorWantsMatrix': False, 'sendToInput': 'main'}, 'customer_id': {'generate_derivative': False, 'impute_constant_value': 0.0, 'keep_regular': False, 'monotonic': 'NONE', 'quantile_bin_nb_bins': 4, 'binarize_threshold_mode': 'MEDIAN', 'binarize_constant_threshold': 0.0, 'datetime_cyclical_periods': [], 'role': 'REJECT', 'type': 'NUMERIC', 'state': {'userModified': False, 'autoModifiedByDSS': False, 'recordedMeaning': 'LongMeaning'}, 'autoReason': 'REJECT_IDENTIFIER', 'customHandlingCode': '', 'customProcessorWantsMatrix': False, 'sendToInput': 'main'}, 'revenue_sum_avg': {'generate_derivative': False, 'numerical_handling': 'REGULAR', 'missing_handling': 'IMPUTE', 'missing_impute_with': 'MEAN', 'impute_constant_value': 0.0, 'keep_regular': False, 'rescaling': 'AVGSTD', 'monotonic': 'NONE', 'quantile_bin_nb_bins': 4, 'binarize_threshold_mode': 'MEDIAN', 'binarize_constant_threshold': 0.0, 'datetime_cyclical_periods': [], 'role': 'INPUT', 'type': 'NUMERIC', 'state': {'userModified': False, 'autoModifiedByDSS': False, 'recordedMeaning': 'DoubleMeaning'}, 'customHandlingCode': '', 'customProcessorWantsMatrix': False, 'sendToInput': 'main'}}, 'reduce': {'enabled': False, 'kept_variance': 0.0}, 'feature_generation': {'pairwise_linear': {'behavior': 'DISABLED'}, 'polynomial_combinations': {'behavior': 'DISABLED'}, 'manual_interactions': {'interactions': []}, 'numericals_clustering': {'k': 0, 'all_features': False, 'input_features': [], 'behavior': 'DISABLED'}, 'categoricals_count_transformer': {'all_features': False, 'input_features': [], 'behavior': 'DISABLED'}, 'shifts': {}, 'windows': [], 'windows_rescale_numericals': False, 'windows_max_categories': 10}}
[2026-04-21 20:22:20,772] [24/MainThread] [INFO] [dataiku.doctor.preprocessing_handler] No feature selection to perform
[2026-04-21 20:22:20,772] [24/MainThread] [INFO] [dataiku.base.folder_context] Fetching file from backend: source='/data/dataiku/datadir/analysis-data/PROJET_CHURN_BANQUE/thJxdWrU/ensPAIMA/sessions/s1/pp1/imputed.json' target='/home/dataiku/cache/analysis-data/PROJET_CHURN_BANQUE/thJxdWrU/ensPAIMA/sessions/s1/pp1/imputed.json'
[2026-04-21 20:22:20,772] [24/MainThread] [INFO] [dataiku.container.file_exchange] Fetching file /data/dataiku/datadir/analysis-data/PROJET_CHURN_BANQUE/thJxdWrU/ensPAIMA/sessions/s1/pp1/imputed.json into /home/dataiku/cache/analysis-data/PROJET_CHURN_BANQUE/thJxdWrU/ensPAIMA/sessions/s1/pp1/imputed.json
[2026-04-21 20:22:20,776] [24/MainThread] [DEBUG] [urllib3.connectionpool] https://dss-headless-node-56800c84.space-1e09aade-dku.svc.cluster.local:10005 "POST /dip/api/tintercom/containers/get-file HTTP/1.1" 404 810
[2026-04-21 20:22:20,776] [24/MainThread] [WARNING] [dataiku.container.file_exchange] Could not fetch file /data/dataiku/datadir/analysis-data/PROJET_CHURN_BANQUE/thJxdWrU/ensPAIMA/sessions/s1/pp1/imputed.json, not found
[2026-04-21 20:22:20,776] [24/MainThread] [INFO] [dataiku.base.folder_context] Fetching file from backend: source='/data/dataiku/datadir/analysis-data/PROJET_CHURN_BANQUE/thJxdWrU/ensPAIMA/sessions/s1/pp1/rescalers.json' target='/home/dataiku/cache/analysis-data/PROJET_CHURN_BANQUE/thJxdWrU/ensPAIMA/sessions/s1/pp1/rescalers.json'
[2026-04-21 20:22:20,776] [24/MainThread] [INFO] [dataiku.container.file_exchange] Fetching file /data/dataiku/datadir/analysis-data/PROJET_CHURN_BANQUE/thJxdWrU/ensPAIMA/sessions/s1/pp1/rescalers.json into /home/dataiku/cache/analysis-data/PROJET_CHURN_BANQUE/thJxdWrU/ensPAIMA/sessions/s1/pp1/rescalers.json
[2026-04-21 20:22:20,778] [24/MainThread] [DEBUG] [urllib3.connectionpool] Starting new HTTPS connection (2): dss-headless-node-56800c84.space-1e09aade-dku.svc.cluster.local:10005
[2026-04-21 20:22:20,800] [24/MainThread] [DEBUG] [urllib3.connectionpool] https://dss-headless-node-56800c84.space-1e09aade-dku.svc.cluster.local:10005 "POST /dip/api/tintercom/containers/get-file HTTP/1.1" 404 816
[2026-04-21 20:22:20,801] [24/MainThread] [WARNING] [dataiku.container.file_exchange] Could not fetch file /data/dataiku/datadir/analysis-data/PROJET_CHURN_BANQUE/thJxdWrU/ensPAIMA/sessions/s1/pp1/rescalers.json, not found
[2026-04-21 20:22:20,801] [24/MainThread] [INFO] [dataiku.doctor.utils.listener] END -  Collecting statistics
[2026-04-21 20:22:20,801] [24/MainThread] [INFO] [dataiku.doctor.utils.listener] START -  Preprocessing train set
[2026-04-21 20:22:20,802] [24/MainThread] [INFO] [root] Sending /home/dataiku/cache/analysis-data/PROJET_CHURN_BANQUE/thJxdWrU/ensPAIMA/sessions/s1/pp1/m1/train_info.json to /data/dataiku/datadir/analysis-data/PROJET_CHURN_BANQUE/thJxdWrU/ensPAIMA/sessions/s1/pp1/m1/train_info.json
[2026-04-21 20:22:20,803] [24/MainThread] [DEBUG] [urllib3.connectionpool] Starting new HTTPS connection (3): dss-headless-node-56800c84.space-1e09aade-dku.svc.cluster.local:10005
[2026-04-21 20:22:20,835] [24/MainThread] [DEBUG] [urllib3.connectionpool] https://dss-headless-node-56800c84.space-1e09aade-dku.svc.cluster.local:10005 "POST /dip/api/tintercom/containers/put-file?executionId=doctor-preprocessing-rq0iqjx&fileKind=FILTERED_PATHS&path=%2Fdata%2Fdataiku%2Fdatadir%2Fanalysis-data%2FPROJET_CHURN_BANQUE%2FthJxdWrU%2FensPAIMA%2Fsessions%2Fs1%2Fpp1%2Fm1%2Ftrain_info.json&expand=false HTTP/1.1" 200 None
[2026-04-21 20:22:20,835] [24/MainThread] [INFO] [dataiku.doctor.multiframe] Set MF index len 17872
[2026-04-21 20:22:20,836] [24/MainThread] [DEBUG] [dku.ml.preprocessing] FIT/PROCESS WITH Step:RemapValueToOutput
[2026-04-21 20:22:20,838] [24/MainThread] [DEBUG] [dku.ml.preprocessing] FIT/PROCESS WITH Step:MultipleImputeMissingFromInput
[2026-04-21 20:22:20,838] [24/MainThread] [DEBUG] [dku.ml.preprocessing] MIMIFI: Imputing with map {'count': 2.4552931960608775, 'balance_min_avg': 8132.268697746837, 'balance_avg_avg': 11223.687274500806, 'revenue_sum_avg': 89.49772659659985}
[2026-04-21 20:22:20,840] [24/MainThread] [DEBUG] [dku.ml.preprocessing] FIT/PROCESS WITH Step:MultipleImputeMissingFromInput
[2026-04-21 20:22:20,840] [24/MainThread] [DEBUG] [dku.ml.preprocessing] MIMIFI: Imputing with map {}
[2026-04-21 20:22:20,840] [24/MainThread] [DEBUG] [dku.ml.preprocessing] FIT/PROCESS WITH Step:RescalingProcessor2 (count)
[2026-04-21 20:22:20,841] [24/MainThread] [DEBUG] [dku.ml.preprocessing]   Rescale count (avg=2.4552931960608775 std=1.4217563220600835 shift=2.4552931960608775 inv_scale=0.7033554094213762 nulls=0)
[2026-04-21 20:22:20,842] [24/MainThread] [DEBUG] [dku.ml.preprocessing] FIT/PROCESS WITH Step:RescalingProcessor2 (balance_min_avg)
[2026-04-21 20:22:20,843] [24/MainThread] [DEBUG] [dku.ml.preprocessing]   Rescale balance_min_avg (avg=8132.268697746837 std=27102.627793818603 shift=8132.268697746837 inv_scale=3.6860642723083166e-05 nulls=0)
[2026-04-21 20:22:20,843] [24/MainThread] [DEBUG] [dku.ml.preprocessing] FIT/PROCESS WITH Step:RescalingProcessor2 (balance_avg_avg)
[2026-04-21 20:22:20,844] [24/MainThread] [DEBUG] [dku.ml.preprocessing]   Rescale balance_avg_avg (avg=11223.687274500806 std=27418.313489024098 shift=11223.687274500806 inv_scale=3.64362410680209e-05 nulls=0)
[2026-04-21 20:22:20,844] [24/MainThread] [DEBUG] [dku.ml.preprocessing] FIT/PROCESS WITH Step:RescalingProcessor2 (revenue_sum_avg)
[2026-04-21 20:22:20,845] [24/MainThread] [DEBUG] [dku.ml.preprocessing]   Rescale revenue_sum_avg (avg=89.49772659659983 std=146.7082062220202 shift=89.49772659659985 inv_scale=0.006745127911672814 nulls=0)
[2026-04-21 20:22:20,846] [24/MainThread] [DEBUG] [dku.ml.preprocessing] FIT/PROCESS WITH Step:FlushDFBuilder(num_flagonly)
[2026-04-21 20:22:20,846] [24/MainThread] [DEBUG] [dku.ml.preprocessing] FIT/PROCESS WITH Step:FlushDFBuilder(datetime_cyclical)
[2026-04-21 20:22:20,846] [24/MainThread] [DEBUG] [dku.ml.preprocessing] FIT/PROCESS WITH Step:MultipleImputeMissingFromInput
[2026-04-21 20:22:20,846] [24/MainThread] [DEBUG] [dku.ml.preprocessing] MIMIFI: Imputing with map {}
[2026-04-21 20:22:20,846] [24/MainThread] [DEBUG] [dku.ml.preprocessing] FIT/PROCESS WITH Step:FlushDFBuilder(cat_flagpresence)
[2026-04-21 20:22:20,846] [24/MainThread] [DEBUG] [dku.ml.preprocessing] FIT/PROCESS WITH Step:MultipleImputeMissingFromInput
[2026-04-21 20:22:20,846] [24/MainThread] [DEBUG] [dku.ml.preprocessing] MIMIFI: Imputing with map {}
[2026-04-21 20:22:20,846] [24/MainThread] [DEBUG] [dku.ml.preprocessing] FIT/PROCESS WITH Step:MultipleImputeMissingFromInput
[2026-04-21 20:22:20,846] [24/MainThread] [DEBUG] [dku.ml.preprocessing] MIMIFI: Imputing with map {}
[2026-04-21 20:22:20,846] [24/MainThread] [DEBUG] [dku.ml.preprocessing] FIT/PROCESS WITH Step:FlushDFBuilder(interaction)
[2026-04-21 20:22:20,846] [24/MainThread] [DEBUG] [dku.ml.preprocessing] FIT/PROCESS WITH Step:RealignTarget
[2026-04-21 20:22:20,846] [24/MainThread] [DEBUG] [dku.ml.preprocessing] Realign target series = (17872,)
[2026-04-21 20:22:20,847] [24/MainThread] [DEBUG] [dku.ml.preprocessing] After realign target: (17872,)
[2026-04-21 20:22:20,847] [24/MainThread] [DEBUG] [dku.ml.preprocessing] FIT/PROCESS WITH Step:DropRowsWhereNoTarget
[2026-04-21 20:22:20,848] [24/MainThread] [DEBUG] [dku.ml.preprocessing] Deleting 0 rows because one of ['target'] is missing or infinity
[2026-04-21 20:22:20,848] [24/MainThread] [DEBUG] [dku.ml.preprocessing] MF before = (17872, 4)
[2026-04-21 20:22:20,848] [24/MainThread] [DEBUG] [dku.ml.preprocessing] target before = (17872,)
[2026-04-21 20:22:20,849] [24/MainThread] [INFO] [dataiku.doctor.multiframe] MultiFrame, dropping rows: []
[2026-04-21 20:22:20,854] [24/MainThread] [DEBUG] [dku.ml.preprocessing] After DRWNT input_df=(17872, 6)
[2026-04-21 20:22:20,854] [24/MainThread] [DEBUG] [dku.ml.preprocessing] MF after = (17872, 4)
[2026-04-21 20:22:20,854] [24/MainThread] [DEBUG] [dku.ml.preprocessing] target after = (17872,)
[2026-04-21 20:22:20,854] [24/MainThread] [DEBUG] [dku.ml.preprocessing] FIT/PROCESS WITH Step:DumpPipelineState
[2026-04-21 20:22:20,854] [24/MainThread] [DEBUG] [dku.ml.preprocessing] ********* Pipeline state (Before feature selection)
[2026-04-21 20:22:20,854] [24/MainThread] [DEBUG] [dku.ml.preprocessing]    input_df= (17872, 6) 
[2026-04-21 20:22:20,854] [24/MainThread] [DEBUG] [dku.ml.preprocessing]    current_mf=(17872, 4) 
[2026-04-21 20:22:20,854] [24/MainThread] [DEBUG] [dku.ml.preprocessing]    PPR: 
[2026-04-21 20:22:20,854] [24/MainThread] [DEBUG] [dku.ml.preprocessing]       target = <class 'pandas.core.series.Series'> ((17872,))
[2026-04-21 20:22:20,854] [24/MainThread] [DEBUG] [dku.ml.preprocessing] FIT/PROCESS WITH Step:EmitCurrentMFAsResult
[2026-04-21 20:22:20,854] [24/MainThread] [INFO] [dataiku.doctor.multiframe] Set MF index len 17872
[2026-04-21 20:22:20,854] [24/MainThread] [DEBUG] [dku.ml.preprocessing] FIT/PROCESS WITH Step:DumpPipelineState
[2026-04-21 20:22:20,854] [24/MainThread] [DEBUG] [dku.ml.preprocessing] ********* Pipeline state (At end)
[2026-04-21 20:22:20,854] [24/MainThread] [DEBUG] [dku.ml.preprocessing]    input_df= (17872, 6) 
[2026-04-21 20:22:20,854] [24/MainThread] [DEBUG] [dku.ml.preprocessing]    current_mf=(0, 0) 
[2026-04-21 20:22:20,855] [24/MainThread] [DEBUG] [dku.ml.preprocessing]    PPR: 
[2026-04-21 20:22:20,855] [24/MainThread] [DEBUG] [dku.ml.preprocessing]       target = <class 'pandas.core.series.Series'> ((17872,))
[2026-04-21 20:22:20,855] [24/MainThread] [DEBUG] [dku.ml.preprocessing]       TRAIN = <class 'dataiku.doctor.multiframe.MultiFrame'> ((17872, 4))
[2026-04-21 20:22:20,855] [24/MainThread] [DEBUG] [dku.ml.preprocessing]       UNPROCESSED = <class 'pandas.core.frame.DataFrame'> ((17872, 6))
[2026-04-21 20:22:20,855] [24/MainThread] [DEBUG] [dataiku.doctor.diagnostics.diagnostics] calling DatasetSanityCheckDiagnostic.on_preprocess_train_dataset_end()
[2026-04-21 20:22:20,855] [24/MainThread] [DEBUG] [dataiku.doctor.diagnostics.diagnostics] calling ClassifierAccuracyCheckDiagnostic.on_preprocess_train_dataset_end()
[2026-04-21 20:22:20,855] [24/MainThread] [DEBUG] [dataiku.doctor.diagnostics.diagnostics] calling RegressionR2CheckDiagnostic.on_preprocess_train_dataset_end()
[2026-04-21 20:22:20,855] [24/MainThread] [DEBUG] [dataiku.doctor.diagnostics.diagnostics] calling LeakageDiagnostic.on_preprocess_train_dataset_end()
[2026-04-21 20:22:20,855] [24/MainThread] [DEBUG] [dataiku.doctor.diagnostics.diagnostics] calling TreeOverfitDiagnostic.on_preprocess_train_dataset_end()
[2026-04-21 20:22:20,855] [24/MainThread] [DEBUG] [dataiku.doctor.diagnostics.diagnostics] calling MLAssertionsDiagnostic.on_preprocess_train_dataset_end()
[2026-04-21 20:22:20,855] [24/MainThread] [DEBUG] [dataiku.doctor.diagnostics.diagnostics] calling ModelCheckDiagnostic.on_preprocess_train_dataset_end()
[2026-04-21 20:22:20,855] [24/MainThread] [INFO] [dataiku.doctor.diagnostics.modeling_parameters] train multiframe initial size: 17872
[2026-04-21 20:22:20,855] [24/MainThread] [DEBUG] [dataiku.doctor.diagnostics.diagnostics] ModelCheckDiagnostic.on_preprocess_train_dataset_end() generated diagnostics: []
[2026-04-21 20:22:20,855] [24/MainThread] [DEBUG] [dataiku.doctor.diagnostics.diagnostics] calling AbnormalPredictionsDetectionDiagnostic.on_preprocess_train_dataset_end()
[2026-04-21 20:22:20,856] [24/MainThread] [INFO] [root] Sending /home/dataiku/cache/analysis-data/PROJET_CHURN_BANQUE/thJxdWrU/ensPAIMA/sessions/s1/pp1/collector_data.json to /data/dataiku/datadir/analysis-data/PROJET_CHURN_BANQUE/thJxdWrU/ensPAIMA/sessions/s1/pp1/collector_data.json
[2026-04-21 20:22:20,859] [24/MainThread] [DEBUG] [urllib3.connectionpool] https://dss-headless-node-56800c84.space-1e09aade-dku.svc.cluster.local:10005 "POST /dip/api/tintercom/containers/put-file?executionId=doctor-preprocessing-rq0iqjx&fileKind=FILTERED_PATHS&path=%2Fdata%2Fdataiku%2Fdatadir%2Fanalysis-data%2FPROJET_CHURN_BANQUE%2FthJxdWrU%2FensPAIMA%2Fsessions%2Fs1%2Fpp1%2Fcollector_data.json&expand=false HTTP/1.1" 200 None
[2026-04-21 20:22:20,860] [24/MainThread] [INFO] [root] Sending /home/dataiku/cache/analysis-data/PROJET_CHURN_BANQUE/thJxdWrU/ensPAIMA/sessions/s1/pp1/imputed.json to /data/dataiku/datadir/analysis-data/PROJET_CHURN_BANQUE/thJxdWrU/ensPAIMA/sessions/s1/pp1/imputed.json
[2026-04-21 20:22:20,863] [24/MainThread] [DEBUG] [urllib3.connectionpool] https://dss-headless-node-56800c84.space-1e09aade-dku.svc.cluster.local:10005 "POST /dip/api/tintercom/containers/put-file?executionId=doctor-preprocessing-rq0iqjx&fileKind=FILTERED_PATHS&path=%2Fdata%2Fdataiku%2Fdatadir%2Fanalysis-data%2FPROJET_CHURN_BANQUE%2FthJxdWrU%2FensPAIMA%2Fsessions%2Fs1%2Fpp1%2Fimputed.json&expand=false HTTP/1.1" 200 None
[2026-04-21 20:22:20,864] [24/MainThread] [INFO] [root] Sending /home/dataiku/cache/analysis-data/PROJET_CHURN_BANQUE/thJxdWrU/ensPAIMA/sessions/s1/pp1/rescalers.json to /data/dataiku/datadir/analysis-data/PROJET_CHURN_BANQUE/thJxdWrU/ensPAIMA/sessions/s1/pp1/rescalers.json
[2026-04-21 20:22:20,866] [24/MainThread] [DEBUG] [urllib3.connectionpool] https://dss-headless-node-56800c84.space-1e09aade-dku.svc.cluster.local:10005 "POST /dip/api/tintercom/containers/put-file?executionId=doctor-preprocessing-rq0iqjx&fileKind=FILTERED_PATHS&path=%2Fdata%2Fdataiku%2Fdatadir%2Fanalysis-data%2FPROJET_CHURN_BANQUE%2FthJxdWrU%2FensPAIMA%2Fsessions%2Fs1%2Fpp1%2Frescalers.json&expand=false HTTP/1.1" 200 None
[2026-04-21 20:22:20,867] [24/MainThread] [INFO] [root] Sending /home/dataiku/cache/analysis-data/PROJET_CHURN_BANQUE/thJxdWrU/ensPAIMA/sessions/s1/pp1/preprocessing_report.json to /data/dataiku/datadir/analysis-data/PROJET_CHURN_BANQUE/thJxdWrU/ensPAIMA/sessions/s1/pp1/preprocessing_report.json
[2026-04-21 20:22:20,870] [24/MainThread] [DEBUG] [urllib3.connectionpool] https://dss-headless-node-56800c84.space-1e09aade-dku.svc.cluster.local:10005 "POST /dip/api/tintercom/containers/put-file?executionId=doctor-preprocessing-rq0iqjx&fileKind=FILTERED_PATHS&path=%2Fdata%2Fdataiku%2Fdatadir%2Fanalysis-data%2FPROJET_CHURN_BANQUE%2FthJxdWrU%2FensPAIMA%2Fsessions%2Fs1%2Fpp1%2Fpreprocessing_report.json&expand=false HTTP/1.1" 200 None
[2026-04-21 20:22:20,870] [24/MainThread] [INFO] [dataiku.doctor.utils.listener] END -  Preprocessing train set
[2026-04-21 20:22:20,871] [24/MainThread] [INFO] [dataiku.doctor.utils.listener] START -  Preprocessing test set
[2026-04-21 20:22:20,871] [24/MainThread] [INFO] [root] Sending /home/dataiku/cache/analysis-data/PROJET_CHURN_BANQUE/thJxdWrU/ensPAIMA/sessions/s1/pp1/m1/train_info.json to /data/dataiku/datadir/analysis-data/PROJET_CHURN_BANQUE/thJxdWrU/ensPAIMA/sessions/s1/pp1/m1/train_info.json
[2026-04-21 20:22:20,874] [24/MainThread] [DEBUG] [urllib3.connectionpool] https://dss-headless-node-56800c84.space-1e09aade-dku.svc.cluster.local:10005 "POST /dip/api/tintercom/containers/put-file?executionId=doctor-preprocessing-rq0iqjx&fileKind=FILTERED_PATHS&path=%2Fdata%2Fdataiku%2Fdatadir%2Fanalysis-data%2FPROJET_CHURN_BANQUE%2FthJxdWrU%2FensPAIMA%2Fsessions%2Fs1%2Fpp1%2Fm1%2Ftrain_info.json&expand=false HTTP/1.1" 200 None
[2026-04-21 20:22:20,874] [24/MainThread] [INFO] [dataiku.doctor.multiframe] Set MF index len 4436
[2026-04-21 20:22:20,874] [24/MainThread] [DEBUG] [dku.ml.preprocessing] PROCESS WITH Step:RemapValueToOutput
[2026-04-21 20:22:20,876] [24/MainThread] [DEBUG] [dku.ml.preprocessing] PROCESS WITH Step:MultipleImputeMissingFromInput
[2026-04-21 20:22:20,876] [24/MainThread] [DEBUG] [dku.ml.preprocessing] MIMIFI: Imputing with map {'count': 2.4552931960608775, 'balance_min_avg': 8132.268697746837, 'balance_avg_avg': 11223.687274500806, 'revenue_sum_avg': 89.49772659659985}
[2026-04-21 20:22:20,877] [24/MainThread] [DEBUG] [dku.ml.preprocessing] PROCESS WITH Step:MultipleImputeMissingFromInput
[2026-04-21 20:22:20,877] [24/MainThread] [DEBUG] [dku.ml.preprocessing] MIMIFI: Imputing with map {}
[2026-04-21 20:22:20,877] [24/MainThread] [DEBUG] [dku.ml.preprocessing] PROCESS WITH Step:RescalingProcessor2 (count)
[2026-04-21 20:22:20,878] [24/MainThread] [DEBUG] [dku.ml.preprocessing]   Rescale count (avg=2.4479260595130747 std=1.3878983259553854 shift=2.4552931960608775 inv_scale=0.7033554094213762 nulls=0)
[2026-04-21 20:22:20,879] [24/MainThread] [DEBUG] [dku.ml.preprocessing] PROCESS WITH Step:RescalingProcessor2 (balance_min_avg)
[2026-04-21 20:22:20,879] [24/MainThread] [DEBUG] [dku.ml.preprocessing]   Rescale balance_min_avg (avg=8367.604489353267 std=28759.73003494958 shift=8132.268697746837 inv_scale=3.6860642723083166e-05 nulls=0)
[2026-04-21 20:22:20,880] [24/MainThread] [DEBUG] [dku.ml.preprocessing] PROCESS WITH Step:RescalingProcessor2 (balance_avg_avg)
[2026-04-21 20:22:20,880] [24/MainThread] [DEBUG] [dku.ml.preprocessing]   Rescale balance_avg_avg (avg=11504.761690154324 std=29064.405465377782 shift=11223.687274500806 inv_scale=3.64362410680209e-05 nulls=0)
[2026-04-21 20:22:20,881] [24/MainThread] [DEBUG] [dku.ml.preprocessing] PROCESS WITH Step:RescalingProcessor2 (revenue_sum_avg)
[2026-04-21 20:22:20,881] [24/MainThread] [DEBUG] [dku.ml.preprocessing]   Rescale revenue_sum_avg (avg=87.68909814386237 std=139.10607790416412 shift=89.49772659659985 inv_scale=0.006745127911672814 nulls=0)
[2026-04-21 20:22:20,882] [24/MainThread] [DEBUG] [dku.ml.preprocessing] PROCESS WITH Step:FlushDFBuilder(num_flagonly)
[2026-04-21 20:22:20,882] [24/MainThread] [DEBUG] [dku.ml.preprocessing] PROCESS WITH Step:FlushDFBuilder(datetime_cyclical)
[2026-04-21 20:22:20,882] [24/MainThread] [DEBUG] [dku.ml.preprocessing] PROCESS WITH Step:MultipleImputeMissingFromInput
[2026-04-21 20:22:20,882] [24/MainThread] [DEBUG] [dku.ml.preprocessing] MIMIFI: Imputing with map {}
[2026-04-21 20:22:20,882] [24/MainThread] [DEBUG] [dku.ml.preprocessing] PROCESS WITH Step:FlushDFBuilder(cat_flagpresence)
[2026-04-21 20:22:20,882] [24/MainThread] [DEBUG] [dku.ml.preprocessing] PROCESS WITH Step:MultipleImputeMissingFromInput
[2026-04-21 20:22:20,882] [24/MainThread] [DEBUG] [dku.ml.preprocessing] MIMIFI: Imputing with map {}
[2026-04-21 20:22:20,882] [24/MainThread] [DEBUG] [dku.ml.preprocessing] PROCESS WITH Step:MultipleImputeMissingFromInput
[2026-04-21 20:22:20,882] [24/MainThread] [DEBUG] [dku.ml.preprocessing] MIMIFI: Imputing with map {}
[2026-04-21 20:22:20,882] [24/MainThread] [DEBUG] [dku.ml.preprocessing] PROCESS WITH Step:FlushDFBuilder(interaction)
[2026-04-21 20:22:20,882] [24/MainThread] [DEBUG] [dku.ml.preprocessing] PROCESS WITH Step:RealignTarget
[2026-04-21 20:22:20,882] [24/MainThread] [DEBUG] [dku.ml.preprocessing] Realign target series = (4436,)
[2026-04-21 20:22:20,883] [24/MainThread] [DEBUG] [dku.ml.preprocessing] After realign target: (4436,)
[2026-04-21 20:22:20,883] [24/MainThread] [DEBUG] [dku.ml.preprocessing] PROCESS WITH Step:DropRowsWhereNoTarget
[2026-04-21 20:22:20,883] [24/MainThread] [DEBUG] [dku.ml.preprocessing] Deleting 0 rows because one of ['target'] is missing or infinity
[2026-04-21 20:22:20,883] [24/MainThread] [DEBUG] [dku.ml.preprocessing] MF before = (4436, 4)
[2026-04-21 20:22:20,883] [24/MainThread] [DEBUG] [dku.ml.preprocessing] target before = (4436,)
[2026-04-21 20:22:20,884] [24/MainThread] [INFO] [dataiku.doctor.multiframe] MultiFrame, dropping rows: []
[2026-04-21 20:22:20,886] [24/MainThread] [DEBUG] [dku.ml.preprocessing] After DRWNT input_df=(4436, 6)
[2026-04-21 20:22:20,886] [24/MainThread] [DEBUG] [dku.ml.preprocessing] MF after = (4436, 4)
[2026-04-21 20:22:20,886] [24/MainThread] [DEBUG] [dku.ml.preprocessing] target after = (4436,)
[2026-04-21 20:22:20,886] [24/MainThread] [DEBUG] [dku.ml.preprocessing] PROCESS WITH Step:DumpPipelineState
[2026-04-21 20:22:20,886] [24/MainThread] [DEBUG] [dku.ml.preprocessing] ********* Pipeline state (Before feature selection)
[2026-04-21 20:22:20,886] [24/MainThread] [DEBUG] [dku.ml.preprocessing]    input_df= (4436, 6) 
[2026-04-21 20:22:20,886] [24/MainThread] [DEBUG] [dku.ml.preprocessing]    current_mf=(4436, 4) 
[2026-04-21 20:22:20,886] [24/MainThread] [DEBUG] [dku.ml.preprocessing]    PPR: 
[2026-04-21 20:22:20,886] [24/MainThread] [DEBUG] [dku.ml.preprocessing]       target = <class 'pandas.core.series.Series'> ((4436,))
[2026-04-21 20:22:20,886] [24/MainThread] [DEBUG] [dku.ml.preprocessing] PROCESS WITH Step:EmitCurrentMFAsResult
[2026-04-21 20:22:20,886] [24/MainThread] [INFO] [dataiku.doctor.multiframe] Set MF index len 4436
[2026-04-21 20:22:20,886] [24/MainThread] [DEBUG] [dku.ml.preprocessing] PROCESS WITH Step:DumpPipelineState
[2026-04-21 20:22:20,886] [24/MainThread] [DEBUG] [dku.ml.preprocessing] ********* Pipeline state (At end)
[2026-04-21 20:22:20,886] [24/MainThread] [DEBUG] [dku.ml.preprocessing]    input_df= (4436, 6) 
[2026-04-21 20:22:20,886] [24/MainThread] [DEBUG] [dku.ml.preprocessing]    current_mf=(0, 0) 
[2026-04-21 20:22:20,886] [24/MainThread] [DEBUG] [dku.ml.preprocessing]    PPR: 
[2026-04-21 20:22:20,887] [24/MainThread] [DEBUG] [dku.ml.preprocessing]       target = <class 'pandas.core.series.Series'> ((4436,))
[2026-04-21 20:22:20,887] [24/MainThread] [DEBUG] [dku.ml.preprocessing]       TRAIN = <class 'dataiku.doctor.multiframe.MultiFrame'> ((4436, 4))
[2026-04-21 20:22:20,887] [24/MainThread] [DEBUG] [dku.ml.preprocessing]       UNPROCESSED = <class 'pandas.core.frame.DataFrame'> ((4436, 6))
[2026-04-21 20:22:20,887] [24/MainThread] [DEBUG] [dataiku.doctor.diagnostics.diagnostics] calling DatasetSanityCheckDiagnostic.on_preprocess_test_dataset_end()
[2026-04-21 20:22:20,887] [24/MainThread] [DEBUG] [dataiku.doctor.diagnostics.diagnostics] calling ClassifierAccuracyCheckDiagnostic.on_preprocess_test_dataset_end()
[2026-04-21 20:22:20,887] [24/MainThread] [DEBUG] [dataiku.doctor.diagnostics.diagnostics] calling RegressionR2CheckDiagnostic.on_preprocess_test_dataset_end()
[2026-04-21 20:22:20,887] [24/MainThread] [DEBUG] [dataiku.doctor.diagnostics.diagnostics] calling LeakageDiagnostic.on_preprocess_test_dataset_end()
[2026-04-21 20:22:20,887] [24/MainThread] [DEBUG] [dataiku.doctor.diagnostics.diagnostics] calling TreeOverfitDiagnostic.on_preprocess_test_dataset_end()
[2026-04-21 20:22:20,887] [24/MainThread] [DEBUG] [dataiku.doctor.diagnostics.diagnostics] calling MLAssertionsDiagnostic.on_preprocess_test_dataset_end()
[2026-04-21 20:22:20,887] [24/MainThread] [DEBUG] [dataiku.doctor.diagnostics.diagnostics] calling ModelCheckDiagnostic.on_preprocess_test_dataset_end()
[2026-04-21 20:22:20,887] [24/MainThread] [INFO] [dataiku.doctor.diagnostics.modeling_parameters] test multiframe initial size: 4436
[2026-04-21 20:22:20,887] [24/MainThread] [DEBUG] [dataiku.doctor.diagnostics.diagnostics] ModelCheckDiagnostic.on_preprocess_test_dataset_end() generated diagnostics: []
[2026-04-21 20:22:20,887] [24/MainThread] [DEBUG] [dataiku.doctor.diagnostics.diagnostics] calling AbnormalPredictionsDetectionDiagnostic.on_preprocess_test_dataset_end()
[2026-04-21 20:22:20,887] [24/MainThread] [INFO] [dataiku.doctor.utils.listener] END -  Preprocessing test set
[2026-04-21 20:22:20,888] [24/MainThread] [INFO] [root] Sending /home/dataiku/cache/analysis-data/PROJET_CHURN_BANQUE/thJxdWrU/ensPAIMA/sessions/s1/pp1/m1/train_info.json to /data/dataiku/datadir/analysis-data/PROJET_CHURN_BANQUE/thJxdWrU/ensPAIMA/sessions/s1/pp1/m1/train_info.json
[2026-04-21 20:22:20,891] [24/MainThread] [DEBUG] [urllib3.connectionpool] https://dss-headless-node-56800c84.space-1e09aade-dku.svc.cluster.local:10005 "POST /dip/api/tintercom/containers/put-file?executionId=doctor-preprocessing-rq0iqjx&fileKind=FILTERED_PATHS&path=%2Fdata%2Fdataiku%2Fdatadir%2Fanalysis-data%2FPROJET_CHURN_BANQUE%2FthJxdWrU%2FensPAIMA%2Fsessions%2Fs1%2Fpp1%2Fm1%2Ftrain_info.json&expand=false HTTP/1.1" 200 None
[2026-04-21 20:22:20,892] [24/MainThread] [INFO] [dataiku.doctor.utils.listener] START -  Hyperparameter searching
[2026-04-21 20:22:20,893] [24/MainThread] [INFO] [root] Sending /home/dataiku/cache/analysis-data/PROJET_CHURN_BANQUE/thJxdWrU/ensPAIMA/sessions/s1/pp1/m1/train_info.json to /data/dataiku/datadir/analysis-data/PROJET_CHURN_BANQUE/thJxdWrU/ensPAIMA/sessions/s1/pp1/m1/train_info.json
[2026-04-21 20:22:20,895] [24/MainThread] [DEBUG] [urllib3.connectionpool] https://dss-headless-node-56800c84.space-1e09aade-dku.svc.cluster.local:10005 "POST /dip/api/tintercom/containers/put-file?executionId=doctor-preprocessing-rq0iqjx&fileKind=FILTERED_PATHS&path=%2Fdata%2Fdataiku%2Fdatadir%2Fanalysis-data%2FPROJET_CHURN_BANQUE%2FthJxdWrU%2FensPAIMA%2Fsessions%2Fs1%2Fpp1%2Fm1%2Ftrain_info.json&expand=false HTTP/1.1" 200 None
[2026-04-21 20:22:20,896] [24/MainThread] [INFO] [dataiku.doctor.prediction.common] NaN support available: compatible algorithm RANDOM_FOREST_CLASSIFICATION and feature reduction None
[2026-04-21 20:22:20,897] [24/MainThread] [INFO] [dataiku.doctor.sparse] prepare multiframe shape=(17872,4) fill_ratio=0.99
[2026-04-21 20:22:20,897] [24/MainThread] [INFO] [dataiku.doctor.sparse] Multiframe is not sparse enough, using NPA
[2026-04-21 20:22:20,897] [24/MainThread] [INFO] [dataiku.doctor.prediction.common] Create CLF from params: {'algorithm': 'RANDOM_FOREST_CLASSIFICATION', 'rf_classifier_grid': {'n_estimators': {'gridMode': 'EXPLICIT', 'randomMode': 'RANGE', 'limit': {'min': 1}, 'values': [100], 'range': {'min': 80, 'max': 200, 'nbValues': 3, 'scaling': 'LINEAR'}}, 'n_jobs': 4, 'max_tree_depth': {'gridMode': 'EXPLICIT', 'randomMode': 'RANGE', 'limit': {'min': 1}, 'values': [6, 12], 'range': {'min': 6, 'max': 20, 'nbValues': 3, 'scaling': 'LINEAR'}}, 'min_samples_leaf': {'gridMode': 'EXPLICIT', 'randomMode': 'RANGE', 'limit': {'min': 1}, 'values': [1], 'range': {'min': 1, 'max': 20, 'nbValues': 3, 'scaling': 'LINEAR'}}, 'selection_mode': 'sqrt', 'max_features': {'gridMode': 'EXPLICIT', 'randomMode': 'RANGE', 'limit': {'min': 1}, 'values': [5], 'range': {'min': 1, 'max': 20, 'nbValues': 3, 'scaling': 'LINEAR'}}, 'max_feature_prop': {'gridMode': 'EXPLICIT', 'randomMode': 'RANGE', 'limit': {'min': 1e-23, 'max': 1.0}, 'values': [0.3], 'range': {'min': 0.1, 'max': 0.7, 'nbValues': 3, 'scaling': 'LINEAR'}}, 'allow_sparse_matrices': True, 'enabled': True}, 'max_ensemble_nodes_serialized': 6000, 'metrics': {'customMetrics': [], 'evaluationMetric': 'ROC_AUC', 'classAveragingMethod': 'MACRO', 'thresholdOptimizationMetric': 'F1', 'costMatrixWeights': {'tpGain': 1.0, 'tnGain': 0.0, 'fpGain': -0.3, 'fnGain': 0.0}, 'liftPoint': 0.4, 'netUpliftPoint': 0.5, 'causalWeighting': 'NO_WEIGHTING'}, 'autoOptimizeThreshold': True, 'forcedClassifierThreshold': 0.0, 'isShiftWindowsCompatible': True, 'gridLength': 2, 'grid_search_params': {'mode': 'KFOLD', 'splitRatio': 0.8, 'shuffleIterations': 1, 'nFolds': 5, 'cvSeed': 1337, 'stratified': True, 'grouped': False, 'strategy': 'GRID', 'bayesianOptimizer': 'SCIKIT_OPTIMIZE', 'randomized': True, 'seed': 1337, 'nIter': 0, 'nIterRandom': 5, 'timeout': 0, 'nJobs': 4, 'distributed': False, 'nContainers': 4, 'foldOffset': True, 'equalDurationFolds': False}, 'pluginAlgoCustomGridSearch': False, 'computeLearningCurves': False, 'skipExpensiveReports': False, 'skipPermutationImportance': True, 'perIdentifierPermutationImportance': False, 'propensityModeling': {'enabled': True, 'calibrateProbabilities': False, 'calibrationDataRatio': 0.1}} for algorithm RANDOM_FOREST_CLASSIFICATION
[2026-04-21 20:22:20,898] [24/MainThread] [INFO] [dataiku.doctor.prediction.common] Using stratified K-Fold CV with k=5
[2026-04-21 20:22:20,900] [24/MainThread] [INFO] [dataiku.base.folder_context] Fetching file from backend: source='/data/dataiku/datadir/analysis-data/PROJET_CHURN_BANQUE/thJxdWrU/ensPAIMA/sessions/s1/pp1/m1/grid_search_done_py.json' target='/home/dataiku/cache/analysis-data/PROJET_CHURN_BANQUE/thJxdWrU/ensPAIMA/sessions/s1/pp1/m1/grid_search_done_py.json'
[2026-04-21 20:22:20,900] [24/MainThread] [INFO] [dataiku.container.file_exchange] Fetching file /data/dataiku/datadir/analysis-data/PROJET_CHURN_BANQUE/thJxdWrU/ensPAIMA/sessions/s1/pp1/m1/grid_search_done_py.json into /home/dataiku/cache/analysis-data/PROJET_CHURN_BANQUE/thJxdWrU/ensPAIMA/sessions/s1/pp1/m1/grid_search_done_py.json
[2026-04-21 20:22:20,903] [24/MainThread] [DEBUG] [urllib3.connectionpool] https://dss-headless-node-56800c84.space-1e09aade-dku.svc.cluster.local:10005 "POST /dip/api/tintercom/containers/get-file HTTP/1.1" 404 855
[2026-04-21 20:22:20,904] [24/MainThread] [WARNING] [dataiku.container.file_exchange] Could not fetch file /data/dataiku/datadir/analysis-data/PROJET_CHURN_BANQUE/thJxdWrU/ensPAIMA/sessions/s1/pp1/m1/grid_search_done_py.json, not found
[2026-04-21 20:22:20,905] [24/MainThread] [DEBUG] [urllib3.connectionpool] Starting new HTTPS connection (4): dss-headless-node-56800c84.space-1e09aade-dku.svc.cluster.local:10005
[2026-04-21 20:22:20,936] [24/MainThread] [DEBUG] [urllib3.connectionpool] https://dss-headless-node-56800c84.space-1e09aade-dku.svc.cluster.local:10005 "GET /dip/api/tintercom/ml/available-container-configurations?type=KUBERNETES HTTP/1.1" 200 None
[2026-04-21 20:22:20,936] [24/MainThread] [INFO] [dataiku.doctor.crossval.search_evaluation_monitor] The following distributed container configuration(s) are available to run this search: ['vCPU-0.5-RAM-4GiB', 'vCPU-1-RAM-8GiB', 'vCPU-2-RAM-16GiB', 'vCPU-4-RAM-32GiB']
[2026-04-21 20:22:20,942] [24/MainThread] [INFO] [dataiku.doctor.crossval.search_runner] Fitting 5 folds for each of 2 candidates, totalling 10 fits
[2026-04-21 20:22:20,942] [24/MainThread] [INFO] [dataiku.base.utils] Detected 1/8 usable CPUs
[2026-04-21 20:22:20,943] [24/MainThread] [INFO] [dataiku.doctor.crossval.search_runner] Execute hyperparameter search locally on 4 threads
[2026-04-21 20:22:20,943] [24/MainThread] [INFO] [dataiku.base.folder_context] Fetching file from backend: source='/data/dataiku/datadir/analysis-data/PROJET_CHURN_BANQUE/thJxdWrU/ensPAIMA/sessions/s1/pp1/m1/grid_search_scores.json' target='/home/dataiku/cache/analysis-data/PROJET_CHURN_BANQUE/thJxdWrU/ensPAIMA/sessions/s1/pp1/m1/grid_search_scores.json'
[2026-04-21 20:22:20,943] [24/MainThread] [INFO] [dataiku.container.file_exchange] Fetching file /data/dataiku/datadir/analysis-data/PROJET_CHURN_BANQUE/thJxdWrU/ensPAIMA/sessions/s1/pp1/m1/grid_search_scores.json into /home/dataiku/cache/analysis-data/PROJET_CHURN_BANQUE/thJxdWrU/ensPAIMA/sessions/s1/pp1/m1/grid_search_scores.json
[2026-04-21 20:22:20,946] [24/MainThread] [DEBUG] [urllib3.connectionpool] https://dss-headless-node-56800c84.space-1e09aade-dku.svc.cluster.local:10005 "POST /dip/api/tintercom/containers/get-file HTTP/1.1" 404 852
[2026-04-21 20:22:20,947] [24/MainThread] [WARNING] [dataiku.container.file_exchange] Could not fetch file /data/dataiku/datadir/analysis-data/PROJET_CHURN_BANQUE/thJxdWrU/ensPAIMA/sessions/s1/pp1/m1/grid_search_scores.json, not found
[2026-04-21 20:22:20,947] [24/MainThread] [INFO] [root] Sending /home/dataiku/cache/analysis-data/PROJET_CHURN_BANQUE/thJxdWrU/ensPAIMA/sessions/s1/pp1/m1/grid_search_scores.json to /data/dataiku/datadir/analysis-data/PROJET_CHURN_BANQUE/thJxdWrU/ensPAIMA/sessions/s1/pp1/m1/grid_search_scores.json
[2026-04-21 20:22:20,949] [24/MainThread] [DEBUG] [urllib3.connectionpool] Starting new HTTPS connection (5): dss-headless-node-56800c84.space-1e09aade-dku.svc.cluster.local:10005
[2026-04-21 20:22:20,970] [24/MainThread] [DEBUG] [urllib3.connectionpool] https://dss-headless-node-56800c84.space-1e09aade-dku.svc.cluster.local:10005 "POST /dip/api/tintercom/containers/put-file?executionId=doctor-preprocessing-rq0iqjx&fileKind=FILTERED_PATHS&path=%2Fdata%2Fdataiku%2Fdatadir%2Fanalysis-data%2FPROJET_CHURN_BANQUE%2FthJxdWrU%2FensPAIMA%2Fsessions%2Fs1%2Fpp1%2Fm1%2Fgrid_search_scores.json&expand=false HTTP/1.1" 200 None
[2026-04-21 20:22:20,971] [24/Thread-1] [INFO] [dataiku.base.folder_context] Fetching file from backend: source='/data/dataiku/datadir/analysis-data/PROJET_CHURN_BANQUE/thJxdWrU/ensPAIMA/sessions/s1/pp1/m1/stop_search' target='/home/dataiku/cache/analysis-data/PROJET_CHURN_BANQUE/thJxdWrU/ensPAIMA/sessions/s1/pp1/m1/stop_search'
[2026-04-21 20:22:20,971] [24/MainThread] [INFO] [dataiku.doctor.crossval.strategies.grid_search_strategy] Running GridSearchStrategy for hyperparameters space: <dataiku.doctor.prediction.common.TreesHyperparametersSpace object at 0x7f482bb57580>
[2026-04-21 20:22:20,971] [24/MainThread] [INFO] [dataiku.doctor.crossval.search_evaluator] Schedule evaluation on split 0: {'max_depth': 6, 'max_features': 'sqrt', 'min_samples_leaf': 1, 'n_estimators': 100, 'min_samples_split': 3}
[2026-04-21 20:22:20,971] [24/Thread-1] [INFO] [dataiku.container.file_exchange] Fetching file /data/dataiku/datadir/analysis-data/PROJET_CHURN_BANQUE/thJxdWrU/ensPAIMA/sessions/s1/pp1/m1/stop_search into /home/dataiku/cache/analysis-data/PROJET_CHURN_BANQUE/thJxdWrU/ensPAIMA/sessions/s1/pp1/m1/stop_search
[2026-04-21 20:22:20,974] [24/Thread-2:local-0] [INFO] [dataiku.doctor.distributed.local_worker] Starting worker: local-0
[2026-04-21 20:22:20,974] [24/Thread-2:local-0] [INFO] [dataiku.doctor.distributed.local_worker] Started worker: local-0
[2026-04-21 20:22:20,974] [24/MainThread] [INFO] [dataiku.doctor.distributed.work_scheduler] Enqueued task T1
[2026-04-21 20:22:20,974] [24/MainThread] [INFO] [dataiku.doctor.crossval.search_evaluator] Schedule evaluation on split 1: {'max_depth': 6, 'max_features': 'sqrt', 'min_samples_leaf': 1, 'n_estimators': 100, 'min_samples_split': 3}
[2026-04-21 20:22:20,974] [24/Thread-2:local-0] [INFO] [dataiku.doctor.distributed.work_scheduler] Running task T1 on local-0...
[2026-04-21 20:22:20,974] [24/Thread-2:local-0] [INFO] [dataiku.doctor.crossval.search_context] Fit s=0: max_depth=6, max_features=sqrt, min_samples_leaf=1, n_estimators=100, min_samples_split=3 
[2026-04-21 20:22:20,975] [24/Thread-1] [DEBUG] [urllib3.connectionpool] https://dss-headless-node-56800c84.space-1e09aade-dku.svc.cluster.local:10005 "POST /dip/api/tintercom/containers/get-file HTTP/1.1" 404 816
[2026-04-21 20:22:20,977] [24/Thread-1] [WARNING] [dataiku.container.file_exchange] Could not fetch file /data/dataiku/datadir/analysis-data/PROJET_CHURN_BANQUE/thJxdWrU/ensPAIMA/sessions/s1/pp1/m1/stop_search, not found
[2026-04-21 20:22:20,977] [24/Thread-3:local-1] [INFO] [dataiku.doctor.distributed.local_worker] Starting worker: local-1
[2026-04-21 20:22:20,978] [24/Thread-3:local-1] [INFO] [dataiku.doctor.distributed.local_worker] Started worker: local-1
[2026-04-21 20:22:20,978] [24/MainThread] [INFO] [dataiku.doctor.distributed.work_scheduler] Enqueued task T2
[2026-04-21 20:22:20,979] [24/MainThread] [INFO] [dataiku.doctor.crossval.search_evaluator] Schedule evaluation on split 2: {'max_depth': 6, 'max_features': 'sqrt', 'min_samples_leaf': 1, 'n_estimators': 100, 'min_samples_split': 3}
[2026-04-21 20:22:20,979] [24/Thread-4:local-2] [INFO] [dataiku.doctor.distributed.local_worker] Starting worker: local-2
[2026-04-21 20:22:20,980] [24/MainThread] [INFO] [dataiku.doctor.distributed.work_scheduler] Enqueued task T3
[2026-04-21 20:22:20,980] [24/Thread-4:local-2] [INFO] [dataiku.doctor.distributed.local_worker] Started worker: local-2
[2026-04-21 20:22:20,980] [24/MainThread] [INFO] [dataiku.doctor.crossval.search_evaluator] Schedule evaluation on split 3: {'max_depth': 6, 'max_features': 'sqrt', 'min_samples_leaf': 1, 'n_estimators': 100, 'min_samples_split': 3}
[2026-04-21 20:22:20,980] [24/Thread-3:local-1] [INFO] [dataiku.doctor.distributed.work_scheduler] Running task T2 on local-1...
[2026-04-21 20:22:20,982] [24/Thread-3:local-1] [INFO] [dataiku.doctor.crossval.search_context] Fit s=1: max_depth=6, max_features=sqrt, min_samples_leaf=1, n_estimators=100, min_samples_split=3 
[2026-04-21 20:22:20,981] [24/Thread-5:local-3] [INFO] [dataiku.doctor.distributed.local_worker] Starting worker: local-3
[2026-04-21 20:22:20,983] [24/Thread-5:local-3] [INFO] [dataiku.doctor.distributed.local_worker] Started worker: local-3
[2026-04-21 20:22:20,980] [24/Thread-4:local-2] [INFO] [dataiku.doctor.distributed.work_scheduler] Running task T3 on local-2...
[2026-04-21 20:22:20,984] [24/Thread-4:local-2] [INFO] [dataiku.doctor.crossval.search_context] Fit s=2: max_depth=6, max_features=sqrt, min_samples_leaf=1, n_estimators=100, min_samples_split=3 
[2026-04-21 20:22:20,982] [24/MainThread] [INFO] [dataiku.doctor.distributed.work_scheduler] Enqueued task T4
[2026-04-21 20:22:20,985] [24/MainThread] [INFO] [dataiku.doctor.crossval.search_evaluator] Schedule evaluation on split 4: {'max_depth': 6, 'max_features': 'sqrt', 'min_samples_leaf': 1, 'n_estimators': 100, 'min_samples_split': 3}
[2026-04-21 20:22:20,985] [24/Thread-5:local-3] [INFO] [dataiku.doctor.distributed.work_scheduler] Running task T4 on local-3...
[2026-04-21 20:22:20,985] [24/Thread-5:local-3] [INFO] [dataiku.doctor.crossval.search_context] Fit s=3: max_depth=6, max_features=sqrt, min_samples_leaf=1, n_estimators=100, min_samples_split=3 
[2026-04-21 20:22:22,031] [24/Thread-1] [INFO] [dataiku.base.folder_context] Fetching file from backend: source='/data/dataiku/datadir/analysis-data/PROJET_CHURN_BANQUE/thJxdWrU/ensPAIMA/sessions/s1/pp1/m1/stop_search' target='/home/dataiku/cache/analysis-data/PROJET_CHURN_BANQUE/thJxdWrU/ensPAIMA/sessions/s1/pp1/m1/stop_search'
[2026-04-21 20:22:22,031] [24/Thread-1] [INFO] [dataiku.container.file_exchange] Fetching file /data/dataiku/datadir/analysis-data/PROJET_CHURN_BANQUE/thJxdWrU/ensPAIMA/sessions/s1/pp1/m1/stop_search into /home/dataiku/cache/analysis-data/PROJET_CHURN_BANQUE/thJxdWrU/ensPAIMA/sessions/s1/pp1/m1/stop_search
[2026-04-21 20:22:22,033] [24/Thread-1] [DEBUG] [urllib3.connectionpool] Starting new HTTPS connection (6): dss-headless-node-56800c84.space-1e09aade-dku.svc.cluster.local:10005
[2026-04-21 20:22:22,284] [24/Thread-1] [DEBUG] [urllib3.connectionpool] https://dss-headless-node-56800c84.space-1e09aade-dku.svc.cluster.local:10005 "POST /dip/api/tintercom/containers/get-file HTTP/1.1" 404 816
[2026-04-21 20:22:22,286] [24/Thread-1] [WARNING] [dataiku.container.file_exchange] Could not fetch file /data/dataiku/datadir/analysis-data/PROJET_CHURN_BANQUE/thJxdWrU/ensPAIMA/sessions/s1/pp1/m1/stop_search, not found
[2026-04-21 20:22:23,331] [24/Thread-1] [INFO] [dataiku.base.folder_context] Fetching file from backend: source='/data/dataiku/datadir/analysis-data/PROJET_CHURN_BANQUE/thJxdWrU/ensPAIMA/sessions/s1/pp1/m1/stop_search' target='/home/dataiku/cache/analysis-data/PROJET_CHURN_BANQUE/thJxdWrU/ensPAIMA/sessions/s1/pp1/m1/stop_search'
[2026-04-21 20:22:23,484] [24/Thread-1] [INFO] [dataiku.container.file_exchange] Fetching file /data/dataiku/datadir/analysis-data/PROJET_CHURN_BANQUE/thJxdWrU/ensPAIMA/sessions/s1/pp1/m1/stop_search into /home/dataiku/cache/analysis-data/PROJET_CHURN_BANQUE/thJxdWrU/ensPAIMA/sessions/s1/pp1/m1/stop_search
[2026-04-21 20:22:23,487] [24/Thread-1] [DEBUG] [urllib3.connectionpool] Starting new HTTPS connection (7): dss-headless-node-56800c84.space-1e09aade-dku.svc.cluster.local:10005
[2026/04/21-20:22:23.508] [KNL-python-single-command-kernel-k8smonitor-2141] [INFO] [dku.containers.kubernetes]  - wait for pod to complete, getting pod status
[2026/04/21-20:22:23.508] [KNL-python-single-command-kernel-k8smonitor-2141] [INFO] [dku.containers.kubernetes]  - Querying status on pod dataiku-exec-doctor-preprocessing-rq0iqjx- try number 1
[2026-04-21 20:22:23,532] [1/Thread-1] [INFO] [root] Local process resource usage : {"commandName": "/opt/dataiku/bin/python -m dataiku.container.exec_doctor_server", "vmRSSTotalMBS": 0, "majorFaults": 125, "childrenMajorFaults": 5, "cpuUserTimeMS": 4240.0, "cpuSystemTimeMS": 340.0, "cpuChildrenUserTimeMS": 10.0, "cpuChildrenSystemTimeMS": 0.0, "cpuTotalMS": 4590.0, "vmSizePeakMB": 3457.2578125, "vmSizeMB": 3457.2578125, "vmRSSMB": 253.4296875, "vmHWMMB": 253.4296875, "vmRSSAnonMB": 164.29296875, "vmDataMB": 1044.9140625, "vmRSSPeakMB": 253.4296875}
[2026-04-21 20:22:23,637] [24/Thread-1] [DEBUG] [urllib3.connectionpool] https://dss-headless-node-56800c84.space-1e09aade-dku.svc.cluster.local:10005 "POST /dip/api/tintercom/containers/get-file HTTP/1.1" 404 816
[2026/04/21-20:22:23.698] [Thread-1801] [DEBUG] [dku.utils]  - Process kubectl-get-pod done (return code 0)
[2026/04/21-20:22:23.699] [KNL-python-single-command-kernel-k8smonitor-2141] [DEBUG] [dku.containers.kubernetes]  - kubectl get pod OK, out=Running
[2026/04/21-20:22:23.699] [KNL-python-single-command-kernel-k8smonitor-2141] [DEBUG] [dku.containers.kubernetes]  - Kubernetes pod is running
[2026-04-21 20:22:23,730] [24/Thread-1] [WARNING] [dataiku.container.file_exchange] Could not fetch file /data/dataiku/datadir/analysis-data/PROJET_CHURN_BANQUE/thJxdWrU/ensPAIMA/sessions/s1/pp1/m1/stop_search, not found
[2026-04-21 20:22:24,785] [24/Thread-1] [INFO] [dataiku.base.folder_context] Fetching file from backend: source='/data/dataiku/datadir/analysis-data/PROJET_CHURN_BANQUE/thJxdWrU/ensPAIMA/sessions/s1/pp1/m1/stop_search' target='/home/dataiku/cache/analysis-data/PROJET_CHURN_BANQUE/thJxdWrU/ensPAIMA/sessions/s1/pp1/m1/stop_search'
[2026-04-21 20:22:24,884] [24/Thread-1] [INFO] [dataiku.container.file_exchange] Fetching file /data/dataiku/datadir/analysis-data/PROJET_CHURN_BANQUE/thJxdWrU/ensPAIMA/sessions/s1/pp1/m1/stop_search into /home/dataiku/cache/analysis-data/PROJET_CHURN_BANQUE/thJxdWrU/ensPAIMA/sessions/s1/pp1/m1/stop_search
[2026-04-21 20:22:24,893] [24/Thread-1] [DEBUG] [urllib3.connectionpool] Starting new HTTPS connection (8): dss-headless-node-56800c84.space-1e09aade-dku.svc.cluster.local:10005
[2026-04-21 20:22:25,131] [24/Thread-1] [DEBUG] [urllib3.connectionpool] https://dss-headless-node-56800c84.space-1e09aade-dku.svc.cluster.local:10005 "POST /dip/api/tintercom/containers/get-file HTTP/1.1" 404 816
[2026-04-21 20:22:25,179] [24/Thread-1] [WARNING] [dataiku.container.file_exchange] Could not fetch file /data/dataiku/datadir/analysis-data/PROJET_CHURN_BANQUE/thJxdWrU/ensPAIMA/sessions/s1/pp1/m1/stop_search, not found
[2026-04-21 20:22:26,184] [24/Thread-1] [INFO] [dataiku.base.folder_context] Fetching file from backend: source='/data/dataiku/datadir/analysis-data/PROJET_CHURN_BANQUE/thJxdWrU/ensPAIMA/sessions/s1/pp1/m1/stop_search' target='/home/dataiku/cache/analysis-data/PROJET_CHURN_BANQUE/thJxdWrU/ensPAIMA/sessions/s1/pp1/m1/stop_search'
[2026-04-21 20:22:26,184] [24/Thread-1] [INFO] [dataiku.container.file_exchange] Fetching file /data/dataiku/datadir/analysis-data/PROJET_CHURN_BANQUE/thJxdWrU/ensPAIMA/sessions/s1/pp1/m1/stop_search into /home/dataiku/cache/analysis-data/PROJET_CHURN_BANQUE/thJxdWrU/ensPAIMA/sessions/s1/pp1/m1/stop_search
[2026-04-21 20:22:26,235] [24/Thread-1] [DEBUG] [urllib3.connectionpool] Starting new HTTPS connection (9): dss-headless-node-56800c84.space-1e09aade-dku.svc.cluster.local:10005
[2026-04-21 20:22:26,584] [24/Thread-1] [DEBUG] [urllib3.connectionpool] https://dss-headless-node-56800c84.space-1e09aade-dku.svc.cluster.local:10005 "POST /dip/api/tintercom/containers/get-file HTTP/1.1" 404 816
[2026-04-21 20:22:26,730] [24/Thread-1] [WARNING] [dataiku.container.file_exchange] Could not fetch file /data/dataiku/datadir/analysis-data/PROJET_CHURN_BANQUE/thJxdWrU/ensPAIMA/sessions/s1/pp1/m1/stop_search, not found
[2026-04-21 20:22:27,788] [24/Thread-1] [INFO] [dataiku.base.folder_context] Fetching file from backend: source='/data/dataiku/datadir/analysis-data/PROJET_CHURN_BANQUE/thJxdWrU/ensPAIMA/sessions/s1/pp1/m1/stop_search' target='/home/dataiku/cache/analysis-data/PROJET_CHURN_BANQUE/thJxdWrU/ensPAIMA/sessions/s1/pp1/m1/stop_search'
[2026-04-21 20:22:27,881] [24/Thread-1] [INFO] [dataiku.container.file_exchange] Fetching file /data/dataiku/datadir/analysis-data/PROJET_CHURN_BANQUE/thJxdWrU/ensPAIMA/sessions/s1/pp1/m1/stop_search into /home/dataiku/cache/analysis-data/PROJET_CHURN_BANQUE/thJxdWrU/ensPAIMA/sessions/s1/pp1/m1/stop_search
[2026-04-21 20:22:27,888] [24/Thread-1] [DEBUG] [urllib3.connectionpool] Starting new HTTPS connection (10): dss-headless-node-56800c84.space-1e09aade-dku.svc.cluster.local:10005
[2026-04-21 20:22:28,040] [24/Thread-1] [DEBUG] [urllib3.connectionpool] https://dss-headless-node-56800c84.space-1e09aade-dku.svc.cluster.local:10005 "POST /dip/api/tintercom/containers/get-file HTTP/1.1" 404 816
[2026-04-21 20:22:28,041] [24/Thread-1] [WARNING] [dataiku.container.file_exchange] Could not fetch file /data/dataiku/datadir/analysis-data/PROJET_CHURN_BANQUE/thJxdWrU/ensPAIMA/sessions/s1/pp1/m1/stop_search, not found
[2026/04/21-20:22:28.699] [KNL-python-single-command-kernel-k8smonitor-2141] [INFO] [dku.containers.kubernetes]  - wait for pod to complete, getting pod status
[2026/04/21-20:22:28.700] [KNL-python-single-command-kernel-k8smonitor-2141] [INFO] [dku.containers.kubernetes]  - Querying status on pod dataiku-exec-doctor-preprocessing-rq0iqjx- try number 1
[2026/04/21-20:22:28.890] [Thread-1807] [DEBUG] [dku.utils]  - Process kubectl-get-pod done (return code 0)
[2026/04/21-20:22:28.890] [KNL-python-single-command-kernel-k8smonitor-2141] [DEBUG] [dku.containers.kubernetes]  - kubectl get pod OK, out=Running
[2026/04/21-20:22:28.891] [KNL-python-single-command-kernel-k8smonitor-2141] [DEBUG] [dku.containers.kubernetes]  - Kubernetes pod is running
[2026-04-21 20:22:29,006] [24/Thread-5:local-3] [INFO] [dataiku.doctor.crossval.search_context] Done s=3: max_depth=6, max_features=sqrt, min_samples_leaf=1, n_estimators=100, min_samples_split=3 (ft=7.0 st=1.0 sc=0.8612689998012124, sg=1)
[2026-04-21 20:22:29,006] [24/Thread-5:local-3] [INFO] [dataiku.doctor.distributed.work_scheduler] Task T4 done on local-3
[2026-04-21 20:22:29,007] [24/MainThread] [INFO] [dataiku.doctor.distributed.work_scheduler] Enqueued task T5
[2026-04-21 20:22:29,008] [24/Thread-5:local-3] [INFO] [dataiku.doctor.distributed.work_scheduler] Running task T5 on local-3...
[2026-04-21 20:22:29,008] [24/Thread-5:local-3] [INFO] [dataiku.doctor.crossval.search_context] Fit s=4: max_depth=6, max_features=sqrt, min_samples_leaf=1, n_estimators=100, min_samples_split=3 
[2026-04-21 20:22:29,009] [24/MainThread] [INFO] [dataiku.doctor.crossval.search_evaluator] Schedule evaluation on split 0: {'max_depth': 12, 'max_features': 'sqrt', 'min_samples_leaf': 1, 'n_estimators': 100, 'min_samples_split': 3}
[2026-04-21 20:22:29,016] [24/Thread-4:local-2] [INFO] [dataiku.doctor.crossval.search_context] Done s=2: max_depth=6, max_features=sqrt, min_samples_leaf=1, n_estimators=100, min_samples_split=3 (ft=7.2 st=0.8 sc=0.8587055286714158, sg=1)
[2026-04-21 20:22:29,017] [24/Thread-4:local-2] [INFO] [dataiku.doctor.distributed.work_scheduler] Task T3 done on local-2
[2026-04-21 20:22:29,018] [24/MainThread] [INFO] [dataiku.doctor.distributed.work_scheduler] Enqueued task T6
[2026-04-21 20:22:29,018] [24/MainThread] [INFO] [dataiku.doctor.crossval.search_evaluator] Schedule evaluation on split 1: {'max_depth': 12, 'max_features': 'sqrt', 'min_samples_leaf': 1, 'n_estimators': 100, 'min_samples_split': 3}
[2026-04-21 20:22:29,018] [24/Thread-4:local-2] [INFO] [dataiku.doctor.distributed.work_scheduler] Running task T6 on local-2...
[2026-04-21 20:22:29,019] [24/Thread-4:local-2] [INFO] [dataiku.doctor.crossval.search_context] Fit s=0: max_depth=12, max_features=sqrt, min_samples_leaf=1, n_estimators=100, min_samples_split=3 
[2026-04-21 20:22:29,084] [24/Thread-1] [INFO] [dataiku.base.folder_context] Fetching file from backend: source='/data/dataiku/datadir/analysis-data/PROJET_CHURN_BANQUE/thJxdWrU/ensPAIMA/sessions/s1/pp1/m1/stop_search' target='/home/dataiku/cache/analysis-data/PROJET_CHURN_BANQUE/thJxdWrU/ensPAIMA/sessions/s1/pp1/m1/stop_search'
[2026-04-21 20:22:29,113] [24/Thread-1] [INFO] [dataiku.container.file_exchange] Fetching file /data/dataiku/datadir/analysis-data/PROJET_CHURN_BANQUE/thJxdWrU/ensPAIMA/sessions/s1/pp1/m1/stop_search into /home/dataiku/cache/analysis-data/PROJET_CHURN_BANQUE/thJxdWrU/ensPAIMA/sessions/s1/pp1/m1/stop_search
[2026-04-21 20:22:29,114] [24/Thread-1] [DEBUG] [urllib3.connectionpool] Starting new HTTPS connection (11): dss-headless-node-56800c84.space-1e09aade-dku.svc.cluster.local:10005
[2026-04-21 20:22:29,140] [24/Thread-1] [DEBUG] [urllib3.connectionpool] https://dss-headless-node-56800c84.space-1e09aade-dku.svc.cluster.local:10005 "POST /dip/api/tintercom/containers/get-file HTTP/1.1" 404 816
[2026-04-21 20:22:29,185] [24/Thread-1] [WARNING] [dataiku.container.file_exchange] Could not fetch file /data/dataiku/datadir/analysis-data/PROJET_CHURN_BANQUE/thJxdWrU/ensPAIMA/sessions/s1/pp1/m1/stop_search, not found
[2026-04-21 20:22:29,141] [24/Thread-2:local-0] [INFO] [dataiku.doctor.crossval.search_context] Done s=0: max_depth=6, max_features=sqrt, min_samples_leaf=1, n_estimators=100, min_samples_split=3 (ft=7.5 st=0.7 sc=0.8553322686145978, sg=1)
[2026-04-21 20:22:29,230] [24/Thread-2:local-0] [INFO] [dataiku.doctor.distributed.work_scheduler] Task T1 done on local-0
[2026-04-21 20:22:29,231] [24/MainThread] [INFO] [dataiku.doctor.distributed.work_scheduler] Enqueued task T7
[2026-04-21 20:22:29,231] [24/MainThread] [INFO] [dataiku.doctor.crossval.search_evaluator] Schedule evaluation on split 2: {'max_depth': 12, 'max_features': 'sqrt', 'min_samples_leaf': 1, 'n_estimators': 100, 'min_samples_split': 3}
[2026-04-21 20:22:29,232] [24/Thread-2:local-0] [INFO] [dataiku.doctor.distributed.work_scheduler] Running task T7 on local-0...
[2026-04-21 20:22:29,232] [24/Thread-2:local-0] [INFO] [dataiku.doctor.crossval.search_context] Fit s=1: max_depth=12, max_features=sqrt, min_samples_leaf=1, n_estimators=100, min_samples_split=3 
[2026-04-21 20:22:29,592] [24/Thread-3:local-1] [INFO] [dataiku.doctor.crossval.search_context] Done s=1: max_depth=6, max_features=sqrt, min_samples_leaf=1, n_estimators=100, min_samples_split=3 (ft=7.4 st=1.2 sc=0.8617337252059776, sg=1)
[2026-04-21 20:22:29,593] [24/Thread-3:local-1] [INFO] [dataiku.doctor.distributed.work_scheduler] Task T2 done on local-1
[2026-04-21 20:22:29,594] [24/MainThread] [INFO] [dataiku.doctor.distributed.work_scheduler] Enqueued task T8
[2026-04-21 20:22:29,597] [24/MainThread] [INFO] [dataiku.doctor.crossval.search_evaluator] Schedule evaluation on split 3: {'max_depth': 12, 'max_features': 'sqrt', 'min_samples_leaf': 1, 'n_estimators': 100, 'min_samples_split': 3}
[2026-04-21 20:22:29,780] [24/Thread-3:local-1] [INFO] [dataiku.doctor.distributed.work_scheduler] Running task T8 on local-1...
[2026-04-21 20:22:29,781] [24/Thread-3:local-1] [INFO] [dataiku.doctor.crossval.search_context] Fit s=2: max_depth=12, max_features=sqrt, min_samples_leaf=1, n_estimators=100, min_samples_split=3 
[2026-04-21 20:22:30,231] [24/Thread-1] [INFO] [dataiku.base.folder_context] Fetching file from backend: source='/data/dataiku/datadir/analysis-data/PROJET_CHURN_BANQUE/thJxdWrU/ensPAIMA/sessions/s1/pp1/m1/stop_search' target='/home/dataiku/cache/analysis-data/PROJET_CHURN_BANQUE/thJxdWrU/ensPAIMA/sessions/s1/pp1/m1/stop_search'
[2026-04-21 20:22:30,232] [24/Thread-1] [INFO] [dataiku.container.file_exchange] Fetching file /data/dataiku/datadir/analysis-data/PROJET_CHURN_BANQUE/thJxdWrU/ensPAIMA/sessions/s1/pp1/m1/stop_search into /home/dataiku/cache/analysis-data/PROJET_CHURN_BANQUE/thJxdWrU/ensPAIMA/sessions/s1/pp1/m1/stop_search
[2026-04-21 20:22:30,289] [24/Thread-1] [DEBUG] [urllib3.connectionpool] Starting new HTTPS connection (12): dss-headless-node-56800c84.space-1e09aade-dku.svc.cluster.local:10005
[2026-04-21 20:22:30,983] [24/Thread-1] [DEBUG] [urllib3.connectionpool] https://dss-headless-node-56800c84.space-1e09aade-dku.svc.cluster.local:10005 "POST /dip/api/tintercom/containers/get-file HTTP/1.1" 404 816
[2026-04-21 20:22:30,984] [24/Thread-1] [WARNING] [dataiku.container.file_exchange] Could not fetch file /data/dataiku/datadir/analysis-data/PROJET_CHURN_BANQUE/thJxdWrU/ensPAIMA/sessions/s1/pp1/m1/stop_search, not found
[2026-04-21 20:22:32,080] [24/Thread-1] [INFO] [dataiku.base.folder_context] Fetching file from backend: source='/data/dataiku/datadir/analysis-data/PROJET_CHURN_BANQUE/thJxdWrU/ensPAIMA/sessions/s1/pp1/m1/stop_search' target='/home/dataiku/cache/analysis-data/PROJET_CHURN_BANQUE/thJxdWrU/ensPAIMA/sessions/s1/pp1/m1/stop_search'
[2026-04-21 20:22:32,083] [24/Thread-1] [INFO] [dataiku.container.file_exchange] Fetching file /data/dataiku/datadir/analysis-data/PROJET_CHURN_BANQUE/thJxdWrU/ensPAIMA/sessions/s1/pp1/m1/stop_search into /home/dataiku/cache/analysis-data/PROJET_CHURN_BANQUE/thJxdWrU/ensPAIMA/sessions/s1/pp1/m1/stop_search
[2026-04-21 20:22:32,091] [24/Thread-1] [DEBUG] [urllib3.connectionpool] Starting new HTTPS connection (13): dss-headless-node-56800c84.space-1e09aade-dku.svc.cluster.local:10005
[2026-04-21 20:22:32,683] [24/Thread-1] [DEBUG] [urllib3.connectionpool] https://dss-headless-node-56800c84.space-1e09aade-dku.svc.cluster.local:10005 "POST /dip/api/tintercom/containers/get-file HTTP/1.1" 404 816
[2026-04-21 20:22:32,684] [24/Thread-1] [WARNING] [dataiku.container.file_exchange] Could not fetch file /data/dataiku/datadir/analysis-data/PROJET_CHURN_BANQUE/thJxdWrU/ensPAIMA/sessions/s1/pp1/m1/stop_search, not found
[2026-04-21 20:22:33,685] [24/Thread-1] [INFO] [dataiku.base.folder_context] Fetching file from backend: source='/data/dataiku/datadir/analysis-data/PROJET_CHURN_BANQUE/thJxdWrU/ensPAIMA/sessions/s1/pp1/m1/stop_search' target='/home/dataiku/cache/analysis-data/PROJET_CHURN_BANQUE/thJxdWrU/ensPAIMA/sessions/s1/pp1/m1/stop_search'
[2026-04-21 20:22:33,781] [24/Thread-1] [INFO] [dataiku.container.file_exchange] Fetching file /data/dataiku/datadir/analysis-data/PROJET_CHURN_BANQUE/thJxdWrU/ensPAIMA/sessions/s1/pp1/m1/stop_search into /home/dataiku/cache/analysis-data/PROJET_CHURN_BANQUE/thJxdWrU/ensPAIMA/sessions/s1/pp1/m1/stop_search
[2026-04-21 20:22:33,784] [24/Thread-1] [DEBUG] [urllib3.connectionpool] Starting new HTTPS connection (14): dss-headless-node-56800c84.space-1e09aade-dku.svc.cluster.local:10005
[2026/04/21-20:22:33.892] [KNL-python-single-command-kernel-k8smonitor-2141] [INFO] [dku.containers.kubernetes]  - wait for pod to complete, getting pod status
[2026/04/21-20:22:33.892] [KNL-python-single-command-kernel-k8smonitor-2141] [INFO] [dku.containers.kubernetes]  - Querying status on pod dataiku-exec-doctor-preprocessing-rq0iqjx- try number 1
[2026/04/21-20:22:34.100] [Thread-1819] [DEBUG] [dku.utils]  - Process kubectl-get-pod done (return code 0)
[2026/04/21-20:22:34.101] [KNL-python-single-command-kernel-k8smonitor-2141] [DEBUG] [dku.containers.kubernetes]  - kubectl get pod OK, out=Running
[2026/04/21-20:22:34.101] [KNL-python-single-command-kernel-k8smonitor-2141] [DEBUG] [dku.containers.kubernetes]  - Kubernetes pod is running
[2026-04-21 20:22:34,180] [24/Thread-1] [DEBUG] [urllib3.connectionpool] https://dss-headless-node-56800c84.space-1e09aade-dku.svc.cluster.local:10005 "POST /dip/api/tintercom/containers/get-file HTTP/1.1" 404 816
[2026-04-21 20:22:34,180] [24/Thread-1] [WARNING] [dataiku.container.file_exchange] Could not fetch file /data/dataiku/datadir/analysis-data/PROJET_CHURN_BANQUE/thJxdWrU/ensPAIMA/sessions/s1/pp1/m1/stop_search, not found
[2026-04-21 20:22:35,190] [24/Thread-1] [INFO] [dataiku.base.folder_context] Fetching file from backend: source='/data/dataiku/datadir/analysis-data/PROJET_CHURN_BANQUE/thJxdWrU/ensPAIMA/sessions/s1/pp1/m1/stop_search' target='/home/dataiku/cache/analysis-data/PROJET_CHURN_BANQUE/thJxdWrU/ensPAIMA/sessions/s1/pp1/m1/stop_search'
[2026-04-21 20:22:35,279] [24/Thread-1] [INFO] [dataiku.container.file_exchange] Fetching file /data/dataiku/datadir/analysis-data/PROJET_CHURN_BANQUE/thJxdWrU/ensPAIMA/sessions/s1/pp1/m1/stop_search into /home/dataiku/cache/analysis-data/PROJET_CHURN_BANQUE/thJxdWrU/ensPAIMA/sessions/s1/pp1/m1/stop_search
[2026-04-21 20:22:35,281] [24/Thread-1] [DEBUG] [urllib3.connectionpool] Starting new HTTPS connection (15): dss-headless-node-56800c84.space-1e09aade-dku.svc.cluster.local:10005
[2026-04-21 20:22:35,689] [24/Thread-1] [DEBUG] [urllib3.connectionpool] https://dss-headless-node-56800c84.space-1e09aade-dku.svc.cluster.local:10005 "POST /dip/api/tintercom/containers/get-file HTTP/1.1" 404 816
[2026-04-21 20:22:35,689] [24/Thread-1] [WARNING] [dataiku.container.file_exchange] Could not fetch file /data/dataiku/datadir/analysis-data/PROJET_CHURN_BANQUE/thJxdWrU/ensPAIMA/sessions/s1/pp1/m1/stop_search, not found
[2026-04-21 20:22:36,780] [24/Thread-1] [INFO] [dataiku.base.folder_context] Fetching file from backend: source='/data/dataiku/datadir/analysis-data/PROJET_CHURN_BANQUE/thJxdWrU/ensPAIMA/sessions/s1/pp1/m1/stop_search' target='/home/dataiku/cache/analysis-data/PROJET_CHURN_BANQUE/thJxdWrU/ensPAIMA/sessions/s1/pp1/m1/stop_search'
[2026-04-21 20:22:36,792] [24/Thread-1] [INFO] [dataiku.container.file_exchange] Fetching file /data/dataiku/datadir/analysis-data/PROJET_CHURN_BANQUE/thJxdWrU/ensPAIMA/sessions/s1/pp1/m1/stop_search into /home/dataiku/cache/analysis-data/PROJET_CHURN_BANQUE/thJxdWrU/ensPAIMA/sessions/s1/pp1/m1/stop_search
[2026-04-21 20:22:36,794] [24/Thread-1] [DEBUG] [urllib3.connectionpool] Starting new HTTPS connection (16): dss-headless-node-56800c84.space-1e09aade-dku.svc.cluster.local:10005
[2026-04-21 20:22:37,191] [24/Thread-1] [DEBUG] [urllib3.connectionpool] https://dss-headless-node-56800c84.space-1e09aade-dku.svc.cluster.local:10005 "POST /dip/api/tintercom/containers/get-file HTTP/1.1" 404 816
[2026-04-21 20:22:37,191] [24/Thread-1] [WARNING] [dataiku.container.file_exchange] Could not fetch file /data/dataiku/datadir/analysis-data/PROJET_CHURN_BANQUE/thJxdWrU/ensPAIMA/sessions/s1/pp1/m1/stop_search, not found
[2026-04-21 20:22:38,194] [24/Thread-1] [INFO] [dataiku.base.folder_context] Fetching file from backend: source='/data/dataiku/datadir/analysis-data/PROJET_CHURN_BANQUE/thJxdWrU/ensPAIMA/sessions/s1/pp1/m1/stop_search' target='/home/dataiku/cache/analysis-data/PROJET_CHURN_BANQUE/thJxdWrU/ensPAIMA/sessions/s1/pp1/m1/stop_search'
[2026-04-21 20:22:38,195] [24/Thread-1] [INFO] [dataiku.container.file_exchange] Fetching file /data/dataiku/datadir/analysis-data/PROJET_CHURN_BANQUE/thJxdWrU/ensPAIMA/sessions/s1/pp1/m1/stop_search into /home/dataiku/cache/analysis-data/PROJET_CHURN_BANQUE/thJxdWrU/ensPAIMA/sessions/s1/pp1/m1/stop_search
[2026-04-21 20:22:38,196] [24/Thread-1] [DEBUG] [urllib3.connectionpool] Starting new HTTPS connection (17): dss-headless-node-56800c84.space-1e09aade-dku.svc.cluster.local:10005
[2026-04-21 20:22:38,681] [24/Thread-1] [DEBUG] [urllib3.connectionpool] https://dss-headless-node-56800c84.space-1e09aade-dku.svc.cluster.local:10005 "POST /dip/api/tintercom/containers/get-file HTTP/1.1" 404 816
[2026-04-21 20:22:38,682] [24/Thread-1] [WARNING] [dataiku.container.file_exchange] Could not fetch file /data/dataiku/datadir/analysis-data/PROJET_CHURN_BANQUE/thJxdWrU/ensPAIMA/sessions/s1/pp1/m1/stop_search, not found
[2026/04/21-20:22:39.102] [KNL-python-single-command-kernel-k8smonitor-2141] [INFO] [dku.containers.kubernetes]  - wait for pod to complete, getting pod status
[2026/04/21-20:22:39.102] [KNL-python-single-command-kernel-k8smonitor-2141] [INFO] [dku.containers.kubernetes]  - Querying status on pod dataiku-exec-doctor-preprocessing-rq0iqjx- try number 1
[2026/04/21-20:22:39.300] [Thread-1825] [DEBUG] [dku.utils]  - Process kubectl-get-pod done (return code 0)
[2026/04/21-20:22:39.301] [KNL-python-single-command-kernel-k8smonitor-2141] [DEBUG] [dku.containers.kubernetes]  - kubectl get pod OK, out=Running
[2026/04/21-20:22:39.301] [KNL-python-single-command-kernel-k8smonitor-2141] [DEBUG] [dku.containers.kubernetes]  - Kubernetes pod is running
[2026-04-21 20:22:39,684] [24/Thread-1] [INFO] [dataiku.base.folder_context] Fetching file from backend: source='/data/dataiku/datadir/analysis-data/PROJET_CHURN_BANQUE/thJxdWrU/ensPAIMA/sessions/s1/pp1/m1/stop_search' target='/home/dataiku/cache/analysis-data/PROJET_CHURN_BANQUE/thJxdWrU/ensPAIMA/sessions/s1/pp1/m1/stop_search'
[2026-04-21 20:22:39,685] [24/Thread-1] [INFO] [dataiku.container.file_exchange] Fetching file /data/dataiku/datadir/analysis-data/PROJET_CHURN_BANQUE/thJxdWrU/ensPAIMA/sessions/s1/pp1/m1/stop_search into /home/dataiku/cache/analysis-data/PROJET_CHURN_BANQUE/thJxdWrU/ensPAIMA/sessions/s1/pp1/m1/stop_search
[2026-04-21 20:22:39,688] [24/Thread-1] [DEBUG] [urllib3.connectionpool] Starting new HTTPS connection (18): dss-headless-node-56800c84.space-1e09aade-dku.svc.cluster.local:10005
[2026-04-21 20:22:39,883] [24/Thread-1] [DEBUG] [urllib3.connectionpool] https://dss-headless-node-56800c84.space-1e09aade-dku.svc.cluster.local:10005 "POST /dip/api/tintercom/containers/get-file HTTP/1.1" 404 816
[2026-04-21 20:22:39,884] [24/Thread-1] [WARNING] [dataiku.container.file_exchange] Could not fetch file /data/dataiku/datadir/analysis-data/PROJET_CHURN_BANQUE/thJxdWrU/ensPAIMA/sessions/s1/pp1/m1/stop_search, not found
[2026-04-21 20:22:40,593] [24/Thread-5:local-3] [INFO] [dataiku.doctor.crossval.search_context] Done s=4: max_depth=6, max_features=sqrt, min_samples_leaf=1, n_estimators=100, min_samples_split=3 (ft=8.5 st=3.1 sc=0.8564341196820584, sg=1)
[2026-04-21 20:22:40,594] [24/Thread-5:local-3] [INFO] [dataiku.doctor.distributed.work_scheduler] Task T5 done on local-3
[2026-04-21 20:22:40,595] [24/MainThread] [INFO] [dataiku.doctor.distributed.work_scheduler] Enqueued task T9
[2026-04-21 20:22:40,606] [24/Thread-5:local-3] [INFO] [dataiku.doctor.distributed.work_scheduler] Running task T9 on local-3...
[2026-04-21 20:22:40,606] [24/Thread-5:local-3] [INFO] [dataiku.doctor.crossval.search_context] Fit s=3: max_depth=12, max_features=sqrt, min_samples_leaf=1, n_estimators=100, min_samples_split=3 
[2026-04-21 20:22:40,607] [24/Thread-90] [INFO] [root] Sending /home/dataiku/cache/analysis-data/PROJET_CHURN_BANQUE/thJxdWrU/ensPAIMA/sessions/s1/pp1/m1/grid_search_scores.json to /data/dataiku/datadir/analysis-data/PROJET_CHURN_BANQUE/thJxdWrU/ensPAIMA/sessions/s1/pp1/m1/grid_search_scores.json
[2026-04-21 20:22:40,610] [24/Thread-90] [DEBUG] [urllib3.connectionpool] Starting new HTTPS connection (19): dss-headless-node-56800c84.space-1e09aade-dku.svc.cluster.local:10005
[2026-04-21 20:22:40,712] [24/Thread-90] [DEBUG] [urllib3.connectionpool] https://dss-headless-node-56800c84.space-1e09aade-dku.svc.cluster.local:10005 "POST /dip/api/tintercom/containers/put-file?executionId=doctor-preprocessing-rq0iqjx&fileKind=FILTERED_PATHS&path=%2Fdata%2Fdataiku%2Fdatadir%2Fanalysis-data%2FPROJET_CHURN_BANQUE%2FthJxdWrU%2FensPAIMA%2Fsessions%2Fs1%2Fpp1%2Fm1%2Fgrid_search_scores.json&expand=false HTTP/1.1" 200 None
[2026-04-21 20:22:40,723] [24/MainThread] [INFO] [dataiku.doctor.crossval.search_evaluator] Schedule evaluation on split 4: {'max_depth': 12, 'max_features': 'sqrt', 'min_samples_leaf': 1, 'n_estimators': 100, 'min_samples_split': 3}
[2026-04-21 20:22:40,888] [24/Thread-1] [INFO] [dataiku.base.folder_context] Fetching file from backend: source='/data/dataiku/datadir/analysis-data/PROJET_CHURN_BANQUE/thJxdWrU/ensPAIMA/sessions/s1/pp1/m1/stop_search' target='/home/dataiku/cache/analysis-data/PROJET_CHURN_BANQUE/thJxdWrU/ensPAIMA/sessions/s1/pp1/m1/stop_search'
[2026-04-21 20:22:40,889] [24/Thread-1] [INFO] [dataiku.container.file_exchange] Fetching file /data/dataiku/datadir/analysis-data/PROJET_CHURN_BANQUE/thJxdWrU/ensPAIMA/sessions/s1/pp1/m1/stop_search into /home/dataiku/cache/analysis-data/PROJET_CHURN_BANQUE/thJxdWrU/ensPAIMA/sessions/s1/pp1/m1/stop_search
[2026-04-21 20:22:40,932] [24/Thread-1] [DEBUG] [urllib3.connectionpool] https://dss-headless-node-56800c84.space-1e09aade-dku.svc.cluster.local:10005 "POST /dip/api/tintercom/containers/get-file HTTP/1.1" 404 816
[2026-04-21 20:22:40,981] [24/Thread-1] [WARNING] [dataiku.container.file_exchange] Could not fetch file /data/dataiku/datadir/analysis-data/PROJET_CHURN_BANQUE/thJxdWrU/ensPAIMA/sessions/s1/pp1/m1/stop_search, not found
[2026-04-21 20:22:41,597] [24/Thread-4:local-2] [INFO] [dataiku.doctor.crossval.search_context] Done s=0: max_depth=12, max_features=sqrt, min_samples_leaf=1, n_estimators=100, min_samples_split=3 (ft=10.9 st=1.7 sc=0.8578292787272014, sg=1)
[2026-04-21 20:22:41,598] [24/Thread-4:local-2] [INFO] [dataiku.doctor.distributed.work_scheduler] Task T6 done on local-2
[2026-04-21 20:22:41,599] [24/Thread-2:local-0] [INFO] [dataiku.doctor.crossval.search_context] Done s=1: max_depth=12, max_features=sqrt, min_samples_leaf=1, n_estimators=100, min_samples_split=3 (ft=10.7 st=1.6 sc=0.8690429874212439, sg=1)
[2026-04-21 20:22:41,600] [24/Thread-2:local-0] [INFO] [dataiku.doctor.distributed.work_scheduler] Task T7 done on local-0
[2026-04-21 20:22:41,679] [24/MainThread] [INFO] [dataiku.doctor.distributed.work_scheduler] Enqueued task T10
[2026-04-21 20:22:41,680] [24/Thread-2:local-0] [INFO] [dataiku.doctor.distributed.work_scheduler] Running task T10 on local-0...
[2026-04-21 20:22:41,681] [24/Thread-2:local-0] [INFO] [dataiku.doctor.crossval.search_context] Fit s=4: max_depth=12, max_features=sqrt, min_samples_leaf=1, n_estimators=100, min_samples_split=3 
[2026-04-21 20:22:41,914] [24/Thread-3:local-1] [INFO] [dataiku.doctor.crossval.search_context] Done s=2: max_depth=12, max_features=sqrt, min_samples_leaf=1, n_estimators=100, min_samples_split=3 (ft=10.3 st=1.8 sc=0.8628281480404577, sg=1)
[2026-04-21 20:22:41,915] [24/Thread-3:local-1] [INFO] [dataiku.doctor.distributed.work_scheduler] Task T8 done on local-1
[2026-04-21 20:22:41,983] [24/Thread-1] [INFO] [dataiku.base.folder_context] Fetching file from backend: source='/data/dataiku/datadir/analysis-data/PROJET_CHURN_BANQUE/thJxdWrU/ensPAIMA/sessions/s1/pp1/m1/stop_search' target='/home/dataiku/cache/analysis-data/PROJET_CHURN_BANQUE/thJxdWrU/ensPAIMA/sessions/s1/pp1/m1/stop_search'
[2026-04-21 20:22:42,082] [24/Thread-1] [INFO] [dataiku.container.file_exchange] Fetching file /data/dataiku/datadir/analysis-data/PROJET_CHURN_BANQUE/thJxdWrU/ensPAIMA/sessions/s1/pp1/m1/stop_search into /home/dataiku/cache/analysis-data/PROJET_CHURN_BANQUE/thJxdWrU/ensPAIMA/sessions/s1/pp1/m1/stop_search
[2026-04-21 20:22:42,085] [24/Thread-1] [DEBUG] [urllib3.connectionpool] Starting new HTTPS connection (20): dss-headless-node-56800c84.space-1e09aade-dku.svc.cluster.local:10005
[2026-04-21 20:22:42,384] [24/Thread-1] [DEBUG] [urllib3.connectionpool] https://dss-headless-node-56800c84.space-1e09aade-dku.svc.cluster.local:10005 "POST /dip/api/tintercom/containers/get-file HTTP/1.1" 404 816
[2026-04-21 20:22:42,385] [24/Thread-1] [WARNING] [dataiku.container.file_exchange] Could not fetch file /data/dataiku/datadir/analysis-data/PROJET_CHURN_BANQUE/thJxdWrU/ensPAIMA/sessions/s1/pp1/m1/stop_search, not found
[2026-04-21 20:22:43,390] [24/Thread-1] [INFO] [dataiku.base.folder_context] Fetching file from backend: source='/data/dataiku/datadir/analysis-data/PROJET_CHURN_BANQUE/thJxdWrU/ensPAIMA/sessions/s1/pp1/m1/stop_search' target='/home/dataiku/cache/analysis-data/PROJET_CHURN_BANQUE/thJxdWrU/ensPAIMA/sessions/s1/pp1/m1/stop_search'
[2026-04-21 20:22:43,482] [24/Thread-1] [INFO] [dataiku.container.file_exchange] Fetching file /data/dataiku/datadir/analysis-data/PROJET_CHURN_BANQUE/thJxdWrU/ensPAIMA/sessions/s1/pp1/m1/stop_search into /home/dataiku/cache/analysis-data/PROJET_CHURN_BANQUE/thJxdWrU/ensPAIMA/sessions/s1/pp1/m1/stop_search
[2026-04-21 20:22:43,484] [24/Thread-1] [DEBUG] [urllib3.connectionpool] Starting new HTTPS connection (21): dss-headless-node-56800c84.space-1e09aade-dku.svc.cluster.local:10005
[2026-04-21 20:22:43,583] [24/Thread-1] [DEBUG] [urllib3.connectionpool] https://dss-headless-node-56800c84.space-1e09aade-dku.svc.cluster.local:10005 "POST /dip/api/tintercom/containers/get-file HTTP/1.1" 404 816
[2026-04-21 20:22:43,590] [24/Thread-1] [WARNING] [dataiku.container.file_exchange] Could not fetch file /data/dataiku/datadir/analysis-data/PROJET_CHURN_BANQUE/thJxdWrU/ensPAIMA/sessions/s1/pp1/m1/stop_search, not found
[2026/04/21-20:22:44.301] [KNL-python-single-command-kernel-k8smonitor-2141] [INFO] [dku.containers.kubernetes]  - wait for pod to complete, getting pod status
[2026/04/21-20:22:44.302] [KNL-python-single-command-kernel-k8smonitor-2141] [INFO] [dku.containers.kubernetes]  - Querying status on pod dataiku-exec-doctor-preprocessing-rq0iqjx- try number 1
[2026/04/21-20:22:44.498] [Thread-1831] [DEBUG] [dku.utils]  - Process kubectl-get-pod done (return code 0)
[2026/04/21-20:22:44.499] [KNL-python-single-command-kernel-k8smonitor-2141] [DEBUG] [dku.containers.kubernetes]  - kubectl get pod OK, out=Running
[2026/04/21-20:22:44.499] [KNL-python-single-command-kernel-k8smonitor-2141] [DEBUG] [dku.containers.kubernetes]  - Kubernetes pod is running
[2026-04-21 20:22:44,591] [24/Thread-1] [INFO] [dataiku.base.folder_context] Fetching file from backend: source='/data/dataiku/datadir/analysis-data/PROJET_CHURN_BANQUE/thJxdWrU/ensPAIMA/sessions/s1/pp1/m1/stop_search' target='/home/dataiku/cache/analysis-data/PROJET_CHURN_BANQUE/thJxdWrU/ensPAIMA/sessions/s1/pp1/m1/stop_search'
[2026-04-21 20:22:44,591] [24/Thread-1] [INFO] [dataiku.container.file_exchange] Fetching file /data/dataiku/datadir/analysis-data/PROJET_CHURN_BANQUE/thJxdWrU/ensPAIMA/sessions/s1/pp1/m1/stop_search into /home/dataiku/cache/analysis-data/PROJET_CHURN_BANQUE/thJxdWrU/ensPAIMA/sessions/s1/pp1/m1/stop_search
[2026-04-21 20:22:44,593] [24/Thread-1] [DEBUG] [urllib3.connectionpool] Starting new HTTPS connection (22): dss-headless-node-56800c84.space-1e09aade-dku.svc.cluster.local:10005
[2026-04-21 20:22:44,983] [24/Thread-1] [DEBUG] [urllib3.connectionpool] https://dss-headless-node-56800c84.space-1e09aade-dku.svc.cluster.local:10005 "POST /dip/api/tintercom/containers/get-file HTTP/1.1" 404 816
[2026-04-21 20:22:44,983] [24/Thread-1] [WARNING] [dataiku.container.file_exchange] Could not fetch file /data/dataiku/datadir/analysis-data/PROJET_CHURN_BANQUE/thJxdWrU/ensPAIMA/sessions/s1/pp1/m1/stop_search, not found
[2026-04-21 20:22:45,985] [24/Thread-1] [INFO] [dataiku.base.folder_context] Fetching file from backend: source='/data/dataiku/datadir/analysis-data/PROJET_CHURN_BANQUE/thJxdWrU/ensPAIMA/sessions/s1/pp1/m1/stop_search' target='/home/dataiku/cache/analysis-data/PROJET_CHURN_BANQUE/thJxdWrU/ensPAIMA/sessions/s1/pp1/m1/stop_search'
[2026-04-21 20:22:45,987] [24/Thread-1] [INFO] [dataiku.container.file_exchange] Fetching file /data/dataiku/datadir/analysis-data/PROJET_CHURN_BANQUE/thJxdWrU/ensPAIMA/sessions/s1/pp1/m1/stop_search into /home/dataiku/cache/analysis-data/PROJET_CHURN_BANQUE/thJxdWrU/ensPAIMA/sessions/s1/pp1/m1/stop_search
[2026-04-21 20:22:46,079] [24/Thread-1] [DEBUG] [urllib3.connectionpool] Starting new HTTPS connection (23): dss-headless-node-56800c84.space-1e09aade-dku.svc.cluster.local:10005
[2026-04-21 20:22:46,283] [24/Thread-1] [DEBUG] [urllib3.connectionpool] https://dss-headless-node-56800c84.space-1e09aade-dku.svc.cluster.local:10005 "POST /dip/api/tintercom/containers/get-file HTTP/1.1" 404 816
[2026-04-21 20:22:46,283] [24/Thread-1] [WARNING] [dataiku.container.file_exchange] Could not fetch file /data/dataiku/datadir/analysis-data/PROJET_CHURN_BANQUE/thJxdWrU/ensPAIMA/sessions/s1/pp1/m1/stop_search, not found
[2026-04-21 20:22:47,202] [24/Thread-5:local-3] [INFO] [dataiku.doctor.crossval.search_context] Done s=3: max_depth=12, max_features=sqrt, min_samples_leaf=1, n_estimators=100, min_samples_split=3 (ft=5.7 st=0.9 sc=0.8655127090608616, sg=1)
[2026-04-21 20:22:47,202] [24/Thread-5:local-3] [INFO] [dataiku.doctor.distributed.work_scheduler] Task T9 done on local-3
[2026-04-21 20:22:47,285] [24/Thread-1] [INFO] [dataiku.base.folder_context] Fetching file from backend: source='/data/dataiku/datadir/analysis-data/PROJET_CHURN_BANQUE/thJxdWrU/ensPAIMA/sessions/s1/pp1/m1/stop_search' target='/home/dataiku/cache/analysis-data/PROJET_CHURN_BANQUE/thJxdWrU/ensPAIMA/sessions/s1/pp1/m1/stop_search'
[2026-04-21 20:22:47,285] [24/Thread-1] [INFO] [dataiku.container.file_exchange] Fetching file /data/dataiku/datadir/analysis-data/PROJET_CHURN_BANQUE/thJxdWrU/ensPAIMA/sessions/s1/pp1/m1/stop_search into /home/dataiku/cache/analysis-data/PROJET_CHURN_BANQUE/thJxdWrU/ensPAIMA/sessions/s1/pp1/m1/stop_search
[2026-04-21 20:22:47,288] [24/Thread-1] [DEBUG] [urllib3.connectionpool] Starting new HTTPS connection (24): dss-headless-node-56800c84.space-1e09aade-dku.svc.cluster.local:10005
[2026-04-21 20:22:47,382] [24/Thread-1] [DEBUG] [urllib3.connectionpool] https://dss-headless-node-56800c84.space-1e09aade-dku.svc.cluster.local:10005 "POST /dip/api/tintercom/containers/get-file HTTP/1.1" 404 816
[2026-04-21 20:22:47,382] [24/Thread-1] [WARNING] [dataiku.container.file_exchange] Could not fetch file /data/dataiku/datadir/analysis-data/PROJET_CHURN_BANQUE/thJxdWrU/ensPAIMA/sessions/s1/pp1/m1/stop_search, not found
[2026-04-21 20:22:47,437] [24/Thread-2:local-0] [INFO] [dataiku.doctor.crossval.search_context] Done s=4: max_depth=12, max_features=sqrt, min_samples_leaf=1, n_estimators=100, min_samples_split=3 (ft=5.5 st=0.2 sc=0.8618368056894817, sg=1)
[2026-04-21 20:22:47,438] [24/Thread-2:local-0] [INFO] [dataiku.doctor.distributed.work_scheduler] Task T10 done on local-0
[2026-04-21 20:22:47,479] [24/Thread-182] [INFO] [root] Sending /home/dataiku/cache/analysis-data/PROJET_CHURN_BANQUE/thJxdWrU/ensPAIMA/sessions/s1/pp1/m1/grid_search_scores.json to /data/dataiku/datadir/analysis-data/PROJET_CHURN_BANQUE/thJxdWrU/ensPAIMA/sessions/s1/pp1/m1/grid_search_scores.json
[2026-04-21 20:22:47,480] [24/Thread-182] [DEBUG] [urllib3.connectionpool] Starting new HTTPS connection (25): dss-headless-node-56800c84.space-1e09aade-dku.svc.cluster.local:10005
[2026-04-21 20:22:47,502] [24/Thread-182] [DEBUG] [urllib3.connectionpool] https://dss-headless-node-56800c84.space-1e09aade-dku.svc.cluster.local:10005 "POST /dip/api/tintercom/containers/put-file?executionId=doctor-preprocessing-rq0iqjx&fileKind=FILTERED_PATHS&path=%2Fdata%2Fdataiku%2Fdatadir%2Fanalysis-data%2FPROJET_CHURN_BANQUE%2FthJxdWrU%2FensPAIMA%2Fsessions%2Fs1%2Fpp1%2Fm1%2Fgrid_search_scores.json&expand=false HTTP/1.1" 200 None
[2026-04-21 20:22:48,384] [24/Thread-1] [INFO] [dataiku.doctor.crossval.search_runner] Completed search for hyperparameters
[2026-04-21 20:22:48,404] [24/Thread-1] [INFO] [root] Sending /home/dataiku/cache/analysis-data/PROJET_CHURN_BANQUE/thJxdWrU/ensPAIMA/sessions/s1/pp1/m1/grid_search_scores.json to /data/dataiku/datadir/analysis-data/PROJET_CHURN_BANQUE/thJxdWrU/ensPAIMA/sessions/s1/pp1/m1/grid_search_scores.json
[2026-04-21 20:22:48,408] [24/Thread-1] [DEBUG] [urllib3.connectionpool] https://dss-headless-node-56800c84.space-1e09aade-dku.svc.cluster.local:10005 "POST /dip/api/tintercom/containers/put-file?executionId=doctor-preprocessing-rq0iqjx&fileKind=FILTERED_PATHS&path=%2Fdata%2Fdataiku%2Fdatadir%2Fanalysis-data%2FPROJET_CHURN_BANQUE%2FthJxdWrU%2FensPAIMA%2Fsessions%2Fs1%2Fpp1%2Fm1%2Fgrid_search_scores.json&expand=false HTTP/1.1" 200 None
[2026-04-21 20:22:48,408] [24/Thread-1] [INFO] [dataiku.doctor.distributed.work_scheduler] Scheduler has been soft interrupted
[2026-04-21 20:22:48,422] [24/MainThread] [INFO] [root] Sending /home/dataiku/cache/analysis-data/PROJET_CHURN_BANQUE/thJxdWrU/ensPAIMA/sessions/s1/pp1/m1/grid_search_scores.json to /data/dataiku/datadir/analysis-data/PROJET_CHURN_BANQUE/thJxdWrU/ensPAIMA/sessions/s1/pp1/m1/grid_search_scores.json
[2026-04-21 20:22:48,425] [24/MainThread] [DEBUG] [urllib3.connectionpool] https://dss-headless-node-56800c84.space-1e09aade-dku.svc.cluster.local:10005 "POST /dip/api/tintercom/containers/put-file?executionId=doctor-preprocessing-rq0iqjx&fileKind=FILTERED_PATHS&path=%2Fdata%2Fdataiku%2Fdatadir%2Fanalysis-data%2FPROJET_CHURN_BANQUE%2FthJxdWrU%2FensPAIMA%2Fsessions%2Fs1%2Fpp1%2Fm1%2Fgrid_search_scores.json&expand=false HTTP/1.1" 200 None
[2026-04-21 20:22:48,426] [24/MainThread] [INFO] [root] Sending /home/dataiku/cache/analysis-data/PROJET_CHURN_BANQUE/thJxdWrU/ensPAIMA/sessions/s1/pp1/m1/grid_search_done_py.json to /data/dataiku/datadir/analysis-data/PROJET_CHURN_BANQUE/thJxdWrU/ensPAIMA/sessions/s1/pp1/m1/grid_search_done_py.json
[2026-04-21 20:22:48,428] [24/MainThread] [DEBUG] [urllib3.connectionpool] https://dss-headless-node-56800c84.space-1e09aade-dku.svc.cluster.local:10005 "POST /dip/api/tintercom/containers/put-file?executionId=doctor-preprocessing-rq0iqjx&fileKind=FILTERED_PATHS&path=%2Fdata%2Fdataiku%2Fdatadir%2Fanalysis-data%2FPROJET_CHURN_BANQUE%2FthJxdWrU%2FensPAIMA%2Fsessions%2Fs1%2Fpp1%2Fm1%2Fgrid_search_done_py.json&expand=false HTTP/1.1" 200 None
[2026-04-21 20:22:48,428] [24/MainThread] [INFO] [dataiku.doctor.distributed.work_scheduler] Scheduler has been hard interrupted (shutdown)
[2026-04-21 20:22:48,429] [24/Thread-4:local-2] [INFO] [dataiku.doctor.distributed.local_worker] Stopping worker: local-2
[2026-04-21 20:22:48,429] [24/Thread-4:local-2] [INFO] [dataiku.doctor.distributed.local_worker] Stopped worker: local-2
[2026-04-21 20:22:48,429] [24/Thread-2:local-0] [INFO] [dataiku.doctor.distributed.local_worker] Stopping worker: local-0
[2026-04-21 20:22:48,429] [24/Thread-2:local-0] [INFO] [dataiku.doctor.distributed.local_worker] Stopped worker: local-0
[2026-04-21 20:22:48,429] [24/Thread-3:local-1] [INFO] [dataiku.doctor.distributed.local_worker] Stopping worker: local-1
[2026-04-21 20:22:48,429] [24/Thread-3:local-1] [INFO] [dataiku.doctor.distributed.local_worker] Stopped worker: local-1
[2026-04-21 20:22:48,429] [24/Thread-5:local-3] [ERROR] [dataiku.doctor.distributed.work_scheduler] All workers are dead, interrupt the scheduler
[2026-04-21 20:22:48,430] [24/Thread-5:local-3] [INFO] [dataiku.doctor.distributed.local_worker] Stopping worker: local-3
[2026-04-21 20:22:48,430] [24/Thread-5:local-3] [INFO] [dataiku.doctor.distributed.local_worker] Stopped worker: local-3
[2026-04-21 20:22:48,430] [24/MainThread] [INFO] [dataiku.doctor.crossval.search_runner] Hyperparameter search done, best_parameters being : {'max_depth': 12, 'max_features': 'sqrt', 'min_samples_leaf': 1, 'n_estimators': 100, 'min_samples_split': 3}
[2026-04-21 20:22:48,430] [24/MainThread] [INFO] [dataiku.doctor.utils.listener] END -  Hyperparameter searching
[2026-04-21 20:22:48,439] [24/MainThread] [INFO] [root] Sending /home/dataiku/cache/analysis-data/PROJET_CHURN_BANQUE/thJxdWrU/ensPAIMA/sessions/s1/pp1/m1/train_info.json to /data/dataiku/datadir/analysis-data/PROJET_CHURN_BANQUE/thJxdWrU/ensPAIMA/sessions/s1/pp1/m1/train_info.json
[2026-04-21 20:22:48,441] [24/MainThread] [DEBUG] [urllib3.connectionpool] https://dss-headless-node-56800c84.space-1e09aade-dku.svc.cluster.local:10005 "POST /dip/api/tintercom/containers/put-file?executionId=doctor-preprocessing-rq0iqjx&fileKind=FILTERED_PATHS&path=%2Fdata%2Fdataiku%2Fdatadir%2Fanalysis-data%2FPROJET_CHURN_BANQUE%2FthJxdWrU%2FensPAIMA%2Fsessions%2Fs1%2Fpp1%2Fm1%2Ftrain_info.json&expand=false HTTP/1.1" 200 None
[2026-04-21 20:22:48,442] [24/MainThread] [INFO] [dataiku.doctor.utils.listener] START -  Fitting model
[2026-04-21 20:22:48,460] [24/MainThread] [INFO] [root] Sending /home/dataiku/cache/analysis-data/PROJET_CHURN_BANQUE/thJxdWrU/ensPAIMA/sessions/s1/pp1/m1/train_info.json to /data/dataiku/datadir/analysis-data/PROJET_CHURN_BANQUE/thJxdWrU/ensPAIMA/sessions/s1/pp1/m1/train_info.json
[2026-04-21 20:22:48,463] [24/MainThread] [DEBUG] [urllib3.connectionpool] https://dss-headless-node-56800c84.space-1e09aade-dku.svc.cluster.local:10005 "POST /dip/api/tintercom/containers/put-file?executionId=doctor-preprocessing-rq0iqjx&fileKind=FILTERED_PATHS&path=%2Fdata%2Fdataiku%2Fdatadir%2Fanalysis-data%2FPROJET_CHURN_BANQUE%2FthJxdWrU%2FensPAIMA%2Fsessions%2Fs1%2Fpp1%2Fm1%2Ftrain_info.json&expand=false HTTP/1.1" 200 None
[2026-04-21 20:22:48,463] [24/MainThread] [INFO] [dataiku.doctor.prediction.common] Fitting model:
[2026-04-21 20:22:48,464] [24/MainThread] [INFO] [dataiku.doctor.prediction.common]   Model is: RandomForestClassifier(class_weight={np.int64(0): np.float64(0.71711740630768),
                                     np.int64(1): np.float64(1.651450748475328)},
                       max_depth=12, min_samples_split=3, n_jobs=4,
                       random_state=1337)
[2026-04-21 20:22:48,464] [24/MainThread] [INFO] [dataiku.doctor.prediction.common]   train_X class: <class 'numpy.ndarray'>
[2026-04-21 20:22:48,464] [24/MainThread] [INFO] [dataiku.doctor.prediction.common]   train_X shape: (17872, 4)
[2026-04-21 20:22:48,464] [24/MainThread] [INFO] [dataiku.doctor.prediction.common]   train_y shape: (17872,)
[2026/04/21-20:22:49.500] [KNL-python-single-command-kernel-k8smonitor-2141] [INFO] [dku.containers.kubernetes]  - wait for pod to complete, getting pod status
[2026/04/21-20:22:49.500] [KNL-python-single-command-kernel-k8smonitor-2141] [INFO] [dku.containers.kubernetes]  - Querying status on pod dataiku-exec-doctor-preprocessing-rq0iqjx- try number 1
[2026/04/21-20:22:49.620] [Thread-1834] [DEBUG] [dku.utils]  - Process kubectl-get-pod done (return code 0)
[2026/04/21-20:22:49.621] [KNL-python-single-command-kernel-k8smonitor-2141] [DEBUG] [dku.containers.kubernetes]  - kubectl get pod OK, out=Running
[2026/04/21-20:22:49.621] [KNL-python-single-command-kernel-k8smonitor-2141] [DEBUG] [dku.containers.kubernetes]  - Kubernetes pod is running
[2026-04-21 20:22:51,495] [24/MainThread] [INFO] [dataiku.doctor.prediction.classification_fit] Obtained RF CLF params: {'bootstrap': True, 'ccp_alpha': 0.0, 'class_weight': {np.int64(0): np.float64(0.71711740630768), np.int64(1): np.float64(1.651450748475328)}, 'criterion': 'gini', 'max_depth': 12, 'max_features': 'sqrt', 'max_leaf_nodes': None, 'max_samples': None, 'min_impurity_decrease': 0.0, 'min_samples_leaf': 1, 'min_samples_split': 3, 'min_weight_fraction_leaf': 0.0, 'monotonic_cst': None, 'n_estimators': 100, 'n_jobs': 4, 'oob_score': False, 'random_state': 1337, 'verbose': 0, 'warm_start': False} 
[2026-04-21 20:22:51,495] [24/MainThread] [INFO] [dataiku.doctor.prediction.classification_fit] Output params are {'resolved': {'algorithm': 'RANDOM_FOREST_CLASSIFICATION', 'skipExpensiveReports': False, 'rf': {'estimators': 100, 'max_tree_depth': 12, 'min_samples_leaf': 1, 'selection_mode': 'sqrt'}}, 'other': {'rf_min_samples_split': 3}}
[2026-04-21 20:22:51,495] [24/MainThread] [DEBUG] [dataiku.doctor.diagnostics.diagnostics] calling DatasetSanityCheckDiagnostic.on_fitting_end()
[2026-04-21 20:22:51,495] [24/MainThread] [DEBUG] [dataiku.doctor.diagnostics.diagnostics] calling ClassifierAccuracyCheckDiagnostic.on_fitting_end()
[2026-04-21 20:22:51,495] [24/MainThread] [DEBUG] [dataiku.doctor.diagnostics.diagnostics] calling RegressionR2CheckDiagnostic.on_fitting_end()
[2026-04-21 20:22:51,495] [24/MainThread] [DEBUG] [dataiku.doctor.diagnostics.diagnostics] calling LeakageDiagnostic.on_fitting_end()
[2026-04-21 20:22:51,541] [24/MainThread] [DEBUG] [dataiku.doctor.diagnostics.diagnostics] LeakageDiagnostic.on_fitting_end() generated diagnostics: []
[2026-04-21 20:22:51,541] [24/MainThread] [DEBUG] [dataiku.doctor.diagnostics.diagnostics] calling TreeOverfitDiagnostic.on_fitting_end()
[2026-04-21 20:22:51,574] [24/MainThread] [DEBUG] [dataiku.doctor.diagnostics.diagnostics] TreeOverfitDiagnostic.on_fitting_end() generated diagnostics: []
[2026-04-21 20:22:51,575] [24/MainThread] [DEBUG] [dataiku.doctor.diagnostics.diagnostics] calling MLAssertionsDiagnostic.on_fitting_end()
[2026-04-21 20:22:51,575] [24/MainThread] [DEBUG] [dataiku.doctor.diagnostics.diagnostics] calling ModelCheckDiagnostic.on_fitting_end()
[2026-04-21 20:22:51,575] [24/MainThread] [DEBUG] [dataiku.doctor.diagnostics.diagnostics] calling AbnormalPredictionsDetectionDiagnostic.on_fitting_end()
[2026-04-21 20:22:51,575] [24/MainThread] [INFO] [dataiku.doctor.utils.listener] END -  Fitting model
[2026-04-21 20:22:51,575] [24/MainThread] [INFO] [dataiku.doctor.utils.listener] START -  Saving model
[2026-04-21 20:22:51,594] [24/MainThread] [INFO] [root] Sending /home/dataiku/cache/analysis-data/PROJET_CHURN_BANQUE/thJxdWrU/ensPAIMA/sessions/s1/pp1/m1/train_info.json to /data/dataiku/datadir/analysis-data/PROJET_CHURN_BANQUE/thJxdWrU/ensPAIMA/sessions/s1/pp1/m1/train_info.json
[2026-04-21 20:22:51,597] [24/MainThread] [DEBUG] [urllib3.connectionpool] https://dss-headless-node-56800c84.space-1e09aade-dku.svc.cluster.local:10005 "POST /dip/api/tintercom/containers/put-file?executionId=doctor-preprocessing-rq0iqjx&fileKind=FILTERED_PATHS&path=%2Fdata%2Fdataiku%2Fdatadir%2Fanalysis-data%2FPROJET_CHURN_BANQUE%2FthJxdWrU%2FensPAIMA%2Fsessions%2Fs1%2Fpp1%2Fm1%2Ftrain_info.json&expand=false HTTP/1.1" 200 None
[2026-04-21 20:22:51,617] [24/MainThread] [INFO] [dataiku.base.dku_pickle] Setting cloudpickle as the pickle dumping tool
[2026-04-21 20:22:51,625] [24/MainThread] [INFO] [root] Sending /home/dataiku/cache/analysis-data/PROJET_CHURN_BANQUE/thJxdWrU/ensPAIMA/sessions/s1/pp1/m1/clf.pkl to /data/dataiku/datadir/analysis-data/PROJET_CHURN_BANQUE/thJxdWrU/ensPAIMA/sessions/s1/pp1/m1/clf.pkl
[2026-04-21 20:22:51,687] [24/MainThread] [DEBUG] [urllib3.connectionpool] https://dss-headless-node-56800c84.space-1e09aade-dku.svc.cluster.local:10005 "POST /dip/api/tintercom/containers/put-file?executionId=doctor-preprocessing-rq0iqjx&fileKind=FILTERED_PATHS&path=%2Fdata%2Fdataiku%2Fdatadir%2Fanalysis-data%2FPROJET_CHURN_BANQUE%2FthJxdWrU%2FensPAIMA%2Fsessions%2Fs1%2Fpp1%2Fm1%2Fclf.pkl&expand=false HTTP/1.1" 200 None
[2026-04-21 20:22:52,065] [24/MainThread] [INFO] [root] Sending /home/dataiku/cache/analysis-data/PROJET_CHURN_BANQUE/thJxdWrU/ensPAIMA/sessions/s1/pp1/m1/dss_pipeline_meta.json to /data/dataiku/datadir/analysis-data/PROJET_CHURN_BANQUE/thJxdWrU/ensPAIMA/sessions/s1/pp1/m1/dss_pipeline_meta.json
[2026-04-21 20:22:52,068] [24/MainThread] [DEBUG] [urllib3.connectionpool] https://dss-headless-node-56800c84.space-1e09aade-dku.svc.cluster.local:10005 "POST /dip/api/tintercom/containers/put-file?executionId=doctor-preprocessing-rq0iqjx&fileKind=FILTERED_PATHS&path=%2Fdata%2Fdataiku%2Fdatadir%2Fanalysis-data%2FPROJET_CHURN_BANQUE%2FthJxdWrU%2FensPAIMA%2Fsessions%2Fs1%2Fpp1%2Fm1%2Fdss_pipeline_meta.json&expand=false HTTP/1.1" 200 None
[2026-04-21 20:22:53,997] [24/MainThread] [INFO] [root] Sending /home/dataiku/cache/analysis-data/PROJET_CHURN_BANQUE/thJxdWrU/ensPAIMA/sessions/s1/pp1/m1/dss_pipeline_model.gz to /data/dataiku/datadir/analysis-data/PROJET_CHURN_BANQUE/thJxdWrU/ensPAIMA/sessions/s1/pp1/m1/dss_pipeline_model.gz
[2026-04-21 20:22:54,006] [24/MainThread] [DEBUG] [urllib3.connectionpool] https://dss-headless-node-56800c84.space-1e09aade-dku.svc.cluster.local:10005 "POST /dip/api/tintercom/containers/put-file?executionId=doctor-preprocessing-rq0iqjx&fileKind=FILTERED_PATHS&path=%2Fdata%2Fdataiku%2Fdatadir%2Fanalysis-data%2FPROJET_CHURN_BANQUE%2FthJxdWrU%2FensPAIMA%2Fsessions%2Fs1%2Fpp1%2Fm1%2Fdss_pipeline_model.gz&expand=false HTTP/1.1" 200 None
[2026-04-21 20:22:54,013] [24/MainThread] [INFO] [root] Sending /home/dataiku/cache/analysis-data/PROJET_CHURN_BANQUE/thJxdWrU/ensPAIMA/sessions/s1/pp1/m1/actual_params.json to /data/dataiku/datadir/analysis-data/PROJET_CHURN_BANQUE/thJxdWrU/ensPAIMA/sessions/s1/pp1/m1/actual_params.json
[2026-04-21 20:22:54,016] [24/MainThread] [DEBUG] [urllib3.connectionpool] https://dss-headless-node-56800c84.space-1e09aade-dku.svc.cluster.local:10005 "POST /dip/api/tintercom/containers/put-file?executionId=doctor-preprocessing-rq0iqjx&fileKind=FILTERED_PATHS&path=%2Fdata%2Fdataiku%2Fdatadir%2Fanalysis-data%2FPROJET_CHURN_BANQUE%2FthJxdWrU%2FensPAIMA%2Fsessions%2Fs1%2Fpp1%2Fm1%2Factual_params.json&expand=false HTTP/1.1" 200 None
[2026-04-21 20:22:54,016] [24/MainThread] [INFO] [dataiku.doctor.utils.listener] END -  Saving model
[2026-04-21 20:22:54,016] [24/MainThread] [INFO] [dataiku.doctor.utils.listener] START -  Scoring model
[2026-04-21 20:22:54,017] [24/MainThread] [INFO] [root] Sending /home/dataiku/cache/analysis-data/PROJET_CHURN_BANQUE/thJxdWrU/ensPAIMA/sessions/s1/pp1/m1/train_info.json to /data/dataiku/datadir/analysis-data/PROJET_CHURN_BANQUE/thJxdWrU/ensPAIMA/sessions/s1/pp1/m1/train_info.json
[2026-04-21 20:22:54,021] [24/MainThread] [DEBUG] [urllib3.connectionpool] https://dss-headless-node-56800c84.space-1e09aade-dku.svc.cluster.local:10005 "POST /dip/api/tintercom/containers/put-file?executionId=doctor-preprocessing-rq0iqjx&fileKind=FILTERED_PATHS&path=%2Fdata%2Fdataiku%2Fdatadir%2Fanalysis-data%2FPROJET_CHURN_BANQUE%2FthJxdWrU%2FensPAIMA%2Fsessions%2Fs1%2Fpp1%2Fm1%2Ftrain_info.json&expand=false HTTP/1.1" 200 None
[2026-04-21 20:22:54,021] [24/MainThread] [INFO] [dataiku.doctor.prediction.classification_scoring] Intrinsic scoring
[2026-04-21 20:22:54,021] [24/MainThread] [INFO] [dataiku.doctor.prediction.scoring_base] Computing feature importance
[2026-04-21 20:22:54,068] [24/MainThread] [INFO] [dataiku.doctor.prediction.linear_coefficients_computation] Not computing linear coefficients because attribute `coef_` is not present
[2026-04-21 20:22:54,068] [24/MainThread] [INFO] [dataiku.doctor.prediction.classification_scoring] Extracting rescalers
[2026-04-21 20:22:54,068] [24/MainThread] [INFO] [dataiku.doctor.prediction.classification_scoring] Creating random forest trees summary
[2026-04-21 20:22:54,249] [24/MainThread] [INFO] [root] Sending /home/dataiku/cache/analysis-data/PROJET_CHURN_BANQUE/thJxdWrU/ensPAIMA/sessions/s1/pp1/m1/trees.json to /data/dataiku/datadir/analysis-data/PROJET_CHURN_BANQUE/thJxdWrU/ensPAIMA/sessions/s1/pp1/m1/trees.json
[2026-04-21 20:22:54,261] [24/MainThread] [DEBUG] [urllib3.connectionpool] https://dss-headless-node-56800c84.space-1e09aade-dku.svc.cluster.local:10005 "POST /dip/api/tintercom/containers/put-file?executionId=doctor-preprocessing-rq0iqjx&fileKind=FILTERED_PATHS&path=%2Fdata%2Fdataiku%2Fdatadir%2Fanalysis-data%2FPROJET_CHURN_BANQUE%2FthJxdWrU%2FensPAIMA%2Fsessions%2Fs1%2Fpp1%2Fm1%2Ftrees.json&expand=false HTTP/1.1" 200 None
[2026-04-21 20:22:54,262] [24/MainThread] [INFO] [root] Sending /home/dataiku/cache/analysis-data/PROJET_CHURN_BANQUE/thJxdWrU/ensPAIMA/sessions/s1/pp1/m1/iperf.json to /data/dataiku/datadir/analysis-data/PROJET_CHURN_BANQUE/thJxdWrU/ensPAIMA/sessions/s1/pp1/m1/iperf.json
[2026-04-21 20:22:54,265] [24/MainThread] [DEBUG] [urllib3.connectionpool] https://dss-headless-node-56800c84.space-1e09aade-dku.svc.cluster.local:10005 "POST /dip/api/tintercom/containers/put-file?executionId=doctor-preprocessing-rq0iqjx&fileKind=FILTERED_PATHS&path=%2Fdata%2Fdataiku%2Fdatadir%2Fanalysis-data%2FPROJET_CHURN_BANQUE%2FthJxdWrU%2FensPAIMA%2Fsessions%2Fs1%2Fpp1%2Fm1%2Fiperf.json&expand=false HTTP/1.1" 200 None
[2026-04-21 20:22:54,267] [24/MainThread] [INFO] [dataiku.doctor.prediction.common] NaN support available: compatible algorithm RANDOM_FOREST_CLASSIFICATION and feature reduction None
[2026-04-21 20:22:54,267] [24/MainThread] [INFO] [dataiku.doctor.sparse] prepare multiframe shape=(4436,4) fill_ratio=0.99
[2026-04-21 20:22:54,267] [24/MainThread] [INFO] [dataiku.doctor.sparse] Multiframe is not sparse enough, using NPA
[2026-04-21 20:22:54,342] [24/MainThread] [INFO] [dataiku.doctor.prediction.classification_scoring] Starting threshold optim
[2026-04-21 20:22:54,345] [24/MainThread] [INFO] [dataiku.doctor.prediction.classification_scoring] AT CUT 0.000000 score 0.468232 (pred_true=4436)
[2026-04-21 20:22:54,347] [24/MainThread] [INFO] [dataiku.doctor.prediction.classification_scoring] AT CUT 0.025000 score 0.518859 (pred_true=3867)
[2026-04-21 20:22:54,350] [24/MainThread] [INFO] [dataiku.doctor.prediction.classification_scoring] AT CUT 0.050000 score 0.554688 (pred_true=3508)
[2026-04-21 20:22:54,352] [24/MainThread] [INFO] [dataiku.doctor.prediction.classification_scoring] AT CUT 0.075000 score 0.568167 (pred_true=3375)
[2026-04-21 20:22:54,355] [24/MainThread] [INFO] [dataiku.doctor.prediction.classification_scoring] AT CUT 0.100000 score 0.580701 (pred_true=3235)
[2026-04-21 20:22:54,357] [24/MainThread] [INFO] [dataiku.doctor.prediction.classification_scoring] AT CUT 0.125000 score 0.591062 (pred_true=3097)
[2026-04-21 20:22:54,359] [24/MainThread] [INFO] [dataiku.doctor.prediction.classification_scoring] AT CUT 0.150000 score 0.607666 (pred_true=2949)
[2026-04-21 20:22:54,362] [24/MainThread] [INFO] [dataiku.doctor.prediction.classification_scoring] AT CUT 0.175000 score 0.622094 (pred_true=2817)
[2026-04-21 20:22:54,364] [24/MainThread] [INFO] [dataiku.doctor.prediction.classification_scoring] AT CUT 0.200000 score 0.637151 (pred_true=2687)
[2026-04-21 20:22:54,366] [24/MainThread] [INFO] [dataiku.doctor.prediction.classification_scoring] AT CUT 0.225000 score 0.650216 (pred_true=2575)
[2026-04-21 20:22:54,369] [24/MainThread] [INFO] [dataiku.doctor.prediction.classification_scoring] AT CUT 0.250000 score 0.659209 (pred_true=2488)
[2026-04-21 20:22:54,371] [24/MainThread] [INFO] [dataiku.doctor.prediction.classification_scoring] AT CUT 0.275000 score 0.667023 (pred_true=2389)
[2026-04-21 20:22:54,374] [24/MainThread] [INFO] [dataiku.doctor.prediction.classification_scoring] AT CUT 0.300000 score 0.678944 (pred_true=2282)
[2026-04-21 20:22:54,376] [24/MainThread] [INFO] [dataiku.doctor.prediction.classification_scoring] AT CUT 0.325000 score 0.682333 (pred_true=2176)
[2026-04-21 20:22:54,379] [24/MainThread] [INFO] [dataiku.doctor.prediction.classification_scoring] AT CUT 0.350000 score 0.684102 (pred_true=2047)
[2026-04-21 20:22:54,381] [24/MainThread] [INFO] [dataiku.doctor.prediction.classification_scoring] AT CUT 0.375000 score 0.680593 (pred_true=1947)
[2026-04-21 20:22:54,383] [24/MainThread] [INFO] [dataiku.doctor.prediction.classification_scoring] AT CUT 0.400000 score 0.674361 (pred_true=1850)
[2026-04-21 20:22:54,386] [24/MainThread] [INFO] [dataiku.doctor.prediction.classification_scoring] AT CUT 0.425000 score 0.674121 (pred_true=1774)
[2026-04-21 20:22:54,388] [24/MainThread] [INFO] [dataiku.doctor.prediction.classification_scoring] AT CUT 0.450000 score 0.671691 (pred_true=1696)
[2026-04-21 20:22:54,391] [24/MainThread] [INFO] [dataiku.doctor.prediction.classification_scoring] AT CUT 0.475000 score 0.670687 (pred_true=1629)
[2026-04-21 20:22:54,393] [24/MainThread] [INFO] [dataiku.doctor.prediction.classification_scoring] AT CUT 0.500000 score 0.669883 (pred_true=1546)
[2026-04-21 20:22:54,396] [24/MainThread] [INFO] [dataiku.doctor.prediction.classification_scoring] AT CUT 0.525000 score 0.665722 (pred_true=1468)
[2026-04-21 20:22:54,398] [24/MainThread] [INFO] [dataiku.doctor.prediction.classification_scoring] AT CUT 0.550000 score 0.661066 (pred_true=1382)
[2026-04-21 20:22:54,400] [24/MainThread] [INFO] [dataiku.doctor.prediction.classification_scoring] AT CUT 0.575000 score 0.657914 (pred_true=1310)
[2026-04-21 20:22:54,403] [24/MainThread] [INFO] [dataiku.doctor.prediction.classification_scoring] AT CUT 0.600000 score 0.646285 (pred_true=1228)
[2026-04-21 20:22:54,405] [24/MainThread] [INFO] [dataiku.doctor.prediction.classification_scoring] AT CUT 0.625000 score 0.638922 (pred_true=1167)
[2026-04-21 20:22:54,408] [24/MainThread] [INFO] [dataiku.doctor.prediction.classification_scoring] AT CUT 0.650000 score 0.628711 (pred_true=1103)
[2026-04-21 20:22:54,410] [24/MainThread] [INFO] [dataiku.doctor.prediction.classification_scoring] AT CUT 0.675000 score 0.618427 (pred_true=1021)
[2026-04-21 20:22:54,412] [24/MainThread] [INFO] [dataiku.doctor.prediction.classification_scoring] AT CUT 0.700000 score 0.596923 (pred_true=919)
[2026-04-21 20:22:54,415] [24/MainThread] [INFO] [dataiku.doctor.prediction.classification_scoring] AT CUT 0.725000 score 0.572347 (pred_true=821)
[2026-04-21 20:22:54,417] [24/MainThread] [INFO] [dataiku.doctor.prediction.classification_scoring] AT CUT 0.750000 score 0.543605 (pred_true=708)
[2026-04-21 20:22:54,419] [24/MainThread] [INFO] [dataiku.doctor.prediction.classification_scoring] AT CUT 0.775000 score 0.505349 (pred_true=607)
[2026-04-21 20:22:54,422] [24/MainThread] [INFO] [dataiku.doctor.prediction.classification_scoring] AT CUT 0.800000 score 0.477454 (pred_true=529)
[2026-04-21 20:22:54,424] [24/MainThread] [INFO] [dataiku.doctor.prediction.classification_scoring] AT CUT 0.825000 score 0.442371 (pred_true=466)
[2026-04-21 20:22:54,426] [24/MainThread] [INFO] [dataiku.doctor.prediction.classification_scoring] AT CUT 0.850000 score 0.407723 (pred_true=405)
[2026-04-21 20:22:54,429] [24/MainThread] [INFO] [dataiku.doctor.prediction.classification_scoring] AT CUT 0.875000 score 0.353919 (pred_true=328)
[2026-04-21 20:22:54,431] [24/MainThread] [INFO] [dataiku.doctor.prediction.classification_scoring] AT CUT 0.900000 score 0.305607 (pred_true=267)
[2026-04-21 20:22:54,433] [24/MainThread] [INFO] [dataiku.doctor.prediction.classification_scoring] AT CUT 0.925000 score 0.263792 (pred_true=221)
[2026-04-21 20:22:54,436] [24/MainThread] [INFO] [dataiku.doctor.prediction.classification_scoring] AT CUT 0.950000 score 0.217873 (pred_true=177)
[2026-04-21 20:22:54,438] [24/MainThread] [INFO] [dataiku.doctor.prediction.classification_scoring] AT CUT 0.975000 score 0.130584 (pred_true=99)
[2026-04-21 20:22:54,438] [24/MainThread] [INFO] [dataiku.doctor.prediction.classification_scoring] Starting optimal threshold search
[2026-04-21 20:22:54,438] [24/MainThread] [INFO] [dataiku.doctor.prediction.classification_scoring] Found threshold 0.35 
[2026-04-21 20:22:54,438] [24/MainThread] [INFO] [dataiku.doctor.prediction.classification_scoring] Selected threshold 0.35 
[2026-04-21 20:22:54,474] [24/MainThread] [INFO] [dataiku.doctor.prediction.classification_scoring] preds [0 1 1 ... 1 0 0]
[2026-04-21 20:22:54,474] [24/MainThread] [INFO] [dataiku.doctor.prediction.classification_scoring] MAPPED SHAPE 4436
[2026-04-21 20:22:54,474] [24/MainThread] [INFO] [dataiku.doctor.prediction.classification_scoring] k=false v=0
[2026-04-21 20:22:54,475] [24/MainThread] [INFO] [dataiku.doctor.prediction.classification_scoring] Mask data [ True False False ... False  True  True]
[2026-04-21 20:22:54,475] [24/MainThread] [INFO] [dataiku.doctor.prediction.classification_scoring] mapped pred <class 'numpy.ndarray'>
[2026-04-21 20:22:54,475] [24/MainThread] [INFO] [dataiku.doctor.prediction.classification_scoring] k=true v=1
[2026-04-21 20:22:54,475] [24/MainThread] [INFO] [dataiku.doctor.prediction.classification_scoring] Mask data [False  True  True ...  True False False]
[2026-04-21 20:22:54,475] [24/MainThread] [INFO] [dataiku.doctor.prediction.classification_scoring] mapped pred <class 'numpy.ndarray'>
[2026-04-21 20:22:54,475] [24/MainThread] [INFO] [dataiku.doctor.prediction.classification_scoring] MAPPED PREDS ['false' 'true' 'true' ... 'true' 'false' 'false']
[2026-04-21 20:22:54,482] [24/MainThread] [INFO] [dataiku.doctor.prediction.common] Total true rate = 1356 / 4436
[2026-04-21 20:22:54,482] [24/MainThread] [INFO] [dataiku.doctor.prediction.common] Computing lift on first 1774 rows
[2026-04-21 20:22:54,483] [24/MainThread] [INFO] [dataiku.doctor.prediction.common] True rate on considered : 1774 / 1055
[2026-04-21 20:22:54,483] [24/MainThread] [INFO] [dataiku.doctor.prediction.common] Lift = 1.945498
/opt/dataiku/python/dataiku/doctor/utils/lift_curve.py:69: FutureWarning: The default of observed=False is deprecated and will be changed to True in a future version of pandas. Pass observed=False to retain current behavior or observed=True to adopt the future default and silence this warning.
  lift = self.data.groupby(['percentile_id', '__target__']).size().reset_index()
/opt/dataiku/python/dataiku/doctor/utils/lift_curve.py:73: FutureWarning: The default value of observed=False is deprecated and will change to observed=True in a future version of pandas. Specify observed=False to silence this warning and retain the current behavior
  lift = lift.pivot_table(values="count", columns='__target__', index="percentile_id", fill_value=0, aggfunc="sum").sort_index(ascending=False)
[2026-04-21 20:22:54,514] [24/MainThread] [INFO] [dataiku.doctor.prediction.classification_scoring] Density for false (id 0)
[2026-04-21 20:22:54,514] [24/MainThread] [INFO] [dataiku.doctor.prediction.classification_scoring] valid_y shape = (4436,)
[2026-04-21 20:22:54,514] [24/MainThread] [INFO] [dataiku.doctor.prediction.classification_scoring] CP: <class 'numpy.ndarray'> ((4436,))
[2026-04-21 20:22:54,515] [24/MainThread] [INFO] [dataiku.doctor.prediction.classification_scoring] Actual shape = (4436,)
[2026-04-21 20:22:54,515] [24/MainThread] [INFO] [dataiku.doctor.prediction.classification_scoring] MASK is <class 'numpy.ndarray'> 
[2026-04-21 20:22:54,515] [24/MainThread] [INFO] [dataiku.doctor.prediction.classification_scoring] Class proba shape (3080,)
[2026/04/21-20:22:54.784] [KNL-python-single-command-kernel-k8smonitor-2141] [INFO] [dku.containers.kubernetes]  - wait for pod to complete, getting pod status
[2026/04/21-20:22:54.784] [KNL-python-single-command-kernel-k8smonitor-2141] [INFO] [dku.containers.kubernetes]  - Querying status on pod dataiku-exec-doctor-preprocessing-rq0iqjx- try number 1
[2026-04-21 20:22:54,816] [24/MainThread] [INFO] [dataiku.doctor.prediction.classification_scoring] Density for true (id 1)
[2026-04-21 20:22:54,816] [24/MainThread] [INFO] [dataiku.doctor.prediction.classification_scoring] valid_y shape = (4436,)
[2026-04-21 20:22:54,816] [24/MainThread] [INFO] [dataiku.doctor.prediction.classification_scoring] CP: <class 'numpy.ndarray'> ((4436,))
[2026-04-21 20:22:54,816] [24/MainThread] [INFO] [dataiku.doctor.prediction.classification_scoring] Actual shape = (4436,)
[2026-04-21 20:22:54,816] [24/MainThread] [INFO] [dataiku.doctor.prediction.classification_scoring] MASK is <class 'numpy.ndarray'> 
[2026-04-21 20:22:54,817] [24/MainThread] [INFO] [dataiku.doctor.prediction.classification_scoring] Class proba shape (1356,)
[2026/04/21-20:22:54.963] [Thread-1844] [DEBUG] [dku.utils]  - Process kubectl-get-pod done (return code 0)
[2026/04/21-20:22:54.964] [KNL-python-single-command-kernel-k8smonitor-2141] [DEBUG] [dku.containers.kubernetes]  - kubectl get pod OK, out=Running
[2026/04/21-20:22:54.964] [KNL-python-single-command-kernel-k8smonitor-2141] [DEBUG] [dku.containers.kubernetes]  - Kubernetes pod is running
[2026-04-21 20:22:55,154] [24/MainThread] [INFO] [root] Sending /home/dataiku/cache/analysis-data/PROJET_CHURN_BANQUE/thJxdWrU/ensPAIMA/sessions/s1/pp1/m1/predicted.csv to /data/dataiku/datadir/analysis-data/PROJET_CHURN_BANQUE/thJxdWrU/ensPAIMA/sessions/s1/pp1/m1/predicted.csv
[2026-04-21 20:22:55,158] [24/MainThread] [DEBUG] [urllib3.connectionpool] https://dss-headless-node-56800c84.space-1e09aade-dku.svc.cluster.local:10005 "POST /dip/api/tintercom/containers/put-file?executionId=doctor-preprocessing-rq0iqjx&fileKind=FILTERED_PATHS&path=%2Fdata%2Fdataiku%2Fdatadir%2Fanalysis-data%2FPROJET_CHURN_BANQUE%2FthJxdWrU%2FensPAIMA%2Fsessions%2Fs1%2Fpp1%2Fm1%2Fpredicted.csv&expand=false HTTP/1.1" 200 None
[2026-04-21 20:22:55,161] [24/MainThread] [INFO] [root] Sending /home/dataiku/cache/analysis-data/PROJET_CHURN_BANQUE/thJxdWrU/ensPAIMA/sessions/s1/pp1/m1/perf.json to /data/dataiku/datadir/analysis-data/PROJET_CHURN_BANQUE/thJxdWrU/ensPAIMA/sessions/s1/pp1/m1/perf.json
[2026-04-21 20:22:55,186] [24/MainThread] [DEBUG] [urllib3.connectionpool] https://dss-headless-node-56800c84.space-1e09aade-dku.svc.cluster.local:10005 "POST /dip/api/tintercom/containers/put-file?executionId=doctor-preprocessing-rq0iqjx&fileKind=FILTERED_PATHS&path=%2Fdata%2Fdataiku%2Fdatadir%2Fanalysis-data%2FPROJET_CHURN_BANQUE%2FthJxdWrU%2FensPAIMA%2Fsessions%2Fs1%2Fpp1%2Fm1%2Fperf.json&expand=false HTTP/1.1" 200 None
[2026-04-21 20:22:55,845] [24/MainThread] [INFO] [root] Sending /home/dataiku/cache/analysis-data/PROJET_CHURN_BANQUE/thJxdWrU/ensPAIMA/sessions/s1/pp1/m1/prediction_statistics.json to /data/dataiku/datadir/analysis-data/PROJET_CHURN_BANQUE/thJxdWrU/ensPAIMA/sessions/s1/pp1/m1/prediction_statistics.json
[2026-04-21 20:22:55,849] [24/MainThread] [DEBUG] [urllib3.connectionpool] https://dss-headless-node-56800c84.space-1e09aade-dku.svc.cluster.local:10005 "POST /dip/api/tintercom/containers/put-file?executionId=doctor-preprocessing-rq0iqjx&fileKind=FILTERED_PATHS&path=%2Fdata%2Fdataiku%2Fdatadir%2Fanalysis-data%2FPROJET_CHURN_BANQUE%2FthJxdWrU%2FensPAIMA%2Fsessions%2Fs1%2Fpp1%2Fm1%2Fprediction_statistics.json&expand=false HTTP/1.1" 200 None
[2026-04-21 20:22:55,850] [24/MainThread] [DEBUG] [dataiku.doctor.diagnostics.diagnostics] calling DatasetSanityCheckDiagnostic.on_scoring_end()
[2026-04-21 20:22:55,851] [24/MainThread] [DEBUG] [dataiku.doctor.diagnostics.diagnostics] DatasetSanityCheckDiagnostic.on_scoring_end() generated diagnostics: []
[2026-04-21 20:22:55,851] [24/MainThread] [DEBUG] [dataiku.doctor.diagnostics.diagnostics] calling ClassifierAccuracyCheckDiagnostic.on_scoring_end()
[2026-04-21 20:22:55,855] [24/MainThread] [DEBUG] [dataiku.doctor.diagnostics.diagnostics] ClassifierAccuracyCheckDiagnostic.on_scoring_end() generated diagnostics: []
[2026-04-21 20:22:55,855] [24/MainThread] [DEBUG] [dataiku.doctor.diagnostics.diagnostics] calling RegressionR2CheckDiagnostic.on_scoring_end()
[2026-04-21 20:22:55,855] [24/MainThread] [DEBUG] [dataiku.doctor.diagnostics.diagnostics] RegressionR2CheckDiagnostic.on_scoring_end() generated diagnostics: []
[2026-04-21 20:22:55,855] [24/MainThread] [DEBUG] [dataiku.doctor.diagnostics.diagnostics] calling LeakageDiagnostic.on_scoring_end()
[2026-04-21 20:22:55,856] [24/MainThread] [DEBUG] [dataiku.doctor.diagnostics.diagnostics] LeakageDiagnostic.on_scoring_end() generated diagnostics: []
[2026-04-21 20:22:55,856] [24/MainThread] [DEBUG] [dataiku.doctor.diagnostics.diagnostics] calling TreeOverfitDiagnostic.on_scoring_end()
[2026-04-21 20:22:55,856] [24/MainThread] [DEBUG] [dataiku.doctor.diagnostics.diagnostics] calling MLAssertionsDiagnostic.on_scoring_end()
[2026-04-21 20:22:55,856] [24/MainThread] [DEBUG] [dataiku.doctor.diagnostics.diagnostics] MLAssertionsDiagnostic.on_scoring_end() generated diagnostics: []
[2026-04-21 20:22:55,856] [24/MainThread] [DEBUG] [dataiku.doctor.diagnostics.diagnostics] calling ModelCheckDiagnostic.on_scoring_end()
[2026-04-21 20:22:55,856] [24/MainThread] [DEBUG] [dataiku.doctor.diagnostics.diagnostics] calling AbnormalPredictionsDetectionDiagnostic.on_scoring_end()
[2026-04-21 20:22:55,856] [24/MainThread] [DEBUG] [dataiku.doctor.diagnostics.diagnostics] AbnormalPredictionsDetectionDiagnostic.on_scoring_end() generated diagnostics: []
[2026-04-21 20:22:55,856] [24/MainThread] [INFO] [dataiku.doctor.utils.listener] END -  Scoring model
[2026-04-21 20:22:55,856] [24/MainThread] [INFO] [dataiku.doctor.utils.listener] START -  Preparing explainability
[2026-04-21 20:22:55,878] [24/MainThread] [INFO] [root] Sending /home/dataiku/cache/analysis-data/PROJET_CHURN_BANQUE/thJxdWrU/ensPAIMA/sessions/s1/pp1/m1/train_info.json to /data/dataiku/datadir/analysis-data/PROJET_CHURN_BANQUE/thJxdWrU/ensPAIMA/sessions/s1/pp1/m1/train_info.json
[2026-04-21 20:22:55,881] [24/MainThread] [DEBUG] [urllib3.connectionpool] https://dss-headless-node-56800c84.space-1e09aade-dku.svc.cluster.local:10005 "POST /dip/api/tintercom/containers/put-file?executionId=doctor-preprocessing-rq0iqjx&fileKind=FILTERED_PATHS&path=%2Fdata%2Fdataiku%2Fdatadir%2Fanalysis-data%2FPROJET_CHURN_BANQUE%2FthJxdWrU%2FensPAIMA%2Fsessions%2Fs1%2Fpp1%2Fm1%2Ftrain_info.json&expand=false HTTP/1.1" 200 None
[2026-04-21 20:22:55,882] [24/MainThread] [INFO] [dataiku.doctor.prediction_entrypoints] Starting to compute global explanations
[2026-04-21 20:22:55,882] [24/MainThread] [INFO] [dataiku.doctor.prediction_entrypoints] Building model handler
[2026-04-21 20:22:55,882] [24/MainThread] [INFO] [dataiku.base.folder_context] Fetching file from backend: source='/data/dataiku/datadir/analysis-data/PROJET_CHURN_BANQUE/thJxdWrU/ensPAIMA/sessions/s1/pp1/rpreprocessing_params.json' target='/home/dataiku/cache/analysis-data/PROJET_CHURN_BANQUE/thJxdWrU/ensPAIMA/sessions/s1/pp1/rpreprocessing_params.json'
[2026-04-21 20:22:55,882] [24/MainThread] [INFO] [dataiku.container.file_exchange] Fetching file /data/dataiku/datadir/analysis-data/PROJET_CHURN_BANQUE/thJxdWrU/ensPAIMA/sessions/s1/pp1/rpreprocessing_params.json into /home/dataiku/cache/analysis-data/PROJET_CHURN_BANQUE/thJxdWrU/ensPAIMA/sessions/s1/pp1/rpreprocessing_params.json
[2026-04-21 20:22:55,885] [24/MainThread] [DEBUG] [urllib3.connectionpool] https://dss-headless-node-56800c84.space-1e09aade-dku.svc.cluster.local:10005 "POST /dip/api/tintercom/containers/get-file HTTP/1.1" 200 6266
[2026-04-21 20:22:55,885] [24/MainThread] [INFO] [dataiku.base.folder_context] Fetching file from backend: source='/data/dataiku/datadir/analysis-data/PROJET_CHURN_BANQUE/thJxdWrU/ensPAIMA/sessions/s1/pp1/m1/rmodeling_params.json' target='/home/dataiku/cache/analysis-data/PROJET_CHURN_BANQUE/thJxdWrU/ensPAIMA/sessions/s1/pp1/m1/rmodeling_params.json'
[2026-04-21 20:22:55,886] [24/MainThread] [INFO] [dataiku.container.file_exchange] Fetching file /data/dataiku/datadir/analysis-data/PROJET_CHURN_BANQUE/thJxdWrU/ensPAIMA/sessions/s1/pp1/m1/rmodeling_params.json into /home/dataiku/cache/analysis-data/PROJET_CHURN_BANQUE/thJxdWrU/ensPAIMA/sessions/s1/pp1/m1/rmodeling_params.json
[2026-04-21 20:22:55,888] [24/MainThread] [DEBUG] [urllib3.connectionpool] https://dss-headless-node-56800c84.space-1e09aade-dku.svc.cluster.local:10005 "POST /dip/api/tintercom/containers/get-file HTTP/1.1" 200 2955
[2026-04-21 20:22:55,889] [24/MainThread] [INFO] [dataiku.base.folder_context] Fetching file from backend: source='/data/dataiku/datadir/analysis-data/PROJET_CHURN_BANQUE/thJxdWrU/ensPAIMA/sessions/s1/pp1/m1/roverrides.json' target='/home/dataiku/cache/analysis-data/PROJET_CHURN_BANQUE/thJxdWrU/ensPAIMA/sessions/s1/pp1/m1/roverrides.json'
[2026-04-21 20:22:55,889] [24/MainThread] [INFO] [dataiku.container.file_exchange] Fetching file /data/dataiku/datadir/analysis-data/PROJET_CHURN_BANQUE/thJxdWrU/ensPAIMA/sessions/s1/pp1/m1/roverrides.json into /home/dataiku/cache/analysis-data/PROJET_CHURN_BANQUE/thJxdWrU/ensPAIMA/sessions/s1/pp1/m1/roverrides.json
[2026-04-21 20:22:55,892] [24/MainThread] [DEBUG] [urllib3.connectionpool] https://dss-headless-node-56800c84.space-1e09aade-dku.svc.cluster.local:10005 "POST /dip/api/tintercom/containers/get-file HTTP/1.1" 200 21
[2026-04-21 20:22:55,892] [24/MainThread] [INFO] [dataiku.base.folder_context] Fetching file from backend: source='/data/dataiku/datadir/analysis-data/PROJET_CHURN_BANQUE/thJxdWrU/ensPAIMA/sessions/s1/pp1/m1/user_meta.json' target='/home/dataiku/cache/analysis-data/PROJET_CHURN_BANQUE/thJxdWrU/ensPAIMA/sessions/s1/pp1/m1/user_meta.json'
[2026-04-21 20:22:55,893] [24/MainThread] [INFO] [dataiku.container.file_exchange] Fetching file /data/dataiku/datadir/analysis-data/PROJET_CHURN_BANQUE/thJxdWrU/ensPAIMA/sessions/s1/pp1/m1/user_meta.json into /home/dataiku/cache/analysis-data/PROJET_CHURN_BANQUE/thJxdWrU/ensPAIMA/sessions/s1/pp1/m1/user_meta.json
[2026-04-21 20:22:55,895] [24/MainThread] [DEBUG] [urllib3.connectionpool] https://dss-headless-node-56800c84.space-1e09aade-dku.svc.cluster.local:10005 "POST /dip/api/tintercom/containers/get-file HTTP/1.1" 200 862
[2026-04-21 20:22:55,896] [24/MainThread] [INFO] [dataiku.base.folder_context] Fetching file from backend: source='/data/dataiku/datadir/analysis-data/PROJET_CHURN_BANQUE/thJxdWrU/ensPAIMA/sessions/s1/pp1/m1/perf.json.gz' target='/home/dataiku/cache/analysis-data/PROJET_CHURN_BANQUE/thJxdWrU/ensPAIMA/sessions/s1/pp1/m1/perf.json.gz'
[2026-04-21 20:22:55,896] [24/MainThread] [INFO] [dataiku.container.file_exchange] Fetching file /data/dataiku/datadir/analysis-data/PROJET_CHURN_BANQUE/thJxdWrU/ensPAIMA/sessions/s1/pp1/m1/perf.json.gz into /home/dataiku/cache/analysis-data/PROJET_CHURN_BANQUE/thJxdWrU/ensPAIMA/sessions/s1/pp1/m1/perf.json.gz
[2026-04-21 20:22:55,899] [24/MainThread] [DEBUG] [urllib3.connectionpool] https://dss-headless-node-56800c84.space-1e09aade-dku.svc.cluster.local:10005 "POST /dip/api/tintercom/containers/get-file HTTP/1.1" 404 819
[2026-04-21 20:22:55,899] [24/MainThread] [WARNING] [dataiku.container.file_exchange] Could not fetch file /data/dataiku/datadir/analysis-data/PROJET_CHURN_BANQUE/thJxdWrU/ensPAIMA/sessions/s1/pp1/m1/perf.json.gz, not found
[2026-04-21 20:22:55,900] [24/MainThread] [INFO] [dataiku.doctor.utils.gpu_execution] Not logging `nvidia-smi`: `useGPU` is False
[2026-04-21 20:22:55,901] [24/MainThread] [INFO] [dataiku.base.folder_context] Fetching file from backend: source='/data/dataiku/datadir/analysis-data/PROJET_CHURN_BANQUE/thJxdWrU/ensPAIMA/sessions/s1/pp1/m1/xgboost_clf_attributes.json' target='/home/dataiku/cache/analysis-data/PROJET_CHURN_BANQUE/thJxdWrU/ensPAIMA/sessions/s1/pp1/m1/xgboost_clf_attributes.json'
[2026-04-21 20:22:55,901] [24/MainThread] [INFO] [dataiku.container.file_exchange] Fetching file /data/dataiku/datadir/analysis-data/PROJET_CHURN_BANQUE/thJxdWrU/ensPAIMA/sessions/s1/pp1/m1/xgboost_clf_attributes.json into /home/dataiku/cache/analysis-data/PROJET_CHURN_BANQUE/thJxdWrU/ensPAIMA/sessions/s1/pp1/m1/xgboost_clf_attributes.json
[2026-04-21 20:22:55,902] [24/MainThread] [DEBUG] [urllib3.connectionpool] Starting new HTTPS connection (26): dss-headless-node-56800c84.space-1e09aade-dku.svc.cluster.local:10005
[2026-04-21 20:22:55,925] [24/MainThread] [DEBUG] [urllib3.connectionpool] https://dss-headless-node-56800c84.space-1e09aade-dku.svc.cluster.local:10005 "POST /dip/api/tintercom/containers/get-file HTTP/1.1" 404 864
[2026-04-21 20:22:55,926] [24/MainThread] [WARNING] [dataiku.container.file_exchange] Could not fetch file /data/dataiku/datadir/analysis-data/PROJET_CHURN_BANQUE/thJxdWrU/ensPAIMA/sessions/s1/pp1/m1/xgboost_clf_attributes.json, not found
[2026-04-21 20:22:55,926] [24/MainThread] [INFO] [dataiku.base.folder_context] Fetching file from backend: source='/data/dataiku/datadir/analysis-data/PROJET_CHURN_BANQUE/thJxdWrU/ensPAIMA/sessions/s1/pp1/m1/xgboost_booster.bin' target='/home/dataiku/cache/analysis-data/PROJET_CHURN_BANQUE/thJxdWrU/ensPAIMA/sessions/s1/pp1/m1/xgboost_booster.bin'
[2026-04-21 20:22:55,926] [24/MainThread] [INFO] [dataiku.container.file_exchange] Fetching file /data/dataiku/datadir/analysis-data/PROJET_CHURN_BANQUE/thJxdWrU/ensPAIMA/sessions/s1/pp1/m1/xgboost_booster.bin into /home/dataiku/cache/analysis-data/PROJET_CHURN_BANQUE/thJxdWrU/ensPAIMA/sessions/s1/pp1/m1/xgboost_booster.bin
[2026-04-21 20:22:55,927] [24/MainThread] [DEBUG] [urllib3.connectionpool] Starting new HTTPS connection (27): dss-headless-node-56800c84.space-1e09aade-dku.svc.cluster.local:10005
[2026-04-21 20:22:55,950] [24/MainThread] [DEBUG] [urllib3.connectionpool] https://dss-headless-node-56800c84.space-1e09aade-dku.svc.cluster.local:10005 "POST /dip/api/tintercom/containers/get-file HTTP/1.1" 404 840
[2026-04-21 20:22:55,950] [24/MainThread] [WARNING] [dataiku.container.file_exchange] Could not fetch file /data/dataiku/datadir/analysis-data/PROJET_CHURN_BANQUE/thJxdWrU/ensPAIMA/sessions/s1/pp1/m1/xgboost_booster.bin, not found
[2026-04-21 20:22:55,972] [24/MainThread] [INFO] [dataiku.base.folder_context] Fetching file from backend: source='/data/dataiku/datadir/analysis-data/PROJET_CHURN_BANQUE/thJxdWrU/ensPAIMA/sessions/s1/pp1/m1/version_info.json' target='/home/dataiku/cache/analysis-data/PROJET_CHURN_BANQUE/thJxdWrU/ensPAIMA/sessions/s1/pp1/m1/version_info.json'
[2026-04-21 20:22:55,972] [24/MainThread] [INFO] [dataiku.container.file_exchange] Fetching file /data/dataiku/datadir/analysis-data/PROJET_CHURN_BANQUE/thJxdWrU/ensPAIMA/sessions/s1/pp1/m1/version_info.json into /home/dataiku/cache/analysis-data/PROJET_CHURN_BANQUE/thJxdWrU/ensPAIMA/sessions/s1/pp1/m1/version_info.json
[2026-04-21 20:22:55,973] [24/MainThread] [DEBUG] [urllib3.connectionpool] Starting new HTTPS connection (28): dss-headless-node-56800c84.space-1e09aade-dku.svc.cluster.local:10005
[2026-04-21 20:22:55,996] [24/MainThread] [DEBUG] [urllib3.connectionpool] https://dss-headless-node-56800c84.space-1e09aade-dku.svc.cluster.local:10005 "POST /dip/api/tintercom/containers/get-file HTTP/1.1" 404 834
[2026-04-21 20:22:55,996] [24/MainThread] [WARNING] [dataiku.container.file_exchange] Could not fetch file /data/dataiku/datadir/analysis-data/PROJET_CHURN_BANQUE/thJxdWrU/ensPAIMA/sessions/s1/pp1/m1/version_info.json, not found
[2026-04-21 20:22:55,996] [24/MainThread] [INFO] [dataiku.doctor.prediction.common] NaN support available: compatible algorithm RANDOM_FOREST_CLASSIFICATION and feature reduction NONE
[2026-04-21 20:22:55,996] [24/MainThread] [INFO] [dataiku.doctor.preprocessing_handler] generating interactions
[2026-04-21 20:22:55,997] [24/MainThread] [INFO] [dataiku.doctor.preprocessing_handler] {'feature_selection_params': {'method': 'NONE', 'random_forest_params': {'n_trees': 30, 'depth': 10, 'n_features': 25}, 'lasso_params': {'alpha': [0.01, 0.1, 1.0, 10.0, 100.0], 'cross_validate': True}, 'pca_params': {'n_features': 25, 'variance_proportion': 0.9}, 'ica_params': {'n_components': 25, 'fun': 'logcosh'}, 'correlation_params': {'min_abs_correlation': 0.0, 'max_abs_correlation': 1.0, 'n_features': 25}, 'custom_params': {'code': '# type your code here'}}, 'preprocessingFitSampleRatio': 1.0, 'preprocessingFitSampleSeed': 1337, 'target_remapping': [{'sourceValue': 'false', 'mappedValue': 0, 'sampleFreq': 6769}, {'sourceValue': 'true', 'mappedValue': 1, 'sampleFreq': 3231}], 'skipPreprocessing': False, 'per_feature': {'count': {'generate_derivative': False, 'numerical_handling': 'REGULAR', 'missing_handling': 'IMPUTE', 'missing_impute_with': 'MEAN', 'impute_constant_value': 0.0, 'keep_regular': False, 'rescaling': 'AVGSTD', 'monotonic': 'NONE', 'quantile_bin_nb_bins': 4, 'binarize_threshold_mode': 'MEDIAN', 'binarize_constant_threshold': 0.0, 'datetime_cyclical_periods': [], 'role': 'INPUT', 'type': 'NUMERIC', 'state': {'userModified': False, 'autoModifiedByDSS': False, 'recordedMeaning': 'LongMeaning'}, 'customHandlingCode': '', 'customProcessorWantsMatrix': False, 'sendToInput': 'main'}, 'balance_min_avg': {'generate_derivative': False, 'numerical_handling': 'REGULAR', 'missing_handling': 'IMPUTE', 'missing_impute_with': 'MEAN', 'impute_constant_value': 0.0, 'keep_regular': False, 'rescaling': 'AVGSTD', 'monotonic': 'NONE', 'quantile_bin_nb_bins': 4, 'binarize_threshold_mode': 'MEDIAN', 'binarize_constant_threshold': 0.0, 'datetime_cyclical_periods': [], 'role': 'INPUT', 'type': 'NUMERIC', 'state': {'userModified': False, 'autoModifiedByDSS': False, 'recordedMeaning': 'DoubleMeaning'}, 'customHandlingCode': '', 'customProcessorWantsMatrix': False, 'sendToInput': 'main'}, 'is_churn_max': {'dummy_clip': 'MAX_NB_CATEGORIES', 'cumulative_proportion': 0.95, 'min_samples': 10, 'max_nb_categories': 100, 'max_cat_safety': 200, 'nb_bins_hashing': 1048576, 'hash_whole_categories': True, 'dummy_drop': 'NONE', 'impact_method': 'M_ESTIMATOR', 'impact_m': 10, 'impact_kfold': True, 'impact_kfold_k': 5, 'impact_kfold_seed': 1337, 'ordinal_order': 'COUNT', 'ordinal_ascending': False, 'ordinal_default_mode': 'HIGHEST', 'ordinal_default_value': 0, 'frequency_default_mode': 'EXPLICIT', 'frequency_default_value': 0.0, 'frequency_normalized': True, 'role': 'TARGET', 'type': 'CATEGORY', 'state': {'userModified': False, 'autoModifiedByDSS': False, 'recordedMeaning': 'Boolean'}, 'customHandlingCode': '', 'customProcessorWantsMatrix': False, 'sendToInput': 'main'}, 'balance_avg_avg': {'generate_derivative': False, 'numerical_handling': 'REGULAR', 'missing_handling': 'IMPUTE', 'missing_impute_with': 'MEAN', 'impute_constant_value': 0.0, 'keep_regular': False, 'rescaling': 'AVGSTD', 'monotonic': 'NONE', 'quantile_bin_nb_bins': 4, 'binarize_threshold_mode': 'MEDIAN', 'binarize_constant_threshold': 0.0, 'datetime_cyclical_periods': [], 'role': 'INPUT', 'type': 'NUMERIC', 'state': {'userModified': False, 'autoModifiedByDSS': False, 'recordedMeaning': 'DoubleMeaning'}, 'customHandlingCode': '', 'customProcessorWantsMatrix': False, 'sendToInput': 'main'}, 'customer_id': {'generate_derivative': False, 'impute_constant_value': 0.0, 'keep_regular': False, 'monotonic': 'NONE', 'quantile_bin_nb_bins': 4, 'binarize_threshold_mode': 'MEDIAN', 'binarize_constant_threshold': 0.0, 'datetime_cyclical_periods': [], 'role': 'REJECT', 'type': 'NUMERIC', 'state': {'userModified': False, 'autoModifiedByDSS': False, 'recordedMeaning': 'LongMeaning'}, 'autoReason': 'REJECT_IDENTIFIER', 'customHandlingCode': '', 'customProcessorWantsMatrix': False, 'sendToInput': 'main'}, 'revenue_sum_avg': {'generate_derivative': False, 'numerical_handling': 'REGULAR', 'missing_handling': 'IMPUTE', 'missing_impute_with': 'MEAN', 'impute_constant_value': 0.0, 'keep_regular': False, 'rescaling': 'AVGSTD', 'monotonic': 'NONE', 'quantile_bin_nb_bins': 4, 'binarize_threshold_mode': 'MEDIAN', 'binarize_constant_threshold': 0.0, 'datetime_cyclical_periods': [], 'role': 'INPUT', 'type': 'NUMERIC', 'state': {'userModified': False, 'autoModifiedByDSS': False, 'recordedMeaning': 'DoubleMeaning'}, 'customHandlingCode': '', 'customProcessorWantsMatrix': False, 'sendToInput': 'main'}}, 'reduce': {'enabled': False, 'kept_variance': 0.0}, 'feature_generation': {'pairwise_linear': {'behavior': 'DISABLED'}, 'polynomial_combinations': {'behavior': 'DISABLED'}, 'manual_interactions': {'interactions': []}, 'numericals_clustering': {'k': 0, 'all_features': False, 'input_features': [], 'behavior': 'DISABLED'}, 'categoricals_count_transformer': {'all_features': False, 'input_features': [], 'behavior': 'DISABLED'}, 'shifts': {}, 'windows': [], 'windows_rescale_numericals': False, 'windows_max_categories': 10}}
[2026-04-21 20:22:55,997] [24/MainThread] [INFO] [dataiku.doctor.preprocessing_handler] No feature selection to perform
[2026-04-21 20:22:55,997] [24/MainThread] [INFO] [dataiku.doctor.preprocessing_handler] generating interactions
[2026-04-21 20:22:55,997] [24/MainThread] [INFO] [dataiku.doctor.preprocessing_handler] {'feature_selection_params': {'method': 'NONE', 'random_forest_params': {'n_trees': 30, 'depth': 10, 'n_features': 25}, 'lasso_params': {'alpha': [0.01, 0.1, 1.0, 10.0, 100.0], 'cross_validate': True}, 'pca_params': {'n_features': 25, 'variance_proportion': 0.9}, 'ica_params': {'n_components': 25, 'fun': 'logcosh'}, 'correlation_params': {'min_abs_correlation': 0.0, 'max_abs_correlation': 1.0, 'n_features': 25}, 'custom_params': {'code': '# type your code here'}}, 'preprocessingFitSampleRatio': 1.0, 'preprocessingFitSampleSeed': 1337, 'target_remapping': [{'sourceValue': 'false', 'mappedValue': 0, 'sampleFreq': 6769}, {'sourceValue': 'true', 'mappedValue': 1, 'sampleFreq': 3231}], 'skipPreprocessing': False, 'per_feature': {'count': {'generate_derivative': False, 'numerical_handling': 'REGULAR', 'missing_handling': 'IMPUTE', 'missing_impute_with': 'MEAN', 'impute_constant_value': 0.0, 'keep_regular': False, 'rescaling': 'AVGSTD', 'monotonic': 'NONE', 'quantile_bin_nb_bins': 4, 'binarize_threshold_mode': 'MEDIAN', 'binarize_constant_threshold': 0.0, 'datetime_cyclical_periods': [], 'role': 'INPUT', 'type': 'NUMERIC', 'state': {'userModified': False, 'autoModifiedByDSS': False, 'recordedMeaning': 'LongMeaning'}, 'customHandlingCode': '', 'customProcessorWantsMatrix': False, 'sendToInput': 'main'}, 'balance_min_avg': {'generate_derivative': False, 'numerical_handling': 'REGULAR', 'missing_handling': 'IMPUTE', 'missing_impute_with': 'MEAN', 'impute_constant_value': 0.0, 'keep_regular': False, 'rescaling': 'AVGSTD', 'monotonic': 'NONE', 'quantile_bin_nb_bins': 4, 'binarize_threshold_mode': 'MEDIAN', 'binarize_constant_threshold': 0.0, 'datetime_cyclical_periods': [], 'role': 'INPUT', 'type': 'NUMERIC', 'state': {'userModified': False, 'autoModifiedByDSS': False, 'recordedMeaning': 'DoubleMeaning'}, 'customHandlingCode': '', 'customProcessorWantsMatrix': False, 'sendToInput': 'main'}, 'is_churn_max': {'dummy_clip': 'MAX_NB_CATEGORIES', 'cumulative_proportion': 0.95, 'min_samples': 10, 'max_nb_categories': 100, 'max_cat_safety': 200, 'nb_bins_hashing': 1048576, 'hash_whole_categories': True, 'dummy_drop': 'NONE', 'impact_method': 'M_ESTIMATOR', 'impact_m': 10, 'impact_kfold': True, 'impact_kfold_k': 5, 'impact_kfold_seed': 1337, 'ordinal_order': 'COUNT', 'ordinal_ascending': False, 'ordinal_default_mode': 'HIGHEST', 'ordinal_default_value': 0, 'frequency_default_mode': 'EXPLICIT', 'frequency_default_value': 0.0, 'frequency_normalized': True, 'role': 'TARGET', 'type': 'CATEGORY', 'state': {'userModified': False, 'autoModifiedByDSS': False, 'recordedMeaning': 'Boolean'}, 'customHandlingCode': '', 'customProcessorWantsMatrix': False, 'sendToInput': 'main'}, 'balance_avg_avg': {'generate_derivative': False, 'numerical_handling': 'REGULAR', 'missing_handling': 'IMPUTE', 'missing_impute_with': 'MEAN', 'impute_constant_value': 0.0, 'keep_regular': False, 'rescaling': 'AVGSTD', 'monotonic': 'NONE', 'quantile_bin_nb_bins': 4, 'binarize_threshold_mode': 'MEDIAN', 'binarize_constant_threshold': 0.0, 'datetime_cyclical_periods': [], 'role': 'INPUT', 'type': 'NUMERIC', 'state': {'userModified': False, 'autoModifiedByDSS': False, 'recordedMeaning': 'DoubleMeaning'}, 'customHandlingCode': '', 'customProcessorWantsMatrix': False, 'sendToInput': 'main'}, 'customer_id': {'generate_derivative': False, 'impute_constant_value': 0.0, 'keep_regular': False, 'monotonic': 'NONE', 'quantile_bin_nb_bins': 4, 'binarize_threshold_mode': 'MEDIAN', 'binarize_constant_threshold': 0.0, 'datetime_cyclical_periods': [], 'role': 'REJECT', 'type': 'NUMERIC', 'state': {'userModified': False, 'autoModifiedByDSS': False, 'recordedMeaning': 'LongMeaning'}, 'autoReason': 'REJECT_IDENTIFIER', 'customHandlingCode': '', 'customProcessorWantsMatrix': False, 'sendToInput': 'main'}, 'revenue_sum_avg': {'generate_derivative': False, 'numerical_handling': 'REGULAR', 'missing_handling': 'IMPUTE', 'missing_impute_with': 'MEAN', 'impute_constant_value': 0.0, 'keep_regular': False, 'rescaling': 'AVGSTD', 'monotonic': 'NONE', 'quantile_bin_nb_bins': 4, 'binarize_threshold_mode': 'MEDIAN', 'binarize_constant_threshold': 0.0, 'datetime_cyclical_periods': [], 'role': 'INPUT', 'type': 'NUMERIC', 'state': {'userModified': False, 'autoModifiedByDSS': False, 'recordedMeaning': 'DoubleMeaning'}, 'customHandlingCode': '', 'customProcessorWantsMatrix': False, 'sendToInput': 'main'}}, 'reduce': {'enabled': False, 'kept_variance': 0.0}, 'feature_generation': {'pairwise_linear': {'behavior': 'DISABLED'}, 'polynomial_combinations': {'behavior': 'DISABLED'}, 'manual_interactions': {'interactions': []}, 'numericals_clustering': {'k': 0, 'all_features': False, 'input_features': [], 'behavior': 'DISABLED'}, 'categoricals_count_transformer': {'all_features': False, 'input_features': [], 'behavior': 'DISABLED'}, 'shifts': {}, 'windows': [], 'windows_rescale_numericals': False, 'windows_max_categories': 10}}
[2026-04-21 20:22:55,997] [24/MainThread] [INFO] [dataiku.doctor.preprocessing_handler] No feature selection to perform
[2026-04-21 20:22:55,998] [24/MainThread] [INFO] [dataiku.doctor.multiframe] Set MF index len 1
[2026-04-21 20:22:55,998] [24/MainThread] [DEBUG] [dku.ml.preprocessing] PROCESS WITH Step:MultipleImputeMissingFromInput
[2026-04-21 20:22:55,998] [24/MainThread] [DEBUG] [dku.ml.preprocessing] MIMIFI: Imputing with map {'count': 2.4552931960608775, 'balance_min_avg': 8132.268697746837, 'balance_avg_avg': 11223.687274500806, 'revenue_sum_avg': 89.49772659659985}
[2026-04-21 20:22:55,999] [24/MainThread] [DEBUG] [dku.ml.preprocessing] PROCESS WITH Step:MultipleImputeMissingFromInput
[2026-04-21 20:22:55,999] [24/MainThread] [DEBUG] [dku.ml.preprocessing] MIMIFI: Imputing with map {}
[2026-04-21 20:22:55,999] [24/MainThread] [DEBUG] [dku.ml.preprocessing] PROCESS WITH Step:RescalingProcessor2 (count)
[2026-04-21 20:22:56,000] [24/MainThread] [DEBUG] [dku.ml.preprocessing]   Rescale count (avg=2.4552931960608775 std=nan shift=2.4552931960608775 inv_scale=0.7033554094213762 nulls=0)
[2026-04-21 20:22:56,001] [24/MainThread] [DEBUG] [dku.ml.preprocessing] PROCESS WITH Step:RescalingProcessor2 (balance_min_avg)
[2026-04-21 20:22:56,001] [24/MainThread] [DEBUG] [dku.ml.preprocessing]   Rescale balance_min_avg (avg=8132.268697746837 std=nan shift=8132.268697746837 inv_scale=3.6860642723083166e-05 nulls=0)
[2026-04-21 20:22:56,001] [24/MainThread] [DEBUG] [dku.ml.preprocessing] PROCESS WITH Step:RescalingProcessor2 (balance_avg_avg)
[2026-04-21 20:22:56,002] [24/MainThread] [DEBUG] [dku.ml.preprocessing]   Rescale balance_avg_avg (avg=11223.687274500806 std=nan shift=11223.687274500806 inv_scale=3.64362410680209e-05 nulls=0)
[2026-04-21 20:22:56,002] [24/MainThread] [DEBUG] [dku.ml.preprocessing] PROCESS WITH Step:RescalingProcessor2 (revenue_sum_avg)
[2026-04-21 20:22:56,002] [24/MainThread] [DEBUG] [dku.ml.preprocessing]   Rescale revenue_sum_avg (avg=89.49772659659985 std=nan shift=89.49772659659985 inv_scale=0.006745127911672814 nulls=0)
[2026-04-21 20:22:56,003] [24/MainThread] [DEBUG] [dku.ml.preprocessing] PROCESS WITH Step:FlushDFBuilder(num_flagonly)
[2026-04-21 20:22:56,003] [24/MainThread] [DEBUG] [dku.ml.preprocessing] PROCESS WITH Step:FlushDFBuilder(datetime_cyclical)
[2026-04-21 20:22:56,003] [24/MainThread] [DEBUG] [dku.ml.preprocessing] PROCESS WITH Step:MultipleImputeMissingFromInput
[2026-04-21 20:22:56,003] [24/MainThread] [DEBUG] [dku.ml.preprocessing] MIMIFI: Imputing with map {}
[2026-04-21 20:22:56,003] [24/MainThread] [DEBUG] [dku.ml.preprocessing] PROCESS WITH Step:FlushDFBuilder(cat_flagpresence)
[2026-04-21 20:22:56,003] [24/MainThread] [DEBUG] [dku.ml.preprocessing] PROCESS WITH Step:MultipleImputeMissingFromInput
[2026-04-21 20:22:56,003] [24/MainThread] [DEBUG] [dku.ml.preprocessing] MIMIFI: Imputing with map {}
[2026-04-21 20:22:56,003] [24/MainThread] [DEBUG] [dku.ml.preprocessing] PROCESS WITH Step:MultipleImputeMissingFromInput
[2026-04-21 20:22:56,003] [24/MainThread] [DEBUG] [dku.ml.preprocessing] MIMIFI: Imputing with map {}
[2026-04-21 20:22:56,003] [24/MainThread] [DEBUG] [dku.ml.preprocessing] PROCESS WITH Step:FlushDFBuilder(interaction)
[2026-04-21 20:22:56,003] [24/MainThread] [DEBUG] [dku.ml.preprocessing] PROCESS WITH Step:DumpPipelineState
[2026-04-21 20:22:56,003] [24/MainThread] [DEBUG] [dku.ml.preprocessing] ********* Pipeline state (Before feature selection)
[2026-04-21 20:22:56,003] [24/MainThread] [DEBUG] [dku.ml.preprocessing]    input_df= (1, 6) 
[2026-04-21 20:22:56,003] [24/MainThread] [DEBUG] [dku.ml.preprocessing]    current_mf=(1, 4) 
[2026-04-21 20:22:56,003] [24/MainThread] [DEBUG] [dku.ml.preprocessing]    PPR: 
[2026-04-21 20:22:56,003] [24/MainThread] [DEBUG] [dku.ml.preprocessing] PROCESS WITH Step:EmitCurrentMFAsResult
[2026-04-21 20:22:56,004] [24/MainThread] [INFO] [dataiku.doctor.multiframe] Set MF index len 1
[2026-04-21 20:22:56,004] [24/MainThread] [DEBUG] [dku.ml.preprocessing] PROCESS WITH Step:DumpPipelineState
[2026-04-21 20:22:56,004] [24/MainThread] [DEBUG] [dku.ml.preprocessing] ********* Pipeline state (At end)
[2026-04-21 20:22:56,004] [24/MainThread] [DEBUG] [dku.ml.preprocessing]    input_df= (1, 6) 
[2026-04-21 20:22:56,004] [24/MainThread] [DEBUG] [dku.ml.preprocessing]    current_mf=(0, 0) 
[2026-04-21 20:22:56,004] [24/MainThread] [DEBUG] [dku.ml.preprocessing]    PPR: 
[2026-04-21 20:22:56,004] [24/MainThread] [DEBUG] [dku.ml.preprocessing]       TRAIN = <class 'dataiku.doctor.multiframe.MultiFrame'> ((1, 4))
[2026-04-21 20:22:56,004] [24/MainThread] [DEBUG] [dku.ml.preprocessing]       UNPROCESSED = <class 'pandas.core.frame.DataFrame'> ((1, 6))
[2026-04-21 20:22:56,004] [24/MainThread] [INFO] [dataiku.doctor.individual_explainer] Preparing explainer components: column importance, background rows and feature histograms
[2026-04-21 20:22:56,004] [24/MainThread] [INFO] [dataiku.base.folder_context] Fetching file from backend: source='/data/dataiku/datadir/analysis-data/PROJET_CHURN_BANQUE/thJxdWrU/ensPAIMA/sessions/s1/pp1/m1/column_importance.json' target='/home/dataiku/cache/analysis-data/PROJET_CHURN_BANQUE/thJxdWrU/ensPAIMA/sessions/s1/pp1/m1/column_importance.json'
[2026-04-21 20:22:56,004] [24/MainThread] [INFO] [dataiku.container.file_exchange] Fetching file /data/dataiku/datadir/analysis-data/PROJET_CHURN_BANQUE/thJxdWrU/ensPAIMA/sessions/s1/pp1/m1/column_importance.json into /home/dataiku/cache/analysis-data/PROJET_CHURN_BANQUE/thJxdWrU/ensPAIMA/sessions/s1/pp1/m1/column_importance.json
[2026-04-21 20:22:56,006] [24/MainThread] [DEBUG] [urllib3.connectionpool] Starting new HTTPS connection (29): dss-headless-node-56800c84.space-1e09aade-dku.svc.cluster.local:10005
[2026-04-21 20:22:56,028] [24/MainThread] [DEBUG] [urllib3.connectionpool] https://dss-headless-node-56800c84.space-1e09aade-dku.svc.cluster.local:10005 "POST /dip/api/tintercom/containers/get-file HTTP/1.1" 404 849
[2026-04-21 20:22:56,028] [24/MainThread] [WARNING] [dataiku.container.file_exchange] Could not fetch file /data/dataiku/datadir/analysis-data/PROJET_CHURN_BANQUE/thJxdWrU/ensPAIMA/sessions/s1/pp1/m1/column_importance.json, not found
[2026-04-21 20:22:56,029] [24/MainThread] [INFO] [dataiku.doctor.individual_explainer] Loading train dataset to allow for computation of explanations.
[2026-04-21 20:22:56,029] [24/MainThread] [INFO] [root] Reading with dtypes: None
[2026-04-21 20:22:56,029] [24/MainThread] [INFO] [dataiku.doctor.utils] Computed dtype for customer_id: None (schema_type=bigint feature_type=NUMERIC feature_role=REJECT)
[2026-04-21 20:22:56,029] [24/MainThread] [INFO] [dataiku.doctor.utils] Computed dtype for is_churn_max: <class 'numpy.object_'> (schema_type=boolean feature_type=CATEGORY feature_role=TARGET)
[2026-04-21 20:22:56,029] [24/MainThread] [INFO] [dataiku.doctor.utils] Computed dtype for balance_min_avg: <class 'numpy.float64'> (schema_type=double feature_type=NUMERIC feature_role=INPUT)
[2026-04-21 20:22:56,029] [24/MainThread] [INFO] [dataiku.doctor.utils] Computed dtype for balance_avg_avg: <class 'numpy.float64'> (schema_type=double feature_type=NUMERIC feature_role=INPUT)
[2026-04-21 20:22:56,029] [24/MainThread] [INFO] [dataiku.doctor.utils] Computed dtype for revenue_sum_avg: <class 'numpy.float64'> (schema_type=double feature_type=NUMERIC feature_role=INPUT)
[2026-04-21 20:22:56,029] [24/MainThread] [INFO] [dataiku.doctor.utils] Computed dtype for count: <class 'numpy.float64'> (schema_type=bigint feature_type=NUMERIC feature_role=INPUT)
[2026-04-21 20:22:56,029] [24/MainThread] [INFO] [root] Reading with FIXED dtypes: {'is_churn_max': <class 'numpy.object_'>, 'balance_min_avg': <class 'numpy.float64'>, 'balance_avg_avg': <class 'numpy.float64'>, 'revenue_sum_avg': <class 'numpy.float64'>, 'count': <class 'numpy.float64'>}
[2026-04-21 20:22:56,066] [24/MainThread] [INFO] [root] Loaded table
[2026-04-21 20:22:56,067] [24/MainThread] [INFO] [dataiku.doctor.utils] Coercion done
[2026-04-21 20:22:56,067] [24/MainThread] [INFO] [dataiku.doctor.multiframe] Set MF index len 17872
[2026-04-21 20:22:56,068] [24/MainThread] [DEBUG] [dku.ml.preprocessing] PROCESS WITH Step:MultipleImputeMissingFromInput
[2026-04-21 20:22:56,068] [24/MainThread] [DEBUG] [dku.ml.preprocessing] MIMIFI: Imputing with map {'count': 2.4552931960608775, 'balance_min_avg': 8132.268697746837, 'balance_avg_avg': 11223.687274500806, 'revenue_sum_avg': 89.49772659659985}
[2026-04-21 20:22:56,069] [24/MainThread] [DEBUG] [dku.ml.preprocessing] PROCESS WITH Step:MultipleImputeMissingFromInput
[2026-04-21 20:22:56,069] [24/MainThread] [DEBUG] [dku.ml.preprocessing] MIMIFI: Imputing with map {}
[2026-04-21 20:22:56,069] [24/MainThread] [DEBUG] [dku.ml.preprocessing] PROCESS WITH Step:RescalingProcessor2 (count)
[2026-04-21 20:22:56,070] [24/MainThread] [DEBUG] [dku.ml.preprocessing]   Rescale count (avg=2.4552931960608775 std=1.4217563220600835 shift=2.4552931960608775 inv_scale=0.7033554094213762 nulls=0)
[2026-04-21 20:22:56,071] [24/MainThread] [DEBUG] [dku.ml.preprocessing] PROCESS WITH Step:RescalingProcessor2 (balance_min_avg)
[2026-04-21 20:22:56,071] [24/MainThread] [DEBUG] [dku.ml.preprocessing]   Rescale balance_min_avg (avg=8132.268697746837 std=27102.627793818603 shift=8132.268697746837 inv_scale=3.6860642723083166e-05 nulls=0)
[2026-04-21 20:22:56,072] [24/MainThread] [DEBUG] [dku.ml.preprocessing] PROCESS WITH Step:RescalingProcessor2 (balance_avg_avg)
[2026-04-21 20:22:56,072] [24/MainThread] [DEBUG] [dku.ml.preprocessing]   Rescale balance_avg_avg (avg=11223.687274500806 std=27418.313489024098 shift=11223.687274500806 inv_scale=3.64362410680209e-05 nulls=0)
[2026-04-21 20:22:56,073] [24/MainThread] [DEBUG] [dku.ml.preprocessing] PROCESS WITH Step:RescalingProcessor2 (revenue_sum_avg)
[2026-04-21 20:22:56,073] [24/MainThread] [DEBUG] [dku.ml.preprocessing]   Rescale revenue_sum_avg (avg=89.49772659659983 std=146.7082062220202 shift=89.49772659659985 inv_scale=0.006745127911672814 nulls=0)
[2026-04-21 20:22:56,074] [24/MainThread] [DEBUG] [dku.ml.preprocessing] PROCESS WITH Step:FlushDFBuilder(num_flagonly)
[2026-04-21 20:22:56,074] [24/MainThread] [DEBUG] [dku.ml.preprocessing] PROCESS WITH Step:FlushDFBuilder(datetime_cyclical)
[2026-04-21 20:22:56,074] [24/MainThread] [DEBUG] [dku.ml.preprocessing] PROCESS WITH Step:MultipleImputeMissingFromInput
[2026-04-21 20:22:56,074] [24/MainThread] [DEBUG] [dku.ml.preprocessing] MIMIFI: Imputing with map {}
[2026-04-21 20:22:56,074] [24/MainThread] [DEBUG] [dku.ml.preprocessing] PROCESS WITH Step:FlushDFBuilder(cat_flagpresence)
[2026-04-21 20:22:56,074] [24/MainThread] [DEBUG] [dku.ml.preprocessing] PROCESS WITH Step:MultipleImputeMissingFromInput
[2026-04-21 20:22:56,074] [24/MainThread] [DEBUG] [dku.ml.preprocessing] MIMIFI: Imputing with map {}
[2026-04-21 20:22:56,074] [24/MainThread] [DEBUG] [dku.ml.preprocessing] PROCESS WITH Step:MultipleImputeMissingFromInput
[2026-04-21 20:22:56,074] [24/MainThread] [DEBUG] [dku.ml.preprocessing] MIMIFI: Imputing with map {}
[2026-04-21 20:22:56,074] [24/MainThread] [DEBUG] [dku.ml.preprocessing] PROCESS WITH Step:FlushDFBuilder(interaction)
[2026-04-21 20:22:56,074] [24/MainThread] [DEBUG] [dku.ml.preprocessing] PROCESS WITH Step:DumpPipelineState
[2026-04-21 20:22:56,075] [24/MainThread] [DEBUG] [dku.ml.preprocessing] ********* Pipeline state (Before feature selection)
[2026-04-21 20:22:56,075] [24/MainThread] [DEBUG] [dku.ml.preprocessing]    input_df= (17872, 6) 
[2026-04-21 20:22:56,075] [24/MainThread] [DEBUG] [dku.ml.preprocessing]    current_mf=(17872, 4) 
[2026-04-21 20:22:56,075] [24/MainThread] [DEBUG] [dku.ml.preprocessing]    PPR: 
[2026-04-21 20:22:56,075] [24/MainThread] [DEBUG] [dku.ml.preprocessing] PROCESS WITH Step:EmitCurrentMFAsResult
[2026-04-21 20:22:56,075] [24/MainThread] [INFO] [dataiku.doctor.multiframe] Set MF index len 17872
[2026-04-21 20:22:56,075] [24/MainThread] [DEBUG] [dku.ml.preprocessing] PROCESS WITH Step:DumpPipelineState
[2026-04-21 20:22:56,075] [24/MainThread] [DEBUG] [dku.ml.preprocessing] ********* Pipeline state (At end)
[2026-04-21 20:22:56,075] [24/MainThread] [DEBUG] [dku.ml.preprocessing]    input_df= (17872, 6) 
[2026-04-21 20:22:56,075] [24/MainThread] [DEBUG] [dku.ml.preprocessing]    current_mf=(0, 0) 
[2026-04-21 20:22:56,075] [24/MainThread] [DEBUG] [dku.ml.preprocessing]    PPR: 
[2026-04-21 20:22:56,075] [24/MainThread] [DEBUG] [dku.ml.preprocessing]       TRAIN = <class 'dataiku.doctor.multiframe.MultiFrame'> ((17872, 4))
[2026-04-21 20:22:56,075] [24/MainThread] [DEBUG] [dku.ml.preprocessing]       UNPROCESSED = <class 'pandas.core.frame.DataFrame'> ((17872, 6))
[2026-04-21 20:22:56,075] [24/MainThread] [INFO] [dataiku.doctor.prediction.common] NaN support available: compatible algorithm RANDOM_FOREST_CLASSIFICATION and feature reduction None
[2026-04-21 20:22:56,076] [24/MainThread] [INFO] [dataiku.doctor.sparse] prepare multiframe shape=(17872,4) fill_ratio=0.99
[2026-04-21 20:22:56,076] [24/MainThread] [INFO] [dataiku.doctor.sparse] Multiframe is not sparse enough, using NPA
[2026-04-21 20:22:56,282] [24/MainThread] [INFO] [dataiku.base.folder_context] Fetching file from backend: source='/data/dataiku/datadir/analysis-data/PROJET_CHURN_BANQUE/thJxdWrU/ensPAIMA/sessions/s1/pp1/m1/column_importance.json' target='/home/dataiku/cache/analysis-data/PROJET_CHURN_BANQUE/thJxdWrU/ensPAIMA/sessions/s1/pp1/m1/column_importance.json'
[2026-04-21 20:22:56,282] [24/MainThread] [INFO] [dataiku.container.file_exchange] Fetching file /data/dataiku/datadir/analysis-data/PROJET_CHURN_BANQUE/thJxdWrU/ensPAIMA/sessions/s1/pp1/m1/column_importance.json into /home/dataiku/cache/analysis-data/PROJET_CHURN_BANQUE/thJxdWrU/ensPAIMA/sessions/s1/pp1/m1/column_importance.json
[2026-04-21 20:22:56,283] [24/MainThread] [DEBUG] [urllib3.connectionpool] Starting new HTTPS connection (30): dss-headless-node-56800c84.space-1e09aade-dku.svc.cluster.local:10005
[2026-04-21 20:22:56,306] [24/MainThread] [DEBUG] [urllib3.connectionpool] https://dss-headless-node-56800c84.space-1e09aade-dku.svc.cluster.local:10005 "POST /dip/api/tintercom/containers/get-file HTTP/1.1" 404 849
[2026-04-21 20:22:56,307] [24/MainThread] [WARNING] [dataiku.container.file_exchange] Could not fetch file /data/dataiku/datadir/analysis-data/PROJET_CHURN_BANQUE/thJxdWrU/ensPAIMA/sessions/s1/pp1/m1/column_importance.json, not found
[2026-04-21 20:22:56,307] [24/MainThread] [INFO] [dataiku.doctor.prediction.column_importance_handler] Reusing the model feature importance
[2026-04-21 20:22:56,307] [24/MainThread] [INFO] [dataiku.base.folder_context] Fetching file from backend: source='/data/dataiku/datadir/analysis-data/PROJET_CHURN_BANQUE/thJxdWrU/ensPAIMA/sessions/s1/pp1/feature_selection.json' target='/home/dataiku/cache/analysis-data/PROJET_CHURN_BANQUE/thJxdWrU/ensPAIMA/sessions/s1/pp1/feature_selection.json'
[2026-04-21 20:22:56,307] [24/MainThread] [INFO] [dataiku.container.file_exchange] Fetching file /data/dataiku/datadir/analysis-data/PROJET_CHURN_BANQUE/thJxdWrU/ensPAIMA/sessions/s1/pp1/feature_selection.json into /home/dataiku/cache/analysis-data/PROJET_CHURN_BANQUE/thJxdWrU/ensPAIMA/sessions/s1/pp1/feature_selection.json
[2026-04-21 20:22:56,308] [24/MainThread] [DEBUG] [urllib3.connectionpool] Starting new HTTPS connection (31): dss-headless-node-56800c84.space-1e09aade-dku.svc.cluster.local:10005
[2026-04-21 20:22:56,333] [24/MainThread] [DEBUG] [urllib3.connectionpool] https://dss-headless-node-56800c84.space-1e09aade-dku.svc.cluster.local:10005 "POST /dip/api/tintercom/containers/get-file HTTP/1.1" 404 840
[2026-04-21 20:22:56,333] [24/MainThread] [WARNING] [dataiku.container.file_exchange] Could not fetch file /data/dataiku/datadir/analysis-data/PROJET_CHURN_BANQUE/thJxdWrU/ensPAIMA/sessions/s1/pp1/feature_selection.json, not found
[2026-04-21 20:22:56,334] [24/MainThread] [INFO] [dataiku.doctor.prediction.column_importance_handler] Saving column importance
[2026-04-21 20:22:56,335] [24/MainThread] [INFO] [root] Sending /home/dataiku/cache/analysis-data/PROJET_CHURN_BANQUE/thJxdWrU/ensPAIMA/sessions/s1/pp1/m1/column_importance.json to /data/dataiku/datadir/analysis-data/PROJET_CHURN_BANQUE/thJxdWrU/ensPAIMA/sessions/s1/pp1/m1/column_importance.json
[2026-04-21 20:22:56,336] [24/MainThread] [DEBUG] [urllib3.connectionpool] Starting new HTTPS connection (32): dss-headless-node-56800c84.space-1e09aade-dku.svc.cluster.local:10005
[2026-04-21 20:22:56,497] [24/MainThread] [DEBUG] [urllib3.connectionpool] https://dss-headless-node-56800c84.space-1e09aade-dku.svc.cluster.local:10005 "POST /dip/api/tintercom/containers/put-file?executionId=doctor-preprocessing-rq0iqjx&fileKind=FILTERED_PATHS&path=%2Fdata%2Fdataiku%2Fdatadir%2Fanalysis-data%2FPROJET_CHURN_BANQUE%2FthJxdWrU%2FensPAIMA%2Fsessions%2Fs1%2Fpp1%2Fm1%2Fcolumn_importance.json&expand=false HTTP/1.1" 200 None
[2026-04-21 20:22:56,498] [24/MainThread] [INFO] [dataiku.base.folder_context] Fetching file from backend: source='/data/dataiku/datadir/analysis-data/PROJET_CHURN_BANQUE/thJxdWrU/ensPAIMA/sessions/s1/pp1/m1/background_rows.csv' target='/home/dataiku/cache/analysis-data/PROJET_CHURN_BANQUE/thJxdWrU/ensPAIMA/sessions/s1/pp1/m1/background_rows.csv'
[2026-04-21 20:22:56,498] [24/MainThread] [INFO] [dataiku.container.file_exchange] Fetching file /data/dataiku/datadir/analysis-data/PROJET_CHURN_BANQUE/thJxdWrU/ensPAIMA/sessions/s1/pp1/m1/background_rows.csv into /home/dataiku/cache/analysis-data/PROJET_CHURN_BANQUE/thJxdWrU/ensPAIMA/sessions/s1/pp1/m1/background_rows.csv
[2026-04-21 20:22:56,501] [24/MainThread] [DEBUG] [urllib3.connectionpool] https://dss-headless-node-56800c84.space-1e09aade-dku.svc.cluster.local:10005 "POST /dip/api/tintercom/containers/get-file HTTP/1.1" 404 840
[2026-04-21 20:22:56,501] [24/MainThread] [WARNING] [dataiku.container.file_exchange] Could not fetch file /data/dataiku/datadir/analysis-data/PROJET_CHURN_BANQUE/thJxdWrU/ensPAIMA/sessions/s1/pp1/m1/background_rows.csv, not found
[2026-04-21 20:22:56,502] [24/MainThread] [INFO] [dataiku.doctor.prediction.background_rows_handler] Building background rows
[2026-04-21 20:22:56,504] [24/MainThread] [INFO] [dataiku.doctor.prediction.background_rows_handler] Background estimated bias <= 0.012576313086915425
[2026-04-21 20:22:56,507] [24/MainThread] [INFO] [dataiku.doctor.prediction.background_rows_handler] Built background rows with shape=(1000, 6)
[2026-04-21 20:22:56,507] [24/MainThread] [INFO] [dataiku.doctor.prediction.background_rows_handler] Saving background rows with shape=(1000, 6)
[2026-04-21 20:22:56,512] [24/MainThread] [INFO] [root] Sending /home/dataiku/cache/analysis-data/PROJET_CHURN_BANQUE/thJxdWrU/ensPAIMA/sessions/s1/pp1/m1/background_rows.csv to /data/dataiku/datadir/analysis-data/PROJET_CHURN_BANQUE/thJxdWrU/ensPAIMA/sessions/s1/pp1/m1/background_rows.csv
[2026-04-21 20:22:56,513] [24/MainThread] [DEBUG] [urllib3.connectionpool] Starting new HTTPS connection (33): dss-headless-node-56800c84.space-1e09aade-dku.svc.cluster.local:10005
[2026-04-21 20:22:56,535] [24/MainThread] [DEBUG] [urllib3.connectionpool] https://dss-headless-node-56800c84.space-1e09aade-dku.svc.cluster.local:10005 "POST /dip/api/tintercom/containers/put-file?executionId=doctor-preprocessing-rq0iqjx&fileKind=FILTERED_PATHS&path=%2Fdata%2Fdataiku%2Fdatadir%2Fanalysis-data%2FPROJET_CHURN_BANQUE%2FthJxdWrU%2FensPAIMA%2Fsessions%2Fs1%2Fpp1%2Fm1%2Fbackground_rows.csv&expand=false HTTP/1.1" 200 None
[2026-04-21 20:22:56,536] [24/MainThread] [INFO] [dataiku.doctor.utils] Coercion done
[2026-04-21 20:22:56,537] [24/MainThread] [INFO] [dataiku.base.folder_context] Fetching file from backend: source='/data/dataiku/datadir/analysis-data/PROJET_CHURN_BANQUE/thJxdWrU/ensPAIMA/sessions/s1/pp1/m1/features_distribution.json' target='/home/dataiku/cache/analysis-data/PROJET_CHURN_BANQUE/thJxdWrU/ensPAIMA/sessions/s1/pp1/m1/features_distribution.json'
[2026-04-21 20:22:56,537] [24/MainThread] [INFO] [dataiku.container.file_exchange] Fetching file /data/dataiku/datadir/analysis-data/PROJET_CHURN_BANQUE/thJxdWrU/ensPAIMA/sessions/s1/pp1/m1/features_distribution.json into /home/dataiku/cache/analysis-data/PROJET_CHURN_BANQUE/thJxdWrU/ensPAIMA/sessions/s1/pp1/m1/features_distribution.json
[2026-04-21 20:22:56,540] [24/MainThread] [DEBUG] [urllib3.connectionpool] https://dss-headless-node-56800c84.space-1e09aade-dku.svc.cluster.local:10005 "POST /dip/api/tintercom/containers/get-file HTTP/1.1" 404 861
[2026-04-21 20:22:56,540] [24/MainThread] [WARNING] [dataiku.container.file_exchange] Could not fetch file /data/dataiku/datadir/analysis-data/PROJET_CHURN_BANQUE/thJxdWrU/ensPAIMA/sessions/s1/pp1/m1/features_distribution.json, not found
[2026-04-21 20:22:56,541] [24/MainThread] [INFO] [dataiku.doctor.posttraining.features_distribution] Computing features distribution
[2026-04-21 20:22:56,560] [24/MainThread] [INFO] [dataiku.doctor.posttraining.features_distribution] Saving features distribution
[2026-04-21 20:22:56,563] [24/MainThread] [INFO] [root] Sending /home/dataiku/cache/analysis-data/PROJET_CHURN_BANQUE/thJxdWrU/ensPAIMA/sessions/s1/pp1/m1/features_distribution.json to /data/dataiku/datadir/analysis-data/PROJET_CHURN_BANQUE/thJxdWrU/ensPAIMA/sessions/s1/pp1/m1/features_distribution.json
[2026-04-21 20:22:56,564] [24/MainThread] [DEBUG] [urllib3.connectionpool] Starting new HTTPS connection (34): dss-headless-node-56800c84.space-1e09aade-dku.svc.cluster.local:10005
[2026-04-21 20:22:56,588] [24/MainThread] [DEBUG] [urllib3.connectionpool] https://dss-headless-node-56800c84.space-1e09aade-dku.svc.cluster.local:10005 "POST /dip/api/tintercom/containers/put-file?executionId=doctor-preprocessing-rq0iqjx&fileKind=FILTERED_PATHS&path=%2Fdata%2Fdataiku%2Fdatadir%2Fanalysis-data%2FPROJET_CHURN_BANQUE%2FthJxdWrU%2FensPAIMA%2Fsessions%2Fs1%2Fpp1%2Fm1%2Ffeatures_distribution.json&expand=false HTTP/1.1" 200 None
[2026-04-21 20:22:56,592] [24/MainThread] [DEBUG] [urllib3.connectionpool] https://dss-headless-node-56800c84.space-1e09aade-dku.svc.cluster.local:10005 "GET /dip/api/tintercom/ml/prediction/get-max-columns-to-explain HTTP/1.1" 200 None
[2026-04-21 20:22:56,594] [24/MainThread] [INFO] [dataiku.doctor.individual_explainer] Using Shapley from preprocessed engine, all mentions of cells *include* the preprocessing
/opt/dataiku/python/dataiku/doctor/prediction/explanations/shapley.py:63: DeprecationWarning: `in1d` is deprecated. Use `np.isin` instead.
  self._columns_to_explain_indices = [np.in1d(self.background_rows_df.columns, col_name).nonzero()[0][0]
[2026-04-21 20:22:56,595] [24/MainThread] [INFO] [dataiku.doctor.multiframe] Set MF index len 100
[2026-04-21 20:22:56,595] [24/MainThread] [DEBUG] [dku.ml.preprocessing] PROCESS WITH Step:MultipleImputeMissingFromInput
[2026-04-21 20:22:56,595] [24/MainThread] [DEBUG] [dku.ml.preprocessing] MIMIFI: Imputing with map {'count': 2.4552931960608775, 'balance_min_avg': 8132.268697746837, 'balance_avg_avg': 11223.687274500806, 'revenue_sum_avg': 89.49772659659985}
[2026-04-21 20:22:56,596] [24/MainThread] [DEBUG] [dku.ml.preprocessing] PROCESS WITH Step:MultipleImputeMissingFromInput
[2026-04-21 20:22:56,596] [24/MainThread] [DEBUG] [dku.ml.preprocessing] MIMIFI: Imputing with map {}
[2026-04-21 20:22:56,596] [24/MainThread] [DEBUG] [dku.ml.preprocessing] PROCESS WITH Step:RescalingProcessor2 (count)
[2026-04-21 20:22:56,597] [24/MainThread] [DEBUG] [dku.ml.preprocessing]   Rescale count (avg=2.33 std=1.3488116730266428 shift=2.4552931960608775 inv_scale=0.7033554094213762 nulls=0)
[2026-04-21 20:22:56,598] [24/MainThread] [DEBUG] [dku.ml.preprocessing] PROCESS WITH Step:RescalingProcessor2 (balance_min_avg)
[2026-04-21 20:22:56,598] [24/MainThread] [DEBUG] [dku.ml.preprocessing]   Rescale balance_min_avg (avg=8593.348028644135 std=23590.233326852995 shift=8132.268697746837 inv_scale=3.6860642723083166e-05 nulls=0)
[2026-04-21 20:22:56,599] [24/MainThread] [DEBUG] [dku.ml.preprocessing] PROCESS WITH Step:RescalingProcessor2 (balance_avg_avg)
[2026-04-21 20:22:56,599] [24/MainThread] [DEBUG] [dku.ml.preprocessing]   Rescale balance_avg_avg (avg=11908.026866788208 std=23858.276522741595 shift=11223.687274500806 inv_scale=3.64362410680209e-05 nulls=0)
[2026-04-21 20:22:56,599] [24/MainThread] [DEBUG] [dku.ml.preprocessing] PROCESS WITH Step:RescalingProcessor2 (revenue_sum_avg)
[2026-04-21 20:22:56,600] [24/MainThread] [DEBUG] [dku.ml.preprocessing]   Rescale revenue_sum_avg (avg=100.34021417487962 std=161.28881358885448 shift=89.49772659659985 inv_scale=0.006745127911672814 nulls=0)
[2026-04-21 20:22:56,600] [24/MainThread] [DEBUG] [dku.ml.preprocessing] PROCESS WITH Step:FlushDFBuilder(num_flagonly)
[2026-04-21 20:22:56,600] [24/MainThread] [DEBUG] [dku.ml.preprocessing] PROCESS WITH Step:FlushDFBuilder(datetime_cyclical)
[2026-04-21 20:22:56,600] [24/MainThread] [DEBUG] [dku.ml.preprocessing] PROCESS WITH Step:MultipleImputeMissingFromInput
[2026-04-21 20:22:56,600] [24/MainThread] [DEBUG] [dku.ml.preprocessing] MIMIFI: Imputing with map {}
[2026-04-21 20:22:56,600] [24/MainThread] [DEBUG] [dku.ml.preprocessing] PROCESS WITH Step:FlushDFBuilder(cat_flagpresence)
[2026-04-21 20:22:56,600] [24/MainThread] [DEBUG] [dku.ml.preprocessing] PROCESS WITH Step:MultipleImputeMissingFromInput
[2026-04-21 20:22:56,600] [24/MainThread] [DEBUG] [dku.ml.preprocessing] MIMIFI: Imputing with map {}
[2026-04-21 20:22:56,600] [24/MainThread] [DEBUG] [dku.ml.preprocessing] PROCESS WITH Step:MultipleImputeMissingFromInput
[2026-04-21 20:22:56,601] [24/MainThread] [DEBUG] [dku.ml.preprocessing] MIMIFI: Imputing with map {}
[2026-04-21 20:22:56,601] [24/MainThread] [DEBUG] [dku.ml.preprocessing] PROCESS WITH Step:FlushDFBuilder(interaction)
[2026-04-21 20:22:56,601] [24/MainThread] [DEBUG] [dku.ml.preprocessing] PROCESS WITH Step:DumpPipelineState
[2026-04-21 20:22:56,601] [24/MainThread] [DEBUG] [dku.ml.preprocessing] ********* Pipeline state (Before feature selection)
[2026-04-21 20:22:56,601] [24/MainThread] [DEBUG] [dku.ml.preprocessing]    input_df= (100, 4) 
[2026-04-21 20:22:56,601] [24/MainThread] [DEBUG] [dku.ml.preprocessing]    current_mf=(100, 4) 
[2026-04-21 20:22:56,601] [24/MainThread] [DEBUG] [dku.ml.preprocessing]    PPR: 
[2026-04-21 20:22:56,601] [24/MainThread] [DEBUG] [dku.ml.preprocessing] PROCESS WITH Step:EmitCurrentMFAsResult
[2026-04-21 20:22:56,601] [24/MainThread] [INFO] [dataiku.doctor.multiframe] Set MF index len 100
[2026-04-21 20:22:56,601] [24/MainThread] [DEBUG] [dku.ml.preprocessing] PROCESS WITH Step:DumpPipelineState
[2026-04-21 20:22:56,601] [24/MainThread] [DEBUG] [dku.ml.preprocessing] ********* Pipeline state (At end)
[2026-04-21 20:22:56,601] [24/MainThread] [DEBUG] [dku.ml.preprocessing]    input_df= (100, 4) 
[2026-04-21 20:22:56,601] [24/MainThread] [DEBUG] [dku.ml.preprocessing]    current_mf=(0, 0) 
[2026-04-21 20:22:56,601] [24/MainThread] [DEBUG] [dku.ml.preprocessing]    PPR: 
[2026-04-21 20:22:56,601] [24/MainThread] [DEBUG] [dku.ml.preprocessing]       TRAIN = <class 'dataiku.doctor.multiframe.MultiFrame'> ((100, 4))
[2026-04-21 20:22:56,601] [24/MainThread] [DEBUG] [dku.ml.preprocessing]       UNPROCESSED = <class 'pandas.core.frame.DataFrame'> ((100, 4))
[2026-04-21 20:22:56,601] [24/MainThread] [INFO] [dataiku.doctor.prediction.common] NaN support available: compatible algorithm RANDOM_FOREST_CLASSIFICATION and feature reduction None
[2026-04-21 20:22:56,602] [24/MainThread] [INFO] [dataiku.doctor.sparse] prepare multiframe shape=(100,4) fill_ratio=0.98
[2026-04-21 20:22:56,602] [24/MainThread] [INFO] [dataiku.doctor.sparse] Multiframe is not sparse enough, using NPA
[2026-04-21 20:22:56,602] [24/MainThread] [INFO] [dataiku.doctor.prediction.explanations.shapley] 1600 cells will be generated by FrankensteinBuilder(total_num_columns=4, background_size=100, num_cols_to_explain=4) for each row
[2026-04-21 20:22:56,603] [24/MainThread] [INFO] [dataiku.doctor.prediction.explanations.engine] Selecting batch size of: 150 (num_rows=1, max_num_batches=15, max_singly_processed_cells=300000, estimated_processed_cells=240000)
[2026-04-21 20:22:56,603] [24/MainThread] [INFO] [dataiku.doctor.prediction.explanations.engine] Explaining 150 rows in 1 batches
[2026-04-21 20:22:56,603] [24/MainThread] [INFO] [dataiku.doctor.prediction.explanations.engine] Explaining 150 rows (batch 1/1)
[2026-04-21 20:22:56,603] [24/MainThread] [INFO] [dataiku.doctor.multiframe] Set MF index len 150
[2026-04-21 20:22:56,606] [24/MainThread] [INFO] [dataiku.doctor.multiframe] Set MF index len 150
[2026-04-21 20:22:56,606] [24/MainThread] [INFO] [dataiku.doctor.prediction.common] NaN support available: compatible algorithm RANDOM_FOREST_CLASSIFICATION and feature reduction None
[2026-04-21 20:22:56,606] [24/MainThread] [INFO] [dataiku.doctor.sparse] prepare multiframe shape=(150,4) fill_ratio=0.99
[2026-04-21 20:22:56,606] [24/MainThread] [INFO] [dataiku.doctor.sparse] Multiframe is not sparse enough, using NPA
[2026-04-21 20:22:56,633] [24/MainThread] [INFO] [dataiku.doctor.prediction.explanations.shapley] Built frankenstein of shape (60000, 4)
[2026-04-21 20:22:57,136] [24/MainThread] [INFO] [dataiku.doctor.prediction.explanations.shapley] Built frankenstein of shape (60000, 4)
[2026-04-21 20:22:57,695] [24/MainThread] [INFO] [dataiku.doctor.prediction.explanations.engine] Done computing explanations
[2026-04-21 20:22:57,699] [24/MainThread] [INFO] [root] Sending /home/dataiku/cache/analysis-data/PROJET_CHURN_BANQUE/thJxdWrU/ensPAIMA/sessions/s1/pp1/m1/global_explanations_absolute_importance.json to /data/dataiku/datadir/analysis-data/PROJET_CHURN_BANQUE/thJxdWrU/ensPAIMA/sessions/s1/pp1/m1/global_explanations_absolute_importance.json
[2026-04-21 20:22:57,702] [24/MainThread] [DEBUG] [urllib3.connectionpool] https://dss-headless-node-56800c84.space-1e09aade-dku.svc.cluster.local:10005 "POST /dip/api/tintercom/containers/put-file?executionId=doctor-preprocessing-rq0iqjx&fileKind=FILTERED_PATHS&path=%2Fdata%2Fdataiku%2Fdatadir%2Fanalysis-data%2FPROJET_CHURN_BANQUE%2FthJxdWrU%2FensPAIMA%2Fsessions%2Fs1%2Fpp1%2Fm1%2Fglobal_explanations_absolute_importance.json&expand=false HTTP/1.1" 200 None
[2026-04-21 20:22:57,704] [24/MainThread] [INFO] [root] Sending /home/dataiku/cache/analysis-data/PROJET_CHURN_BANQUE/thJxdWrU/ensPAIMA/sessions/s1/pp1/m1/global_explanations_observations.json to /data/dataiku/datadir/analysis-data/PROJET_CHURN_BANQUE/thJxdWrU/ensPAIMA/sessions/s1/pp1/m1/global_explanations_observations.json
[2026-04-21 20:22:57,707] [24/MainThread] [DEBUG] [urllib3.connectionpool] https://dss-headless-node-56800c84.space-1e09aade-dku.svc.cluster.local:10005 "POST /dip/api/tintercom/containers/put-file?executionId=doctor-preprocessing-rq0iqjx&fileKind=FILTERED_PATHS&path=%2Fdata%2Fdataiku%2Fdatadir%2Fanalysis-data%2FPROJET_CHURN_BANQUE%2FthJxdWrU%2FensPAIMA%2Fsessions%2Fs1%2Fpp1%2Fm1%2Fglobal_explanations_observations.json&expand=false HTTP/1.1" 200 None
[2026-04-21 20:22:57,717] [24/MainThread] [INFO] [root] Sending /home/dataiku/cache/analysis-data/PROJET_CHURN_BANQUE/thJxdWrU/ensPAIMA/sessions/s1/pp1/m1/global_explanations_facts.json to /data/dataiku/datadir/analysis-data/PROJET_CHURN_BANQUE/thJxdWrU/ensPAIMA/sessions/s1/pp1/m1/global_explanations_facts.json
[2026-04-21 20:22:57,732] [24/MainThread] [DEBUG] [urllib3.connectionpool] https://dss-headless-node-56800c84.space-1e09aade-dku.svc.cluster.local:10005 "POST /dip/api/tintercom/containers/put-file?executionId=doctor-preprocessing-rq0iqjx&fileKind=FILTERED_PATHS&path=%2Fdata%2Fdataiku%2Fdatadir%2Fanalysis-data%2FPROJET_CHURN_BANQUE%2FthJxdWrU%2FensPAIMA%2Fsessions%2Fs1%2Fpp1%2Fm1%2Fglobal_explanations_facts.json&expand=false HTTP/1.1" 200 None
[2026-04-21 20:22:57,732] [24/MainThread] [INFO] [dataiku.doctor.utils.listener] END -  Preparing explainability
[2026-04-21 20:22:57,746] [24/MainThread] [INFO] [root] Sending /home/dataiku/cache/analysis-data/PROJET_CHURN_BANQUE/thJxdWrU/ensPAIMA/sessions/s1/pp1/m1/train_info.json to /data/dataiku/datadir/analysis-data/PROJET_CHURN_BANQUE/thJxdWrU/ensPAIMA/sessions/s1/pp1/m1/train_info.json
[2026-04-21 20:22:57,748] [24/MainThread] [DEBUG] [urllib3.connectionpool] https://dss-headless-node-56800c84.space-1e09aade-dku.svc.cluster.local:10005 "POST /dip/api/tintercom/containers/put-file?executionId=doctor-preprocessing-rq0iqjx&fileKind=FILTERED_PATHS&path=%2Fdata%2Fdataiku%2Fdatadir%2Fanalysis-data%2FPROJET_CHURN_BANQUE%2FthJxdWrU%2FensPAIMA%2Fsessions%2Fs1%2Fpp1%2Fm1%2Ftrain_info.json&expand=false HTTP/1.1" 200 None
[2026/04/21-20:22:57.749] [MRT-2110] [INFO] [dku.block.link.interaction]  - Check result for nullity exceptionIfNull=true result=not null
[2026-04-21 20:22:57,749] [24/MainThread] [INFO] [dataiku.base.socket_block_link] Client closed
[2026/04/21-20:22:57.749] [MRT-2110] [INFO] [dku.analysis.prediction]  - Training returned ok
[2026/04/21-20:22:57.750] [MRT-2110] [INFO] [dku.ml.versioning]  - Dumping version info {"trainedWithDSSVersion":"14.4.4","trainedWithDSSConfVersion":"14430","trainedWithDSSBackend":"PY_MEMORY","backendCompatibilityVersion":18} in /data/dataiku/datadir/analysis-data/PROJET_CHURN_BANQUE/thJxdWrU/ensPAIMA/sessions/s1/pp1/m1
Installing debugging signal handler
[2026/04/21-20:22:57.750] [MRT-2110] [INFO] [dku.ml.kernel]  - Waiting for results after job finished
[2026/04/21-20:22:57.751] [MRT-2110] [INFO] [dku.ml.kernel]  - /data/dataiku/datadir/analysis-data/PROJET_CHURN_BANQUE/thJxdWrU/ensPAIMA/sessions/s1/pp1/container_done.txt not here, still waiting
[2026-04-21 20:22:57,971] [1/MainThread] [INFO] [root] Stop monitoring process 24
[2026-04-21 20:22:58,699] [1/Thread-1] [WARNING] [root] Process not yet started, or shutting down
[2026-04-21 20:22:58,699] [1/Thread-1] [INFO] [root] Done monitoring process 24
[2026-04-21 20:22:58,699] [1/MainThread] [INFO] [root] Containerized process exited with status 0
[2026-04-21 20:22:58,703] [1/MainThread] [DEBUG] [urllib3.connectionpool] https://dss-headless-node-56800c84.space-1e09aade-dku.svc.cluster.local:10005 "POST /dip/api/tintercom/containers/put-file?executionId=doctor-preprocessing-rq0iqjx&fileKind=EXECUTION_DIR&path=container_done.txt HTTP/1.1" 200 None
Installing debugging signal handler
[2026/04/21-20:22:59.964] [KNL-python-single-command-kernel-k8smonitor-2141] [INFO] [dku.containers.kubernetes]  - wait for pod to complete, getting pod status
[2026/04/21-20:22:59.965] [KNL-python-single-command-kernel-k8smonitor-2141] [INFO] [dku.containers.kubernetes]  - Querying status on pod dataiku-exec-doctor-preprocessing-rq0iqjx- try number 1
[2026/04/21-20:23:00.086] [Thread-1861] [DEBUG] [dku.utils]  - Process kubectl-get-pod done (return code 0)
[2026/04/21-20:23:00.086] [KNL-python-single-command-kernel-k8smonitor-2141] [DEBUG] [dku.containers.kubernetes]  - kubectl get pod OK, out=Running
[2026/04/21-20:23:00.087] [KNL-python-single-command-kernel-k8smonitor-2141] [DEBUG] [dku.containers.kubernetes]  - Kubernetes pod is running
[2026/04/21-20:23:00.253] [MRT-2110] [INFO] [dku.analysis.ml]  - preTrain={
  "algorithm": "RANDOM_FOREST_CLASSIFICATION",
  "rf_classifier_grid": {
    "n_estimators": {
      "gridMode": "EXPLICIT",
      "randomMode": "RANGE",
      "limit": {
        "min": 1
      },
      "values": [
        100
      ],
      "range": {
        "min": 80,
        "max": 200,
        "nbValues": 3,
        "scaling": "LINEAR"
      }
    },
    "n_jobs": 4,
    "max_tree_depth": {
      "gridMode": "EXPLICIT",
      "randomMode": "RANGE",
      "limit": {
        "min": 1
      },
      "values": [
        6,
        12
      ],
      "range": {
        "min": 6,
        "max": 20,
        "nbValues": 3,
        "scaling": "LINEAR"
      }
    },
    "min_samples_leaf": {
      "gridMode": "EXPLICIT",
      "randomMode": "RANGE",
      "limit": {
        "min": 1
      },
      "values": [
        1
      ],
      "range": {
        "min": 1,
        "max": 20,
        "nbValues": 3,
        "scaling": "LINEAR"
      }
    },
    "selection_mode": "sqrt",
    "max_features": {
      "gridMode": "EXPLICIT",
      "randomMode": "RANGE",
      "limit": {
        "min": 1
      },
      "values": [
        5
      ],
      "range": {
        "min": 1,
        "max": 20,
        "nbValues": 3,
        "scaling": "LINEAR"
      }
    },
    "max_feature_prop": {
      "gridMode": "EXPLICIT",
      "randomMode": "RANGE",
      "limit": {
        "min": 1.0E-23,
        "max": 1.0
      },
      "values": [
        0.3
      ],
      "range": {
        "min": 0.1,
        "max": 0.7,
        "nbValues": 3,
        "scaling": "LINEAR"
      }
    },
    "allow_sparse_matrices": true,
    "enabled": true
  },
  "max_ensemble_nodes_serialized": 6000,
  "metrics": {
    "customMetrics": [],
    "evaluationMetric": "ROC_AUC",
    "classAveragingMethod": "MACRO",
    "thresholdOptimizationMetric": "F1",
    "costMatrixWeights": {
      "tpGain": 1.0,
      "tnGain": 0.0,
      "fpGain": -0.3,
      "fnGain": 0.0
    },
    "liftPoint": 0.4,
    "netUpliftPoint": 0.5,
    "causalWeighting": "NO_WEIGHTING"
  },
  "autoOptimizeThreshold": true,
  "forcedClassifierThreshold": 0.0,
  "isShiftWindowsCompatible": true,
  "gridLength": 2,
  "grid_search_params": {
    "mode": "KFOLD",
    "splitRatio": 0.8,
    "shuffleIterations": 1,
    "nFolds": 5,
    "cvSeed": 1337,
    "stratified": true,
    "grouped": false,
    "strategy": "GRID",
    "bayesianOptimizer": "SCIKIT_OPTIMIZE",
    "randomized": true,
    "seed": 1337,
    "nIter": 0,
    "nIterRandom": 5,
    "timeout": 0,
    "nJobs": 4,
    "distributed": false,
    "nContainers": 4,
    "foldOffset": true,
    "equalDurationFolds": false
  },
  "pluginAlgoCustomGridSearch": false,
  "computeLearningCurves": false,
  "skipExpensiveReports": false,
  "skipPermutationImportance": true,
  "perIdentifierPermutationImportance": false,
  "propensityModeling": {
    "enabled": true,
    "calibrateProbabilities": false,
    "calibrationDataRatio": 0.1
  }
}
[2026/04/21-20:23:00.253] [MRT-2110] [INFO] [dku.analysis.ml]  - amp={
  "resolved": {
    "algorithm": "RANDOM_FOREST_CLASSIFICATION",
    "rf": {
      "estimators": 100,
      "max_tree_depth": 12,
      "min_samples_leaf": 1,
      "selection_mode": "sqrt",
      "max_features": 0,
      "max_feature_prop": 0.0
    },
    "skipExpensiveReports": false
  },
  "other": {
    "rf_min_samples_split": 3
  }
}
[2026/04/21-20:23:00.256] [MRT-2110] [INFO] [dku.ml.kernel]  - Deleting pod
[2026/04/21-20:23:00.256] [MRT-2110] [INFO] [dku.containers.kubernetes]  - Deleting Kubernetes object: ["delete","-f","/data/dataiku/datadir/analysis-data/PROJET_CHURN_BANQUE/thJxdWrU/ensPAIMA/sessions/s1/pp1/pod.yaml","-f","/data/dataiku/datadir/analysis-data/PROJET_CHURN_BANQUE/thJxdWrU/ensPAIMA/sessions/s1/pp1/secret.yaml"]
[2026/04/21-20:23:05.087] [KNL-python-single-command-kernel-k8smonitor-2141] [INFO] [dku.containers.kubernetes]  - wait for pod to complete, getting pod status
[2026/04/21-20:23:05.087] [KNL-python-single-command-kernel-k8smonitor-2141] [INFO] [dku.containers.kubernetes]  - Querying status on pod dataiku-exec-doctor-preprocessing-rq0iqjx- try number 1
[2026/04/21-20:23:05.209] [Thread-1867] [DEBUG] [dku.utils]  - Process kubectl-get-pod done (return code 0)
[2026/04/21-20:23:05.209] [KNL-python-single-command-kernel-k8smonitor-2141] [DEBUG] [dku.containers.kubernetes]  - kubectl get pod OK, out=Running
[2026/04/21-20:23:05.210] [KNL-python-single-command-kernel-k8smonitor-2141] [DEBUG] [dku.containers.kubernetes]  - Kubernetes pod is running
[2026/04/21-20:23:07.771] [Thread-1864] [DEBUG] [dku.utils]  - Process kubectl done (return code 0)
[2026/04/21-20:23:07.771] [MRT-2110] [INFO] [dku.ml.kernel]  - Pod deleted
[2026/04/21-20:23:07.772] [MRT-2110] [WARN] [dku.kernels]  - Killing kernel python-single-command-kernel
[2026/04/21-20:23:07.772] [MRT-2110] [INFO] [dku.containers.kubernetes]  - Deleting Kubernetes object: ["delete","-f","/data/dataiku/datadir/analysis-data/PROJET_CHURN_BANQUE/thJxdWrU/ensPAIMA/sessions/s1/pp1/pod.yaml","-f","/data/dataiku/datadir/analysis-data/PROJET_CHURN_BANQUE/thJxdWrU/ensPAIMA/sessions/s1/pp1/secret.yaml"]
[2026/04/21-20:23:07.894] [Thread-1870] [INFO] [dku.utils]  - Process kubectl completed, return code 1
[2026/04/21-20:23:07.895] [MRT-2110] [INFO] [dku.engine]  - Schedule closing for WorkerPool
[2026/04/21-20:23:07.895] [MRT-2110] [DEBUG] [dku.remoterun.registry]  - Finished with container execution doctor-preprocessing-rq0iqjx
[2026/04/21-20:23:07.896] [MRT-2110] [INFO] [dip.tickets]  - Destroying API ticket for analysis-ml-PROJET_CHURN_BANQUE-Rq0iQjX on behalf of karunakaranrishikaran@gmail.com
[2026/04/21-20:23:07.897] [MRT-2110] [ERROR] [dku.analysis.ml.python]  - Failure while destroying ml kernel
java.io.IOException: Could not stop kubernetes object: return value was 1 (Error from server (NotFound): error when deleting "/data/dataiku/datadir/analysis-data/PROJET_CHURN_BANQUE/thJxdWrU/ensPAIMA/sessions/s1/pp1/pod.yaml": pods "dataiku-exec-doctor-preprocessing-rq0iqjx" not found
Error from server (NotFound): error when deleting "/data/dataiku/datadir/analysis-data/PROJET_CHURN_BANQUE/thJxdWrU/ensPAIMA/sessions/s1/pp1/secret.yaml": secrets "dkusecret-doctor-preprocessing-rq0iqjx" not found
)
	at com.dataiku.dip.containers.exec.KubernetesExecUtils.delete(KubernetesExecUtils.java:2287)
	at com.dataiku.dip.containers.exec.KubernetesExecUtils.deleteFromFiles(KubernetesExecUtils.java:2272)
	at com.dataiku.dip.containers.exec.KubernetesExecUtils$KubernetesPod.delete(KubernetesExecUtils.java:2402)
	at com.dataiku.dip.containers.exec.KubernetesExecUtils$KubernetesPod.evilKill(KubernetesExecUtils.java:2417)
	at com.dataiku.dip.kernels.DSSKernelBase.killWithoutMercy(DSSKernelBase.java:226)
	at com.dataiku.dip.kernels.DSSKernelBase.killWithoutMercy(DSSKernelBase.java:214)
	at com.dataiku.dip.analysis.ml.shared.PRNSTrainThread.run(PRNSTrainThread.java:192)
[2026/04/21-20:23:07.898] [MRT-2110] [INFO] [dku.block.link]  - Closed socket
[2026/04/21-20:23:07.898] [MRT-2110] [INFO] [dku.block.link]  - Closed socket
[2026/04/21-20:23:07.898] [MRT-2110] [INFO] [dku.block.link]  - Closed serverSocket
[2026/04/21-20:23:07.899] [FT-TrainWorkThread-GZbmMv5G-2109] [INFO] [dku.analysis.ml.python] T-ensPAIMA - [ct: 52571] Processing thread joined ...
[2026/04/21-20:23:07.899] [FT-TrainWorkThread-GZbmMv5G-2109] [INFO] [dku.analysis.ml.python] T-ensPAIMA - [ct: 52571] Joining processing thread ...
[2026/04/21-20:23:07.900] [FT-TrainWorkThread-GZbmMv5G-2109] [INFO] [dku.analysis.ml.python] T-ensPAIMA - [ct: 52572] Processing thread joined ...
[2026/04/21-20:23:07.900] [FT-TrainWorkThread-GZbmMv5G-2109] [INFO] [dku.analysis] T-ensPAIMA - [ct: 52572] Train done
[2026/04/21-20:23:07.901] [FT-TrainWorkThread-GZbmMv5G-2109] [INFO] [dku.analysis.prediction] T-ensPAIMA - [ct: 52573] Train done
[2026/04/21-20:23:07.910] [FT-TrainWorkThread-GZbmMv5G-2109] [INFO] [dku.analysis.trainingdetails] T-ensPAIMA - Publishing mltask-train-done reflected event
[2026/04/21-20:23:07.911] [FT-TrainWorkThread-GZbmMv5G-2109] [INFO] [dku.futures]  - [ct: 52583] Completed future execution: TrainWorkThread
[2026/04/21-20:23:10.210] [KNL-python-single-command-kernel-k8smonitor-2141] [INFO] [dku.containers.kubernetes]  - wait for pod to complete, getting pod status
[2026/04/21-20:23:10.210] [KNL-python-single-command-kernel-k8smonitor-2141] [INFO] [dku.containers.kubernetes]  - Querying status on pod dataiku-exec-doctor-preprocessing-rq0iqjx- try number 1
[2026/04/21-20:23:10.332] [Thread-1873] [DEBUG] [dku.utils]  - Process kubectl-get-pod done (return code 0)
[2026/04/21-20:23:10.332] [KNL-python-single-command-kernel-k8smonitor-2141] [ERROR] [dku.containers.kubernetes]  - kubectl get pod failed, no pod found : dataiku-exec-doctor-preprocessing-rq0iqjx
[2026/04/21-20:23:15.333] [KNL-python-single-command-kernel-k8smonitor-2141] [INFO] [dku.containers.kubernetes]  - Querying status on pod dataiku-exec-doctor-preprocessing-rq0iqjx- try number 2
[2026/04/21-20:23:15.452] [Thread-1876] [DEBUG] [dku.utils]  - Process kubectl-get-pod done (return code 0)
[2026/04/21-20:23:15.453] [KNL-python-single-command-kernel-k8smonitor-2141] [ERROR] [dku.containers.kubernetes]  - kubectl get pod failed, no pod found : dataiku-exec-doctor-preprocessing-rq0iqjx
[2026/04/21-20:23:20.453] [KNL-python-single-command-kernel-k8smonitor-2141] [INFO] [dku.containers.kubernetes]  - Querying status on pod dataiku-exec-doctor-preprocessing-rq0iqjx- try number 3
[2026/04/21-20:23:20.573] [Thread-1880] [DEBUG] [dku.utils]  - Process kubectl-get-pod done (return code 0)
[2026/04/21-20:23:20.574] [KNL-python-single-command-kernel-k8smonitor-2141] [ERROR] [dku.containers.kubernetes]  - kubectl get pod failed, no pod found : dataiku-exec-doctor-preprocessing-rq0iqjx
[2026/04/21-20:23:25.574] [KNL-python-single-command-kernel-k8smonitor-2141] [WARN] [dku.containers.kubernetes]  - Error getting pod status
java.io.IOException: Error while checking kubernetes pod status, no pod found
	at com.dataiku.dip.containers.exec.KubernetesExecUtils.getPodStatus(KubernetesExecUtils.java:1990)
	at com.dataiku.dip.containers.exec.KubernetesExecUtils.waitForPod(KubernetesExecUtils.java:2057)
	at com.dataiku.dip.analysis.coreservices.AnalysisMLContainerKernel$K8SKernelMonitorThread.run(AnalysisMLContainerKernel.java:312)
[2026/04/21-20:23:25.575] [KNL-python-single-command-kernel-k8smonitor-2141] [INFO] [dku.ml.kernel]  - K8S pod terminated, exception:java.io.IOException: Error while checking kubernetes pod status, no pod found
[2026/04/21-20:23:25.575] [KNL-python-single-command-kernel-k8smonitor-2141] [INFO] [dku.ml.kernel]  - Log handling process done with code 0
[2026/04/21-20:23:25.575] [KNL-python-single-command-kernel-k8smonitor-2141] [DEBUG] [dku.resourceusage]  - Reporting completion of CRU:{"context":{"type":"ANALYSIS_ML_TRAIN","authIdentifier":"karunakaranrishikaran@gmail.com","projectKey":"PROJET_CHURN_BANQUE","analysisId":"thJxdWrU","mlTaskId":"ensPAIMA","sessionId":"s1"},"type":"SINGLE_K8S_JOB","id":"jlB7gAQJloAVw5Qn","startTime":1776802935875,"singleK8SJob":{"k8sClusterId":"__builtin__","executionId":"doctor-preprocessing-rq0iqjx","cpuRequest":1.0,"cpuLimit":1.0,"memoryRequestMB":8192,"memoryLimitMB":8192,"containerConfigName":"vCPU-1-RAM-8GiB"}}
