proba_false	proba_true
0.7874636207343034	0.21253637926569657
0.24156078834089922	0.7584392116591008
0.12864428893564306	0.8713557110643569
0.7928324508506327	0.2071675491493673
0.08316941849162518	0.9168305815083748
0.2869439621633537	0.7130560378366463
0.193758068951135	0.806241931048865
0.7921873233540773	0.20781267664592276
0.05075849057413728	0.9492415094258627
0.5853785935547513	0.41462140644524875
0.7681621300013389	0.23183786999866107
0.6074721542405623	0.39252784575943767
0.1253176098956056	0.8746823901043944
0.38637245556148125	0.6136275444385187
0.5625201408592049	0.4374798591407952
0.7504954873931882	0.24950451260681186
0.47964585636745527	0.5203541436325447
0.9617168051440627	0.03828319485593729
0.8613246967369462	0.1386753032630538
0.6987766928427102	0.30122330715728984
0.8253268541997845	0.1746731458002155
0.859627963015144	0.14037203698485595
0.1924026682205947	0.8075973317794053
0.3304161042094218	0.6695838957905782
0.2248986880995394	0.7751013119004606
0.9547484141580183	0.04525158584198171
0.28812485258571185	0.7118751474142881
0.7500072664216938	0.24999273357830618
0.7913743950944417	0.20862560490555826
0.7011893523854221	0.2988106476145779
0.32439189420262105	0.675608105797379
0.2539149708606292	0.7460850291393708
0.3115664716469849	0.6884335283530151
0.19681713074143226	0.8031828692585677
0.5154279035681589	0.48457209643184107
0.19667559436414261	0.8033244056358574
0.8247488497681115	0.17525115023188859
0.09746522905368016	0.9025347709463198
0.3952101983959013	0.6047898016040987
0.10174167645977628	0.8982583235402237
0.4427950823426403	0.5572049176573597
0.7967409129331845	0.20325908706681547
0.856784716878002	0.14321528312199808
0.606140885221361	0.393859114778639
0.9077987573350131	0.09220124266498683
0.7487703158701544	0.2512296841298456
0.38033889783993013	0.6196611021600699
0.876067231857322	0.12393276814267791
0.5563450695135772	0.44365493048642285
0.7708140917813753	0.22918590821862467
0.3863825929768403	0.6136174070231597
0.5954400669559238	0.4045599330440762
0.4218765217471794	0.5781234782528206
0.09971642611031906	0.9002835738896809
0.357218040536448	0.642781959463552
0.7593191068939803	0.2406808931060197
0.8111278157634202	0.1888721842365798
0.38752265637705285	0.6124773436229471
0.6610672395483417	0.33893276045165827
0.7469096381824667	0.25309036181753325
0.874610526752224	0.12538947324777602
0.2918801671349347	0.7081198328650653
0.5927347668334959	0.40726523316650404
0.19836345888707763	0.8016365411129224
0.20195467496821562	0.7980453250317844
0.5063177953748197	0.49368220462518037
0.0938401352292908	0.9061598647707092
0.36944478671867753	0.6305552132813225
0.758073832697351	0.24192616730264901
0.36377386768864384	0.6362261323113562
0.6439093340642609	0.3560906659357391
0.7613312556137412	0.23866874438625885
0.17895758769115588	0.8210424123088441
0.7784088842377346	0.22159111576226542
0.7541202926656764	0.2458797073343236
0.7548875139738108	0.2451124860261892
0.8484922072117348	0.1515077927882652
0.4467939403045227	0.5532060596954773
0.798213878261853	0.20178612173814706
0.8069269323172581	0.19307306768274185
0.8302190168058939	0.16978098319410606
0.8541740081968087	0.14582599180319133
0.7574192790136074	0.24258072098639263
0.7617505247409466	0.23824947525905343
0.3973072415164568	0.6026927584835432
0.1847206027506988	0.8152793972493012
0.7541850430178018	0.24581495698219824
0.6762956998190721	0.3237043001809279
0.7696235136894802	0.23037648631051977
0.188080393643148	0.811919606356852
0.7923668406193555	0.20763315938064453
0.39970246550517985	0.6002975344948202
0.7505564956605022	0.24944350433949777
0.18972749732833594	0.8102725026716641
0.7535938466816452	0.24640615331835475
0.5905324395055307	0.4094675604944693
0.7612944773895969	0.2387055226104031
0.7560485191814241	0.24395148081857593
0.8249131817815237	0.17508681821847627
0.6035375971569072	0.3964624028430927
0.7499279220751685	0.25007207792483155
0.8417505917191201	0.15824940828087986
0.20670629805976792	0.7932937019402321
0.807613067649575	0.192386932350425
0.7924335204981771	0.20756647950182291
0.7577891991122981	0.24221080088770186
0.8717275181572434	0.12827248184275666
0.7952888254037151	0.20471117459628488
0.7645023685163443	0.2354976314836557
0.6514966191438778	0.34850338085612215
0.7798474812024749	0.22015251879752512
0.7894558374940187	0.2105441625059813
0.7762961656815737	0.22370383431842628
0.7573202820570311	0.24267971794296894
0.19231845262885972	0.8076815473711403
0.7445885157239782	0.2554114842760217
0.7983880054576803	0.20161199454231968
0.7854040649090931	0.21459593509090688
0.7832991273664274	0.21670087263357257
0.3969955718855911	0.6030044281144089
0.7805906238975444	0.21940937610245564
0.17630078365117952	0.8236992163488205
0.7903151823559034	0.2096848176440966
0.7579590146848467	0.2420409853151533
0.7656019243458639	0.2343980756541361
0.17853853012787224	0.8214614698721278
0.783322379562428	0.216677620437572
0.7504635835572058	0.24953641644279428
0.7587827819287304	0.24121721807126964
0.7827970878727961	0.21720291212720394
0.7469052109595538	0.25309478904044624
0.8063083705148484	0.19369162948515162
0.7711836206734801	0.22881637932651985
0.7471582993923671	0.2528417006076329
0.7612327006727038	0.23876729932729618
0.35897754635410994	0.6410224536458901
0.8916526089275341	0.10834739107246599
0.419614500261678	0.580385499738322
0.46037020021695296	0.539629799783047
0.7970826498041629	0.2029173501958371
0.8219644294782472	0.17803557052175278
0.21990504253627197	0.780094957463728
0.802542414209279	0.19745758579072104
0.8167646277217819	0.1832353722782181
0.8014752961523981	0.1985247038476019
0.7722780102534629	0.22772198974653712
0.8205539090477383	0.17944609095226166
0.7745040989321543	0.22549590106784573
0.8227500127347793	0.17724998726522065
0.7645290198326262	0.23547098016737378
0.5768566218365077	0.4231433781634923
0.4590816424123093	0.5409183575876907
0.6451115714714059	0.35488842852859415
0.7797028994517605	0.22029710054823953
0.7688082323692857	0.23119176763071422
0.9023294049386648	0.09767059506133527
0.777608186813552	0.22239181318644793
0.7776284352256411	0.22237156477435893
0.790088604924252	0.20991139507574796
0.7963621699233433	0.2036378300766567
0.66907632989418	0.33092367010582
0.2947705583692002	0.7052294416307998
0.8257125819109192	0.17428741808908071
0.7664382295777339	0.2335617704222661
0.43562300951848476	0.5643769904815152
0.20717154801941529	0.7928284519805847
0.8118176268707294	0.18818237312927052
0.512064972269046	0.48793502773095404
0.756505558810834	0.24349444118916594
0.21094164371630386	0.7890583562836961
0.044058228344703965	0.955941771655296
0.09482761954091268	0.9051723804590873
0.7729329376771222	0.22706706232287774
0.7526782755695272	0.2473217244304729
0.8313112387217072	0.16868876127829283
0.7685830303860122	0.23141696961398786
0.8639990998029391	0.1360009001970609
0.7708133517932366	0.22918664820676338
0.3920926039511219	0.6079073960488781
0.758682124481455	0.24131787551854497
0.7887280701050122	0.2112719298949878
0.17308226714962505	0.826917732850375
0.18907716831872556	0.8109228316812744
0.20156611015098524	0.7984338898490148
0.1867178485918498	0.8132821514081502
0.760357155709113	0.23964284429088697
0.6429961039961767	0.35700389600382326
0.18712045364658803	0.812879546353412
0.5909831514848025	0.40901684851519743
0.13808995424055337	0.8619100457594466
0.8609102514499356	0.13908974855006437
0.552529461720638	0.447470538279362
0.5885545347442908	0.41144546525570924
0.7671753875641741	0.23282461243582586
0.7701390417335496	0.2298609582664503
0.828310549442925	0.17168945055707502
0.8086263381601602	0.19137366183983978
0.5927780137850516	0.40722198621494843
0.17873786655932067	0.8212621334406793
0.7828180144756982	0.21718198552430176
0.7478371740413456	0.25216282595865436
0.774318651305878	0.225681348694122
0.440296748034704	0.559703251965296
0.37426516498692464	0.6257348350130754
0.8025568002379062	0.19744319976209382
0.8088662685771991	0.19113373142280088
0.7679963122785596	0.23200368772144037
0.7941697060447785	0.20583029395522143
0.3767127489735621	0.6232872510264379
0.85570212021163	0.1442978797883701
0.6242736951667163	0.3757263048332837
0.7577192931787899	0.2422807068212101
0.3806298574541521	0.6193701425458479
0.756467097588212	0.243532902411788
0.8529884341809473	0.14701156581905267
0.06934627160717921	0.9306537283928208
0.7889126873362369	0.2110873126637631
0.7749175470868798	0.22508245291312026
0.7866871304323115	0.2133128695676884
0.4683827216742169	0.5316172783257831
0.39101294266813036	0.6089870573318696
0.7350533358052262	0.2649466641947738
0.829583472364618	0.17041652763538195
0.7900125315286268	0.20998746847137323
0.7893695001787248	0.21063049982127524
0.8393592702053407	0.16064072979465926
0.7995578771971279	0.20044212280287205
0.6540585657736938	0.3459414342263062
0.7688307151865317	0.23116928481346827
0.8212570772887124	0.17874292271128758
0.7562175901633318	0.24378240983666818
0.2276344359960062	0.7723655640039938
0.7611703473370257	0.23882965266297435
0.826391979903932	0.17360802009606802
0.7504504156515477	0.24954958434845229
0.7803384029815597	0.21966159701844032
0.8454039878835118	0.15459601211648824
0.7704405070015353	0.22955949299846468
0.7731273768937126	0.22687262310628747
0.779467862747905	0.22053213725209495
0.762197478297208	0.23780252170279204
0.8674333628900809	0.13256663710991914
0.766042328175675	0.23395767182432503
0.7507929178901024	0.24920708210989764
0.8119735317872618	0.1880264682127382
0.752538142888326	0.24746185711167396
0.7906737794406561	0.2093262205593439
0.7746653238742791	0.22533467612572086
0.8535696012279078	0.14643039877209219
0.8203269378860631	0.1796730621139369
0.7542312909000437	0.24576870909995624
0.7876910248778048	0.2123089751221952
0.783902937870715	0.21609706212928503
0.8142364287534916	0.1857635712465085
0.5516131808612532	0.44838681913874673
0.7504916721209502	0.24950832787904975
0.344314966405452	0.655685033594548
0.785147578695947	0.21485242130405308
0.7832548091160725	0.21674519088392746
0.20590050278056016	0.7940994972194398
0.7570070049746958	0.24299299502530428
0.1989641347246206	0.8010358652753794
0.23030474153526548	0.7696952584647345
0.79387710867165	0.20612289132835002
0.6481475911550659	0.3518524088449341
0.6633774592162172	0.33662254078378284
0.24021245543445524	0.7597875445655448
0.04496421027726327	0.9550357897227367
0.7954266489274268	0.2045733510725732
0.8712820051013859	0.1287179948986141
0.1846647495275936	0.8153352504724064
0.7881003679083469	0.21189963209165313
0.6217599755680818	0.3782400244319181
0.76696453878487	0.23303546121513002
0.7985839241191037	0.20141607588089624
0.19714533547394786	0.8028546645260521
0.7939147035295563	0.20608529647044369
0.8120712148284178	0.1879287851715822
0.7893925140200223	0.21060748597997772
0.7537450385722173	0.24625496142778272
0.48889431015529006	0.5111056898447099
0.10389375136904322	0.8961062486309568
0.7677424579893589	0.2322575420106411
0.7665395579217966	0.23346044207820338
0.7579851821148264	0.24201481788517365
0.7578784461995195	0.2421215538004805
0.18135456815586481	0.8186454318441352
0.8269638429526669	0.17303615704733305
0.5546602013922043	0.4453397986077957
0.8854186761860475	0.11458132381395249
0.5797222185163875	0.42027778148361244
0.4545080963737109	0.5454919036262891
0.7909968932139972	0.20900310678600276
0.7677130441675476	0.23228695583245243
0.7826242100613591	0.2173757899386409
0.8224464417443381	0.1775535582556619
0.7522106397493764	0.24778936025062362
0.8448645648387099	0.15513543516129014
0.19978383392903543	0.8002161660709646
0.8091769794303721	0.19082302056962785
0.7713076967462351	0.22869230325376488
0.7975518580633502	0.2024481419366498
0.1830293145860088	0.8169706854139912
0.8169929600211957	0.1830070399788043
0.7966136739456277	0.20338632605437237
0.46279789867662036	0.5372021013233796
0.8925293941231784	0.1074706058768216
0.22554426028934416	0.7744557397106558
0.35801554690008996	0.64198445309991
0.7780434641845706	0.2219565358154294
0.6650310534571424	0.3349689465428576
0.3762660535506518	0.6237339464493482
0.7912567116097545	0.20874328839024547
0.8209205135886392	0.17907948641136084
0.7802522572379385	0.2197477427620616
0.18776617400270934	0.8122338259972907
0.20021610476189844	0.7997838952381016
0.784360083312161	0.21563991668783897
0.1238885372631614	0.8761114627368386
0.6628431280847211	0.3371568719152789
0.5055794662411057	0.4944205337588943
0.39561904148757354	0.6043809585124265
0.17700893491645253	0.8229910650835475
0.36764825344736396	0.632351746552636
0.6074212247289914	0.39257877527100865
0.6404679006703515	0.35953209932964847
0.7830861296363004	0.21691387036369958
0.7843606644949346	0.21563933550506542
0.17855150174804435	0.8214484982519556
0.18202697642763743	0.8179730235723626
0.829662187915631	0.1703378120843691
0.505141099305113	0.494858900694887
0.5967237714806731	0.4032762285193269
0.7498322676655961	0.2501677323344039
0.5532749004399591	0.44672509956004086
0.09696109340709491	0.9030389065929051
0.6175132569159517	0.3824867430840483
0.4648065128447624	0.5351934871552376
0.8085379657378771	0.19146203426212288
0.7978066907571232	0.2021933092428768
0.7786654059373987	0.22133459406260123
0.8502705683515678	0.14972943164843225
0.29186389672652213	0.7081361032734779
0.3954517738134712	0.6045482261865288
0.7938815178094215	0.2061184821905785
0.8228758738446709	0.17712412615532908
0.7627863585350219	0.23721364146497814
0.08579521854452832	0.9142047814554717
0.7841579963199863	0.2158420036800137
0.7531978796116364	0.24680212038836358
0.8048284822525731	0.19517151774742694
0.7745604343459866	0.2254395656540133
0.7830113081143651	0.21698869188563483
0.7732405545673693	0.22675944543263074
0.11186070310785245	0.8881392968921475
0.7796706826674309	0.22032931733256905
0.4081800327866506	0.5918199672133494
0.76696540062383	0.23303459937616997
0.3966341009133654	0.6033658990866346
0.38164491339626416	0.6183550866037358
0.7877946903350665	0.21220530966493345
0.7672339370356257	0.23276606296437433
0.3756619913419059	0.6243380086580941
0.21208215593084767	0.7879178440691523
0.6601920749811974	0.3398079250188027
0.3537885241957345	0.6462114758042655
0.36221452945370125	0.6377854705462987
0.7823787066655724	0.2176212933344276
0.3868919091183268	0.6131080908816732
0.515729357273206	0.48427064272679404
0.18172521569412192	0.8182747843058781
0.7707358889603725	0.2292641110396275
0.960989719734298	0.039010280265702
0.8519320752646958	0.14806792473530414
0.30716459077738456	0.6928354092226154
0.1754626851485389	0.8245373148514611
0.7970184901227493	0.20298150987725067
0.13444408351043735	0.8655559164895626
0.39012608369061597	0.609873916309384
0.7749742099901936	0.22502579000980638
0.6216461738278241	0.3783538261721759
0.7631478011827024	0.23685219881729763
0.352347132290587	0.647652867709413
0.6693345384345508	0.33066546156544924
0.20750518273975016	0.7924948172602498
0.24692330592534273	0.7530766940746573
0.35342523957272654	0.6465747604272735
0.7882970900060586	0.21170290999394134
0.4113069983730149	0.5886930016269851
0.3978882693357644	0.6021117306642356
0.18440844722422245	0.8155915527757776
0.5828520578699545	0.4171479421300454
0.42349726128634846	0.5765027387136515
0.4039355157183532	0.5960644842816468
0.22259578730662966	0.7774042126933703
0.6619342750483139	0.3380657249516861
0.602995183034591	0.397004816965409
0.24818860503057838	0.7518113949694216
0.2612412394078002	0.7387587605921998
0.17766356743674583	0.8223364325632542
0.09205802750552106	0.9079419724944789
0.6117534502328921	0.3882465497671079
0.37692043881933857	0.6230795611806614
0.43288045282321996	0.56711954717678
0.8230990287455825	0.17690097125441748
0.6120030060566758	0.3879969939433242
0.8878594354230701	0.11214056457692986
0.6877756713126604	0.31222432868733957
0.518422148134625	0.48157785186537505
0.3123113240009463	0.6876886759990537
0.41222347698122563	0.5877765230187744
0.192087252560036	0.807912747439964
0.5602130072814144	0.43978699271858557
0.5726566727533456	0.42734332724665436
0.788352130844111	0.2116478691558889
0.08901842835555784	0.9109815716444422
0.6246018230534744	0.3753981769465255
0.7603095935308085	0.2396904064691915
0.6265014711144093	0.37349852888559065
0.1733359408328663	0.8266640591671337
0.8106336236849581	0.18936637631504197
0.745906317531543	0.2540936824684569
0.8822767558078188	0.1177232441921812
0.38846088877982654	0.6115391112201735
0.4230367735743371	0.5769632264256629
0.06648680152492392	0.9335131984750761
0.7700578404098226	0.22994215959017741
0.783213410375861	0.21678658962413905
0.7679965995151735	0.23200340048482648
0.6175424074857048	0.3824575925142952
0.8135694020969191	0.18643059790308086
0.3623328670404249	0.6376671329595751
0.5570517206991084	0.4429482793008917
0.22511894481200068	0.7748810551879993
0.21016576234080953	0.7898342376591905
0.2193844087262361	0.7806155912737639
0.7630634021191764	0.23693659788082355
0.5749095899716208	0.4250904100283793
0.5761376088583416	0.42386239114165836
0.24928647549521343	0.7507135245047866
0.6374741007556892	0.3625258992443108
0.7257104293078465	0.2742895706921535
0.1918819853646735	0.8081180146353265
0.6422497310709376	0.3577502689290623
0.8010241866234908	0.1989758133765091
0.5725827231631448	0.4274172768368551
0.3439357144205075	0.6560642855794925
0.6037550229200606	0.3962449770799394
0.6101291801573179	0.3898708198426821
0.7157745227989656	0.2842254772010344
0.5680457167194495	0.43195428328055047
0.20440490456121974	0.7955950954387803
0.6400149636925929	0.359985036307407
0.40083376449653274	0.5991662355034673
0.6389270478414015	0.3610729521585985
0.3816765242264092	0.6183234757735908
0.6030155502436856	0.3969844497563144
0.7538649547642087	0.24613504523579133
0.6048846954450966	0.3951153045549034
0.1770839864206638	0.8229160135793362
0.7565376407443062	0.2434623592556938
0.36755375849776506	0.6324462415022349
0.8363945929441903	0.16360540705580973
0.7531987939063514	0.2468012060936487
0.7669129321518147	0.2330870678481853
0.5639467923519607	0.43605320764803934
0.5602666906323194	0.4397333093676806
0.765467333774023	0.234532666225977
0.807844659784018	0.19215534021598205
0.2103634712520701	0.7896365287479299
0.8050855164905978	0.19491448350940224
0.8028836414674063	0.19711635853259374
0.8815086635211772	0.11849133647882278
0.7993815941219848	0.20061840587801522
0.7843131283175961	0.2156868716824039
0.21393155254339358	0.7860684474566064
0.7948787502122812	0.20512124978771878
0.7544083712500269	0.24559162874997315
0.8529432248839186	0.14705677511608145
0.8255772812152786	0.1744227187847214
0.17122883428822377	0.8287711657117762
0.8029694351782897	0.1970305648217103
0.808858361162335	0.191141638837665
0.854439129456826	0.145560870543174
0.8077220551741073	0.19227794482589272
0.7753367179492094	0.2246632820507905
0.4087293480361519	0.5912706519638481
0.19239604577824343	0.8076039542217566
0.3798162762833165	0.6201837237166835
0.19796592853588946	0.8020340714641105
0.7966065634497994	0.20339343655020065
0.8615193209734733	0.13848067902652675
0.7905103767272255	0.20948962327277457
0.779123894381328	0.22087610561867202
0.7704101022090234	0.2295898977909766
0.7854394623532761	0.21456053764672384
0.7739654627420967	0.22603453725790335
0.9054035944565126	0.09459640554348739
0.40269218680678387	0.5973078131932161
0.7575731722728415	0.24242682772715848
0.4441928668864179	0.5558071331135821
0.8082796049393255	0.19172039506067445
0.8523742912834296	0.14762570871657038
0.7836762592059638	0.21632374079403613
0.7747637890735715	0.22523621092642848
0.8333077632277439	0.1666922367722561
0.6489981332182857	0.3510018667817143
0.746610168490653	0.2533898315093471
0.792719891342004	0.20728010865799598
0.12657431139427489	0.8734256886057251
0.7905020396063065	0.20949796039369345
0.7753952959345163	0.2246047040654837
0.7891554861535769	0.21084451384642314
0.5520943715051161	0.44790562849488397
0.7482844486477083	0.25171555135229173
0.6224813341107283	0.3775186658892717
0.7564749997048662	0.24352500029513383
0.3551411988535321	0.6448588011464679
0.7860269881039207	0.2139730118960793
0.8277031645765763	0.17229683542342367
0.6223730334981908	0.37762696650180916
0.009758475649165876	0.9902415243508341
0.4359769703040882	0.5640230296959118
0.7529351002604036	0.24706489973959644
0.8011255895327681	0.1988744104672319
0.7835555988761478	0.21644440112385216
0.37336953706372	0.62663046293628
0.6345603889573614	0.36543961104263856
0.7515668832074454	0.2484331167925547
0.3719433677078008	0.6280566322921992
0.7975425051351919	0.20245749486480807
0.7831188542327057	0.21688114576729434
0.7819863428605663	0.21801365713943366
0.17986895127595048	0.8201310487240495
0.7910422815140361	0.20895771848596392
0.7374670406459338	0.26253295935406623
0.2967499099336208	0.7032500900663792
0.8168754727573617	0.18312452724263822
0.6314915429085601	0.3685084570914398
0.8323520855063714	0.16764791449362856
0.4253968438150715	0.5746031561849285
0.7937581858382996	0.20624181416170045
0.18604746720938092	0.8139525327906191
0.8348908341076505	0.1651091658923495
0.8428811375115894	0.1571188624884105
0.7788226550082028	0.22117734499179717
0.7601711395296468	0.23982886047035323
0.8006405006581524	0.19935949934184763
0.7791755792607327	0.2208244207392673
0.8453886853759957	0.15461131462400432
0.7600682845144501	0.23993171548554992
0.6104112782287183	0.3895887217712817
0.5857844365973788	0.4142155634026212
0.7593390188529157	0.24066098114708437
0.2654059272803482	0.7345940727196518
0.5757414610363332	0.4242585389636669
0.13241993810341557	0.8675800618965844
0.7628008822659246	0.23719911773407543
0.7866129037678009	0.2133870962321991
0.8096592578133055	0.19034074218669453
0.7485101556102987	0.25148984438970134
0.7712859676128321	0.22871403238716798
0.79027792300379	0.20972207699621
0.17877678462804858	0.8212232153719514
0.04276265292203596	0.957237347077964
0.4008144626433737	0.5991855373566263
0.6586480386907965	0.34135196130920353
0.765612849163917	0.234387150836083
0.7757918060745019	0.2242081939254981
0.7578707946923997	0.2421292053076003
0.410437638761162	0.589562361238838
0.6697693747572538	0.33023062524274616
0.7532756952638899	0.24672430473611
0.817813132342148	0.18218686765785203
0.7409386342758811	0.25906136572411886
0.2049943230979241	0.7950056769020759
0.7572730967451947	0.2427269032548053
0.18804839411009222	0.8119516058899078
0.1919914021253858	0.8080085978746142
0.772723601252993	0.22727639874700706
0.17687629413909178	0.8231237058609082
0.5941672288465973	0.4058327711534027
0.18375693008711425	0.8162430699128858
0.8068864927419388	0.19311350725806115
0.7842366899293144	0.21576331007068564
0.8342948118602009	0.1657051881397991
0.7543907521934081	0.24560924780659193
0.7935443991880076	0.2064556008119924
0.7755299419070567	0.22447005809294324
0.5745240241766301	0.4254759758233699
0.36965279946495744	0.6303472005350426
0.7799392159784992	0.2200607840215007
0.5601758182221627	0.43982418177783733
0.17286805941139438	0.8271319405886056
0.5534318809493236	0.4465681190506764
0.04414621146026154	0.9558537885397385
0.8383827898124827	0.16161721018751726
0.17720671426971069	0.8227932857302893
0.7806309616488151	0.21936903835118496
0.7846370346653881	0.21536296533461188
0.563480356341246	0.43651964365875395
0.08414888216880145	0.9158511178311985
0.18744957658828065	0.8125504234117193
0.7740277136798254	0.22597228632017463
0.7645385684328612	0.23546143156713883
0.7491209124798741	0.2508790875201259
0.781211053902403	0.21878894609759703
0.7653586039158409	0.23464139608415915
0.781433047400746	0.21856695259925402
0.779555835012417	0.22044416498758299
0.7505057350007623	0.24949426499923763
0.2435054972770183	0.7564945027229817
0.790959405960746	0.20904059403925399
0.3562068339939869	0.6437931660060131
0.12805732090161115	0.8719426790983889
0.9133527002144395	0.08664729978556047
0.7384473659788374	0.2615526340211626
0.663383126470834	0.336616873529166
0.8128134694604893	0.18718653053951076
0.633639419951117	0.36636058004888306
0.7751373717461745	0.2248626282538255
0.7787881678315742	0.22121183216842574
0.9189360911596929	0.0810639088403071
0.908319823413619	0.09168017658638096
0.7839384094569185	0.21606159054308147
0.34244012995003725	0.6575598700499627
0.09882806734602523	0.9011719326539748
0.7472611948663521	0.25273880513364794
0.7973843726016436	0.20261562739835634
0.7740565171908353	0.2259434828091647
0.6197194697850764	0.3802805302149236
0.09508429674312868	0.9049157032568713
0.8079575457781399	0.19204245422186003
0.771321949574999	0.228678050425001
0.7096719801864304	0.2903280198135696
0.7715849950587779	0.22841500494122208
0.36791939989440514	0.6320806001055949
0.8024074728609818	0.19759252713901826
0.8218851466682725	0.17811485333172747
0.8075161326104451	0.19248386738955495
0.14758818308541666	0.8524118169145833
0.7649531709476691	0.2350468290523309
0.7526830718336527	0.24731692816634734
0.7971843391045318	0.2028156608954682
0.7952869999987828	0.20471300000121717
0.5852802484694464	0.41471975153055357
0.7218444710344751	0.27815552896552487
0.8250273629180314	0.1749726370819686
0.5686996809809102	0.4313003190190898
0.7624976318503034	0.23750236814969664
0.11154671038916741	0.8884532896108326
0.8004564024888692	0.1995435975111308
0.7519428892440831	0.24805711075591683
0.7997670024858081	0.20023299751419185
0.7990621533506155	0.20093784664938455
0.7521977251400099	0.24780227485999007
0.8886186539172924	0.11138134608270761
0.35798406518127546	0.6420159348187245
0.7760116402808521	0.2239883597191479
0.746250013775575	0.2537499862244251
0.751158461920624	0.24884153807937598
0.6291432009462493	0.3708567990537507
0.23915810243319258	0.7608418975668074
0.563215519751	0.4367844802489999
0.7591345143320987	0.2408654856679014
0.7432829718161198	0.25671702818388015
0.5671553701617112	0.43284462983828875
0.7584894659514759	0.24151053404852404
0.7693586230181167	0.23064137698188325
0.7765643419732774	0.22343565802672263
0.7592875713749052	0.24071242862509473
0.8041830793371287	0.19581692066287124
0.7673940377997074	0.23260596220029262
0.4401688662831422	0.5598311337168578
0.8678374774218717	0.13216252257812836
0.7941345228430949	0.2058654771569051
0.7959848462237556	0.20401515377624435
0.7754548929968432	0.22454510700315683
0.7631383154072624	0.2368616845927376
0.5753041738231509	0.4246958261768491
0.7848489838016878	0.21515101619831223
0.8388210708848551	0.16117892911514484
0.7766141413597991	0.22338585864020083
0.806309272645434	0.1936907273545661
0.6662980062314601	0.3337019937685399
0.6846227124616977	0.3153772875383023
0.7742526415234154	0.22574735847658461
0.8192726649501889	0.18072733504981103
0.8426602576793981	0.15733974232060188
0.7517103092320017	0.24828969076799837
0.826653068110032	0.17334693188996794
0.756060023601666	0.243939976398334
0.09689916588766279	0.9031008341123372
0.7680760416043702	0.2319239583956299
0.6639892906429137	0.3360107093570863
0.8122338585036956	0.18776614149630444
0.19215552050466045	0.8078444794953396
0.7591867654371517	0.24081323456284828
0.7771046481125915	0.22289535188740853
0.7682850230727977	0.2317149769272023
0.3778030972259463	0.6221969027740537
0.8525424306674914	0.14745756933250864
0.7660988173367294	0.23390118266327065
0.35617254069927307	0.6438274593007269
0.7971491091272456	0.20285089087275449
0.04011677642455991	0.9598832235754401
0.558302088229671	0.44169791177032897
0.21387473938136203	0.786125260618638
0.6359985559264132	0.36400144407358676
0.8273323053604044	0.1726676946395956
0.6066308057354175	0.39336919426458256
0.7882336598381179	0.21176634016188212
0.8607940819798979	0.1392059180201021
0.6439256663283499	0.35607433367165015
0.762377427049605	0.23762257295039504
0.04900693837402936	0.9509930616259706
0.44340631814756826	0.5565936818524317
0.17994095956373513	0.8200590404362649
0.352825799134621	0.647174200865379
0.17506742247032592	0.8249325775296741
0.7775039870209051	0.22249601297909488
0.7706853506344504	0.22931464936554957
0.45803655155208367	0.5419634484479163
0.8660936090292893	0.1339063909707107
0.17718886931829825	0.8228111306817018
0.3740980218142673	0.6259019781857327
0.7534330021420133	0.24656699785798672
0.803253306095181	0.19674669390481908
0.7636588092169716	0.23634119078302837
0.7521375252415858	0.2478624747584141
0.5599463024773035	0.44005369752269646
0.2572201411255145	0.7427798588744855
0.44296691592108994	0.5570330840789101
0.7886415395932512	0.2113584604067488
0.6769117281259898	0.3230882718740102
0.822923454276425	0.177076545723575
0.48509445057959544	0.5149055494204046
0.5918371200874462	0.4081628799125538
0.7077995983504641	0.2922004016495358
0.7577959492872244	0.24220405071277562
0.9162850364854771	0.0837149635145229
0.7538634348497818	0.2461365651502182
0.7733099677163262	0.22669003228367385
0.1954504894713588	0.8045495105286412
0.9528331142917429	0.04716688570825712
0.4103502176368147	0.5896497823631853
0.21288849275471755	0.7871115072452824
0.2083251092867704	0.7916748907132296
0.37710214485488835	0.6228978551451116
0.39401210568751033	0.6059878943124897
0.5781248798656701	0.42187512013432993
0.20809210628172525	0.7919078937182747
0.3768484863400414	0.6231515136599586
0.20621452246589012	0.7937854775341099
0.24687155753758339	0.7531284424624166
0.7808531766624653	0.2191468233375346
0.7945988384167677	0.2054011615832323
0.37691305824030286	0.6230869417596971
0.3880468895859084	0.6119531104140916
0.78512356308575	0.21487643691424996
0.8001291994998863	0.1998708005001138
0.7777852475842819	0.22221475241571811
0.19666465746936856	0.8033353425306314
0.37556338786246346	0.6244366121375365
0.1820049184412379	0.8179950815587621
0.22662566994114963	0.7733743300588504
0.9123960025342197	0.0876039974657803
0.3930297064966597	0.6069702935033403
0.2301710203838503	0.7698289796161497
0.5556342153949285	0.44436578460507153
0.573910961141902	0.42608903885809796
0.18988623062385168	0.8101137693761483
0.6286761281046781	0.3713238718953219
0.36260236071057805	0.637397639289422
0.7729648377232305	0.2270351622767694
0.6472186612731662	0.3527813387268338
0.4016405705610232	0.5983594294389768
0.18337370209904935	0.8166262979009506
0.1992547984742482	0.8007452015257518
0.37060436585624934	0.6293956341437507
0.41895171591507896	0.581048284084921
0.5762962346574595	0.4237037653425405
0.11822937836310299	0.881770621636897
0.20861470049950603	0.791385299500494
0.8476276870453013	0.1523723129546987
0.5602783553843471	0.43972164461565283
0.7054846909458368	0.2945153090541632
0.18959691701357106	0.8104030829864289
0.6032112509948657	0.3967887490051342
0.8730015891860059	0.12699841081399416
0.7755330716027653	0.22446692839723467
0.3926286299556896	0.6073713700443104
0.19649134171533955	0.8035086582846604
0.5647403223673213	0.43525967763267875
0.5997497229381872	0.4002502770618129
0.8277976869558178	0.17220231304418224
0.6449470122240313	0.3550529877759687
0.22879570718514497	0.771204292814855
0.7242611954388981	0.2757388045611019
0.20178656087821045	0.7982134391217895
0.7521772659873862	0.24782273401261384
0.18398381236892458	0.8160161876310754
0.6306756163618977	0.36932438363810227
0.8234175630350475	0.17658243696495252
0.635556145739141	0.36444385426085907
0.36824734608894305	0.631752653911057
0.7623188666803279	0.23768113331967214
0.8774591052699607	0.12254089473003922
0.779922304552346	0.220077695447654
0.19641621184575453	0.8035837881542455
0.8142364287534916	0.1857635712465085
0.31832913543429187	0.6816708645657081
0.5883971238989862	0.41160287610101376
0.5971065647043452	0.40289343529565474
0.35470566705147066	0.6452943329485293
0.178444027520956	0.821555972479044
0.8156543164660918	0.18434568353390823
0.18760617186684336	0.8123938281331566
0.7699000377893798	0.23009996221062026
0.35280427427139927	0.6471957257286007
0.1892344133523366	0.8107655866476634
0.38376224975753404	0.616237750242466
0.8235529483120319	0.17644705168796818
0.768820570715556	0.23117942928444404
0.2072737514474179	0.7927262485525821
0.19577607233571948	0.8042239276642805
0.3551232922049218	0.6448767077950782
0.7730672538587233	0.22693274614127662
0.18341504504060813	0.8165849549593919
0.0820840262674104	0.9179159737325896
0.6009365219812791	0.3990634780187209
0.17721239218766938	0.8227876078123306
0.18583888543305727	0.8141611145669427
0.1969079129055593	0.8030920870944407
0.5970290392880659	0.4029709607119341
0.7571303316462623	0.24286966835373763
0.37222312406258173	0.6277768759374183
0.20209604697386363	0.7979039530261364
0.6368862992725743	0.3631137007274256
0.7669264238341402	0.23307357616585975
0.6387945407038689	0.3612054592961312
0.3831222703419498	0.6168777296580502
0.6302916520460586	0.3697083479539414
0.22012949525498038	0.7798705047450196
0.4758897232707294	0.5241102767292706
0.7908556391193088	0.20914436088069122
0.29047714071678676	0.7095228592832132
0.5586147688732771	0.4413852311267229
0.34327256980859533	0.6567274301914047
0.17589002735490855	0.8241099726450914
0.5896968696178193	0.41030313038218064
0.38703133400667766	0.6129686659933223
0.7777213037484665	0.22227869625153354
0.27807995239351135	0.7219200476064886
0.1887591673620571	0.8112408326379429
0.25029257641411085	0.7497074235858892
0.7663761285567635	0.23362387144323646
0.7551289307605165	0.24487106923948354
0.2886394361947183	0.7113605638052817
0.42548351036274024	0.5745164896372598
0.5558444498258992	0.44415555017410074
0.7715300943610112	0.22846990563898886
0.11021139770755517	0.8897886022924448
0.7828568164720979	0.2171431835279021
0.6220195783912239	0.3779804216087761
0.7912663058210094	0.20873369417899063
0.7929194919414615	0.20708050805853848
0.1896335440364758	0.8103664559635242
0.18960126606765693	0.8103987339323431
0.7545844563342089	0.2454155436657911
0.7590122574899858	0.24098774251001415
0.8564454764800941	0.1435545235199059
0.47041989892542135	0.5295801010745786
0.7560520255902594	0.24394797440974053
0.7523463293052357	0.24765367069476432
0.78146510059992	0.21853489940007992
0.19125487601975066	0.8087451239802493
0.22006635022014676	0.7799336497798532
0.18605213884144556	0.8139478611585544
0.814514175549826	0.18548582445017406
0.7893813996506138	0.21061860034938612
0.7685483934267421	0.23145160657325792
0.4064634329936465	0.5935365670063535
0.3853958787878624	0.6146041212121376
0.7935422932768307	0.20645770672316932
0.8112189567123455	0.18878104328765455
0.1807504573286569	0.8192495426713431
0.31306785865363984	0.6869321413463602
0.8206672497756758	0.17933275022432418
0.7737989985160927	0.2262010014839073
0.7986700259911332	0.2013299740088668
0.7577505581875962	0.24224944181240382
0.7809537969608009	0.21904620303919914
0.7609512170533388	0.23904878294666115
0.7510015857649429	0.2489984142350571
0.7441447264341469	0.25585527356585314
0.8249925876222074	0.1750074123777926
0.19180929658667167	0.8081907034133283
0.7673540725312684	0.23264592746873153
0.7848499371828717	0.21515006281712837
0.8119115909400387	0.18808840905996121
0.7741535979245964	0.22584640207540368
0.20894019319593415	0.7910598068040658
0.7835743161884967	0.21642568381150332
0.796365192484183	0.203634807515817
0.1735222809294975	0.8264777190705025
0.8194500711043564	0.18054992889564364
0.7857483792714443	0.21425162072855575
0.40670051566190446	0.5932994843380955
0.7700648546559579	0.2299351453440422
0.768646916562259	0.23135308343774097
0.7578329535182751	0.2421670464817249
0.7764080305704512	0.22359196942954887
0.050145060206795766	0.9498549397932042
0.7956425096329721	0.20435749036702786
0.194689496479165	0.805310503520835
0.17899222977928486	0.8210077702207151
0.3373582939493459	0.6626417060506541
0.812624274745584	0.187375725254416
0.23027721842189108	0.7697227815781089
0.7545153226904546	0.24548467730954532
0.41622757034577773	0.5837724296542223
0.7535481450815105	0.2464518549184895
0.8471849235662703	0.15281507643372977
0.7869097774997488	0.21309022250025125
0.22483777015659612	0.7751622298434039
0.8025466895264897	0.1974533104735104
0.18612365981197299	0.813876340188027
0.755361884688527	0.24463811531147295
0.8201235426392148	0.17987645736078522
0.8147313606030303	0.18526863939696972
0.7986263992443088	0.20137360075569125
0.7552937004360788	0.2447062995639212
0.8142364287534916	0.1857635712465085
0.9076487668047555	0.09235123319524455
0.81306124058868	0.18693875941131996
0.8407798393129765	0.15922016068702347
0.8119101285551896	0.1880898714448104
0.17421681757294782	0.8257831824270522
0.17768470497039346	0.8223152950296065
0.20366892278909754	0.7963310772109025
0.7553331185036574	0.2446668814963426
0.37465636992865514	0.6253436300713449
0.6006572972364974	0.3993427027635026
0.1756352329015476	0.8243647670984524
0.7619985068897791	0.23800149311022092
0.20139248827562872	0.7986075117243713
0.08828623829175264	0.9117137617082474
0.11757315470820784	0.8824268452917922
0.8031162756930026	0.19688372430699738
0.7547568362341621	0.24524316376583782
0.1276569507316636	0.8723430492683364
0.7565452305352441	0.24345476946475586
0.6148445513787043	0.3851554486212957
0.7694352185694494	0.23056478143055056
0.7773508935476107	0.22264910645238933
0.18445616928058184	0.8155438307194182
0.43278083260026556	0.5672191673997344
0.1155871824067981	0.8844128175932019
0.8164382659369055	0.18356173406309448
0.9254375413452618	0.07456245865473823
0.5141006148201677	0.48589938517983233
0.5956398611142582	0.4043601388857418
0.7836595708855093	0.21634042911449067
0.1868463012175513	0.8131536987824487
0.7659473363529675	0.2340526636470325
0.5948488657475342	0.4051511342524659
0.6459542507257081	0.35404574927429194
0.24062702815154202	0.759372971848458
0.8105963957875475	0.18940360421245256
0.46248613330003197	0.537513866699968
0.7900881939697469	0.20991180603025308
0.760769254784417	0.23923074521558296
0.7718751968665547	0.22812480313344533
0.7588542267442872	0.24114577325571285
0.8142364287534916	0.1857635712465085
0.7787450652840052	0.2212549347159948
0.8030378421702913	0.19696215782970872
0.7993911824474216	0.20060881755257848
0.2162064903384706	0.7837935096615294
0.7970675419587994	0.20293245804120066
0.6209481221884794	0.3790518778115206
0.3918267574076636	0.6081732425923364
0.7579352528542957	0.24206474714570425
0.7885214107383157	0.21147858926168425
0.3965291955950153	0.6034708044049847
0.04252586516944046	0.9574741348305595
0.4131515477482204	0.5868484522517796
0.8046733673831685	0.19532663261683145
0.7885801262753485	0.21141987372465149
0.10269486042541098	0.897305139574589
0.80596848898786	0.19403151101214006
0.7518057045315539	0.24819429546844604
0.7565903438307997	0.24340965616920027
0.810117060361986	0.189882939638014
0.8366415537697983	0.16335844623020168
0.7745721680029671	0.2254278319970328
0.20038651009369068	0.7996134899063093
0.6300983444290629	0.36990165557093707
0.6385948717097454	0.3614051282902546
0.8638677780637488	0.1361322219362512
0.1854524631672122	0.8145475368327878
0.09817535886042761	0.9018246411395724
0.8432461571069785	0.15675384289302158
0.7480915933766552	0.25190840662334485
0.36104510836645276	0.6389548916335472
0.8027179066195318	0.19728209338046823
0.7723035729547081	0.22769642704529192
0.8183035341543758	0.1816964658456241
0.6762071771036227	0.32379282289637734
0.36319082856717333	0.6368091714328267
0.7509940784631929	0.24900592153680715
0.856579353116215	0.14342064688378497
0.1953659769116306	0.8046340230883694
0.8594445949136762	0.14055540508632386
0.20127797578657292	0.7987220242134271
0.6124011362193997	0.3875988637806003
0.7537905425440525	0.24620945745594747
0.74883548227837	0.25116451772163
0.7904786590942594	0.20952134090574065
0.21647812545323009	0.7835218745467699
0.6394704847116927	0.36052951528830735
0.16245324062996613	0.8375467593700339
0.831495645063635	0.16850435493636495
0.19642309725692142	0.8035769027430786
0.7843859048990888	0.2156140951009112
0.3631909092334874	0.6368090907665126
0.8145069659586287	0.18549303404137127
0.8034705670413822	0.19652943295861783
0.7514224783182275	0.24857752168177247
0.7932584261321176	0.20674157386788233
0.6645910289143775	0.33540897108562256
0.8837053010041699	0.11629469899583007
0.6310711359666569	0.36892886403334313
0.8391555483783216	0.16084445162167837
0.08286741842785383	0.9171325815721462
0.6816133314761104	0.3183866685238897
0.7604450977849901	0.23955490221500983
0.7899754915410275	0.21002450845897253
0.7565280051021211	0.24347199489787885
0.8180730069874568	0.1819269930125432
0.17102486351853252	0.8289751364814675
0.7873397490542904	0.2126602509457096
0.7433812413480807	0.25661875865191935
0.7777353530061097	0.2222646469938903
0.18149930937822312	0.8185006906217769
0.7980732896672755	0.20192671033272452
0.7760396604800515	0.22396033951994854
0.5837691986952533	0.4162308013047467
0.7713040824904762	0.22869591750952384
0.2061230385459576	0.7938769614540424
0.7987814881519862	0.2012185118480138
0.1810978820117335	0.8189021179882665
0.7642770517524109	0.2357229482475891
0.553418810546525	0.4465811894534751
0.7759112832369621	0.22408871676303793
0.18116973123792068	0.8188302687620793
0.7757391349836	0.22426086501640002
0.7715131696573563	0.2284868303426437
0.1848133560424715	0.8151866439575285
0.37028866994394505	0.629711330056055
0.872335671424953	0.12766432857504695
0.6027036428224382	0.3972963571775619
0.20297611955781303	0.797023880442187
0.7465088032927905	0.2534911967072096
0.19512582501320275	0.8048741749867973
0.8262787847932176	0.1737212152067824
0.7450280553965447	0.25497194460345524
0.0904472656505545	0.9095527343494455
0.4855847626684904	0.5144152373315096
0.1806906958695964	0.8193093041304036
0.7873026452328183	0.21269735476718163
0.8019306307735053	0.19806936922649462
0.7403538112461084	0.25964618875389156
0.7739825503944743	0.22601744960552575
0.21024131202957352	0.7897586879704265
0.7818018207539665	0.21819817924603352
0.8194930066575191	0.18050699334248088
0.2503000112540614	0.7496999887459386
0.5299679266894192	0.47003207331058083
0.7164791143907765	0.28352088560922345
0.7795389632349816	0.22046103676501838
0.7954537684026728	0.20454623159732727
0.7888158260292515	0.21118417397074848
0.7551571742757814	0.2448428257242185
0.6045735055524633	0.3954264944475367
0.3700558611192343	0.6299441388807657
0.20031763619652276	0.7996823638034772
0.35839726785312687	0.6416027321468731
0.41413605882175364	0.5858639411782464
0.7647742310386487	0.23522576896135125
0.8579161924264024	0.1420838075735976
0.6504157479502328	0.3495842520497671
0.7756395817221077	0.2243604182778923
0.8154271604079564	0.18457283959204368
0.8440456788071092	0.1559543211928908
0.7788189594248542	0.2211810405751458
0.209295256577974	0.790704743422026
0.758794678563407	0.24120532143659304
0.5823182004736502	0.4176817995263497
0.175787534893607	0.824212465106393
0.7945325612510752	0.2054674387489248
0.832262077439281	0.16773792256071893
0.7521031134814355	0.24789688651856445
0.7861907415168848	0.2138092584831152
0.37261598269266083	0.6273840173073392
0.7862405610829963	0.2137594389170037
0.5869739359617714	0.41302606403822867
0.20348650098311682	0.7965134990168832
0.7974718894448631	0.2025281105551369
0.8127929149875532	0.1872070850124467
0.6101046169126361	0.389895383087364
0.8370033572317345	0.16299664276826553
0.7684450389342369	0.23155496106576315
0.2912987189405437	0.7087012810594563
0.4087425738855611	0.5912574261144389
0.783222733604552	0.21677726639544803
0.2364310672741634	0.7635689327258366
0.4269918387957442	0.5730081612042558
0.7798210085198332	0.22017899148016684
0.6692449270272042	0.3307550729727958
0.3548776532059943	0.6451223467940057
0.089618009839734	0.910381990160266
0.8934544766467898	0.10654552335321026
0.18069182806275774	0.8193081719372423
0.7583042730687408	0.24169572693125918
0.8059150585599398	0.1940849414400602
0.78329443269345	0.21670556730655002
0.36606323664138174	0.6339367633586183
0.8145142189941851	0.1854857810058149
0.7835963201270426	0.21640367987295742
0.3503614382095882	0.6496385617904118
0.7596893434134022	0.24031065658659778
0.40943704530863567	0.5905629546913643
0.7753259831079763	0.22467401689202368
0.7900125055737751	0.20998749442622486
0.22728968564493546	0.7727103143550645
0.18692767170500524	0.8130723282949948
0.4999390499271089	0.5000609500728911
0.7634014008876958	0.2365985991123042
0.19847727755349354	0.8015227224465065
0.09185533977006044	0.9081446602299396
0.7731675433056224	0.22683245669437757
0.832506805469879	0.16749319453012096
0.7782408373382766	0.22175916266172332
0.5948562475936949	0.4051437524063051
0.8137533675425141	0.18624663245748585
0.3690457535232069	0.6309542464767931
0.4278161094952956	0.5721838905047044
0.18250268401298042	0.8174973159870196
0.8006833006170709	0.19931669938292904
0.5815731873491231	0.4184268126508769
0.8680373585184823	0.13196264148151768
0.7434177106456272	0.2565822893543728
0.8076317317811548	0.19236826821884517
0.38628849902796947	0.6137115009720305
0.7520338388952669	0.2479661611047331
0.181485341911501	0.818514658088499
0.7659853464777581	0.23401465352224193
0.7706057398026614	0.22939426019733855
0.7671388864452038	0.23286111355479627
0.7822141753421323	0.21778582465786772
0.7872596063012397	0.21274039369876033
0.17805435279320725	0.8219456472067928
0.18318069898429112	0.8168193010157089
0.8496910846254355	0.15030891537456445
0.3533809440163731	0.6466190559836269
0.3599254423463505	0.6400745576536495
0.17935755856006352	0.8206424414399365
0.18341918295064208	0.8165808170493579
0.1763374670594171	0.8236625329405829
0.8105424670149379	0.1894575329850621
0.763332367702471	0.2366676322975289
0.17227192393492452	0.8277280760650755
0.8013451443394959	0.19865485566050406
0.6469938387909916	0.3530061612090084
0.28144626484039603	0.718553735159604
0.7923475181815718	0.20765248181842821
0.18185516473729646	0.8181448352627035
0.17832532213932295	0.821674677860677
0.5634751487505358	0.43652485124946416
0.3545666468815666	0.6454333531184334
0.5700383195298584	0.42996168047014155
0.6942616106864457	0.30573838931355435
0.6316167079201345	0.3683832920798655
0.4310827820352108	0.5689172179647892
0.5775722840951989	0.4224277159048011
0.18187067438075843	0.8181293256192416
0.19223442656530199	0.807765573434698
0.7210570848136849	0.2789429151863151
0.32549324052609185	0.6745067594739081
0.7689386323994998	0.23106136760050025
0.6251549608279617	0.37484503917203826
0.7597394671073334	0.2402605328926666
0.8287246302867096	0.17127536971329035
0.35820849560168455	0.6417915043983154
0.19056693831387872	0.8094330616861213
0.733779978533291	0.2662200214667089
0.19110296926745818	0.8088970307325418
0.08081997164527255	0.9191800283547275
0.7108081418566305	0.2891918581433695
0.18164724285076095	0.818352757149239
0.6120651883848511	0.3879348116151488
0.8693602320734162	0.13063976792658383
0.12689650764745253	0.8731034923525475
0.23994615934736285	0.7600538406526371
0.6157384543529905	0.3842615456470096
0.7665660698999283	0.2334339301000717
0.18677478059350483	0.8132252194064952
0.7759845206721941	0.22401547932780588
0.6301625871782217	0.3698374128217783
0.179428722141182	0.820571277858818
0.17658690643038455	0.8234130935696155
0.6734642397579209	0.3265357602420791
0.7518705861791533	0.2481294138208467
0.20228729184433536	0.7977127081556646
0.1823926996290386	0.8176073003709614
0.4065509695404721	0.5934490304595279
0.8071227865942215	0.19287721340577846
0.657681502434761	0.342318497565239
0.5549890212395162	0.4450109787604838
0.17376633227312088	0.8262336677268791
0.22994872969354174	0.7700512703064583
0.8101775414619796	0.18982245853802038
0.19566640473864017	0.8043335952613598
0.7383803195376353	0.2616196804623647
0.17809876595035878	0.8219012340496412
0.7851512249501305	0.21484877504986954
0.1803437739443816	0.8196562260556184
0.595667996778831	0.4043320032211691
0.17838321533355184	0.8216167846664482
0.2094316326926221	0.7905683673073779
0.18085370968862757	0.8191462903113724
0.36126262081049143	0.6387373791895086
0.5861609307587723	0.41383906924122765
0.18467409263709167	0.8153259073629083
0.43608291112725883	0.5639170888727412
0.5616209751196589	0.4383790248803411
0.09031794959014594	0.9096820504098541
0.19534169475310204	0.804658305246898
0.36030399233066346	0.6396960076693365
0.7485494614951407	0.2514505385048594
0.26565145715532157	0.7343485428446784
0.7685672878972917	0.2314327121027083
0.17702368551569203	0.822976314484308
0.41629415232527667	0.5837058476747233
0.2244076238275895	0.7755923761724105
0.8686260590360045	0.13137394096399546
0.22984458580273137	0.7701554141972686
0.38485474718180424	0.6151452528181958
0.37260216872894814	0.6273978312710519
0.38312325662159363	0.6168767433784064
0.8175618686374186	0.18243813136258136
0.201739265047847	0.798260734952153
0.8035110884265831	0.19648891157341689
0.6124454258853156	0.38755457411468447
0.7713425053082721	0.2286574946917279
0.8426643825852891	0.15733561741471086
0.9022792233298708	0.09772077667012921
0.7429978423118044	0.2570021576881955
0.18186984836653597	0.818130151633464
0.7869414909925514	0.21305850900744858
0.23202155409302638	0.7679784459069736
0.17755469274411162	0.8224453072558884
0.779550342028879	0.220449657971121
0.5835900657498682	0.41640993425013184
0.8142364287534916	0.1857635712465085
0.7741226490246371	0.22587735097536288
0.6207748186512811	0.3792251813487189
0.736838557092952	0.263161442907048
0.8103014518984113	0.18969854810158873
0.6239916314798475	0.37600836852015257
0.1920813511654672	0.8079186488345328
0.6904697275352296	0.3095302724647704
0.8425157126165226	0.15748428738347742
0.5534743791648045	0.4465256208351956
0.18912288795292842	0.8108771120470716
0.5765320189630401	0.42346798103695993
0.6443185915532692	0.3556814084467308
0.1877265507323711	0.8122734492676289
0.4048964107794282	0.5951035892205718
0.18681414650963846	0.8131858534903615
0.7475988397041977	0.25240116029580234
0.7673632816710994	0.23263671832890065
0.11128085556285927	0.8887191444371407
0.7868785173457663	0.2131214826542337
0.1955993814623267	0.8044006185376733
0.1957115187975509	0.8042884812024491
0.1810438329514733	0.8189561670485267
0.7846851964141419	0.21531480358585808
0.7723704784972542	0.22762952150274587
0.5974393787561965	0.4025606212438035
0.5499603347362061	0.45003966526379396
0.7683357587023637	0.23166424129763627
0.7627900780552439	0.2372099219447561
0.40304345377188633	0.5969565462281137
0.19888341613850014	0.8011165838614999
0.8142364287534916	0.1857635712465085
0.34742170031092356	0.6525782996890764
0.184689506061671	0.815310493938329
0.38884957520467733	0.6111504247953227
0.15723769706937474	0.8427623029306253
0.767596423554399	0.23240357644560092
0.6116087615843226	0.3883912384156773
0.5540215329512694	0.4459784670487305
0.763079435336147	0.23692056466385303
0.5566417469737139	0.44335825302628606
0.8002636016602156	0.19973639833978435
0.7893953717780665	0.2106046282219335
0.7530598776047526	0.24694012239524737
0.5913758175724504	0.40862418242754966
0.7698923855119221	0.23010761448807796
0.1862399826671728	0.8137600173328272
0.3908220637451354	0.6091779362548646
0.814369816298105	0.18563018370189494
0.1893705256473105	0.8106294743526895
0.8611074357257256	0.13889256427427446
0.6120489011664565	0.38795109883354345
0.1833886420495091	0.8166113579504909
0.19270244417141413	0.8072975558285859
0.7837877310579319	0.21621226894206816
0.8670305303234627	0.1329694696765373
0.188535628245884	0.811464371754116
0.3021322423465119	0.6978677576534881
0.18107854086693065	0.8189214591330694
0.7581995181282504	0.24180048187174957
0.34137604602818017	0.6586239539718198
0.08977773616672313	0.9102222638332769
0.759499409043149	0.24050059095685092
0.7499513746413011	0.2500486253586988
0.7625874807324886	0.2374125192675114
0.08279795011137814	0.9172020498886219
0.807243311173645	0.19275668882635502
0.7597413675903717	0.24025863240962825
0.5801337105093958	0.41986628949060417
0.5822642970349226	0.41773570296507745
0.8795437324778188	0.12045626752218123
0.18581616020237568	0.8141838397976243
0.8142364287534916	0.1857635712465085
0.3549101088764147	0.6450898911235853
0.7701708413107937	0.22982915868920625
0.17313327452806138	0.8268667254719386
0.7476262459792189	0.2523737540207811
0.605676227976802	0.39432377202319796
0.1860033371441261	0.8139966628558739
0.6406763873078014	0.35932361269219865
0.7668636553327162	0.23313634466728386
0.8068163909412591	0.19318360905874085
0.5033641910908421	0.4966358089091579
0.8289735188903268	0.17102648110967325
0.7309136746090451	0.2690863253909549
0.7736597656190976	0.2263402343809025
0.7773201713480378	0.2226798286519622
0.7592481389585781	0.24075186104142182
0.4766612485651325	0.5233387514348675
0.788152297281705	0.21184770271829506
0.824406099426255	0.17559390057374505
0.7984519865714199	0.20154801342858006
0.3830578315270494	0.6169421684729506
0.787020809895869	0.21297919010413102
0.7488666111368085	0.2511333888631915
0.8559881898925006	0.1440118101074994
0.7569772302594376	0.2430227697405624
0.7466934938837768	0.25330650611622324
0.7520833313594364	0.24791666864056364
0.11390465279318385	0.8860953472068162
0.1948677596156403	0.8051322403843597
0.759722352964193	0.24027764703580698
0.4038132392381837	0.5961867607618163
0.7511840639635999	0.24881593603640004
0.7509315798778815	0.24906842012211844
0.773020348450634	0.22697965154936592
0.7765880658337315	0.22341193416626848
0.40752162298278327	0.5924783770172167
0.7774678116717735	0.22253218832822652
0.7530367085945611	0.24696329140543896
0.17322341060742286	0.8267765893925771
0.1786096845298204	0.8213903154701796
0.8178366892237912	0.18216331077620887
0.7591783938301448	0.24082160616985518
0.18486172134100076	0.8151382786589992
0.8228085738177975	0.17719142618220246
0.815173491853906	0.18482650814609403
0.178624845775897	0.821375154224103
0.8142364287534916	0.1857635712465085
0.7876981459740917	0.21230185402590834
0.7543013648804743	0.24569863511952572
0.5618362183577309	0.4381637816422691
0.1848860797369889	0.8151139202630111
0.5944913558816804	0.4055086441183196
0.7720394654506958	0.22796053454930423
0.6643458338400128	0.33565416615998717
0.8594865517555141	0.1405134482444858
0.7525776716172485	0.24742232838275144
0.7591712888178819	0.24082871118211815
0.754450141358525	0.24554985864147502
0.8089038083470748	0.19109619165292518
0.8139175426974242	0.1860824573025758
0.7519091292065008	0.24809087079349917
0.7588354764672713	0.24116452353272871
0.7569493752950978	0.24305062470490227
0.8328900792963474	0.16710992070365263
0.8429869410976624	0.15701305890233766
0.35910106183883894	0.6408989381611611
0.7636332139958715	0.2363667860041285
0.7912456587432017	0.2087543412567983
0.6369571124944835	0.36304288750551644
0.21191045503768768	0.7880895449623123
0.4065652653635161	0.5934347346364839
0.39811902813145605	0.601880971868544
0.7519783605369059	0.24802163946309405
0.7777520882040524	0.22224791179594763
0.7647616359691658	0.23523836403083417
0.22617572404865305	0.773824275951347
0.8324509725782979	0.1675490274217021
0.7495791381282924	0.2504208618717076
0.75629524307335	0.24370475692664995
0.7509929350975714	0.2490070649024286
0.7980560600619832	0.20194393993801682
0.7756380966349931	0.22436190336500694
0.7656589970506273	0.23434100294937263
0.008356435877399537	0.9916435641226005
0.8144296708123552	0.1855703291876448
0.1873222929715299	0.8126777070284701
0.3491473840382301	0.6508526159617699
0.7780921115663137	0.2219078884336862
0.7895007920614292	0.2104992079385708
0.18256044735811872	0.8174395526418813
0.1762403952959425	0.8237596047040575
0.7776122771796017	0.22238772282039834
0.5741255386522055	0.4258744613477945
0.5783336470006791	0.42166635299932087
0.22542416557877853	0.7745758344212215
0.18268995283365352	0.8173100471663465
0.5911957492567999	0.40880425074320015
0.21932573259042154	0.7806742674095785
0.809189415299121	0.19081058470087894
0.7572126193918142	0.2427873806081858
0.7801980411892957	0.2198019588107043
0.7641655718450405	0.2358344281549595
0.3648972801706907	0.6351027198293093
0.5735682287270985	0.4264317712729016
0.8164007125986915	0.18359928740130846
0.6492942848500152	0.3507057151499849
0.581676704971325	0.41832329502867505
0.7828621573212555	0.21713784267874447
0.769737806102153	0.23026219389784694
0.4338003286295643	0.5661996713704357
0.18900554461810826	0.8109944553818917
0.7615979825073236	0.23840201749267645
0.76502035069881	0.23497964930118997
0.5936627822280445	0.4063372177719556
0.18181754527651528	0.8181824547234847
0.7971848282434786	0.20281517175652147
0.7575572101937911	0.24244278980620895
0.19421533776659394	0.8057846622334061
0.7837687098079964	0.21623129019200354
0.17798020352954436	0.8220197964704556
0.18732978079667395	0.812670219203326
0.7761248166420689	0.2238751833579311
0.7801579284946935	0.21984207150530657
0.7558201857947543	0.2441798142052457
0.6420827264479674	0.35791727355203257
0.7609780787133404	0.23902192128665958
0.5587556847254556	0.4412443152745444
0.5937582063370339	0.40624179366296614
0.7567076226595932	0.24329237734040673
0.7610063147682236	0.23899368523177644
0.6373080026657663	0.36269199733423374
0.7566701312517505	0.2433298687482494
0.29637848920281773	0.7036215107971823
0.7730082337529123	0.22699176624708767
0.7742228710082727	0.22577712899172733
0.7895664936290564	0.21043350637094357
0.7712807672846473	0.2287192327153527
0.9362423547140727	0.06375764528592728
0.5687991512638639	0.4312008487361361
0.7719284226656256	0.22807157733437441
0.8008428964394378	0.1991571035605621
0.7472862020126911	0.2527137979873089
0.8039996614824996	0.19600033851750037
0.8038489420419059	0.19615105795809404
0.5531794513558619	0.4468205486441381
0.746015916840495	0.2539840831595051
0.7559616287528197	0.24403837124718034
0.7692690795737729	0.23073092042622706
0.8191826160149966	0.18081738398500338
0.08961261223098427	0.9103873877690157
0.4079024331521156	0.5920975668478844
0.41016595530990785	0.5898340446900922
0.36679498700217805	0.633205012997822
0.9047102870520511	0.09528971294794882
0.028026040840693378	0.9719739591593066
0.7677094108846475	0.2322905891153525
0.6212469618564489	0.37875303814355116
0.41100810204011984	0.5889918979598802
0.03355192536413942	0.9664480746358606
0.364141194632696	0.635858805367304
0.6430512436478781	0.3569487563521219
0.4535645523029339	0.5464354476970661
0.09567481257790489	0.9043251874220951
0.7600266537467985	0.23997334625320152
0.043318744115315444	0.9566812558846846
0.6527954627827892	0.34720453721721084
0.17890368008540847	0.8210963199145915
0.6254310159759688	0.37456898402403116
0.25792561516542534	0.7420743848345747
0.27945549112400325	0.7205445088759967
0.8118808219072824	0.18811917809271764
0.7019783975322823	0.2980216024677177
0.603885817181846	0.3961141828181541
0.6553254423390094	0.3446745576609907
0.4273956079435949	0.5726043920564051
0.1295480708461485	0.8704519291538515
0.6103128221910175	0.3896871778089825
0.4334260433392607	0.5665739566607393
0.09923724572191828	0.9007627542780817
0.6071563647328277	0.3928436352671722
0.0075612737014044695	0.9924387262985955
0.4882741591765771	0.5117258408234229
0.39375369997079357	0.6062463000292064
0.7976274597494248	0.2023725402505752
0.08748043202897982	0.9125195679710202
0.4434334373194847	0.5565665626805153
0.6478715477372481	0.35212845226275186
0.25438271027785253	0.7456172897221475
0.8013620267079478	0.19863797329205218
0.5737128996939508	0.4262871003060492
0.6588534358976221	0.3411465641023778
0.26133382194213706	0.7386661780578629
0.7626512166012673	0.2373487833987327
0.6296713841901123	0.3703286158098878
0.5953395061740725	0.4046604938259275
0.8321547778758844	0.1678452221241155
0.6092020979172088	0.39079790208279114
0.7268820064563822	0.27311799354361777
0.47232743906244834	0.5276725609375517
0.6706742964103676	0.32932570358963237
0.36436239286382666	0.6356376071361733
0.8717770524535119	0.12822294754648808
0.4987068783777341	0.5012931216222659
0.21832400399457497	0.781675996005425
0.09468979447913206	0.9053102055208679
0.05782357076948419	0.9421764292305158
0.7336927844250679	0.2663072155749321
0.05009878684463587	0.9499012131553641
0.12142726398351933	0.8785727360164807
0.31369450644475805	0.686305493555242
0.5218978059502459	0.478102194049754
0.3922300800529517	0.6077699199470483
0.6610933487801546	0.3389066512198454
0.6584022585569107	0.3415977414430893
0.4749336667101255	0.5250663332898745
0.40417073018907634	0.5958292698109237
0.6333307891286954	0.36666921087130455
0.6086900022887112	0.39130999771128877
0.3774615576967508	0.6225384423032492
0.11165898982312394	0.8883410101768761
0.7495202013169513	0.2504797986830487
0.3651897520641605	0.6348102479358395
0.56623529845585	0.43376470154415003
0.5548113049761053	0.4451886950238947
0.5984583095795499	0.40154169042045007
0.6315103113525975	0.36848968864740245
0.7291599720272721	0.2708400279727279
0.3446717745376131	0.6553282254623869
0.1829877294174962	0.8170122705825038
0.8325201131383742	0.16747988686162582
0.33326372482571887	0.6667362751742811
0.6041115391799754	0.39588846082002455
0.6169693026624694	0.38303069733753065
0.6199218832514681	0.3800781167485319
0.7955810135100323	0.20441898648996776
0.04747410910055905	0.952525890899441
0.09951168034824787	0.9004883196517521
0.1008008300423121	0.8991991699576879
0.22845544579113897	0.771544554208861
0.43262046085496053	0.5673795391450395
0.647096015539818	0.35290398446018195
0.018875948058291403	0.9811240519417086
0.5903510380673459	0.4096489619326541
0.6012580747417628	0.3987419252582371
0.39621310070680316	0.6037868992931968
0.7862763155087935	0.21372368449120646
0.6449602198136015	0.35503978018639853
0.020089382573937886	0.9799106174260621
0.9260398350155531	0.07396016498444695
0.797048615715712	0.20295138428428805
0.8803927399400509	0.11960726005994919
0.12431662574910862	0.8756833742508914
0.5642456297121967	0.4357543702878033
0.7010588386329222	0.2989411613670778
0.6835091045592244	0.3164908954407756
0.7303946045605337	0.26960539543946627
0.4093171114467189	0.5906828885532811
0.2949761837576993	0.7050238162423007
0.4134982578767441	0.5865017421232559
0.902658116443213	0.09734188355678693
0.8665871235632107	0.13341287643678937
0.46086941748013954	0.5391305825198605
0.34565943487171413	0.6543405651282859
0.386908323701989	0.613091676298011
0.3869030856498368	0.6130969143501632
0.2263516008777091	0.7736483991222909
0.5002257711367996	0.49977422886320044
0.8123434130062864	0.18765658699371354
0.7753172721392168	0.2246827278607832
0.8118866989214218	0.18811330107857818
0.4549901902328727	0.5450098097671273
0.7862930999313397	0.21370690006866033
0.22967350401607245	0.7703264959839276
0.3986855665705592	0.6013144334294408
0.6264927462715344	0.37350725372846566
0.05624610143407016	0.9437538985659298
0.6019796723054998	0.3980203276945003
0.2653927502566077	0.7346072497433923
0.7034652917503965	0.2965347082496035
0.5869307345093862	0.4130692654906139
0.9334292164904718	0.06657078350952819
0.693480392316355	0.306519607683645
0.8833328634963582	0.11666713650364181
0.10127141629807734	0.8987285837019227
0.693360292091536	0.30663970790846395
0.12635993936145773	0.8736400606385423
0.4528508200202188	0.5471491799797812
0.33398574798848346	0.6660142520115165
0.28796603900663864	0.7120339609933614
0.6676819763765041	0.3323180236234959
0.017256040519611715	0.9827439594803883
0.8051220615933686	0.19487793840663134
0.7475449155851817	0.25245508441481834
0.5807622312688515	0.4192377687311485
0.3472053226704874	0.6527946773295126
0.7452030457338128	0.25479695426618715
0.646749022637893	0.353250977362107
0.5666766033731356	0.4333233966268643
0.09373365246771659	0.9062663475322834
0.5868240399468334	0.41317596005316654
0.6273590266947613	0.37264097330523877
0.04768397064926111	0.9523160293507389
0.7523486913978537	0.24765130860214632
0.43416941003258436	0.5658305899674156
0.47775535510735345	0.5222446448926465
0.5959500943384819	0.40404990566151816
0.6501257279454218	0.3498742720545782
0.36781939159703536	0.6321806084029646
0.5759084790577358	0.42409152094226416
0.2883492730166246	0.7116507269833754
0.7778156856549172	0.22218431434508273
0.6243376323820122	0.3756623676179877
0.050771377961133735	0.9492286220388663
0.6226002333226391	0.37739976667736086
0.9262109169634984	0.0737890830365015
0.4323178894507267	0.5676821105492733
0.43174157436933247	0.5682584256306675
0.048905444974178924	0.9510945550258211
0.6248720720120751	0.37512792798792494
0.7173863733707007	0.2826136266292994
0.8643783830951188	0.13562161690488111
0.022250059028877445	0.9777499409711226
0.6496515204880192	0.3503484795119808
0.020650768928353824	0.9793492310716462
0.5889089497924107	0.41109105020758924
0.8175068841060662	0.18249311589393385
0.5756578499979563	0.4243421500020436
0.8232953547361549	0.1767046452638451
0.6137532927187324	0.38624670728126764
0.6010221994786928	0.39897780052130716
0.5442520850359411	0.4557479149640588
0.649335301635972	0.35066469836402797
0.21734113851646542	0.7826588614835346
0.6982144465812998	0.30178555341870017
0.2774596436723664	0.7225403563276336
0.4750707028214173	0.5249292971785827
0.4448229238422058	0.5551770761577942
0.08190201064374025	0.9180979893562597
0.40001897041513623	0.5999810295848638
0.6626317983500651	0.3373682016499349
0.2872695967705131	0.7127304032294869
0.6271714546388187	0.3728285453611812
0.6418073803663138	0.35819261963368615
0.8322123092891455	0.1677876907108545
0.36747574284898155	0.6325242571510185
0.7745785686913769	0.2254214313086232
0.8388410424194118	0.16115895758058818
0.7485449679966005	0.2514550320033995
0.3515122924236558	0.6484877075763442
0.5641463783239621	0.4358536216760379
0.21773259203228557	0.7822674079677144
0.08879517417012983	0.9112048258298702
0.7920600791018149	0.20793992089818514
0.7729611864691788	0.22703881353082128
0.09945574499012277	0.9005442550098772
0.9328629351668961	0.06713706483310392
0.8006694790379072	0.19933052096209275
0.3316912418066864	0.6683087581933136
0.8823002220017329	0.1176997779982671
0.3097352566225168	0.6902647433774832
0.02211010793880297	0.977889892061197
0.6378441445674259	0.36215585543257406
0.06039963201999221	0.9396003679800078
0.7051528778255001	0.2948471221744999
0.8187114228284229	0.18128857717157712
0.38368312802729565	0.6163168719727043
0.22288946465485682	0.7771105353451432
0.5844744287848828	0.41552557121511724
0.25450541697102236	0.7454945830289776
0.7093997804584871	0.29060021954151294
0.6940046572262499	0.30599534277375
0.6316125822405674	0.3683874177594327
0.44636818740149453	0.5536318125985055
0.044272850976315836	0.9557271490236842
0.10004641573849582	0.8999535842615042
0.39638124626678906	0.6036187537332109
0.8135980531087633	0.18640194689123668
0.5566850219481336	0.4433149780518664
0.7817858830108814	0.21821411698911863
0.6390566555192001	0.3609433444807999
0.3917673528131862	0.6082326471868138
0.7676746342554936	0.23232536574450638
0.5769731747838004	0.4230268252161996
0.8019768636573705	0.1980231363426294
0.6052006408370489	0.3947993591629511
0.6247960331678707	0.3752039668321293
0.570882776286024	0.42911722371397604
0.8369835314571639	0.16301646854283608
0.598835802815201	0.401164197184799
0.08712202651365264	0.9128779734863474
0.05677634519895636	0.9432236548010436
0.46953483584769384	0.5304651641523062
0.4563094959139432	0.5436905040860568
0.6442725865172407	0.35572741348275927
0.04975370807184265	0.9502462919281573
0.7053338918719974	0.29466610812800265
0.6432068617495723	0.35679313825042774
0.3606260643686072	0.6393739356313928
0.6881859404119336	0.3118140595880664
0.4295328179594904	0.5704671820405096
0.5891451077707985	0.41085489222920146
0.5733254186470598	0.4266745813529402
0.15361655112702077	0.8463834488729792
0.614577744677151	0.38542225532284896
0.5994706422420059	0.40052935775799414
0.21010284650487265	0.7898971534951273
0.5988605375330783	0.40113946246692167
0.5921601498879758	0.4078398501120242
0.6383198851610508	0.36168011483894924
0.4001302397560176	0.5998697602439824
0.6974220281664987	0.30257797183350127
0.8157449854708219	0.18425501452917808
0.39561128724178984	0.6043887127582102
0.25234119605456573	0.7476588039454343
0.9349258399162106	0.06507416008378945
0.45244489198335136	0.5475551080166486
0.5970073753341955	0.40299262466580454
0.617844054778099	0.382155945221901
0.7357861741291292	0.2642138258708709
0.10167133578663601	0.898328664213364
0.6475003018635958	0.35249969813640425
0.4998769156968157	0.5001230843031843
0.18434067466981918	0.8156593253301808
0.6940738887029398	0.30592611129706015
0.6376796783895904	0.36232032161040956
0.6207815443110529	0.379218455688947
0.7969151606631557	0.20308483933684424
0.6922742302641655	0.30772576973583454
0.058139365833705714	0.9418606341662943
0.6207693033121853	0.37923069668781473
0.10759838836270796	0.892401611637292
0.6698777180890236	0.33012228191097637
0.7761669016899233	0.22383309831007675
0.9672148123607712	0.0327851876392288
0.6261006547491714	0.37389934525082863
0.5736588707824067	0.42634112921759326
0.15295924474216938	0.8470407552578306
0.6111993949360259	0.3888006050639741
0.651495624875758	0.34850437512424204
0.6305617079257197	0.3694382920742802
0.1001842430692832	0.8998157569307168
0.5983105739749337	0.40168942602506624
0.194405108610187	0.805594891389813
0.5767151716385979	0.42328482836140213
0.7790257448396204	0.22097425516037963
0.6049773656738808	0.3950226343261191
0.6513542182308416	0.34864578176915845
0.040283377256573716	0.9597166227434263
0.6184535659030315	0.38154643409696853
0.6051855265428582	0.3948144734571418
0.24195184232797773	0.7580481576720223
0.046995405816095515	0.9530045941839045
0.7954283253302163	0.2045716746697836
0.40202716289289564	0.5979728371071044
0.7590349425210337	0.2409650574789664
0.6441576953083191	0.3558423046916809
0.8028284833678392	0.1971715166321608
0.5438675813813701	0.45613241861862985
0.7813099981940372	0.21869000180596276
0.7618949199940283	0.23810508000597172
0.6062730603987299	0.39372693960127014
0.04436192088653712	0.9556380791134629
0.48318556523339984	0.5168144347666002
0.7111603617737278	0.28883963822627223
0.7638552271167621	0.2361447728832379
0.6888827374871269	0.3111172625128731
0.5837933564024653	0.41620664359753473
0.6790302188479005	0.32096978115209945
0.21155332016176387	0.7884466798382361
0.6025404693290077	0.3974595306709923
0.6319481238672728	0.36805187613272716
0.3385893736037229	0.6614106263962771
0.8518308897711593	0.14816911022884066
0.6552713127559738	0.34472868724402617
0.6744283753259821	0.32557162467401796
0.10918172879034282	0.8908182712096572
0.24221966953282248	0.7577803304671775
0.7483759519332605	0.2516240480667395
0.7663546259196616	0.2336453740803383
0.1949095725435297	0.8050904274564703
0.1011768114827235	0.8988231885172765
0.6955872642297984	0.30441273577020156
0.22670236644221986	0.7732976335577801
0.4250563677553103	0.5749436322446897
0.5751180425599511	0.4248819574400488
0.3733887140362898	0.6266112859637102
0.5004329286497561	0.4995670713502439
0.6764108484889728	0.32358915151102713
0.6915671950700245	0.3084328049299755
0.7887015585087332	0.21129844149126675
0.792296881560127	0.20770311843987305
0.3556351999724482	0.6443648000275518
0.6342309009590473	0.36576909904095267
0.6370671308101492	0.36293286918985085
0.47135133172514443	0.5286486682748556
0.6954548126957609	0.3045451873042391
0.759171639219969	0.24082836078003095
0.05043848703683451	0.9495615129631655
0.6154194235077947	0.38458057649220534
0.6125762469059124	0.38742375309408766
0.5863510526532866	0.4136489473467134
0.6517902302498159	0.34820976975018414
0.12176802998911218	0.8782319700108878
0.05398263876510945	0.9460173612348906
0.05519291084286837	0.9448070891571316
0.5187302163419563	0.4812697836580437
0.6475936047699677	0.3524063952300323
0.5944751749706902	0.4055248250293097
0.6147758745612387	0.3852241254387613
0.6874677408892725	0.31253225911072746
0.572533822284118	0.427466177715882
0.58772188634066	0.41227811365934
0.6167751645602149	0.3832248354397851
0.17501196719278123	0.8249880328072188
0.7157413970032928	0.28425860299670724
0.5768952536021175	0.4231047463978825
0.35868377652564953	0.6413162234743505
0.6164641985912944	0.3835358014087055
0.44895111079596883	0.5510488892040312
0.18017917814133433	0.8198208218586657
0.3955523386279841	0.6044476613720159
0.6907462878795259	0.3092537121204742
0.5851580441220863	0.41484195587791367
0.8374370998720618	0.1625629001279382
0.6119333548696977	0.38806664513030237
0.5840796255507565	0.41592037444924346
0.5808766436489932	0.41912335635100684
0.28188930117298394	0.7181106988270161
0.44890543111330306	0.551094568886697
0.20218698617978403	0.797813013820216
0.442759784615292	0.557240215384708
0.6704891873808646	0.3295108126191354
0.2553169520282098	0.7446830479717902
0.40450879813036855	0.5954912018696314
0.11337451871129911	0.8866254812887009
0.6219319441570346	0.3780680558429654
0.775750684656796	0.22424931534320403
0.40036070695683357	0.5996392930431664
0.022026678333187166	0.9779733216668128
0.6564141822689424	0.3435858177310575
0.8445957207478794	0.15540427925212058
0.6189648722076853	0.3810351277923148
0.1328694793652897	0.8671305206347103
0.8058864630658034	0.19411353693419658
0.5607403299692896	0.4392596700307104
0.6932409080652886	0.30675909193471146
0.04879375750742865	0.9512062424925714
0.6068222400480482	0.3931777599519518
0.5980806683142492	0.4019193316857508
0.7229078081174714	0.2770921918825286
0.5590593326207232	0.4409406673792768
0.6683320659397838	0.3316679340602162
0.5554652515477987	0.4445347484522013
0.2097579529640462	0.7902420470359538
0.6904674050909092	0.3095325949090908
0.8293102597660379	0.1706897402339621
0.45698968157248154	0.5430103184275185
0.3873764372754466	0.6126235627245534
0.5875805543889708	0.41241944561102917
0.4900591954374224	0.5099408045625776
0.8059091888585506	0.19409081114144944
0.2688368086093176	0.7311631913906824
0.5704778225173521	0.42952217748264787
0.5710396339390749	0.4289603660609251
0.2481542491159232	0.7518457508840768
0.6892172477245253	0.3107827522754747
0.1060685749213568	0.8939314250786432
0.6108616697980569	0.38913833020194316
0.6086130855752903	0.3913869144247097
0.6357979368991438	0.3642020631008562
0.755335346315435	0.24466465368456505
0.5080097741447154	0.4919902258552846
0.2694835556274717	0.7305164443725283
0.7954195276659849	0.2045804723340151
0.6998160070751427	0.3001839929248573
0.5641438054271946	0.4358561945728055
0.1397830487969577	0.8602169512030423
0.729863422372873	0.27013657762712695
0.8126163951353373	0.1873836048646627
0.27882224281259615	0.7211777571874038
0.5893154585179732	0.4106845414820268
0.6584916071623489	0.3415083928376511
0.3703819171463627	0.6296180828536373
0.7649363574615252	0.23506364253847475
0.624583756909607	0.375416243090393
0.6407989491724808	0.35920105082751913
0.37658213584293565	0.6234178641570643
0.5977633342383915	0.4022366657616085
0.09924740642093965	0.9007525935790603
0.053700023514735906	0.9462999764852641
0.18696062695043214	0.8130393730495679
0.5760675998644813	0.42393240013551875
0.5683771558650268	0.4316228441349732
0.6787808426362151	0.3212191573637849
0.01815064841830527	0.9818493515816947
0.6424030894845421	0.357596910515458
0.8668796655664254	0.13312033443357466
0.3534882264808906	0.6465117735191094
0.5637021706305283	0.4362978293694717
0.09553660220705695	0.904463397792943
0.6615548138012739	0.33844518619872604
0.623294697767382	0.376705302232618
0.8071899670454783	0.1928100329545217
0.11348695758290972	0.8865130424170903
0.7796770625310031	0.2203229374689969
0.26985114176680935	0.7301488582331906
0.6052961871913645	0.3947038128086355
0.6033508939031165	0.39664910609688353
0.6563548322092756	0.3436451677907244
0.21564340119374803	0.784356598806252
0.6747241045811345	0.32527589541886553
0.5918344347896224	0.4081655652103776
0.5621965735026349	0.4378034264973652
0.779987933731981	0.22001206626801895
0.7511170885307228	0.24888291146927716
0.8023516644983906	0.19764833550160937
0.5223053846079944	0.47769461539200564
0.19061012340873285	0.8093898765912672
0.05464017218153461	0.9453598278184654
0.7679493192829495	0.23205068071705046
0.9240750463620242	0.07592495363797581
0.6403897303708295	0.35961026962917053
0.7665370568824659	0.2334629431175341
0.7148583180188997	0.2851416819811004
0.15677394581605075	0.8432260541839492
0.10008694578304889	0.8999130542169511
0.427042754717445	0.572957245282555
0.5594716234416615	0.4405283765583385
0.38496655805196855	0.6150334419480314
0.6076120927166695	0.39238790728333045
0.10885584904191925	0.8911441509580807
0.6497593474998427	0.3502406525001574
0.19300314297467636	0.8069968570253236
0.6017530682848307	0.3982469317151694
0.542579373926221	0.457420626073779
0.5849257895719685	0.4150742104280315
0.7231067446056036	0.2768932553943964
0.6615066463027492	0.3384933536972508
0.6010221527712893	0.39897784722871066
0.6119920533770886	0.3880079466229113
0.6115425356513957	0.38845746434860434
0.2366024784851315	0.7633975215148685
0.6946371459309321	0.30536285406906793
0.7719650081494822	0.22803499185051784
0.7478651303458245	0.25213486965417553
0.429840133674096	0.570159866325904
0.7148053364790754	0.2851946635209246
0.5830982143698311	0.4169017856301689
0.6096979223145949	0.3903020776854051
0.7339418242477791	0.26605817575222096
0.5986011912910765	0.4013988087089235
0.39831568517976657	0.6016843148202334
0.4040082446582959	0.5959917553417041
0.12568694814418557	0.8743130518558144
0.5773864426076585	0.42261355739234147
0.6034544808703924	0.39654551912960756
0.6004346799515397	0.3995653200484603
0.5304703571992135	0.46952964280078646
0.5851570069450501	0.41484299305494987
0.41186810677600716	0.5881318932239928
0.7706360720147682	0.22936392798523172
0.5695636217948474	0.43043637820515257
0.772982303359273	0.22701769664072702
0.9128934790710644	0.08710652092893557
0.6835424992003862	0.3164575007996137
0.24058982791102923	0.7594101720889708
0.666000167722023	0.333999832277977
0.6430205665314079	0.35697943346859207
0.5693404561386672	0.4306595438613327
0.4505196611698117	0.5494803388301883
0.6730067718678667	0.32699322813213333
0.5784339796404487	0.42156602035955126
0.44502704346683386	0.5549729565331661
0.21747356850626187	0.7825264314937381
0.741339916380443	0.2586600836195569
0.013081347563948409	0.9869186524360516
0.35240649898352516	0.6475935010164748
0.6301825589525301	0.36981744104746994
0.5721400298127843	0.4278599701872156
0.5633238450449591	0.4366761549550408
0.5641780189865524	0.43582198101344755
0.358742310194465	0.641257689805535
0.37367377219688647	0.6263262278031135
0.8666164525714851	0.13338354742851485
0.14317293246989315	0.8568270675301068
0.04792502234108287	0.9520749776589171
0.6257223833092238	0.3742776166907762
0.44267214841173974	0.5573278515882603
0.5738101296795406	0.42618987032045946
0.7855633362943844	0.2144366637056157
0.11099593928841567	0.8890040607115843
0.5970669977593317	0.40293300224066825
0.8033915441363721	0.19660845586362785
0.6050702167013071	0.3949297832986928
0.39503648353643506	0.6049635164635649
0.0477646201869083	0.9522353798130917
0.4111505567681445	0.5888494432318555
0.6921175210886976	0.3078824789113023
0.7674766451065408	0.2325233548934592
0.5754084274058942	0.4245915725941058
0.6251519625346331	0.3748480374653669
0.6697052069175504	0.3302947930824495
0.21033598153372446	0.7896640184662755
0.6504987853142368	0.34950121468576323
0.3791054318841832	0.6208945681158168
0.7130901664363217	0.2869098335636783
0.5811472361370877	0.41885276386291226
0.665518963121831	0.33448103687816894
0.09659274539021989	0.9034072546097801
0.6878643725291709	0.3121356274708291
0.6140717117577694	0.3859282882422306
0.6676461798492589	0.3323538201507411
0.5794840808918649	0.4205159191081351
0.6387673274656407	0.3612326725343593
0.3685340962663032	0.6314659037336968
0.5866325351925203	0.41336746480747966
0.09335188826440444	0.9066481117355956
0.6574230492398783	0.34257695076012173
0.05058251921676815	0.9494174807832318
0.5898952679036608	0.41010473209633924
0.6084659127526095	0.3915340872473904
0.5872104039497994	0.41278959605020055
0.5127938954761551	0.487206104523845
0.5115820826843682	0.4884179173156318
0.6554744318861268	0.3445255681138733
0.3978699437017911	0.6021300562982089
0.7770166069826254	0.2229833930173746
0.614918287804736	0.385081712195264
0.47854399205560716	0.5214560079443928
0.5227780345693799	0.4772219654306201
0.6769916292683322	0.3230083707316678
0.5750581568693227	0.42494184313067734
0.23111193412392317	0.7688880658760768
0.12362413822071705	0.876375861779283
0.6057520820746378	0.39424791792536223
0.131001461312663	0.868998538687337
0.7193885306047666	0.2806114693952334
0.6523666057710701	0.3476333942289299
0.08774558605813032	0.9122544139418697
0.7007703412205879	0.2992296587794121
0.7501797490206273	0.24982025097937266
0.8237548888091475	0.17624511119085245
0.7249344372125497	0.2750655627874503
0.56242942620336	0.43757057379664
0.7333861984210528	0.2666138015789472
0.43937369678222105	0.560626303217779
0.6583589482048755	0.34164105179512455
0.3799225840069106	0.6200774159930894
0.48869942288343826	0.5113005771165617
0.7301542518471428	0.2698457481528572
0.6421708547353215	0.3578291452646785
0.5652472620278002	0.43475273797219977
0.6289115765595393	0.37108842344046067
0.10240730807910392	0.8975926919208961
0.34812733056944656	0.6518726694305534
0.875479426066953	0.12452057393304701
0.8066789156114039	0.19332108438859608
0.5698740416177511	0.4301259583822489
0.6038815017406459	0.3961184982593541
0.7612628040743273	0.2387371959256727
0.13315271168401188	0.8668472883159881
0.8462704986600845	0.15372950133991545
0.7943905854917572	0.20560941450824274
0.7421060417653842	0.25789395823461575
0.6357555744342012	0.3642444255657988
0.09497170910750408	0.9050282908924959
0.13557709354197778	0.8644229064580222
0.6272809978110521	0.3727190021889479
0.6342402880907134	0.36575971190928663
0.44343956534024853	0.5565604346597515
0.1586457155835036	0.8413542844164964
0.5828601045000577	0.4171398954999423
0.703101719075915	0.296898280924085
0.5810952977463311	0.41890470225366894
0.18568632624910664	0.8143136737508934
0.7846310593546799	0.21536894064532006
0.5797319138479433	0.42026808615205663
0.5985643935715622	0.4014356064284378
0.6264285195083146	0.3735714804916855
0.12122048667513186	0.8787795133248681
0.6512597519355274	0.34874024806447257
0.611265072769219	0.3887349272307809
0.6377548237901973	0.36224517620980273
0.7038237840831589	0.29617621591684107
0.4002352090610386	0.5997647909389614
0.42293827456194466	0.5770617254380553
0.5992478831487098	0.4007521168512902
0.5761686411789819	0.4238313588210181
0.6952019711213971	0.30479802887860286
0.5134884656010117	0.48651153439898825
0.6158169403969471	0.3841830596030528
0.39060690900516293	0.6093930909948371
0.5943233350989396	0.4056766649010604
0.29571943704145875	0.7042805629585412
0.32705684081367936	0.6729431591863206
0.6179896729354046	0.3820103270645953
0.5665588592096018	0.43344114079039825
0.25093547761136925	0.7490645223886307
0.04329392887714811	0.9567060711228519
0.8446880096216215	0.15531199037837853
0.5794800176243098	0.42051998237569027
0.10914812887083492	0.8908518711291651
0.8228998249357367	0.1771001750642634
0.6831209048230489	0.3168790951769512
0.5512987305046675	0.44870126949533246
0.6250773631850641	0.3749226368149359
0.042150881718396316	0.9578491182816037
0.6056820676329849	0.39431793236701507
0.7026790983620326	0.29732090163796737
0.8836916924581995	0.11630830754180056
0.6924676247214776	0.3075323752785224
0.6175933765905458	0.3824066234094542
0.1283158095664506	0.8716841904335494
0.6587863263159814	0.34121367368401856
0.6729230619107205	0.32707693808927957
0.4006349483497168	0.5993650516502832
0.6937141927228302	0.3062858072771698
0.6231965672145509	0.37680343278544914
0.5852536141861175	0.4147463858138825
0.6364434275476263	0.36355657245237377
0.28725533483298626	0.7127446651670137
0.6300767733107957	0.36992322668920435
0.4116672113393013	0.5883327886606987
0.052192005453663315	0.9478079945463367
0.6877892661390378	0.3122107338609622
0.3625304482736319	0.6374695517263681
0.5760510062741835	0.42394899372581657
0.627534954953435	0.3724650450465649
0.4555049241839454	0.5444950758160546
0.23017314954682477	0.7698268504531752
0.5696471583415897	0.43035284165841026
0.2082399351334807	0.7917600648665193
0.8210681188800861	0.1789318811199139
0.438644756542077	0.561355243457923
0.448780629780119	0.551219370219881
0.5624383729962201	0.4375616270037798
0.20495010980342743	0.7950498901965726
0.5865628556327862	0.4134371443672138
0.7564499769799081	0.24355002302009185
0.41268098186235014	0.5873190181376499
0.6453283010914499	0.3546716989085501
0.8187872644645171	0.18121273553548292
0.6326409410510214	0.36735905894897863
0.774106286348899	0.22589371365110095
0.6533643159521083	0.3466356840478917
0.6702150713217542	0.3297849286782458
0.5999816803234826	0.40001831967651735
0.5998314822215982	0.40016851777840173
0.7960543679856342	0.20394563201436577
0.5898207876808887	0.41017921231911125
0.6135127899996389	0.3864872100003612
0.578453884449895	0.42154611555010496
0.7752330462637738	0.22476695373622627
0.6468041094068497	0.3531958905931503
0.6088648697214878	0.39113513027851216
0.23480875075792962	0.7651912492420704
0.5672626689279748	0.43273733107202517
0.6114165873198494	0.3885834126801507
0.6114690366118948	0.3885309633881052
0.6584724886920266	0.34152751130797343
0.19843153743439734	0.8015684625656027
0.846604987306182	0.1533950126938179
0.1018818578928482	0.8981181421071518
0.710072399960858	0.289927600039142
0.574533940333565	0.42546605966643497
0.8085231899635813	0.19147681003641867
0.6765019592832549	0.3234980407167452
0.20355152282251987	0.7964484771774801
0.08667078703413378	0.9133292129658662
0.08850759523668617	0.9114924047633138
0.6079060948754798	0.39209390512452025
0.55088927330944	0.44911072669055996
0.5978971777011857	0.4021028222988143
0.3391204650454186	0.6608795349545814
0.6053732175874839	0.39462678241251614
0.6498530885566699	0.3501469114433301
0.8523898192698851	0.14761018073011486
0.038428788708608996	0.961571211291391
0.5896959531395467	0.4103040468604533
0.3960049768781174	0.6039950231218826
0.2084749256496794	0.7915250743503206
0.6006312202724914	0.3993687797275086
0.3998098707842319	0.6001901292157681
0.4231984659068444	0.5768015340931556
0.6423112168422882	0.35768878315771174
0.42032927861231295	0.579670721387687
0.640558830848062	0.359441169151938
0.06278572991172304	0.937214270088277
0.10730790335630636	0.8926920966436936
0.5780541639228948	0.42194583607710523
0.5119221137730037	0.4880778862269963
0.5448121333512724	0.45518786664872757
0.5872063763472755	0.4127936236527246
0.567888222304254	0.43211177769574605
0.5745746982462308	0.4254253017537692
0.6050825335655198	0.3949174664344802
0.6052176603426173	0.39478233965738274
0.5535072488739173	0.44649275112608267
0.7113494750839808	0.2886505249160192
0.5770261602902185	0.4229738397097816
0.6448378224744467	0.3551621775255534
0.0450327873236398	0.9549672126763602
0.09640939013471572	0.9035906098652843
0.7194492795978241	0.2805507204021759
0.5591531256053143	0.44084687439468573
0.6290098368579153	0.3709901631420846
0.2967087754223722	0.7032912245776278
0.7720283034418238	0.22797169655817615
0.3910697323161646	0.6089302676838354
0.5813871506186221	0.41861284938137794
0.757452252431956	0.24254774756804395
0.35307272043882654	0.6469272795611735
0.7210761452126225	0.27892385478737747
0.7548160749192012	0.24518392508079878
0.1557276011327391	0.8442723988672609
0.6774361741045973	0.3225638258954026
0.042639217251961625	0.9573607827480384
0.5871367676858634	0.4128632323141365
0.6301246563057116	0.3698753436942884
0.5768275928695148	0.42317240713048526
0.6381516629608435	0.3618483370391566
0.7406101304076115	0.2593898695923885
0.6901945521168045	0.3098054478831956
0.7394740486789315	0.2605259513210685
0.6905660151634879	0.3094339848365121
0.23475485576465227	0.7652451442353477
0.566190633285405	0.43380936671459497
0.5114226978128047	0.4885773021871953
0.6185690932373487	0.3814309067626513
0.5971229171591946	0.40287708284080537
0.5219790080608544	0.47802099193914566
0.6370547762377823	0.3629452237622178
0.45957154952028767	0.5404284504797123
0.6142049634270164	0.3857950365729836
0.48792464033388117	0.5120753596661188
0.658587174213512	0.341412825786488
0.4660551874761031	0.5339448125238969
0.5894044205960192	0.41059557940398084
0.4017514901981126	0.5982485098018874
0.616802320318302	0.38319767968169804
0.7805965876633096	0.2194034123366903
0.619711945646586	0.3802880543534139
0.5750850663440166	0.4249149336559834
0.6224692712827087	0.3775307287172913
0.6266275422887129	0.3733724577112871
0.6745210237038747	0.3254789762961253
0.3925569864467424	0.6074430135532576
0.43682499813454234	0.5631750018654577
0.7495663442572997	0.2504336557427002
0.3831308746189376	0.6168691253810624
0.5968492717628915	0.4031507282371085
0.36373329558917655	0.6362667044108234
0.7228086683992039	0.2771913316007962
0.6344776715589124	0.36552232844108756
0.5833318823412457	0.4166681176587544
0.5668752754650109	0.43312472453498907
0.16737798786740632	0.8326220121325937
0.6782546871094546	0.32174531289054537
0.6119406759410477	0.3880593240589522
0.6901353704119579	0.3098646295880421
0.30815741771414584	0.6918425822858542
0.6135430934757977	0.3864569065242023
0.6408199961808402	0.3591800038191598
0.2689209016061721	0.7310790983938279
0.6085881873685528	0.39141181263144714
0.5767044434024216	0.42329555659757845
0.019894234612057304	0.9801057653879427
0.651139640458946	0.34886035954105404
0.3595665672174212	0.6404334327825788
0.6892650825474129	0.31073491745258713
0.6982739196952884	0.3017260803047116
0.5602192273578035	0.43978077264219656
0.20618639870362365	0.7938136012963763
0.6543761707730074	0.34562382922699264
0.11505377558678287	0.8849462244132171
0.791921328178645	0.20807867182135492
0.7543074009757341	0.24569259902426588
0.602896609822192	0.39710339017780805
0.4526644296049539	0.5473355703950461
0.19549662444425964	0.8045033755557404
0.07618351732225337	0.9238164826777466
0.00707624877426305	0.992923751225737
0.386451486235746	0.613548513764254
0.120247579834597	0.879752420165403
0.6000890823453371	0.39991091765466297
0.5717778505916469	0.4282221494083532
0.5763410054690663	0.42365899453093364
0.6519049850407884	0.3480950149592116
0.771533104586064	0.22846689541393603
0.093463918147065	0.906536081852935
0.5665144110621945	0.43348558893780553
0.3080098778504047	0.6919901221495953
0.11834332605990827	0.8816566739400917
0.6470945157954326	0.3529054842045674
0.3536345301890127	0.6463654698109873
0.043293332030219345	0.9567066679697807
0.22951318200936333	0.7704868179906367
0.5965147431158289	0.40348525688417114
0.8935073895930751	0.10649261040692488
0.5554045115492872	0.4445954884507129
0.5656944124058909	0.43430558759410914
0.9016252831467119	0.09837471685328816
0.7944091165864529	0.2055908834135471
0.9341176221378833	0.06588237786211673
0.6248877818763459	0.3751122181236541
0.586022621124082	0.41397737887591796
0.545062162821943	0.454937837178057
0.13769465962576677	0.8623053403742332
0.252707206929371	0.747292793070629
0.5988477721794528	0.40115222782054716
0.5936486456956911	0.4063513543043089
0.6097316099537697	0.3902683900462303
0.39239052502703664	0.6076094749729634
0.7452766401050912	0.2547233598949088
0.5883324267563246	0.4116675732436754
0.6290659668691221	0.37093403313087797
0.044233034389729586	0.9557669656102704
0.055023147235771286	0.9449768527642287
0.5815566233298294	0.4184433766701706
0.40959346906223915	0.5904065309377609
0.7371201531121899	0.2628798468878101
0.6584054685718039	0.3415945314281961
0.2513170356562253	0.7486829643437747
0.19974820862990672	0.8002517913700933
0.8112723702539206	0.18872762974607932
0.2191969369595963	0.7808030630404037
0.8246588646479835	0.17534113535201645
0.08707189477927013	0.9129281052207299
0.5854116148139288	0.4145883851860712
0.7584938632928101	0.24150613670718987
0.6199839389336357	0.3800160610663644
0.6553792166026555	0.3446207833973444
0.6186841660774927	0.3813158339225073
0.6249607357893707	0.3750392642106292
0.5562797159217916	0.44372028407820835
0.6390049186482007	0.3609950813517993
0.6928865003541964	0.30711349964580353
0.8007802808068054	0.1992197191931946
0.7916254421551865	0.20837455784481348
0.1257753856655185	0.8742246143344815
0.5868373569395748	0.4131626430604251
0.10027184353745722	0.8997281564625428
0.6318386559961123	0.36816134400388767
0.5880206672006498	0.41197933279935023
0.4317416124422857	0.5682583875577143
0.41342478655747184	0.5865752134425282
0.8142364287534916	0.1857635712465085
0.7589145909579831	0.24108540904201686
0.6179104876242769	0.38208951237572314
0.584792934542955	0.415207065457045
0.8963088502125379	0.10369114978746209
0.3420921894636745	0.6579078105363255
0.7617899285174713	0.23821007148252873
0.3985956565029949	0.6014043434970051
0.08429394009699775	0.9157060599030022
0.6095671943744833	0.39043280562551674
0.45002876580730666	0.5499712341926933
0.6025801088366032	0.3974198911633968
0.5532531334017138	0.4467468665982862
0.10892396163446127	0.8910760383655387
0.5831919869592735	0.41680801304072645
0.34633202667516294	0.6536679733248371
0.09501693297458258	0.9049830670254174
0.163566143248005	0.836433856751995
0.5597628645249647	0.4402371354750353
0.21497176022676323	0.7850282397732368
0.5720573863413067	0.42794261365869335
0.7103656482126601	0.28963435178733987
0.3852791660874577	0.6147208339125423
0.07615061807253787	0.9238493819274621
0.6391516266869384	0.3608483733130616
0.5766427806917078	0.4233572193082922
0.24380437008369715	0.7561956299163028
0.6109059160555383	0.3890940839444617
0.09447311714325213	0.9055268828567479
0.40909296859729083	0.5909070314027092
0.8352356936697909	0.1647643063302091
0.5985341680774456	0.4014658319225544
0.5787879044580024	0.42121209554199757
0.823254643458186	0.17674535654181403
0.3782377355063883	0.6217622644936117
0.6277637727000814	0.37223622729991857
0.6471889396973012	0.3528110603026988
0.389593953652001	0.610406046347999
0.6469462245534467	0.35305377544655325
0.5760567162378419	0.42394328376215806
0.5174485199623367	0.4825514800376633
0.38571596018427434	0.6142840398157257
0.10963528043274595	0.890364719567254
0.7686252045114543	0.23137479548854561
0.8300502501614111	0.16994974983858896
0.7630380524015932	0.23696194759840689
0.6037614748705274	0.39623852512947255
0.7569049210479748	0.24309507895202523
0.5841760491099091	0.4158239508900909
0.7986179011112717	0.2013820988887283
0.8467935588958051	0.1532064411041949
0.11268146680459645	0.8873185331954035
0.35395567725630117	0.6460443227436988
0.531430318666809	0.46856968133319105
0.6063182151717679	0.3936817848282321
0.6461880879829716	0.3538119120170285
0.09422592725126056	0.9057740727487394
0.6784418735247081	0.3215581264752919
0.5868674728707698	0.4131325271292302
0.5883569133200857	0.4116430866799143
0.6529990333679971	0.3470009666320028
0.44524783303295823	0.5547521669670418
0.4056024451755079	0.5943975548244921
0.6587954589070806	0.3412045410929195
0.6477721102956533	0.35222788970434665
0.6654337519038693	0.3345662480961306
0.6393006850098022	0.3606993149901978
0.5291695919670876	0.4708304080329124
0.048714159334509954	0.95128584066549
0.664770971660201	0.3352290283397989
0.5624492023445323	0.43755079765546767
0.6406686543853772	0.3593313456146227
0.2786824200428899	0.7213175799571101
0.6613850744739302	0.3386149255260698
0.7662450573306886	0.23375494266931138
0.7683226901392117	0.2316773098607883
0.5286686232774247	0.47133137672257536
0.5997764290773436	0.40022357092265637
0.5967943982913496	0.4032056017086504
0.6198494059908025	0.3801505940091975
0.6312459091402464	0.36875409085975364
0.5459514267666616	0.45404857323333836
0.526887380931348	0.473112619068652
0.5514490160974994	0.44855098390250064
0.6198799719080902	0.3801200280919098
0.3484738996601767	0.6515261003398233
0.2591099425828497	0.7408900574171503
0.08221327119666322	0.9177867288033368
0.042848633836444994	0.957151366163555
0.04088797471055394	0.9591120252894461
0.6079497897352422	0.39205021026475784
0.7772243150410485	0.2227756849589515
0.6600953661047975	0.3399046338952026
0.6823853786822447	0.3176146213177553
0.5987916437340921	0.40120835626590784
0.12734551497684432	0.8726544850231557
0.57456710301679	0.4254328969832099
0.3795795837000353	0.6204204162999647
0.7321801643095678	0.2678198356904322
0.501550183617697	0.49844981638230296
0.7817733139386587	0.2182266860613413
0.6598022314062402	0.3401977685937598
0.5961472501184836	0.4038527498815164
0.8153842292945349	0.18461577070546506
0.4022247974124107	0.5977752025875893
0.5998391775864906	0.4001608224135094
0.6364232572156693	0.3635767427843307
0.37317876913716475	0.6268212308628353
0.7550045213942778	0.24499547860572224
0.6152788694813337	0.3847211305186663
0.575361855927749	0.424638144072251
0.8022637667043013	0.19773623329569873
0.643408568031048	0.3565914319689521
0.4312126504446482	0.5687873495553518
0.6192455471549386	0.3807544528450614
0.04441982530491739	0.9555801746950826
0.08312178285691474	0.9168782171430853
0.5010992790982554	0.4989007209017447
0.04938446791877116	0.9506155320812288
0.10073491060540529	0.8992650893945947
0.6668263812083787	0.33317361879162133
0.5870737042268099	0.41292629577319
0.15358522654005924	0.8464147734599408
0.45092898277842275	0.5490710172215773
0.41874952573897073	0.5812504742610293
0.7933635678220309	0.20663643217796915
0.7973397020102337	0.20266029798976623
0.4069701515730073	0.5930298484269927
0.27638180903964815	0.7236181909603518
0.7798623507086379	0.22013764929136215
0.9331351189002315	0.06686488109976851
0.6171596528864969	0.3828403471135032
0.5224298895047514	0.47757011049524856
0.19914223690100374	0.8008577630989963
0.3980577589775651	0.6019422410224349
0.5845765137309977	0.4154234862690022
0.16503541419478784	0.8349645858052122
0.718765731162871	0.28123426883712904
0.6101548251882167	0.38984517481178327
0.8054130569457646	0.19458694305423538
0.7889943475484539	0.21100565245154612
0.5067532365028543	0.4932467634971457
0.80222881730335	0.19777118269664992
0.5637627564780556	0.43623724352194443
0.6207008268222924	0.37929917317770756
0.3524186997230808	0.6475813002769192
0.7547576524017676	0.24524234759823244
0.656942317753527	0.343057682246473
0.20522098406237022	0.7947790159376298
0.5007015055953152	0.4992984944046848
0.2716570018951676	0.7283429981048324
0.19623684162889954	0.8037631583711005
0.7309483992794173	0.26905160072058265
0.6058586674174777	0.39414133258252226
0.1380123414728306	0.8619876585271694
0.8097995489236751	0.19020045107632483
0.6231979671116703	0.3768020328883297
0.09894563394451328	0.9010543660554867
0.6085694566798949	0.391430543320105
0.6224585083550198	0.3775414916449802
0.6216567691667294	0.37834323083327054
0.6229064017362376	0.3770935982637625
0.8618126808669382	0.13818731913306181
0.7625506886383906	0.23744931136160946
0.685942931250116	0.31405706874988404
0.25321015537042124	0.7467898446295788
0.39343943240900514	0.6065605675909949
0.6208923933495348	0.37910760665046517
0.5726588679949374	0.4273411320050627
0.7403118559494577	0.25968814405054236
0.7199090526293375	0.2800909473706625
0.668881468735181	0.3311185312648191
0.08882548904255838	0.9111745109574416
0.7282793118311766	0.2717206881688234
0.7618950580859929	0.23810494191400713
0.6141939863306252	0.3858060136693748
0.04831884472528669	0.9516811552747133
0.6591504840696287	0.3408495159303712
0.7632717099655236	0.23672829003447637
0.4143111970944877	0.5856888029055123
0.7014004661441728	0.29859953385582716
0.6008841052220737	0.3991158947779263
0.6255465512061784	0.3744534487938216
0.5606158709719968	0.4393841290280031
0.5969628666339344	0.40303713336606556
0.6266921729982391	0.3733078270017609
0.8624794676779097	0.13752053232209022
0.05508392204141599	0.944916077958584
0.34574666640204355	0.6542533335979565
0.48550634592795183	0.5144936540720482
0.6694170911077189	0.3305829088922812
0.4553510952134604	0.5446489047865396
0.8658176080578457	0.13418239194215437
0.7849891529553794	0.21501084704462062
0.6416758526248211	0.3583241473751789
0.6908861598153992	0.30911384018460075
0.39382280857986784	0.6061771914201322
0.5276448008152217	0.47235519918477836
0.5836957961945193	0.4163042038054808
0.6429417889507225	0.35705821104927754
0.6393421453668179	0.3606578546331821
0.5843161151999772	0.4156838848000228
0.4311530103033153	0.5688469896966847
0.7692033087160477	0.23079669128395233
0.3604406562259934	0.6395593437740066
0.5681166469723786	0.4318833530276214
0.6372054201502246	0.3627945798497754
0.1569184525864431	0.8430815474135569
0.21355275098764004	0.78644724901236
0.5895021102469749	0.41049788975302515
0.693873600464916	0.306126399535084
0.09531094004174467	0.9046890599582553
0.2599998862364563	0.7400001137635437
0.7718059468220066	0.22819405317799335
0.7902318983545042	0.20976810164549572
0.38032732913072065	0.6196726708692794
0.5544292126075837	0.4455707873924163
0.7109335445108993	0.28906645548910065
0.39429579354192923	0.6057042064580708
0.04597397379494006	0.9540260262050599
0.7179814131444239	0.2820185868555761
0.10791346338354513	0.8920865366164549
0.3498247589977479	0.6501752410022521
0.5992017562770315	0.4007982437229684
0.11767984400336795	0.882320155996632
0.6299489335263441	0.37005106647365593
0.9250953922271988	0.07490460777280118
0.6290075396373614	0.37099246036263855
0.4858517460736296	0.5141482539263704
0.7802318638026151	0.21976813619738494
0.8346858069940074	0.16531419300599262
0.21909641630603172	0.7809035836939683
0.7580798057626293	0.24192019423737063
0.7618676744360036	0.2381323255639965
0.598963207773828	0.4010367922261719
0.2624478682144349	0.7375521317855651
0.5248381297165938	0.47516187028340623
0.37588422167086	0.62411577832914
0.4081718865503289	0.5918281134496711
0.5603225998774453	0.4396774001225547
0.25296304182457385	0.7470369581754261
0.2711284032052036	0.7288715967947964
0.3016675214271122	0.6983324785728878
0.21577937354660937	0.7842206264533906
0.732428517774748	0.267571482225252
0.6427703975457485	0.3572296024542515
0.5266783099823921	0.47332169001760793
0.4186361881734546	0.5813638118265454
0.464944329577363	0.535055670422637
0.7045646390494043	0.29543536095059575
0.8088016561539761	0.19119834384602388
0.6506645976889289	0.349335402311071
0.6892173676102777	0.31078263238972226
0.6749209518371895	0.3250790481628106
0.718442638058244	0.281557361941756
0.8846892848095815	0.11531071519041847
0.8675200084245825	0.13247999157541748
0.5742358279563791	0.42576417204362094
0.39546488682151315	0.6045351131784868
0.5950717839210252	0.4049282160789748
0.24583538729935372	0.7541646127006463
0.7248061904927892	0.2751938095072108
0.5786952580866789	0.42130474191332107
0.3663877842907025	0.6336122157092975
0.18475055443223276	0.8152494455677672
0.8132955115754052	0.18670448842459478
0.3086702351363584	0.6913297648636416
0.7211855855875147	0.2788144144124854
0.37521294784207837	0.6247870521579216
0.7699177034380662	0.23008229656193374
0.6439256663283499	0.35607433367165015
0.597141707193384	0.402858292806616
0.7838472189470314	0.2161527810529686
0.6641141345988525	0.3358858654011475
0.7506425974232399	0.2493574025767601
0.640276376747646	0.359723623252354
0.8119229351712032	0.18807706482879688
0.18790668572134284	0.8120933142786572
0.08832008584271323	0.9116799141572868
0.7200592567805466	0.27994074321945345
0.42986660234142804	0.570133397658572
0.718794609687606	0.281205390312394
0.27017667743264784	0.7298233225673522
0.6105293609965055	0.38947063900349455
0.008013341852606048	0.991986658147394
0.23910863844221542	0.7608913615577846
0.1539132586213504	0.8460867413786496
0.5794972004150487	0.4205027995849513
0.3756500541074378	0.6243499458925622
0.665274441092157	0.33472555890784295
0.5688349215707359	0.4311650784292641
0.7235349026939717	0.27646509730602836
0.7874227304126798	0.21257726958732015
0.055986293162254785	0.9440137068377452
0.6711933412511739	0.32880665874882614
0.05949066583746143	0.9405093341625386
0.359586342550703	0.640413657449297
0.45732238991037133	0.5426776100896287
0.022536717286768315	0.9774632827132317
0.7546649212656622	0.24533507873433782
0.604981168391332	0.39501883160866796
0.8098706600357012	0.1901293399642988
0.5493106371030206	0.45068936289697936
0.5981072697964336	0.4018927302035665
0.13158261980046992	0.8684173801995301
0.14517583515012733	0.8548241648498727
0.6688404428853194	0.33115955711468065
0.6272413130906964	0.37275868690930364
0.7447664622645862	0.25523353773541374
0.7783727394654074	0.22162726053459259
0.7981686292291048	0.20183137077089522
0.7765992212507811	0.22340077874921896
0.8335687266174145	0.16643127338258543
0.7782161526517173	0.22178384734828271
0.14186057316972467	0.8581394268302753
0.2172830214242828	0.7827169785757172
0.5762460813932273	0.42375391860677264
0.599076810291838	0.40092318970816204
0.49236330341424117	0.5076366965857588
0.7510400088720466	0.24895999112795344
0.5986193661555536	0.40138063384444644
0.5560144417463901	0.4439855582536099
0.3802821568840994	0.6197178431159006
0.5888831553416053	0.4111168446583947
0.6339524157046736	0.3660475842953263
0.5841539388091399	0.41584606119086015
0.04732458859077271	0.9526754114092273
0.11757664575148319	0.8824233542485168
0.3091214318196519	0.6908785681803481
0.6620362768838224	0.33796372311617756
0.7162708027315938	0.2837291972684062
0.6267154885370945	0.3732845114629055
0.08582654099506093	0.9141734590049391
0.449177495607173	0.550822504392827
0.8016604348971011	0.19833956510289882
0.20911457958335233	0.7908854204166477
0.7761180488815771	0.22388195111842296
0.6145837204219651	0.3854162795780349
0.7340530877103209	0.2659469122896791
0.7915666448914016	0.20843335510859837
0.23730764648872293	0.7626923535112771
0.6110289401830429	0.3889710598169571
0.21350784206567552	0.7864921579343245
0.5841906525483117	0.4158093474516883
0.4206487691941255	0.5793512308058745
0.2633765691083969	0.7366234308916031
0.5864938228769025	0.4135061771230975
0.3957079372204969	0.6042920627795031
0.6107184384770781	0.38928156152292187
0.48288095080828264	0.5171190491917174
0.9038863544366829	0.09611364556331713
0.567725082392184	0.43227491760781606
0.6231641738546065	0.3768358261453935
0.47993183671467365	0.5200681632853263
0.786067620222643	0.21393237977735705
0.6088257383279869	0.391174261672013
0.7859288002591727	0.21407119974082733
0.7634493618376113	0.2365506381623887
0.5517910125754666	0.44820898742453347
0.6746905770300061	0.3253094229699939
0.7552428632329335	0.24475713676706642
0.6103332073696	0.3896667926304001
0.0952719680792069	0.9047280319207931
0.24930856787661637	0.7506914321233836
0.7291931924779809	0.2708068075220192
0.5836995919483778	0.4163004080516222
0.7954428278186562	0.20455717218134384
0.8002564595548031	0.19974354044519696
0.5692489547657376	0.43075104523426244
0.3430124527504441	0.6569875472495559
0.4077289262237156	0.5922710737762844
0.677320184245185	0.322679815754815
0.2760578188779792	0.7239421811220208
0.4417082091247999	0.5582917908752001
0.6194176306435	0.3805823693565001
0.662959756582056	0.3370402434179441
0.717588417482838	0.28241158251716203
0.40853054015777857	0.5914694598422214
0.4214997603714645	0.5785002396285355
0.7895190826891889	0.2104809173108111
0.04524515907239646	0.9547548409276035
0.6324859217563787	0.36751407824362126
0.6435697525099151	0.3564302474900849
0.7538280657277054	0.24617193427229453
0.5985934866015535	0.40140651339844646
0.589126389801425	0.4108736101985751
0.6630248599209336	0.33697514007906637
0.6726695066307942	0.3273304933692059
0.2692278592915456	0.7307721407084544
0.5774621510494552	0.4225378489505448
0.6898358665466215	0.3101641334533784
0.7254265073729874	0.2745734926270126
0.5570367667636514	0.44296323323634856
0.5643503842145674	0.43564961578543265
0.5815235223427981	0.4184764776572018
0.43852940980800315	0.5614705901919969
0.4110701011682235	0.5889298988317765
0.5718317483979785	0.4281682516020216
0.6111628134836371	0.38883718651636284
0.3566396238317152	0.6433603761682848
0.5823671450199612	0.41763285498003877
0.20339708522383282	0.7966029147761672
0.6887926778358178	0.3112073221641823
0.050342384891036374	0.9496576151089636
0.4467295237218174	0.5532704762781826
0.12026236569800897	0.879737634301991
0.7630146540076892	0.23698534599231078
0.6331704546279251	0.36682954537207485
0.08604100298360107	0.9139589970163989
0.5842349634114117	0.4157650365885884
0.5742151233425754	0.42578487665742454
0.8407983131782657	0.15920168682173433
0.5278381581797108	0.4721618418202892
0.4553417228846315	0.5446582771153685
0.48919094786775597	0.510809052132244
0.18454705191622756	0.8154529480837724
0.6745005470298682	0.3254994529701318
0.5703642285279048	0.4296357714720952
0.7830621344910323	0.21693786550896765
0.7488598474265055	0.25114015257349454
0.7577858519480417	0.24221414805195832
0.5946706362353518	0.4053293637646482
0.39360058501983286	0.6063994149801671
0.6436734224027947	0.3563265775972053
0.24426752001845908	0.7557324799815409
0.08554232540894768	0.9144576745910523
0.7461489384071816	0.2538510615928184
0.5842372647587051	0.415762735241295
0.7412820059773506	0.25871799402264944
0.7928984357740402	0.2071015642259598
0.6363651776454904	0.36363482235450956
0.6060495254392164	0.39395047456078364
0.6083078250450616	0.39169217495493835
0.44834751434967357	0.5516524856503264
0.16028112837335662	0.8397188716266434
0.5951975254546958	0.40480247454530416
0.6352954852887673	0.36470451471123266
0.6232666697960647	0.37673333020393535
0.6212471919359619	0.37875280806403805
0.5047848880327965	0.4952151119672034
0.7956903364758235	0.20430966352417645
0.0849496941720913	0.9150503058279087
0.3554054811575207	0.6445945188424793
0.9486499160390734	0.0513500839609266
0.3965361360446238	0.6034638639553762
0.6269894155141547	0.37301058448584534
0.6172898422877345	0.38271015771226546
0.5221452021155817	0.47785479788441826
0.5532005879542873	0.4467994120457127
0.6193520178249718	0.3806479821750282
0.7959503306046876	0.2040496693953125
0.5996363177652773	0.4003636822347227
0.7259956330362156	0.27400436696378444
0.39585067485534076	0.6041493251446592
0.22167450159984514	0.7783254984001549
0.2440245727845185	0.7559754272154815
0.5819475819991031	0.41805241800089693
0.563697886646306	0.436302113353694
0.4437012344632365	0.5562987655367635
0.10373013648137863	0.8962698635186214
0.6839747705212526	0.31602522947874745
0.5968455556130596	0.4031544443869403
0.5808543148566399	0.4191456851433601
0.56966553785027	0.43033446214973003
0.6524687355652146	0.3475312644347854
0.6173176114188303	0.3826823885811696
0.1068228477772778	0.8931771522227222
0.4020089355688602	0.5979910644311398
0.8481493933984665	0.15185060660153354
0.8086718396547292	0.19132816034527073
0.5717793569904277	0.42822064300957224
0.6446574142261556	0.35534258577384437
0.7257219900766945	0.2742780099233055
0.6256755039293642	0.3743244960706358
0.8192458882205973	0.18075411177940276
0.7714042404261898	0.22859575957381015
0.6857093803183463	0.31429061968165367
0.44832175310735534	0.5516782468926447
0.5909591068382859	0.4090408931617141
0.14763330298990596	0.852366697010094
0.5987581997217549	0.4012418002782451
0.17737692849011166	0.8226230715098883
0.538718123197267	0.461281876802733
0.6403347558653807	0.35966524413461926
0.42208663065893337	0.5779133693410666
0.23388403359946963	0.7661159664005304
0.10057802536447824	0.8994219746355218
0.5276195130779261	0.4723804869220739
0.4572244650946353	0.5427755349053647
0.7643248808073061	0.2356751191926939
0.596953554644653	0.40304644535534695
0.36158625453740034	0.6384137454625997
0.7282822915227114	0.27171770847728866
0.04892041484983345	0.9510795851501666
0.3161669659640126	0.6838330340359874
0.6286140009933583	0.3713859990066417
0.5839466706498883	0.41605332935011174
0.57889762470968	0.42110237529032
0.6759655048951858	0.32403449510481425
0.8117567269535038	0.18824327304649627
0.6271996840122853	0.3728003159877147
0.8980967904694939	0.10190320953050608
0.31959795002368585	0.6804020499763141
0.3787831875712825	0.6212168124287175
0.8628012690789049	0.1371987309210951
0.5864320322121882	0.4135679677878118
0.5923958264807019	0.4076041735192982
0.6711427758887564	0.32885722411124363
0.6323167108198835	0.36768328918011656
0.6404111215032975	0.35958887849670257
0.6876256570391837	0.31237434296081634
0.5809222267130711	0.4190777732869288
0.6323082810165344	0.3676917189834656
0.5702349521378227	0.42976504786217734
0.5617338517456529	0.43826614825434707
0.6524596655079917	0.34754033449200833
0.49415958597107723	0.5058404140289228
0.6988969401421681	0.301103059857832
0.6875181609116765	0.3124818390883235
0.34789260369378394	0.6521073963062161
0.6625725263790422	0.3374274736209578
0.5711167112936644	0.4288832887063356
0.611327554346337	0.38867244565366305
0.606037998515248	0.3939620014847521
0.5953471929094909	0.4046528070905091
0.9331129009169371	0.06688709908306288
0.40165811950619024	0.5983418804938098
0.6035413792835476	0.3964586207164525
0.6232884390829307	0.3767115609170692
0.8451030478693	0.15489695213069998
0.6211346337861151	0.3788653662138849
0.6102066968684686	0.3897933031315314
0.2035298948301285	0.7964701051698715
0.6177453894095064	0.3822546105904936
0.39657608905371666	0.6034239109462833
0.5713254042362099	0.42867459576379013
0.7690623024539707	0.23093769754602936
0.1957266184000731	0.8042733815999269
0.4043713498643541	0.5956286501356459
0.3401138294579037	0.6598861705420963
0.2044431159553417	0.7955568840446583
0.0870946816142818	0.9129053183857182
0.5707862437854918	0.4292137562145082
0.5990295052446024	0.40097049475539764
0.5793299395274072	0.42067006047259287
0.05518168085244679	0.9448183191475532
0.6188111000717473	0.3811888999282527
0.5011136531244507	0.4988863468755493
0.5697202066392968	0.4302797933607032
0.6559123966052192	0.34408760339478084
0.553424432737623	0.44657556726237696
0.25860231079043383	0.7413976892095662
0.40526136932970214	0.5947386306702979
0.6053957682528109	0.39460423174718906
0.5638626127469528	0.43613738725304724
0.6785927872668847	0.3214072127331153
0.6302084552425494	0.3697915447574506
0.7639213309879309	0.23607866901206914
0.09938921975705017	0.9006107802429498
0.21341077579234047	0.7865892242076595
0.8053290388404943	0.1946709611595056
0.5538490660215599	0.4461509339784401
0.616924005010087	0.3830759949899129
0.598179530755121	0.40182046924487896
0.8341039335179391	0.16589606648206093
0.9014969436886366	0.0985030563113634
0.36836026882224704	0.631639731177753
0.632290161690902	0.36770983830909804
0.6571898747021634	0.34281012529783667
0.09972379398262865	0.9002762060173713
0.5940314026642723	0.40596859733572765
0.7505137102390188	0.2494862897609812
0.4411136691511601	0.5588863308488399
0.5308601024135728	0.4691398975864271
0.8204257743768156	0.17957422562318437
0.22748290628411227	0.7725170937158877
0.6313491276336722	0.36865087236632776
0.5409321211694065	0.45906787883059347
0.750172188231407	0.24982781176859303
0.7380658770199849	0.26193412298001506
0.5953213850447288	0.40467861495527124
0.5753021931586509	0.42469780684134906
0.723864281094053	0.27613571890594696
0.846231267884647	0.15376873211535305
0.7754555964560401	0.22454440354395988
0.6490103945676741	0.35098960543232594
0.41767197542340473	0.5823280245765953
0.1400937922961094	0.8599062077038906
0.3622257125511402	0.6377742874488598
0.6249824284023442	0.37501757159765575
0.2498050931797483	0.7501949068202517
0.7020049475016351	0.2979950524983649
0.393517119188477	0.606482880811523
0.41113843283774865	0.5888615671622514
0.18433389447658322	0.8156661055234168
0.08640001845929768	0.9135999815407023
0.6674968115006891	0.33250318849931093
0.6731703814050614	0.32682961859493864
0.5845271713489579	0.4154728286510421
0.7541840173104282	0.24581598268957178
0.6316846669040668	0.36831533309593323
0.24966704695202824	0.7503329530479718
0.5827591150878906	0.41724088491210937
0.6422903061880862	0.35770969381191375
0.5824278408637134	0.41757215913628665
0.6453268762368678	0.3546731237631322
0.5912830389132357	0.40871696108676425
0.6049916158187729	0.3950083841812271
0.24616169664793885	0.7538383033520611
0.19617950988440358	0.8038204901155964
0.6957357029345232	0.30426429706547675
0.10851192901742934	0.8914880709825707
0.3698398999871725	0.6301601000128275
0.10321507411335706	0.8967849258866429
0.09241890855500023	0.9075810914449998
0.6257925694136575	0.3742074305863425
0.6926492908508733	0.30735070914912666
0.5753456736638158	0.4246543263361841
0.6174734667185531	0.3825265332814469
0.2255155886596476	0.7744844113403524
0.6601221018806105	0.33987789811938957
0.5700532008270773	0.4299467991729227
0.7950668688962179	0.20493313110378214
0.37052109097455643	0.6294789090254436
0.2808767678738877	0.7191232321261123
0.6163679850481151	0.3836320149518849
0.6235306249378778	0.37646937506212225
0.5899441488410386	0.4100558511589614
0.7909565327258887	0.20904346727411133
0.7761993262384129	0.22380067376158705
0.41101091053837113	0.5889890894616289
0.3906691784753267	0.6093308215246733
0.09394168267025094	0.9060583173297491
0.6648031449599668	0.33519685504003316
0.7853937466649934	0.21460625333500657
0.23730530058090116	0.7626946994190988
0.574098751162043	0.42590124883795694
0.21242763854423885	0.7875723614557611
0.39943106390914074	0.6005689360908593
0.15427590227750498	0.845724097722495
0.20953032489920487	0.7904696751007951
0.9120609579170902	0.08793904208290983
0.653137150751852	0.346862849248148
0.6136097757166219	0.38639022428337816
0.7992765703646065	0.20072342963539344
0.2033905172230861	0.7966094827769139
0.42109988265427223	0.5789001173457278
0.23141643649639154	0.7685835635036085
0.04623342412377618	0.9537665758762238
0.2646889995834696	0.7353110004165304
0.6732686341812818	0.3267313658187182
0.09652961854614284	0.9034703814538572
0.27727711824836376	0.7227228817516362
0.3874598532184482	0.6125401467815518
0.7676076049368964	0.2323923950631036
0.03925670079118304	0.960743299208817
0.1804007890607391	0.8195992109392609
0.4393023002785882	0.5606976997214118
0.7342755400365468	0.2657244599634531
0.05562360703911562	0.9443763929608844
0.6698040422586171	0.3301959577413829
0.1694980391257236	0.8305019608742764
0.5335815187445164	0.4664184812554836
0.8617312401987902	0.13826875980120976
0.6492274343484574	0.35077256565154263
0.4134623539223582	0.5865376460776418
0.8461463782145876	0.15385362178541243
0.6036864372731314	0.3963135627268686
0.7119308592600098	0.28806914073999024
0.7916544795599568	0.20834552044004317
0.6261534931292991	0.37384650687070087
0.746182401129154	0.25381759887084593
0.7569057235514037	0.24309427644859624
0.6594124303413033	0.34058756965869674
0.5909904290326178	0.4090095709673823
0.6013660834464791	0.3986339165535209
0.4600778259641918	0.5399221740358082
0.5735191562388655	0.4264808437611345
0.7709417239339713	0.2290582760660287
0.7935356081270939	0.20646439187290605
0.03971085403676344	0.9602891459632366
0.0595014142854855	0.9404985857145145
0.5727375623145531	0.4272624376854469
0.21265108151878453	0.7873489184812155
0.6241841220667613	0.3758158779332387
0.7735917753519472	0.2264082246480527
0.8600236562396142	0.13997634376038576
0.12215359614050336	0.8778464038594966
0.3745672077400637	0.6254327922599363
0.14251607525881327	0.8574839247411867
0.7358017076865904	0.26419829231340963
0.5826823071531456	0.4173176928468544
0.6613403688423756	0.3386596311576244
0.44303680360469866	0.5569631963953013
0.3594052854884985	0.6405947145115015
0.731943582187464	0.268056417812536
0.6618543435558103	0.3381456564441897
0.7724390071424831	0.22756099285751685
0.18660516351897194	0.8133948364810281
0.5675464466663318	0.43245355333366825
0.7823722218311036	0.2176277781688965
0.911408096452861	0.08859190354713896
0.6098565014971177	0.3901434985028823
0.3077231307196342	0.6922768692803658
0.7621178884018798	0.2378821115981202
0.48965018339292865	0.5103498166070713
0.6015687840825492	0.3984312159174508
0.6591179649743055	0.3408820350256945
0.7694321014993141	0.23056789850068596
0.9622530313266208	0.03774696867337926
0.1084526680184349	0.8915473319815651
0.8307218350602237	0.1692781649397763
0.5860317966132889	0.4139682033867111
0.7402751111736703	0.25972488882632977
0.6284460543342361	0.3715539456657639
0.6467829512013894	0.35321704879861054
0.5968509466695251	0.4031490533304749
0.41173809175954856	0.5882619082404514
0.6645498777408667	0.33545012225913323
0.6110622205093803	0.3889377794906197
0.8192830913614073	0.18071690863859266
0.4114129656719939	0.5885870343280061
0.583009732130187	0.41699026786981297
0.4790545089958502	0.5209454910041498
0.6665138602561955	0.33348613974380453
0.7547793478857402	0.24522065211425983
0.7117174707111819	0.28828252928881815
0.3762618316706293	0.6237381683293707
0.6227066492405864	0.3772933507594136
0.13659685488958606	0.8634031451104139
0.6060983800190616	0.3939016199809384
0.39759874599880307	0.6024012540011969
0.6645827059700473	0.3354172940299527
0.4078358467456048	0.5921641532543952
0.4611698321700074	0.5388301678299926
0.9097730389137257	0.09022696108627425
0.58977458502347	0.41022541497653
0.4733121064423105	0.5266878935576895
0.2212236312627731	0.7787763687372269
0.7001153689935925	0.2998846310064075
0.8530468352193928	0.1469531647806072
0.7683364434194361	0.2316635565805639
0.5968285796190655	0.4031714203809344
0.4960369405006132	0.5039630594993868
0.6974266564131542	0.30257334358684584
0.7658138673336476	0.23418613266635235
0.7907441575166082	0.20925584248339177
0.39408793801243003	0.60591206198757
0.7947984619862485	0.2052015380137515
0.3537911439822382	0.6462088560177618
0.7628216847479624	0.23717831525203756
0.565459721817537	0.434540278182463
0.3932092325765284	0.6067907674234716
0.7907387403047865	0.20926125969521353
0.7823221858163569	0.21767781418364307
0.008556624732223184	0.9914433752677768
0.7175999402017925	0.2824000597982075
0.6316425128668963	0.36835748713310373
0.61345972149213	0.38654027850787
0.20385037316707655	0.7961496268329235
0.6302474285428368	0.36975257145716317
0.6348264224701737	0.36517357752982627
0.6427636525474121	0.357236347452588
0.7927620545228693	0.20723794547713073
0.11316726575913982	0.8868327342408602
0.7637964760201769	0.23620352397982317
0.5934614104687048	0.4065385895312952
0.6379659312882173	0.3620340687117827
0.39534826362309095	0.604651736376909
0.639900460878033	0.360099539121967
0.5884111020185208	0.41158889798147924
0.6679562500021461	0.33204374999785385
0.6055854219505019	0.39441457804949814
0.6469533752063397	0.35304662479366034
0.2195819824967642	0.7804180175032358
0.8693054516597334	0.13069454834026656
0.6234173124410936	0.3765826875589064
0.63073646674942	0.36926353325058
0.18432011135946025	0.8156798886405398
0.7296473442440179	0.2703526557559821
0.6628928867678431	0.3371071132321569
0.2963245713567034	0.7036754286432966
0.5769173641179743	0.4230826358820257
0.98354152652868	0.01645847347132003
0.5686421072897115	0.43135789271028846
0.6441517657099045	0.35584823429009554
0.6874859541983769	0.31251404580162306
0.21145065253662632	0.7885493474633737
0.2480237815317371	0.7519762184682629
0.040686193178748775	0.9593138068212512
0.4272968697816991	0.5727031302183009
0.7274919307383454	0.27250806926165466
0.49742112797050886	0.5025788720294911
0.6670494317175536	0.3329505682824464
0.09416283545868331	0.9058371645413167
0.6485094818147911	0.35149051818520893
0.1981079681555219	0.8018920318444781
0.5695836085752893	0.43041639142471066
0.6218900654760884	0.3781099345239117
0.494480708355705	0.505519291644295
0.13680817818431423	0.8631918218156858
0.7444850757131249	0.25551492428687506
0.732577315291734	0.267422684708266
0.6027035810593511	0.3972964189406489
0.5350223100947722	0.4649776899052278
0.4440081745248675	0.5559918254751325
0.6294023491926304	0.3705976508073696
0.042092667929250926	0.9579073320707491
0.1304779444754648	0.8695220555245352
0.6953216552943408	0.30467834470565924
0.6943836692218301	0.30561633077816985
0.12227971650385827	0.8777202834961417
0.35413915690245557	0.6458608430975444
0.609798818018378	0.39020118198162196
0.43739647661740266	0.5626035233825973
0.5931144471944902	0.40688555280550975
0.8142364287534916	0.1857635712465085
0.2170406824031056	0.7829593175968944
0.2412808867692201	0.7587191132307799
0.6255206896790504	0.37447931032094955
0.7612805388165083	0.2387194611834918
0.47238821085943306	0.527611789140567
0.21616715323117253	0.7838328467688275
0.19038679575129802	0.809613204248702
0.6227859841946368	0.37721401580536323
0.44028988603793917	0.5597101139620608
0.10877122400779105	0.891228775992209
0.5945369036575301	0.40546309634246985
0.10092261337912578	0.8990773866208742
0.2093922769543416	0.7906077230456584
0.6339920422992122	0.3660079577007877
0.7458248123996831	0.2541751876003169
0.09618692914986315	0.9038130708501368
0.22657126725031707	0.7734287327496829
0.754173975322441	0.24582602467755899
0.40168705365970225	0.5983129463402977
0.7515699019636486	0.2484300980363514
0.24616380540518346	0.7538361945948165
0.6773313564441571	0.3226686435558429
0.6131568592306701	0.3868431407693299
0.6066285139975212	0.39337148600247884
0.6127440302135155	0.38725596978648447
0.626466064396211	0.37353393560378906
0.6784651354085149	0.321534864591485
0.7909797448981993	0.20902025510180067
0.15692943736455334	0.8430705626354467
0.8228064353882364	0.17719356461176364
0.8197883957806105	0.18021160421938956
0.7149777237916524	0.2850222762083476
0.8410933608933746	0.15890663910662545
0.5608697473995086	0.4391302526004915
0.4221936465591609	0.5778063534408391
0.9592733723931577	0.04072662760684235
0.039070801521307374	0.9609291984786926
0.32624304987897723	0.6737569501210228
0.5670717122729935	0.43292828772700653
0.6327980620224399	0.36720193797756007
0.04511997169239601	0.954880028307604
0.22192554372435025	0.7780744562756498
0.5937315768198048	0.40626842318019524
0.5759572870309848	0.42404271296901513
0.3666029524839698	0.6333970475160302
0.458181093796454	0.541818906203546
0.6144984307060773	0.38550156929392265
0.4662203354273289	0.5337796645726711
0.15549920783573212	0.8445007921642679
0.5729060376360244	0.4270939623639756
0.6985375984622773	0.3014624015377227
0.8208148226926312	0.1791851773073688
0.7587593211086622	0.24124067889133785
0.8476932643467882	0.15230673565321182
0.603331443084032	0.396668556915968
0.11716296467157927	0.8828370353284207
0.32623390243647477	0.6737660975635252
0.7596750937516097	0.2403249062483903
0.6596663926024005	0.3403336073975996
0.6954581743931214	0.30454182560687854
0.6023457613505483	0.39765423864945165
0.8090885353303111	0.1909114646696889
0.833154515229686	0.16684548477031408
0.5910561340776705	0.4089438659223294
0.058145506478128106	0.9418544935218719
0.7620402818336427	0.2379597181663573
0.7581541299350675	0.2418458700649325
0.4388914030513975	0.5611085969486025
0.3152342342219364	0.6847657657780636
0.638844871661346	0.3611551283386541
0.5885446408501901	0.4114553591498099
0.09393692074547877	0.9060630792545212
0.3854349197143463	0.6145650802856537
0.5885912365971564	0.41140876340284355
0.7822821074028421	0.21771789259715793
0.2484480032429116	0.7515519967570884
0.5948043782177104	0.40519562178228963
0.6029534730516939	0.39704652694830617
0.7612540227351752	0.23874597726482477
0.4758838530750814	0.5241161469249186
0.007373627627748625	0.9926263723722514
0.5717486505005456	0.4282513494994545
0.41210354227781465	0.5878964577221854
0.08562223009454784	0.9143777699054522
0.17480393770058822	0.8251960622994118
0.3034102442517893	0.6965897557482107
0.7351710977375913	0.26482890226240874
0.10672176190612781	0.8932782380938722
0.8134128647149697	0.18658713528503035
0.03685908016022055	0.9631409198397795
0.5844580272708332	0.4155419727291668
0.6684450907568316	0.33155490924316844
0.5868379083828033	0.41316209161719675
0.7934071067726962	0.20659289322730376
0.9465810857825543	0.05341891421744568
0.18345168951522473	0.8165483104847753
0.8600120502691897	0.13998794973081033
0.7009106658454131	0.29908933415458694
0.17683684594363147	0.8231631540563685
0.6367140198559873	0.3632859801440127
0.665932420828576	0.33406757917142405
0.6092915292512899	0.39070847074871
0.12484518806521372	0.8751548119347863
0.781369428673184	0.21863057132681593
0.776036578487815	0.22396342151218493
0.7908975692260647	0.20910243077393526
0.9311768857363348	0.06882311426366518
0.5782813342602675	0.42171866573973243
0.5676980860975704	0.4323019139024296
0.09557533719590727	0.9044246628040927
0.6013603826030164	0.3986396173969836
0.672731534296733	0.32726846570326695
0.557558365276146	0.44244163472385406
0.21517550091411208	0.7848244990858879
0.7657192619911916	0.23428073800880841
0.7989078746279085	0.20109212537209153
0.591950884958773	0.408049115041227
0.5606639772649954	0.4393360227350046
0.05777344514394178	0.9422265548560582
0.6265871833485355	0.3734128166514646
0.016018721276958692	0.9839812787230413
0.24688478469342978	0.7531152153065702
0.5988262312608053	0.4011737687391948
0.635224380766267	0.364775619233733
0.6691461362360639	0.3308538637639361
0.39484890831941966	0.6051510916805803
0.586693680865502	0.413306319134498
0.2591101384638036	0.7408898615361964
0.34633527468751113	0.6536647253124889
0.6297076193869826	0.3702923806130174
0.4772958154650251	0.5227041845349749
0.19843134217843295	0.801568657821567
0.6316216299492521	0.3683783700507479
0.47014225735834736	0.5298577426416526
0.243758834169447	0.756241165830553
0.3421666624800387	0.6578333375199613
0.7249925355838192	0.27500746441618085
0.019776038663857465	0.9802239613361425
0.08798461144556491	0.9120153885544351
0.7545926285430846	0.24540737145691538
0.6027103169046832	0.3972896830953167
0.009483150637163984	0.990516849362836
0.8112111967169612	0.18878880328303885
0.7716427320797055	0.22835726792029448
0.7621592392701182	0.23784076072988175
0.5799051145948174	0.4200948854051826
0.6659366577826517	0.33406334221734835
0.5956197295504664	0.4043802704495336
0.6532958330170301	0.3467041669829699
0.6348633175728216	0.3651366824271785
0.55699304281446	0.4430069571855399
0.6282068716970846	0.37179312830291544
0.7429607479464369	0.2570392520535632
0.6275462913784168	0.3724537086215832
0.48463524703158334	0.5153647529684167
0.6125919133337954	0.38740808666620463
0.17665039441304464	0.8233496055869554
0.16226847934870237	0.8377315206512976
0.6123484855338355	0.3876515144661645
0.7226717537382679	0.2773282462617321
0.09625147551396307	0.9037485244860369
0.12281604394890833	0.8771839560510917
0.1183803105014346	0.8816196894985654
0.22921082045717234	0.7707891795428277
0.6236418025581654	0.3763581974418347
0.390746754538278	0.609253245461722
0.22275220927355366	0.7772477907264463
0.5780109983572056	0.4219890016427944
0.7793566229922239	0.22064337700777614
0.3434293268591053	0.6565706731408947
0.6787588043866348	0.32124119561336517
0.1236025738209735	0.8763974261790265
0.5753139889340615	0.42468601106593845
0.6689586234338984	0.33104137656610155
0.6358066213649213	0.3641933786350787
0.619539070873602	0.38046092912639795
0.354931272241794	0.645068727758206
0.08486767519975258	0.9151323248002474
0.5920689208104182	0.4079310791895818
0.6070816652489475	0.3929183347510526
0.1096244957447885	0.8903755042552115
0.7623536018085705	0.23764639819142955
0.5636334876498594	0.4363665123501406
0.4833861447540224	0.5166138552459776
0.5018229333541318	0.4981770666458682
0.5105643152694281	0.4894356847305719
0.6780387205232064	0.32196127947679365
0.38841482367657965	0.6115851763234204
0.6359219895155797	0.36407801048442034
0.37008470917498415	0.6299152908250159
0.3853519374328769	0.6146480625671231
0.6631135148168683	0.33688648518313163
0.35578139018580723	0.6442186098141928
0.7215368979819272	0.27846310201807273
0.6009387109284126	0.3990612890715874
0.4011406292481252	0.5988593707518748
0.22126862828811367	0.7787313717118863
0.36326762106655164	0.6367323789334484
0.7610621623217488	0.2389378376782512
0.37331842921547864	0.6266815707845214
0.898557848811759	0.10144215118824099
0.6589398156192439	0.3410601843807561
0.8451252521350955	0.15487474786490454
0.8892594790635432	0.11074052093645684
0.08805762101432846	0.9119423789856715
0.8687329246940654	0.13126707530593465
0.7803382765023672	0.21966172349763274
0.2005633125392029	0.7994366874607971
0.2964775045218029	0.7035224954781971
0.6008342819779481	0.3991657180220519
0.7657416962550514	0.23425830374494858
0.7618031752026742	0.23819682479732587
0.4212377129074304	0.5787622870925696
0.09386176088359488	0.9061382391164051
0.5773594906277004	0.42264050937229963
0.6102177792178634	0.38978222078213665
0.8439636738038404	0.15603632619615962
0.6472674194538841	0.35273258054611584
0.6502214631446892	0.34977853685531074
0.6081434165823094	0.3918565834176906
0.6817033421256818	0.31829665787431816
0.8847427251717903	0.1152572748282097
0.24148635820695918	0.7585136417930408
0.8026337239421312	0.19736627605786886
0.09493288759184715	0.9050671124081529
0.5908707007870104	0.4091292992129896
0.629252183013292	0.37074781698670795
0.6583519599681851	0.341648040031815
0.7740035825075012	0.22599641749249874
0.3704614368601403	0.6295385631398597
0.5460790551756367	0.45392094482436324
0.7673377384710882	0.23266226152891173
0.10605890758980796	0.893941092410192
0.8438269826969601	0.15617301730303987
0.5907829229140048	0.4092170770859952
0.6977240048074292	0.30227599519257076
0.5449292569180986	0.45507074308190143
0.5827710835460744	0.4172289164539256
0.7836149216385133	0.21638507836148663
0.49338749028202944	0.5066125097179706
0.7880563929944753	0.2119436070055247
0.6067093540250751	0.3932906459749249
0.8439732527178753	0.15602674728212476
0.7445933636911763	0.2554066363088236
0.7791594775135782	0.2208405224864218
0.6201927653232635	0.37980723467673655
0.62455210524825	0.37544789475175
0.01764518024931283	0.9823548197506872
0.7485060895801252	0.2514939104198748
0.6310473701702868	0.3689526298297133
0.7932153445467686	0.20678465545323144
0.5736069535331043	0.4263930464668957
0.6205225785359396	0.3794774214640604
0.6365544008942663	0.3634455991057337
0.36862106669405237	0.6313789333059476
0.6528618583572474	0.34713814164275264
0.6561852188344164	0.34381478116558367
0.5644948023831418	0.43550519761685824
0.630977932536776	0.36902206746322397
0.06091464046635697	0.939085359533643
0.09779157187859178	0.9022084281214082
0.7659680891802201	0.23403191081977998
0.21104294907966614	0.7889570509203339
0.4393895918922808	0.5606104081077192
0.4498180340405338	0.5501819659594662
0.21858207505715632	0.7814179249428437
0.5843443569181392	0.4156556430818608
0.26821098111355635	0.7317890188864437
0.8344245416713685	0.16557545832863152
0.7911371644085815	0.20886283559141852
0.026664995962621285	0.9733350040373787
0.5724629863982613	0.42753701360173874
0.6703696732996792	0.3296303267003208
0.6099985498834791	0.3900014501165209
0.44404315817303297	0.555956841826967
0.6108967706072844	0.3891032293927156
0.76406557309779	0.23593442690220998
0.48177613459860447	0.5182238654013955
0.7946202367984616	0.2053797632015384
0.7651655540675798	0.2348344459324202
0.74387375356966	0.25612624643034
0.6287686833420971	0.3712313166579028
0.5820066772600168	0.4179933227399833
0.10889023501238693	0.8911097649876131
0.8511884048632461	0.14881159513675385
0.7704151990060741	0.2295848009939258
0.3942851502210085	0.6057148497789915
0.5777656190609657	0.42223438093903437
0.9329811328895277	0.06701886711047232
0.42147594775590336	0.5785240522440966
0.5929988403672184	0.40700115963278166
0.8930004163558508	0.10699958364414923
0.056420549859256375	0.9435794501407436
0.5887761628748678	0.4112238371251322
0.2147231789324623	0.7852768210675377
0.4375082102947383	0.5624917897052617
0.6454961713799416	0.3545038286200583
0.17903860226935064	0.8209613977306494
0.7366219975424053	0.26337800245759463
0.788541384834843	0.211458615165157
0.7433654045135316	0.25663459548646844
0.6194459622175241	0.38055403778247593
0.6438179798550898	0.3561820201449102
0.3976683688778454	0.6023316311221546
0.6658109832817127	0.3341890167182872
0.7029299152529151	0.2970700847470848
0.6231651878067097	0.37683481219329024
0.8558277528175833	0.14417224718241667
0.6037499673041531	0.39625003269584685
0.051197785415747155	0.9488022145842528
0.5794015757782556	0.4205984242217444
0.5822419644479586	0.41775803555204144
0.747305709541499	0.25269429045850095
0.2271330936049667	0.7728669063950333
0.6030591162539586	0.3969408837460414
0.5654633518587096	0.4345366481412904
0.2351245064536961	0.7648754935463039
0.6376396160131401	0.36236038398685994
0.5660574026624375	0.43394259733756246
0.8157408249916942	0.18425917500830583
0.6662930003799172	0.33370699962008277
0.3769417918981499	0.6230582081018501
0.46882271361343786	0.5311772863865621
0.7873301876774449	0.21266981232255514
0.5606561274483444	0.4393438725516557
0.5871590503997923	0.41284094960020773
0.8592928050073166	0.1407071949926834
0.36802131718213815	0.6319786828178618
0.5599023250750379	0.44009767492496216
0.4236349065058026	0.5763650934941974
0.8928920487230136	0.10710795127698641
0.6330379763970346	0.3669620236029653
0.6386212446800208	0.36137875531997915
0.751388549687867	0.24861145031213303
0.5871442920672691	0.4128557079327308
0.33904561856190596	0.660954381438094
0.5796105859410955	0.4203894140589045
0.6605563419089031	0.33944365809109694
0.7621567085232162	0.23784329147678385
0.7692249271855178	0.23077507281448212
0.8045003800103285	0.19549961998967152
0.6030550716377163	0.3969449283622837
0.380642478730444	0.619357521269556
0.6164948219321922	0.3835051780678078
0.8026740030671542	0.19732599693284586
0.8171131785972628	0.18288682140273715
0.3560521262030758	0.6439478737969242
0.840432666485883	0.15956733351411703
0.3914350717206899	0.6085649282793101
0.5941503665606136	0.4058496334393864
0.23493873432644008	0.7650612656735599
0.6254830735145587	0.3745169264854414
0.266031416302442	0.733968583697558
0.377464969158986	0.622535030841014
0.05583710968583866	0.9441628903141613
0.4451242103699722	0.5548757896300278
0.43892788078600764	0.5610721192139924
0.7881180785402161	0.2118819214597839
0.5900111033051938	0.40998889669480626
0.5754145383730493	0.42458546162695066
0.6480390352482976	0.3519609647517023
0.1862629760948361	0.8137370239051639
0.1872722896818655	0.8127277103181345
0.6427438361317928	0.35725616386820724
0.369460670033268	0.630539329966732
0.7990734413159728	0.20092655868402717
0.7357032961870982	0.2642967038129019
0.7148962535360854	0.2851037464639146
0.6877904808883679	0.3122095191116321
0.6027132258492232	0.39728677415077684
0.17728303643761956	0.8227169635623804
0.32527687898863555	0.6747231210113644
0.824747008643741	0.17525299135625905
0.49234053436647185	0.5076594656335282
0.22716725804962956	0.7728327419503704
0.7909943194133626	0.20900568058663735
0.2624583350772344	0.7375416649227656
0.5882609994242229	0.411739000575777
0.04251985409908787	0.9574801459009121
0.8228417249611356	0.1771582750388644
0.6173684799258264	0.38263152007417356
0.27280908862416575	0.7271909113758342
0.5950005379930428	0.40499946200695724
0.811689478640561	0.18831052135943904
0.39139548081345066	0.6086045191865493
0.0950950775377849	0.9049049224622151
0.6213242382280149	0.3786757617719851
0.1447154525061538	0.8552845474938462
0.5757360035302845	0.42426399646971547
0.3607671172099923	0.6392328827900077
0.7507674910267081	0.24923250897329188
0.8121740291446029	0.18782597085539715
0.7678620504362879	0.23213794956371214
0.294396359929214	0.705603640070786
0.6598441518528837	0.3401558481471163
0.7625430630686547	0.23745693693134534
0.5759946742638883	0.4240053257361117
0.7759151804293624	0.22408481957063767
0.8404824643189089	0.15951753568109103
0.19902328717965356	0.8009767128203464
0.7872276195917599	0.2127723804082401
0.6301737694783757	0.36982623052162433
0.11507013298887014	0.8849298670111299
0.8295631167499649	0.17043688325003517
0.7987295204071868	0.2012704795928132
0.688151116099397	0.31184888390060295
0.07614509743538378	0.9238549025646162
0.7634990485850137	0.2365009514149863
0.3960221747617122	0.6039778252382878
0.27417170539458535	0.7258282946054146
0.3641010075448987	0.6358989924551013
0.7678532112615322	0.2321467887384679
0.8211367770846447	0.17886322291535534
0.5487883003751688	0.4512116996248312
0.839318049464217	0.16068195053578302
0.6018084268774062	0.39819157312259373
0.8218225761810889	0.1781774238189111
0.7903681290250583	0.20963187097494176
0.7925742549941922	0.20742574500580782
0.5731433486364045	0.4268566513635955
0.6156216463031445	0.38437835369685547
0.7667103922944078	0.2332896077055922
0.6644285104731946	0.3355714895268054
0.8601584150996235	0.13984158490037646
0.18949273039318393	0.8105072696068161
0.10682535592054077	0.8931746440794592
0.35126241920831824	0.6487375807916818
0.8484046990835525	0.15159530091644752
0.10659816752809048	0.8934018324719095
0.8366725721223837	0.16332742787761634
0.5536011428715673	0.4463988571284328
0.681658313951869	0.31834168604813096
0.7911367407645451	0.20886325923545493
0.6543166395506432	0.3456833604493568
0.7891800664033691	0.2108199335966309
0.7865393240297998	0.2134606759702002
0.3434027885400023	0.6565972114599977
0.2604158717397619	0.7395841282602381
0.7645024442687036	0.23549755573129633
0.8495085138215356	0.1504914861784644
0.8066528513651674	0.19334714863483263
0.3995693945571861	0.6004306054428139
0.7167067167211454	0.28329328327885456
0.48237129462855965	0.5176287053714403
0.7551245021141593	0.24487549788584076
0.24788762750560556	0.7521123724943944
0.6131849473003526	0.3868150526996474
0.42306112801875406	0.5769388719812459
0.7654685466143977	0.2345314533856023
0.0894185618237976	0.9105814381762024
0.6019257214968692	0.3980742785031309
0.3517330138506024	0.6482669861493976
0.3548969491925321	0.6451030508074679
0.19761850060063735	0.8023814993993627
0.6007642519863412	0.3992357480136588
0.3034393451018268	0.6965606548981732
0.571391165027517	0.428608834972483
0.8288307112851021	0.17116928871489795
0.5984338838485481	0.40156611615145194
0.5807720599606521	0.41922794003934793
0.10205528778713924	0.8979447122128608
0.6336966283429649	0.3663033716570351
0.4540292185220407	0.5459707814779593
0.7704226493838771	0.22957735061612292
0.7584219888124387	0.2415780111875613
0.7595019765753586	0.2404980234246414
0.01798067731994668	0.9820193226800533
0.646239128026871	0.353760871973129
0.6254914373766857	0.37450856262331433
0.7572254180260886	0.24277458197391147
0.7637864952825679	0.23621350471743208
0.6894684617272431	0.310531538272757
0.10368589225748581	0.8963141077425142
0.124242751389805	0.875757248610195
0.5635321842835446	0.4364678157164554
0.7994765301044409	0.20052346989555914
0.7546535986437458	0.24534640135625418
0.6461622764944723	0.3538377235055276
0.8037701899942902	0.19622981000570985
0.46569299330093405	0.534307006699066
0.6069637036910192	0.3930362963089808
0.2267784311679626	0.7732215688320374
0.2248539242665928	0.7751460757334072
0.988175305916938	0.01182469408306202
0.41251430728404936	0.5874856927159506
0.38611641037024513	0.6138835896297549
0.4721038417982859	0.5278961582017141
0.40537014196089627	0.5946298580391037
0.6375960056751246	0.3624039943248753
0.6948996337896692	0.30510036621033076
0.8142364287534916	0.1857635712465085
0.5990358050552198	0.40096419494478014
0.7628734662413755	0.23712653375862444
0.5683932130532965	0.4316067869467035
0.3449306623741777	0.6550693376258223
0.5767112937062705	0.4232887062937295
0.0994341877945536	0.9005658122054464
0.19792060298562442	0.8020793970143756
0.6117178606509432	0.38828213934905675
0.9066066531798898	0.0933933468201102
0.21623883979568648	0.7837611602043135
0.7518787722083156	0.2481212277916845
0.7674987134574335	0.23250128654256652
0.20472620576544864	0.7952737942345514
0.6088525830768595	0.3911474169231405
0.6079752992428855	0.39202470075711454
0.026463617174736	0.973536382825264
0.09342113103644534	0.9065788689635547
0.7667583189357146	0.23324168106428547
0.22151538341346044	0.7784846165865396
0.6412028104738813	0.3587971895261187
0.04335568061225692	0.9566443193877431
0.7596128342719799	0.24038716572802007
0.8291140913691939	0.17088590863080608
0.3603852992630816	0.6396147007369184
0.40397414966481493	0.5960258503351851
0.8527449160328159	0.14725508396718412
0.6057310304535907	0.39426896954640933
0.8556272372666384	0.14437276273336164
0.18433567312776533	0.8156643268722347
0.7666050837784799	0.23339491622152014
0.39527809724400675	0.6047219027559932
0.7791958482571983	0.22080415174280169
0.7501636330621095	0.2498363669378904
0.7749167387591691	0.22508326124083095
0.23410747655661257	0.7658925234433874
0.6210223167835149	0.3789776832164851
0.6471567890082686	0.35284321099173144
0.548774408497356	0.45122559150264396
0.6730837795515494	0.3269162204484506
0.8116576415903045	0.18834235840969546
0.5925635004575309	0.407436499542469
0.762830641458951	0.2371693585410491
0.7953247665202595	0.2046752334797405
0.9271113118867447	0.0728886881132553
0.7753834996400599	0.22461650035994002
0.38391243447848866	0.6160875655215113
0.7909857346106869	0.2090142653893131
0.7793887596923293	0.22061124030767063
0.649114492778649	0.350885507221351
0.0953794396287595	0.9046205603712405
0.09838967264472087	0.9016103273552791
0.8599704811464897	0.14002951885351037
0.8374178641024937	0.16258213589750622
0.47178118068410235	0.5282188193158976
0.8307057013641348	0.16929429863586518
0.7540538855628878	0.24594611443711228
0.5793049232640406	0.4206950767359594
0.5749764785482602	0.4250235214517398
0.10488308934741031	0.8951169106525897
0.17400161633089595	0.825998383669104
0.6757856623913425	0.32421433760865753
0.21932819609888732	0.7806718039011127
0.8207665671471863	0.1792334328528137
0.08974380917080238	0.9102561908291976
0.5840167482623622	0.4159832517376379
0.7987254830823689	0.20127451691763104
0.23318886388008364	0.7668111361199164
0.1956234692900365	0.8043765307099635
0.3901469219674495	0.6098530780325505
0.17811529966599182	0.8218847003340082
0.6060213428705933	0.3939786571294067
0.7667089082056162	0.23329109179438373
0.7714200305855191	0.2285799694144809
0.4998310198842746	0.5001689801157254
0.7820746700821868	0.21792532991781327
0.1864758906924815	0.8135241093075185
0.7511463973422086	0.2488536026577915
0.4378231901398604	0.5621768098601396
0.8304126619359948	0.16958733806400514
0.8179298627910728	0.18207013720892717
0.7546586110378894	0.24534138896211052
0.8265712692296794	0.17342873077032056
0.4238063223580394	0.5761936776419606
0.6284417952920275	0.3715582047079725
0.11526073721297625	0.8847392627870238
0.39244310088872214	0.6075568991112779
0.8325362841554184	0.16746371584458167
0.13097810674082855	0.8690218932591715
0.18118432794895423	0.8188156720510458
0.7583219210228629	0.24167807897713708
0.5871386376600313	0.41286136233996873
0.2140761966328757	0.7859238033671243
0.776484751167111	0.22351524883288898
0.2940305893974443	0.7059694106025557
0.2037831410463682	0.7962168589536318
0.4476235735170978	0.5523764264829022
0.052212156293383605	0.9477878437066164
0.09311435373543087	0.9068856462645691
0.4413738070644083	0.5586261929355917
0.015701732076502384	0.9842982679234976
0.3857844535688285	0.6142155464311715
0.590300230798098	0.409699769201902
0.8723429107245717	0.12765708927542835
0.023857926306913413	0.9761420736930866
0.7452105520671324	0.2547894479328676
0.7782666159201361	0.22173338407986387
0.8780521725720285	0.12194782742797146
0.7625094638819631	0.23749053611803697
0.4715293447323229	0.5284706552676771
0.20590052731984165	0.7940994726801583
0.02131263981057585	0.9786873601894241
0.27573301056343624	0.7242669894365638
0.40223439776732894	0.5977656022326711
0.9064143599101434	0.09358564008985658
0.7618235848896054	0.23817641511039456
0.7852097681949711	0.21479023180502885
0.6313388637295706	0.3686611362704294
0.19707076978419336	0.8029292302158066
0.768886463393147	0.231113536606853
0.2229236873984366	0.7770763126015634
0.5928614532145807	0.4071385467854193
0.27558832177806725	0.7244116782219328
0.0837578514994054	0.9162421485005946
0.09251686736806464	0.9074831326319354
0.4391139356400584	0.5608860643599416
0.28099633965961635	0.7190036603403837
0.6542494711913981	0.3457505288086019
0.8140807089940607	0.18591929100593935
0.7676238483408822	0.23237615165911787
0.6087126819070112	0.39128731809298883
0.653037758191922	0.34696224180807794
0.4620425249226854	0.5379574750773146
0.7592121054842798	0.2407878945157203
0.7973389916643718	0.2026610083356282
0.5051483550340674	0.49485164496593265
0.4408067593604632	0.5591932406395368
0.49017754728017393	0.5098224527198261
0.6466432495760134	0.3533567504239866
0.4460104151335086	0.5539895848664914
0.020337775616335096	0.9796622243836649
0.5722931136141708	0.4277068863858292
0.6847184081710409	0.3152815918289591
0.6228431755582156	0.37715682444178444
0.6117353470317648	0.38826465296823526
0.08426716744019891	0.9157328325598011
0.7648313373506717	0.2351686626493284
0.5819458671900475	0.41805413280995246
0.6570459857731488	0.3429540142268512
0.2948276389142387	0.7051723610857613
0.18875041367054046	0.8112495863294595
0.19061479322593133	0.8093852067740687
0.7701806031985825	0.22981939680141755
0.7821127837885232	0.2178872162114768
0.29522760847571794	0.7047723915242821
0.820463937513771	0.17953606248622894
0.7428759506699676	0.25712404933003236
0.092169141657092	0.907830858342908
0.8430740640775907	0.15692593592240936
0.6592711593422034	0.3407288406577967
0.1911077481986424	0.8088922518013576
0.8695497148132704	0.13045028518672966
0.16166807895396407	0.8383319210460359
0.2100209468860018	0.7899790531139982
0.2199435857132005	0.7800564142867995
0.2623447880379687	0.7376552119620313
0.7690854348516412	0.23091456514835884
0.5829839757764756	0.41701602422352435
0.8142364287534916	0.1857635712465085
0.8202363495052729	0.17976365049472712
0.5198750096543638	0.4801249903456361
0.7972554410000983	0.20274455899990176
0.27042375088147774	0.7295762491185223
0.8883208897189298	0.11167911028107022
0.7335202183205127	0.26647978167948727
0.6779897165595123	0.3220102834404876
0.8385618866356658	0.16143811336433425
0.431206983267713	0.568793016732287
0.38225794845641503	0.617742051543585
0.5272634294457298	0.4727365705542702
0.4286988954220835	0.5713011045779165
0.022707565346054115	0.9772924346539459
0.5724240818527574	0.4275759181472426
0.6855882620427014	0.31441173795729865
0.9639794844763585	0.036020515523641494
0.5818739786493885	0.41812602135061155
0.6082685081755026	0.3917314918244974
0.8342805274046708	0.16571947259532918
0.2245817184472617	0.7754182815527383
0.754719656636589	0.24528034336341104
0.8368639853326792	0.16313601466732072
0.6738581314076312	0.3261418685923688
0.6108608370642297	0.3891391629357703
0.711996622025934	0.2880033779740661
0.6526616636290253	0.34733833637097467
0.4466742105164817	0.5533257894835183
0.8463048929451225	0.1536951070548775
0.47973276350919103	0.520267236490809
0.6182965528996548	0.3817034471003452
0.048719216332978044	0.951280783667022
0.7926017413452421	0.20739825865475794
0.738824124750747	0.261175875249253
0.6004291165758442	0.39957088342415575
0.621618696492113	0.378381303507887
0.6647485898307294	0.3352514101692706
0.5452257324882333	0.4547742675117667
0.43534179330133826	0.5646582066986617
0.5984771410251809	0.4015228589748191
0.6297393391265768	0.37026066087342324
0.8236850225720705	0.17631497742792948
0.6142828901327755	0.3857171098672246
0.6454572942732821	0.3545427057267178
0.8107996769752934	0.18920032302470663
0.6070499901495402	0.3929500098504598
0.78909197812892	0.21090802187108001
0.036201698070494115	0.9637983019295059
0.40770058148655675	0.5922994185134433
0.6204867831761176	0.37951321682388245
0.7673155587526425	0.23268444124735752
0.8163329856059071	0.18366701439409291
0.9257343283279044	0.07426567167209562
0.23178095754888506	0.7682190424511149
0.6586380936635828	0.34136190633641716
0.4150846438641992	0.5849153561358008
0.3885758875187586	0.6114241124812414
0.414773689719963	0.585226310280037
0.6058290371932887	0.39417096280671127
0.7690746677724989	0.2309253322275011
0.8264122803866798	0.17358771961332017
0.5505622121807716	0.44943778781922833
0.34766654666369057	0.6523334533363094
0.8200629480199823	0.17993705198001775
0.7675261421939732	0.23247385780602683
0.8814768319184635	0.11852316808153655
0.6244370776102861	0.37556292238971395
0.7909077083864239	0.20909229161357615
0.8092322359557527	0.1907677640442474
0.6053001397437658	0.3946998602562341
0.3780727819948655	0.6219272180051345
0.017586139386683075	0.9824138606133169
0.46079511575098187	0.5392048842490181
0.8469332079454761	0.15306679205452392
0.7774141694916431	0.22258583050835687
0.6289277613788109	0.37107223862118915
0.6633636061819979	0.3366363938180022
0.21853876385448212	0.7814612361455179
0.7782564590741028	0.22174354092589715
0.6963413619998565	0.3036586380001435
0.6108314496427762	0.3891685503572237
0.6328683198664086	0.36713168013359143
0.5470526821422109	0.4529473178577891
0.5696160599821452	0.4303839400178548
0.6373770850895671	0.36262291491043286
0.6454871439812842	0.3545128560187159
0.6227583392052073	0.3772416607947927
0.7731429360669957	0.22685706393300428
0.6506732225464823	0.3493267774535177
0.6467481425793182	0.3532518574206818
0.38945930862037736	0.6105406913796226
0.8429684843974148	0.15703151560258524
0.6126210293534132	0.3873789706465868
0.77837282793212	0.22162717206788
0.6588968731214315	0.3411031268785684
0.7018617574362391	0.2981382425637608
0.8294392340204173	0.17056076597958264
0.7636909082796848	0.23630909172031525
0.654905653642794	0.3450943463572061
0.38858272327052357	0.6114172767294764
0.6826040582040087	0.31739594179599123
0.67412440481926	0.32587559518074005
0.40863410668359434	0.5913658933164057
0.37801932103568203	0.621980678964318
0.10446197492633125	0.8955380250736688
0.7267245506059901	0.27327544939400994
0.6399656638650941	0.3600343361349059
0.6410068822963233	0.35899311770367665
0.627536172246925	0.3724638277530749
0.6720002164277112	0.32799978357228876
0.5877476964446623	0.4122523035553377
0.6720873372003253	0.32791266279967474
0.09486561501438506	0.9051343849856149
0.36286087069106787	0.6371391293089321
0.6340459066781543	0.3659540933218457
0.23540557840441478	0.7645944215955852
0.580754811043756	0.41924518895624396
0.2606891681352841	0.7393108318647159
0.7413555551773277	0.25864444482267235
0.6447501421990062	0.35524985780099383
0.6340246113740664	0.36597538862593354
0.6537210649912402	0.34627893500875984
0.59948098388802	0.40051901611198004
0.785728053628955	0.21427194637104496
0.1433097464748514	0.8566902535251486
0.5934720164161524	0.40652798358384756
0.18651712122579078	0.8134828787742092
0.189950443933934	0.810049556066066
0.5906576986826528	0.4093423013173471
0.1711220204445495	0.8288779795554505
0.6304148650927768	0.3695851349072233
0.05179807679323756	0.9482019232067624
0.6211593973425076	0.37884060265749236
0.7858331300376359	0.21416686996236414
0.783693965984692	0.21630603401530804
0.755677709566219	0.24432229043378098
0.7686400783022296	0.23135992169777048
0.5150963408304889	0.48490365916951106
0.7046141018869398	0.29538589811306015
0.6577936220020063	0.3422063779979937
0.10382659222882917	0.8961734077711708
0.8043611066625429	0.1956388933374571
0.536119374643653	0.463880625356347
0.523580200415495	0.476419799584505
0.763303485896885	0.23669651410311493
0.5620976422171725	0.4379023577828275
0.768774009804907	0.23122599019509305
0.02132180395287875	0.9786781960471213
0.7538815294497869	0.24611847055021302
0.7119599787123703	0.2880400212876297
0.6657379475770839	0.33426205242291607
0.9128485893507989	0.0871514106492011
0.14153423303943025	0.8584657669605698
0.27245697024282134	0.7275430297571787
0.3925200590084006	0.6074799409915994
0.04752601853940441	0.9524739814605956
0.6389762755318453	0.3610237244681547
0.5741494814692429	0.425850518530757
0.2851043719480939	0.7148956280519061
0.7627027125606474	0.2372972874393527
0.5079359622806563	0.4920640377193437
0.32087245030324607	0.6791275496967539
0.058856562615467234	0.9411434373845328
0.5785250821849326	0.4214749178150674
0.5736309933979515	0.4263690066020484
0.3638587434021959	0.6361412565978041
0.7718187330209837	0.22818126697901633
0.4497947310153997	0.5502052689846003
0.6788423078317283	0.3211576921682718
0.6294268859567178	0.3705731140432822
0.5553453139639024	0.44465468603609754
0.6914861102670156	0.3085138897329845
0.08915129744165584	0.9108487025583442
0.2567877067934208	0.7432122932065792
0.15080395117072454	0.8491960488292755
0.3751126149310776	0.6248873850689224
0.10633662103997932	0.8936633789600207
0.40587295106985455	0.5941270489301455
0.37475050751649763	0.6252494924835024
0.09870522541496618	0.9012947745850338
0.6327400321662514	0.3672599678337486
0.607038384228844	0.39296161577115596
0.12093689390234308	0.8790631060976569
0.22516866036537142	0.7748313396346286
0.7554154457726913	0.2445845542273087
0.7801769743475357	0.2198230256524643
0.034874859989134976	0.965125140010865
0.5771765671881408	0.42282343281185925
0.8623570410776995	0.13764295892230044
0.41540678461309233	0.5845932153869077
0.20006406452645187	0.7999359354735481
0.6935941834585719	0.306405816541428
0.5871435509204777	0.4128564490795224
0.7738340871717964	0.22616591282820367
0.6367787755583614	0.3632212244416386
0.6454021389844078	0.35459786101559215
0.4093318194908464	0.5906681805091536
0.8025732093607627	0.19742679063923727
0.3556661071577413	0.6443338928422587
0.9729442687434724	0.027055731256527615
0.20386419871790473	0.7961358012820953
0.6913685321845602	0.30863146781543976
0.43964678765092935	0.5603532123490707
0.10102795617034832	0.8989720438296517
0.040528976502654857	0.9594710234973451
0.669907387065966	0.33009261293403397
0.6554313367868004	0.34456866321319957
0.6856288728628086	0.31437112713719134
0.7013632034310351	0.29863679656896486
0.2032728019119432	0.7967271980880568
0.6222091224640132	0.37779087753598684
0.9327537580232748	0.06724624197672523
0.5096705675042845	0.49032943249571553
0.20024036274792822	0.7997596372520718
0.586105039042357	0.41389496095764305
0.5832596226885769	0.4167403773114231
0.4161635154242056	0.5838364845757944
0.6255720193386463	0.3744279806613538
0.5812885632655154	0.41871143673448463
0.3257755398957589	0.6742244601042411
0.4666390622033222	0.5333609377966778
0.7359625724553525	0.2640374275446475
0.4221992436081916	0.5778007563918084
0.09652250999142487	0.9034774900085751
0.2531162887514944	0.7468837112485056
0.36241290599608944	0.6375870940039106
0.6143191346618264	0.38568086533817364
0.6392993669954938	0.3607006330045062
0.7610474644098735	0.23895253559012652
0.6793844894682296	0.3206155105317704
0.6617469088257908	0.33825309117420915
0.6131990791843227	0.38680092081567735
0.6428385194595747	0.3571614805404253
0.08365588402387913	0.9163441159761209
0.8282914359227334	0.1717085640772666
0.026532809237837074	0.9734671907621629
0.21240338264945235	0.7875966173505476
0.7679517505556966	0.23204824944430333
0.702688323450118	0.297311676549882
0.5532274212798429	0.446772578720157
0.6237651851078023	0.3762348148921976
0.642900596919428	0.357099403080572
0.8377415032992553	0.1622584967007447
0.5498485113347145	0.45015148866528554
0.22218445105117446	0.7778155489488255
0.7779818851863267	0.22201811481367328
0.7760593148428082	0.22394068515719182
0.4533474105953781	0.5466525894046219
0.6133921514507179	0.3866078485492821
0.1775490554907586	0.8224509445092414
0.7679857165600247	0.23201428343997535
0.041074005473732966	0.958925994526267
0.2974044119770476	0.7025955880229524
0.4502251294312194	0.5497748705687806
0.6174028511397969	0.38259714886020313
0.08160149437376885	0.9183985056262312
0.4448994905114574	0.5551005094885426
0.42783972344962007	0.5721602765503799
0.18454027420885877	0.8154597257911412
0.6237516970597834	0.37624830294021655
0.8277327671716707	0.17226723282832931
0.6045510523591955	0.39544894764080446
0.22438068571259684	0.7756193142874032
0.306626940000173	0.693373059999827
0.36490104044820293	0.6350989595517971
0.8368218198607649	0.16317818013923507
0.9444137442799064	0.055586255720093576
0.7467410315718154	0.2532589684281846
0.7046888826626017	0.2953111173373983
0.23430416647913788	0.7656958335208621
0.7991292200686002	0.20087077993139973
0.24653800503492584	0.7534619949650742
0.7002606639114328	0.2997393360885671
0.20666299929805443	0.7933370007019456
0.7573398917632574	0.24266010823674256
0.7786482474351109	0.22135175256488912
0.5604434929143134	0.43955650708568655
0.7732179232258624	0.22678207677413764
0.12288598024807995	0.87711401975192
0.20156573137361145	0.7984342686263886
0.8127609307458832	0.18723906925411685
0.4099919236490084	0.5900080763509916
0.46041617986093053	0.5395838201390695
0.7686273461434712	0.2313726538565289
0.5786150673661661	0.4213849326338339
0.5872976352497988	0.41270236475020117
0.729993782343595	0.270006217656405
0.6055011308581442	0.39449886914185583
0.19772418306756	0.80227581693244
0.6578250721171413	0.34217492788285875
0.7950094433808214	0.20499055661917862
0.6439256663283499	0.35607433367165015
0.5657123133782955	0.4342876866217044
0.23457907294149272	0.7654209270585073
0.3915530880208328	0.6084469119791672
0.8871464602390251	0.11285353976097492
0.7802573622972198	0.21974263770278027
0.7670295455902413	0.23297045440975875
0.2203301108835699	0.7796698891164301
0.09214706825699281	0.9078529317430072
0.8785901985354416	0.12140980146455838
0.39630285103308205	0.603697148966918
0.6735885307657746	0.32641146923422537
0.5904817504781552	0.40951824952184473
0.1923308891575497	0.8076691108424503
0.7985997955410881	0.20140020445891194
0.25675011499380385	0.7432498850061962
0.6575596172205145	0.3424403827794856
0.10199948055641972	0.8980005194435803
0.8274842851948747	0.17251571480512531
0.37243424544880954	0.6275657545511905
0.2639511006230024	0.7360488993769976
0.6844609072770979	0.31553909272290215
0.7952015019143486	0.20479849808565137
0.09312165585700827	0.9068783441429917
0.5726798877614552	0.4273201122385449
0.07246544122019694	0.9275345587798031
0.6986161653696237	0.30138383463037627
0.6362614779812357	0.36373852201876433
0.18708282158419098	0.812917178415809
0.7700306248895823	0.2299693751104177
0.2593147894297638	0.7406852105702362
0.4144867334900131	0.5855132665099869
0.11260331145363844	0.8873966885463616
0.7566413095050324	0.24335869049496756
0.7334783280633743	0.26652167193662574
0.7195022266294253	0.2804977733705747
0.5961531524832714	0.4038468475167286
0.7157506890248431	0.28424931097515693
0.1834412568369871	0.8165587431630129
0.7893259984141536	0.21067400158584632
0.8842879424309772	0.11571205756902284
0.18800374515864604	0.811996254841354
0.7382574400963803	0.2617425599036197
0.6534609630172832	0.34653903698271676
0.7989950744111712	0.20100492558882874
0.5809395527358183	0.4190604472641816
0.3737817342916998	0.6262182657083002
0.1922260017352635	0.8077739982647365
0.573091479138747	0.42690852086125297
0.5800421323566198	0.41995786764338017
0.47836238671941744	0.5216376132805826
0.7493525589006045	0.2506474410993955
0.7591035065103886	0.24089649348961137
0.22205503921870262	0.7779449607812974
0.7532192236562543	0.2467807763437457
0.8296425386657652	0.17035746133423482
0.6178534620521525	0.3821465379478475
0.5979607203315509	0.4020392796684491
0.7605975807254027	0.23940241927459724
0.07068645596803169	0.9293135440319683
0.7476700599576452	0.25232994004235476
0.6303705167476805	0.3696294832523194
0.7819208775274373	0.2180791224725627
0.21316980123807427	0.7868301987619257
0.22135466788293634	0.7786453321170637
0.3677753165672578	0.6322246834327422
0.7949898199567729	0.20501018004322707
0.36222523873763146	0.6377747612623685
0.7617121198358863	0.23828788016411379
0.8239871661492287	0.1760128338507713
0.7583169922856015	0.24168300771439855
0.7954525442539238	0.2045474557460763
0.171202360720061	0.828797639279939
0.7933328730245157	0.20666712697548428
0.7630751556295005	0.23692484437049957
0.7719584595845056	0.22804154041549443
0.7861630242547472	0.21383697574525287
0.6532958925440525	0.3467041074559475
0.6406300462411093	0.3593699537588907
0.7828062506331696	0.21719374936683045
0.42131509933410816	0.5786849006658918
0.7453116263243207	0.25468837367567937
0.7894340554436332	0.21056594455636685
0.7527856356503918	0.24721436434960817
0.7580986819803277	0.24190131801967224
0.7732232842725115	0.2267767157274885
0.5590488153735644	0.4409511846264356
0.8198437597467112	0.18015624025328886
0.19914882443267423	0.8008511755673258
0.597237292672915	0.402762707327085
0.44648066186134894	0.5535193381386511
0.8253333563008424	0.1746666436991576
0.8395131044061497	0.1604868955938503
0.78667586010231	0.2133241398976899
0.7870492863960961	0.21295071360390389
0.7580600489174613	0.2419399510825387
0.052200468692797486	0.9477995313072025
0.7601147393593984	0.23988526064060153
0.7703249273811836	0.22967507261881637
0.767053796494451	0.23294620350554898
0.8273552876293396	0.1726447123706604
0.7697354692381683	0.2302645307618317
0.03010110366743013	0.9698988963325699
0.10455362979358229	0.8954463702064177
0.8138732196674456	0.1861267803325544
0.5377134970009563	0.4622865029990438
0.23647708661175226	0.7635229133882477
0.2759528725865513	0.7240471274134487
0.7450891539938929	0.2549108460061072
0.7721205418543177	0.2278794581456823
0.6061520391721902	0.39384796082780976
0.7720496072645724	0.22795039273542764
0.18597809296857482	0.8140219070314252
0.7668140881880521	0.23318591181194798
0.7994813472268408	0.2005186527731592
0.7679987440712479	0.23200125592875206
0.6214815286209914	0.3785184713790087
0.7606138157731493	0.23938618422685068
0.7579579248915066	0.2420420751084934
0.7700132716055732	0.2299867283944268
0.7622902493955439	0.23770975060445604
0.7811963044214358	0.21880369557856422
0.8325129709083584	0.1674870290916416
0.803755119343776	0.19624488065622409
0.8815185872427665	0.11848141275723349
0.8502660899122365	0.1497339100877635
0.841018300142383	0.15898169985761695
0.10146254930880938	0.8985374506911906
0.768549105439998	0.23145089456000198
0.22589507896061156	0.7741049210393884
0.7690638542578382	0.23093614574216179
0.7561542822805977	0.24384571771940236
0.6595754894824386	0.34042451051756145
0.760072320335387	0.2399276796646131
0.7642956559162457	0.2357043440837543
0.7756936381004029	0.22430636189959707
0.8201079207390158	0.17989207926098422
0.7578080160397965	0.24219198396020347
0.7596810613972579	0.24031893860274214
0.7791169685681367	0.22088303143186322
0.7500656262142433	0.24993437378575672
0.18119227008101235	0.8188077299189876
0.780746469898325	0.219253530101675
0.5956800583333184	0.4043199416666816
0.26606151515682974	0.7339384848431703
0.7844485586157489	0.21555144138425109
0.17466724274609435	0.8253327572539056
0.20268072250672586	0.7973192774932741
0.3653866485064595	0.6346133514935405
0.7981250182463361	0.2018749817536639
0.7818055503942213	0.21819444960577875
0.7822471628986253	0.21775283710137475
0.8037958904398945	0.19620410956010545
0.5750831753505323	0.4249168246494677
0.7592761369343859	0.24072386306561405
0.8041988144761726	0.19580118552382744
0.22353805173882424	0.7764619482611758
0.8259755393951743	0.17402446060482565
0.023450483901606423	0.9765495160983936
0.7707857280872186	0.22921427191278143
0.789178065538666	0.21082193446133396
0.7966486977016148	0.20335130229838513
0.3802414572700239	0.6197585427299761
0.7736383516087368	0.2263616483912631
0.830146500094798	0.16985349990520204
0.6488335087070516	0.35116649129294847
0.3452534077708105	0.6547465922291895
0.7864851676898098	0.2135148323101902
0.5744212788497287	0.4255787211502713
0.22231058532497627	0.7776894146750237
0.17996087614054734	0.8200391238594527
0.7681566258839271	0.2318433741160729
0.7757314004520546	0.22426859954794545
0.7813417450389144	0.2186582549610856
0.21587314441988126	0.7841268555801187
0.8877591786401298	0.11224082135987022
0.7903242319935272	0.20967576800647283
0.9583459515563445	0.041654048443655486
0.7622628544502471	0.2377371455497529
0.5827169464546428	0.4172830535453572
0.8153178842899137	0.18468211571008633
0.9555869849729455	0.044413015027054484
0.7542390368939467	0.2457609631060534
0.17253709905562042	0.8274629009443796
0.09552665106009905	0.904473348939901
0.793182856027959	0.20681714397204093
0.7464520305374536	0.25354796946254643
0.783662557222811	0.21633744277718905
0.7811633578646225	0.21883664213537748
0.7649975208750885	0.2350024791249114
0.7831621716579034	0.2168378283420966
0.5868445462358045	0.41315545376419555
0.790625818070825	0.209374181929175
0.7450809931181019	0.25491900688189806
0.7924230905199239	0.20757690948007615
0.7698962104224653	0.23010378957753477
0.1735851746810846	0.8264148253189154
0.43898152248673095	0.561018477513269
0.7904071385870183	0.2095928614129817
0.6136977320336041	0.38630226796639583
0.5011731013899392	0.49882689861006085
0.7528364722889245	0.24716352771107555
0.8117388732505451	0.188261126749455
0.20855058446065178	0.7914494155393482
0.7797591137051494	0.2202408862948506
0.19663871561309776	0.8033612843869022
0.7809474751736941	0.21905252482630588
0.7583286336469888	0.24167136635301126
0.1936586817635384	0.8063413182364616
0.8719839710884301	0.12801602891156988
0.7818266594786252	0.21817334052137477
0.7945925753145539	0.20540742468544615
0.7871473668092359	0.2128526331907641
0.4697419737831474	0.5302580262168526
0.6861422424443594	0.3138577575556406
0.752993226288017	0.247006773711983
0.866862259701056	0.133137740298944
0.6452688287534214	0.3547311712465786
0.7536690879027772	0.24633091209722283
0.7545558910148611	0.24544410898513885
0.7820847393418224	0.21791526065817762
0.7674191122278102	0.23258088777218977
0.7555275635297054	0.24447243647029462
0.7853441400816927	0.21465585991830727
0.7561870718034926	0.24381292819650732
0.8274890393161467	0.1725109606838533
0.8475568410572165	0.15244315894278343
0.20440410475315962	0.7955958952468404
0.20898212702784147	0.7910178729721585
0.7483121474005052	0.25168785259949483
0.7942981249878364	0.20570187501216364
0.3718940492118462	0.6281059507881538
0.850067082711307	0.1499329172886929
0.4485130558503393	0.5514869441496607
0.795122716943939	0.20487728305606107
0.7764116763308163	0.22358832366918366
0.7581868871293951	0.24181311287060492
0.7971449154586528	0.20285508454134718
0.3848592428631523	0.6151407571368477
0.8654595766298969	0.13454042337010302
0.8163750469077391	0.18362495309226096
0.5549373706679712	0.4450626293320288
0.8069063541075155	0.19309364589248448
0.7747598502334656	0.2252401497665344
0.7836307301783343	0.21636926982166577
0.7911427953321252	0.2088572046678748
0.761210698426054	0.2387893015739459
0.788676909829422	0.21132309017057804
0.7571765263187873	0.2428234736812127
0.7840799534665621	0.21592004653343788
0.7725363768041144	0.22746362319588562
0.776643816734845	0.22335618326515505
0.341542392817039	0.658457607182961
0.8108013567791724	0.1891986432208276
0.18691383061287203	0.813086169387128
0.7599851176188532	0.24001488238114682
0.9406267146830406	0.05937328531695941
0.8444172679435078	0.15558273205649223
0.8281228628429393	0.1718771371570607
0.9197214478461793	0.08027855215382075
0.750649916934441	0.24935008306555898
0.9169001251114497	0.08309987488855029
0.9283441956910764	0.07165580430892358
0.6062567520431591	0.3937432479568409
0.765487240412086	0.23451275958791398
0.7663226430444855	0.23367735695551453
0.20347380624904843	0.7965261937509516
0.8819434346673591	0.1180565653326409
0.771038304035891	0.228961695964109
0.7574384369441456	0.24256156305585447
0.780329905727827	0.219670094272173
0.7891897328863204	0.21081026711367962
0.7975514816917446	0.20244851830825542
0.791126993267848	0.208873006732152
0.7614268453878431	0.23857315461215686
0.05888979280325968	0.9411102071967403
0.8910205215188718	0.10897947848112816
0.7589024189126272	0.24109758108737273
0.8146199917423175	0.18538000825768253
0.7448614329434149	0.2551385670565851
0.8024923788975299	0.19750762110247014
0.3795349620809846	0.6204650379190154
0.7592909089742629	0.24070909102573712
0.2278163159763802	0.7721836840236198
0.8089050567794329	0.19109494322056703
0.7900400239694843	0.20995997603051575
