[2026/04/21-20:22:15.328] [FT-TrainWorkThread-GZbmMv5G-2109] [INFO] [dku.analysis.prediction]  - [ct: 0] ******************************************
[2026/04/21-20:22:15.329] [FT-TrainWorkThread-GZbmMv5G-2109] [INFO] [dku.analysis.prediction]  - [ct: 1] ** Start train session s1
[2026/04/21-20:22:15.330] [FT-TrainWorkThread-GZbmMv5G-2109] [INFO] [dku.analysis.prediction]  - [ct: 2] ******************************************
[2026/04/21-20:22:15.332] [FT-TrainWorkThread-GZbmMv5G-2109] [INFO] [dku.shaker.data] T-ensPAIMA - [ct: 4] Need to compute sampleId before checking memory cache
[2026/04/21-20:22:15.333] [FT-TrainWorkThread-GZbmMv5G-2109] [DEBUG] [dip.shaker.runner] T-ensPAIMA - [ct: 5] Computed required sample id=b5a2985be5ce9dc85ad09f3a6d1f3e7d-NA-67d2d4a7bb9f68bd5a120c6956099c590--d751713988987e9331980363e24189ce
[2026/04/21-20:22:15.334] [FT-TrainWorkThread-GZbmMv5G-2109] [DEBUG] [dku.shaker.cache] T-ensPAIMA - Shaker MemoryCache get on dataset PROJET_CHURN_BANQUE.product_holdings_info_prepared_joined_by_customer_id key=ds=1ab73304e9e33197d29024b68faa7734--scr=7d253a7b74360c3e808ccc1b48079dcd--samp=b5a2985be5ce9dc85ad09f3a6d1f3e7d-NA-67d2d4a7bb9f68bd5a120c6956099c590--d751713988987e9331980363e24189ce: hit
[2026/04/21-20:22:15.334] [FT-TrainWorkThread-GZbmMv5G-2109] [INFO] [dku.shaker.schema] T-ensPAIMA - [ct: 6] Column customer_id meaning=LongMeaning fail=0
[2026/04/21-20:22:15.335] [FT-TrainWorkThread-GZbmMv5G-2109] [INFO] [dku.shaker.schema] T-ensPAIMA - [ct: 7] Column is_churn_max meaning=Boolean fail=0
[2026/04/21-20:22:15.335] [FT-TrainWorkThread-GZbmMv5G-2109] [INFO] [dku.shaker.schema] T-ensPAIMA - [ct: 7] Column balance_min_avg meaning=DoubleMeaning fail=0
[2026/04/21-20:22:15.336] [FT-TrainWorkThread-GZbmMv5G-2109] [INFO] [dku.shaker.schema] T-ensPAIMA - [ct: 8] Column balance_avg_avg meaning=DoubleMeaning fail=0
[2026/04/21-20:22:15.336] [FT-TrainWorkThread-GZbmMv5G-2109] [INFO] [dku.shaker.schema] T-ensPAIMA - [ct: 8] Column revenue_sum_avg meaning=DoubleMeaning fail=0
[2026/04/21-20:22:15.337] [FT-TrainWorkThread-GZbmMv5G-2109] [INFO] [dku.shaker.schema] T-ensPAIMA - [ct: 9] Column count meaning=LongMeaning fail=0
[2026/04/21-20:22:15.339] [FT-TrainWorkThread-GZbmMv5G-2109] [INFO] [dku.datasets.bloblike] T-ensPAIMA - [ct: 11] Enumerating blob-like dataset PROJET_CHURN_BANQUE.product_holdings_info_prepared_joined_by_customer_id prefix=
[2026/04/21-20:22:15.340] [FT-TrainWorkThread-GZbmMv5G-2109] [DEBUG] [dku.datasets.fsbased] T-ensPAIMA - [ct: 12] Building FS provider for dataset handler: PROJET_CHURN_BANQUE.product_holdings_info_prepared_joined_by_customer_id
[2026/04/21-20:22:15.340] [FT-TrainWorkThread-GZbmMv5G-2109] [DEBUG] [dku.fs.s3] T-ensPAIMA - [ct: 12] No S3 client found, creating one
[2026/04/21-20:22:15.341] [FT-TrainWorkThread-GZbmMv5G-2109] [INFO] [dku.fs.s3] T-ensPAIMA - [ct: 13] Using region for S3 client instantiation: eu-west-3
[2026/04/21-20:22:15.342] [FT-TrainWorkThread-GZbmMv5G-2109] [INFO] [dku.aws.credentials] T-ensPAIMA - [ct: 14] AWS connection=dataiku-managed-storage authCtx=karunakaranrishikaran@gmail.com assuming role=arn:aws:iam::538701811630:role/GIS/euwest3/dku/s3-space-1e09aade-dku-eu-west-3-dku
[2026/04/21-20:22:15.342] [FT-TrainWorkThread-GZbmMv5G-2109] [DEBUG] [dku.aws.credentials] T-ensPAIMA - [ct: 14] Credentials cache miss
[2026/04/21-20:22:15.343] [FT-TrainWorkThread-GZbmMv5G-2109] [DEBUG] [dku.aws.credentials] T-ensPAIMA - [ct: 15] Using context creds access=ASIAX23JBJ6XA75FI43R
[2026/04/21-20:22:15.346] [FT-TrainWorkThread-GZbmMv5G-2109] [DEBUG] [dku.aws.credentials] T-ensPAIMA - [ct: 18] Truncated/slugified session name to 64 chars: dss-conn-dataiku-managed-storage-assumed-for-karunakara-DtGbGGAz
[2026/04/21-20:22:15.394] [FT-TrainWorkThread-GZbmMv5G-2109] [DEBUG] [dku.aws.credentials] T-ensPAIMA - [ct: 66] Got assumed role credentials from STS
[2026/04/21-20:22:15.394] [FT-TrainWorkThread-GZbmMv5G-2109] [DEBUG] [dku.aws.credentials] T-ensPAIMA - [ct: 66] Caching assumed STS credential
[2026/04/21-20:22:15.398] [FT-TrainWorkThread-GZbmMv5G-2109] [DEBUG] [dku.fs.s3] T-ensPAIMA - [ct: 70] Done creating S3 client
[2026/04/21-20:22:15.398] [FT-TrainWorkThread-GZbmMv5G-2109] [INFO] [dku.fs.s3] T-ensPAIMA - [ct: 70] Created S3 FS provider bucket=gis-data-eu-west-3 path=/space-1e09aade-dku/node-56800c84/managed-dss-data/PROJET_CHURN_BANQUE/product_holdings_info_prepared_joined_by_customer_id
[2026/04/21-20:22:15.399] [FT-TrainWorkThread-GZbmMv5G-2109] [DEBUG] [dku.datasets.fsbased] T-ensPAIMA - [ct: 71] FS Provider built
[2026/04/21-20:22:15.432] [FT-TrainWorkThread-GZbmMv5G-2109] [INFO] [dku.fs.s3] T-ensPAIMA - [ct: 104] Start S3 Enumeration ON bucketPath=space-1e09aade-dku/node-56800c84/managed-dss-data/PROJET_CHURN_BANQUE/product_holdings_info_prepared_joined_by_customer_id/ prefix= fullPath=space-1e09aade-dku/node-56800c84/managed-dss-data/PROJET_CHURN_BANQUE/product_holdings_info_prepared_joined_by_customer_id/
[2026/04/21-20:22:15.452] [FT-TrainWorkThread-GZbmMv5G-2109] [INFO] [dku.fs.s3] T-ensPAIMA - [ct: 124] S3 enumeration done, found 1 items, 1178387 bytes
[2026/04/21-20:22:15.453] [FT-TrainWorkThread-GZbmMv5G-2109] [INFO] [dku.input.push] T-ensPAIMA - USTP: push selection.method=HEAD_SEQUENTIAL records=100000 ratio=0.02 col=null
[2026/04/21-20:22:15.454] [FT-TrainWorkThread-GZbmMv5G-2109] [INFO] [dku.format] T-ensPAIMA - [ct: 126] Extractor run: limit={"maxBytes":-1,"maxRecords":100000,"samplingMethod":"HEAD_SEQUENTIAL","samplingRatio":0.02,"samplingSeed":1337,"ordering":{"enabled":false,"rules":[]}} totalRecords=0
[2026/04/21-20:22:15.454] [FT-TrainWorkThread-GZbmMv5G-2109] [INFO] [dku.fs.s3] T-ensPAIMA - [ct: 126] Getting S3 stream on space-1e09aade-dku/node-56800c84/managed-dss-data/PROJET_CHURN_BANQUE/product_holdings_info_prepared_joined_by_customer_id/out-s0.csv
[2026/04/21-20:22:15.466] [FT-TrainWorkThread-GZbmMv5G-2109] [INFO] [dku.fs.s3] T-ensPAIMA - [ct: 138] Path to read /space-1e09aade-dku/node-56800c84/managed-dss-data/PROJET_CHURN_BANQUE/product_holdings_info_prepared_joined_by_customer_id|/out-s0.csv -> space-1e09aade-dku/node-56800c84/managed-dss-data/PROJET_CHURN_BANQUE/product_holdings_info_prepared_joined_by_customer_id/out-s0.csv
[2026/04/21-20:22:15.481] [FT-TrainWorkThread-GZbmMv5G-2109] [INFO] [dku.fs.s3] T-ensPAIMA - [ct: 153] read with pos=null
[2026/04/21-20:22:15.560] [FT-TrainWorkThread-GZbmMv5G-2109] [INFO] [dku.format] T-ensPAIMA - [ct: 232] Start uncompressed stream: /out-s0.csv / totalRecsBefore=0
[2026/04/21-20:22:15.855] [FT-TrainWorkThread-GZbmMv5G-2109] [INFO] [dip.retriable.stream] T-ensPAIMA - [ct: 527] close com.dataiku.dss.shadelibawssk2.software.amazon.awssdk.core.ResponseInputStream@3fe885ba
[2026/04/21-20:22:15.855] [FT-TrainWorkThread-GZbmMv5G-2109] [INFO] [dku.format] T-ensPAIMA - [ct: 527] after stream totalComp=1178387 totalUncomp=1178387 totalRec=22308
[2026/04/21-20:22:15.856] [FT-TrainWorkThread-GZbmMv5G-2109] [INFO] [dku.format] T-ensPAIMA - [ct: 528] Extractor run done, totalCompressed=1178387 totalRecords=22308
[2026/04/21-20:22:15.856] [FT-TrainWorkThread-GZbmMv5G-2109] [DEBUG] [dku.fs.s3] T-ensPAIMA - [ct: 528] Closing s3 client
[2026/04/21-20:22:15.861] [FT-TrainWorkThread-GZbmMv5G-2109] [INFO] [dku.analysis.splits] T-ensPAIMA - [ct: 533] Checking if splits are up to date. Policy: type=SPLIT_SINGLE_DATASET,split=RANDOM,splitBeforePrepare=true,ds=product_holdings_info_prepared_joined_by_customer_id,sel=(method=head-s,records=100000),r=0.8,s=1337, instance id: 89187ac91f9ea34e5e35deb83fa1f262-0
[2026/04/21-20:22:15.863] [FT-TrainWorkThread-GZbmMv5G-2109] [INFO] [dku.analysis.ml.python] T-ensPAIMA - [ct: 535] Joining processing thread ...
[2026/04/21-20:22:15.863] [MRT-2111] [INFO] [dku.analysis.ml.python]  - Running a preprocessing set: pp2 in /data/dataiku/datadir/analysis-data/PROJET_CHURN_BANQUE/thJxdWrU/ensPAIMA/sessions/s1/pp2
[2026/04/21-20:22:15.871] [MRT-2111] [INFO] [com.dataiku.dss.shadelib.org.eclipse.jetty.util.ssl.SslContextFactory]  - x509=X509@33a44c55(1,h=[localhost, dss-design-host-node-56800c84-space-1e09aade-dku, dss-headless-node-56800c84.space-1e09aade-dku.svc.cluster.local],a=[/127.0.0.1, /10.0.159.212],w=[]) for Server@529cd156[provider=null,keyStore=file:///data/dataiku/datadir/install-support/encrypted-rpc/certandkey.p12,trustStore=null]
[2026/04/21-20:22:15.873] [MRT-2111] [INFO] [dku.block.link]  - Started a socket on port 35959
[2026/04/21-20:22:15.873] [MRT-2111] [INFO] [com.dataiku.dip.analysis.ml.distributed.workers]  - New worker pool created: pool-wtdo1llpvif8koov
[2026/04/21-20:22:15.874] [MRT-2111] [INFO] [dku.ml.kernel]  - Writing output of python-single-command-kernel to /data/dataiku/datadir/analysis-data/PROJET_CHURN_BANQUE/thJxdWrU/ensPAIMA/sessions/s1/pp2/train.log
[2026/04/21-20:22:15.875] [MRT-2111] [DEBUG] [dku.remoterun.registry]  - Registering container execution doctor-preprocessing-nas5aev of type DOCTOR_PYTHON
[2026/04/21-20:22:15.875] [MRT-2111] [INFO] [dip.tickets]  - Creating API ticket for analysis-ml-PROJET_CHURN_BANQUE-naS5AEv on behalf of karunakaranrishikaran@gmail.com id=analysis-ml-PROJET_CHURN_BANQUE-naS5AEv_Rjw3cCOXfzVU
[2026/04/21-20:22:15.876] [MRT-2111] [INFO] [dku.containerexec.imageshelper]  - Finding out which image to use for requestedBase=dss-gis-alma9-exec-base-14.4.4:1.0.78 envLang=PYTHON envName=null envVersion=null
[2026/04/21-20:22:15.876] [MRT-2111] [INFO] [dku.containerexec.imageshelper]  - No env, using base
[2026/04/21-20:22:15.879] [MRT-2111] [INFO] [dku.containers.kubernetes]  - Trying to create pod dataiku-exec-doctor-preprocessing-nas5aev, try=1 previousTransientErrors=0 previousQuotaErrors=0 timeSinceStartMS=0
[2026/04/21-20:22:15.880] [MRT-2111] [DEBUG] [dku.containers.kubernetes]  - Pod creation command: kubectl --namespace space-1e09aade-dku-compute create -f /data/dataiku/datadir/analysis-data/PROJET_CHURN_BANQUE/thJxdWrU/ensPAIMA/sessions/s1/pp2/secret.yaml -f /data/dataiku/datadir/analysis-data/PROJET_CHURN_BANQUE/thJxdWrU/ensPAIMA/sessions/s1/pp2/pod.yaml
[2026/04/21-20:22:16.414] [Thread-1760] [DEBUG] [dku.utils]  - Process kubectl done (return code 0)
[2026/04/21-20:22:16.414] [MRT-2111] [INFO] [dku.containers.kubernetes]  - Pod was successfully created
[2026/04/21-20:22:16.415] [MRT-2111] [INFO] [dku.containers.kubernetes]  - Starting to wait for logs to be available
[2026/04/21-20:22:16.415] [MRT-2111] [INFO] [dku.containers.kubernetes]  - Getting pod
[2026/04/21-20:22:16.600] [Thread-1767] [DEBUG] [dku.utils]  - Process kubectl done (return code 0)
[2026/04/21-20:22:17.600] [MRT-2111] [INFO] [dku.containers.kubernetes]  - Pod is now created, waiting for logs fetch to be successful
[2026/04/21-20:22:17.601] [MRT-2111] [INFO] [dku.containers.kubernetes]  - Calling logs on pods/dataiku-exec-doctor-preprocessing-nas5aev
[2026/04/21-20:22:17.824] [Thread-1773] [DEBUG] [dku.utils]  - Process kubectl done (return code 0)
[2026/04/21-20:22:17.825] [MRT-2111] [INFO] [dku.containers.kubernetes]  - Getting logs succeeded, but checking that pod is indeed running
[2026/04/21-20:22:18.028] [Thread-1782] [DEBUG] [dku.utils]  - Process kubectl done (return code 0)
[2026/04/21-20:22:18.029] [MRT-2111] [INFO] [dku.process]  - Starting process (regular)
[2026/04/21-20:22:18.034] [MRT-2111] [INFO] [dku.process]  - Process started with pid=34958
[2026/04/21-20:22:18.085] [MRT-2111] [DEBUG] [dku.resourceusage]  - Reporting start of CRU:{"context":{"type":"ANALYSIS_ML_TRAIN","authIdentifier":"karunakaranrishikaran@gmail.com","projectKey":"PROJET_CHURN_BANQUE","analysisId":"thJxdWrU","mlTaskId":"ensPAIMA","sessionId":"s1"},"type":"SINGLE_K8S_JOB","id":"TA1FyzeNs2Lgr3nc","startTime":1776802935874,"singleK8SJob":{"k8sClusterId":"__builtin__","executionId":"doctor-preprocessing-nas5aev","cpuRequest":1.0,"cpuLimit":1.0,"memoryRequestMB":8192,"memoryLimitMB":8192,"containerConfigName":"vCPU-1-RAM-8GiB"}}
[2026/04/21-20:22:18.086] [KNL-python-single-command-kernel-k8smonitor-2142] [INFO] [dku.ml.kernel]  - Waiting for K8S pod termination
[2026/04/21-20:22:18.087] [KNL-python-single-command-kernel-k8smonitor-2142] [INFO] [dku.containers.kubernetes]  - wait for pod to complete, getting pod status
[2026/04/21-20:22:18.087] [KNL-python-single-command-kernel-k8smonitor-2142] [INFO] [dku.containers.kubernetes]  - Querying status on pod dataiku-exec-doctor-preprocessing-nas5aev- try number 1
[2026/04/21-20:22:18.505] [Thread-1794] [DEBUG] [dku.utils]  - Process kubectl-get-pod done (return code 0)
[2026/04/21-20:22:18.505] [KNL-python-single-command-kernel-k8smonitor-2142] [DEBUG] [dku.containers.kubernetes]  - kubectl get pod OK, out=Running
[2026/04/21-20:22:18.506] [KNL-python-single-command-kernel-k8smonitor-2142] [DEBUG] [dku.containers.kubernetes]  - Kubernetes pod is running
[2026-04-21 20:22:18,364] [1/MainThread] [INFO] [root] Fetching job definition
[2026-04-21 20:22:18,367] [1/MainThread] [DEBUG] [root] Creating HTTP session for internal RPC
[2026-04-21 20:22:18,367] [1/MainThread] [DEBUG] [root] Verifying SSL calls: /home/dataiku/rpc_server_cert.pem
[2026-04-21 20:22:18,369] [1/MainThread] [DEBUG] [urllib3.connectionpool] Starting new HTTPS connection (1): dss-headless-node-56800c84.space-1e09aade-dku.svc.cluster.local:10005
[2026-04-21 20:22:18,488] [1/MainThread] [DEBUG] [urllib3.connectionpool] https://dss-headless-node-56800c84.space-1e09aade-dku.svc.cluster.local:10005 "POST /dip/api/tintercom/containers/get-execution HTTP/1.1" 200 None
[2026-04-21 20:22:18,488] [1/MainThread] [INFO] [root] got exec: {"dssVersion": "14.4.4", "id": "doctor-preprocessing-nas5aev", "projectKey": "PROJET_CHURN_BANQUE", "backendDipHomePath": "/data/dataiku/datadir", "contextPath": "/data/dataiku/datadir/analysis-data/PROJET_CHURN_BANQUE/thJxdWrU/ensPAIMA", "executionPath": "/data/dataiku/datadir/analysis-data/PROJET_CHURN_BANQUE/thJxdWrU/ensPAIMA/sessions/s1/pp2", "resyncPythonCode": false, "type": "DOCTOR_PYTHON", "definition": null, "payload": null, "codeEnvs": [{"lang": "PYTHON", "version": "Latest"}], "envResource": null}
[2026-04-21 20:22:18,488] [1/MainThread] [INFO] [root] Running with DSS code from image
[2026-04-21 20:22:18,489] [1/MainThread] [INFO] [root] Training doctor model
[2026-04-21 20:22:18,489] [1/MainThread] [INFO] [root] Fetching instance libraries
[2026-04-21 20:22:18,496] [1/MainThread] [DEBUG] [urllib3.connectionpool] https://dss-headless-node-56800c84.space-1e09aade-dku.svc.cluster.local:10005 "POST /dip/api/tintercom/containers/get-file HTTP/1.1" 200 None
[2026-04-21 20:22:18,508] [1/MainThread] [INFO] [root] Fetching project libraries
[2026-04-21 20:22:18,588] [1/MainThread] [DEBUG] [urllib3.connectionpool] https://dss-headless-node-56800c84.space-1e09aade-dku.svc.cluster.local:10005 "POST /dip/api/tintercom/containers/get-file HTTP/1.1" 200 12288
[2026-04-21 20:22:18,591] [1/MainThread] [DEBUG] [root] Adding /home/dataiku/lib/project/project-python-libs/PROJET_CHURN_BANQUE/python to Pythonpath
[2026-04-21 20:22:18,591] [1/MainThread] [INFO] [root] running on python 3.9.25 (main, Feb 25 2026, 00:00:00) 
[GCC 11.5.0 20240719 (Red Hat 11.5.0-11)]
[2026-04-21 20:22:18,592] [1/MainThread] [INFO] [root] now using PYTHONPATH: /home/dataiku:/opt/dataiku/python:/home/dataiku/lib/instance:/home/dataiku/lib/project/project-python-libs/PROJET_CHURN_BANQUE/python
[2026-04-21 20:22:18,592] [1/MainThread] [INFO] [root] Running doctor server
[2026-04-21 20:22:18,598] [1/MainThread] [INFO] [root] Running subprocess in PID 23
[2026-04-21 20:22:18,598] [1/Thread-1] [INFO] [root] Start monitoring process 23
[2026-04-21 20:22:19,819] [23/MainThread] [INFO] [root] Launching doctor command server
[2026-04-21 20:22:19,819] [23/MainThread] [INFO] [dataiku.base.socket_block_link] cert found
[2026-04-21 20:22:19,824] [23/MainThread] [INFO] [dataiku.base.socket_block_link] Connecting to dss-headless-node-56800c84.space-1e09aade-dku.svc.cluster.local (10.0.159.212) at port 35959
[2026/04/21-20:22:19.845] [MRT-2111] [INFO] [dku.link.secret_protected]  - Connected to kernel
[2026-04-21 20:22:19,845] [23/MainThread] [INFO] [dataiku.base.socket_block_link] Connected to dss-headless-node-56800c84.space-1e09aade-dku.svc.cluster.local (10.0.159.212) at port 35959
[2026/04/21-20:22:19.846] [MRT-2111] [INFO] [dku.block.link.interaction]  - Execute link command respClazz=true respTypeToken=false respIsString=false is=false asyncInputStream=false os=false
/opt/dataiku/python/dataiku/doctor/posttraining/features_distribution.py:18: DeprecationWarning: Please import `mquantiles` from the `scipy.stats.mstats` namespace; the `scipy.stats.mstats_basic` namespace is deprecated and will be removed in SciPy 2.0.0.
  from scipy.stats.mstats_basic import mquantiles
[2026-04-21 20:22:20,545] [23/MainThread] [INFO] [dataiku.doctor.server] Running analysis command: train_prediction_models_nosave
[2026-04-21 20:22:20,545] [23/MainThread] [INFO] [dataiku.doctor.utils.gpu_execution] Not logging `nvidia-smi`: `useGPU` is False
[2026-04-21 20:22:20,546] [23/MainThread] [INFO] [dataiku.doctor.diagnostics.diagnostics] enabling diagnostic callback: DatasetSanityCheckDiagnostic of type DiagnosticType.ML_DIAGNOSTICS_DATASET_SANITY_CHECKS
[2026-04-21 20:22:20,546] [23/MainThread] [INFO] [dataiku.doctor.diagnostics.diagnostics] enabling diagnostic callback: ClassifierAccuracyCheckDiagnostic of type DiagnosticType.ML_DIAGNOSTICS_MODEL_CHECK
[2026-04-21 20:22:20,546] [23/MainThread] [INFO] [dataiku.doctor.diagnostics.diagnostics] enabling diagnostic callback: RegressionR2CheckDiagnostic of type DiagnosticType.ML_DIAGNOSTICS_MODEL_CHECK
[2026-04-21 20:22:20,546] [23/MainThread] [INFO] [dataiku.doctor.diagnostics.diagnostics] enabling diagnostic callback: LeakageDiagnostic of type DiagnosticType.ML_DIAGNOSTICS_LEAKAGE_DETECTION
[2026-04-21 20:22:20,546] [23/MainThread] [INFO] [dataiku.doctor.diagnostics.diagnostics] enabling diagnostic callback: TreeOverfitDiagnostic of type DiagnosticType.ML_DIAGNOSTICS_TRAINING_OVERFIT
[2026-04-21 20:22:20,546] [23/MainThread] [INFO] [dataiku.doctor.diagnostics.diagnostics] enabling diagnostic callback: MLAssertionsDiagnostic of type DiagnosticType.ML_DIAGNOSTICS_ML_ASSERTIONS
[2026-04-21 20:22:20,546] [23/MainThread] [INFO] [dataiku.doctor.diagnostics.diagnostics] enabling diagnostic callback: ModelCheckDiagnostic of type DiagnosticType.ML_DIAGNOSTICS_MODEL_CHECK
[2026-04-21 20:22:20,546] [23/MainThread] [INFO] [dataiku.doctor.diagnostics.diagnostics] enabling diagnostic callback: AbnormalPredictionsDetectionDiagnostic of type DiagnosticType.ML_DIAGNOSTICS_ABNORMAL_PREDICTIONS_DETECTION
[2026-04-21 20:22:20,546] [23/MainThread] [INFO] [dataiku.doctor.prediction.common] NaN support unavailable: incompatible algorithm LOGISTIC_REGRESSION
[2026-04-21 20:22:20,547] [23/MainThread] [INFO] [dataiku.doctor.commands] PPS is {'feature_selection_params': {'method': 'NONE', 'random_forest_params': {'n_trees': 30, 'depth': 10, 'n_features': 25}, 'lasso_params': {'alpha': [0.01, 0.1, 1.0, 10.0, 100.0], 'cross_validate': True}, 'pca_params': {'n_features': 25, 'variance_proportion': 0.9}, 'ica_params': {'n_components': 25, 'fun': 'logcosh'}, 'correlation_params': {'min_abs_correlation': 0.0, 'max_abs_correlation': 1.0, 'n_features': 25}, 'custom_params': {'code': '# type your code here'}}, 'preprocessingFitSampleRatio': 1.0, 'preprocessingFitSampleSeed': 1337, 'target_remapping': [{'sourceValue': 'false', 'mappedValue': 0, 'sampleFreq': 6769}, {'sourceValue': 'true', 'mappedValue': 1, 'sampleFreq': 3231}], 'skipPreprocessing': False, 'per_feature': {'count': {'generate_derivative': False, 'numerical_handling': 'REGULAR', 'missing_handling': 'IMPUTE', 'missing_impute_with': 'MEAN', 'impute_constant_value': 0.0, 'keep_regular': False, 'rescaling': 'AVGSTD', 'monotonic': 'NONE', 'quantile_bin_nb_bins': 4, 'binarize_threshold_mode': 'MEDIAN', 'binarize_constant_threshold': 0.0, 'datetime_cyclical_periods': [], 'role': 'INPUT', 'type': 'NUMERIC', 'state': {'userModified': False, 'autoModifiedByDSS': False, 'recordedMeaning': 'LongMeaning'}, 'customHandlingCode': '', 'customProcessorWantsMatrix': False, 'sendToInput': 'main'}, 'balance_min_avg': {'generate_derivative': False, 'numerical_handling': 'REGULAR', 'missing_handling': 'IMPUTE', 'missing_impute_with': 'MEAN', 'impute_constant_value': 0.0, 'keep_regular': False, 'rescaling': 'AVGSTD', 'monotonic': 'NONE', 'quantile_bin_nb_bins': 4, 'binarize_threshold_mode': 'MEDIAN', 'binarize_constant_threshold': 0.0, 'datetime_cyclical_periods': [], 'role': 'INPUT', 'type': 'NUMERIC', 'state': {'userModified': False, 'autoModifiedByDSS': False, 'recordedMeaning': 'DoubleMeaning'}, 'customHandlingCode': '', 'customProcessorWantsMatrix': False, 'sendToInput': 'main'}, 'is_churn_max': {'dummy_clip': 'MAX_NB_CATEGORIES', 'cumulative_proportion': 0.95, 'min_samples': 10, 'max_nb_categories': 100, 'max_cat_safety': 200, 'nb_bins_hashing': 1048576, 'hash_whole_categories': True, 'dummy_drop': 'NONE', 'impact_method': 'M_ESTIMATOR', 'impact_m': 10, 'impact_kfold': True, 'impact_kfold_k': 5, 'impact_kfold_seed': 1337, 'ordinal_order': 'COUNT', 'ordinal_ascending': False, 'ordinal_default_mode': 'HIGHEST', 'ordinal_default_value': 0, 'frequency_default_mode': 'EXPLICIT', 'frequency_default_value': 0.0, 'frequency_normalized': True, 'role': 'TARGET', 'type': 'CATEGORY', 'state': {'userModified': False, 'autoModifiedByDSS': False, 'recordedMeaning': 'Boolean'}, 'customHandlingCode': '', 'customProcessorWantsMatrix': False, 'sendToInput': 'main'}, 'balance_avg_avg': {'generate_derivative': False, 'numerical_handling': 'REGULAR', 'missing_handling': 'IMPUTE', 'missing_impute_with': 'MEAN', 'impute_constant_value': 0.0, 'keep_regular': False, 'rescaling': 'AVGSTD', 'monotonic': 'NONE', 'quantile_bin_nb_bins': 4, 'binarize_threshold_mode': 'MEDIAN', 'binarize_constant_threshold': 0.0, 'datetime_cyclical_periods': [], 'role': 'INPUT', 'type': 'NUMERIC', 'state': {'userModified': False, 'autoModifiedByDSS': False, 'recordedMeaning': 'DoubleMeaning'}, 'customHandlingCode': '', 'customProcessorWantsMatrix': False, 'sendToInput': 'main'}, 'customer_id': {'generate_derivative': False, 'impute_constant_value': 0.0, 'keep_regular': False, 'monotonic': 'NONE', 'quantile_bin_nb_bins': 4, 'binarize_threshold_mode': 'MEDIAN', 'binarize_constant_threshold': 0.0, 'datetime_cyclical_periods': [], 'role': 'REJECT', 'type': 'NUMERIC', 'state': {'userModified': False, 'autoModifiedByDSS': False, 'recordedMeaning': 'LongMeaning'}, 'autoReason': 'REJECT_IDENTIFIER', 'customHandlingCode': '', 'customProcessorWantsMatrix': False, 'sendToInput': 'main'}, 'revenue_sum_avg': {'generate_derivative': False, 'numerical_handling': 'REGULAR', 'missing_handling': 'IMPUTE', 'missing_impute_with': 'MEAN', 'impute_constant_value': 0.0, 'keep_regular': False, 'rescaling': 'AVGSTD', 'monotonic': 'NONE', 'quantile_bin_nb_bins': 4, 'binarize_threshold_mode': 'MEDIAN', 'binarize_constant_threshold': 0.0, 'datetime_cyclical_periods': [], 'role': 'INPUT', 'type': 'NUMERIC', 'state': {'userModified': False, 'autoModifiedByDSS': False, 'recordedMeaning': 'DoubleMeaning'}, 'customHandlingCode': '', 'customProcessorWantsMatrix': False, 'sendToInput': 'main'}}, 'reduce': {'enabled': False, 'kept_variance': 0.0}, 'feature_generation': {'pairwise_linear': {'behavior': 'DISABLED'}, 'polynomial_combinations': {'behavior': 'DISABLED'}, 'manual_interactions': {'interactions': []}, 'numericals_clustering': {'k': 0, 'all_features': False, 'input_features': [], 'behavior': 'DISABLED'}, 'categoricals_count_transformer': {'all_features': False, 'input_features': [], 'behavior': 'DISABLED'}, 'shifts': {}, 'windows': [], 'windows_rescale_numericals': False, 'windows_max_categories': 10}}
[2026-04-21 20:22:20,547] [23/MainThread] [INFO] [dataiku.doctor.utils.listener] START -  Loading train set
[2026-04-21 20:22:20,547] [23/MainThread] [INFO] [dataiku.base.folder_context] Fetching file from backend: source='/data/dataiku/datadir/analysis-data/PROJET_CHURN_BANQUE/thJxdWrU/ensPAIMA/sessions/s1/pp2/m1/train_info.json' target='/home/dataiku/cache/analysis-data/PROJET_CHURN_BANQUE/thJxdWrU/ensPAIMA/sessions/s1/pp2/m1/train_info.json'
[2026-04-21 20:22:20,547] [23/MainThread] [INFO] [dataiku.container.file_exchange] Fetching file /data/dataiku/datadir/analysis-data/PROJET_CHURN_BANQUE/thJxdWrU/ensPAIMA/sessions/s1/pp2/m1/train_info.json into /home/dataiku/cache/analysis-data/PROJET_CHURN_BANQUE/thJxdWrU/ensPAIMA/sessions/s1/pp2/m1/train_info.json
[2026-04-21 20:22:20,548] [23/MainThread] [DEBUG] [root] Creating HTTP session for internal RPC
[2026-04-21 20:22:20,548] [23/MainThread] [DEBUG] [root] Verifying SSL calls: /home/dataiku/rpc_server_cert.pem
[2026-04-21 20:22:20,550] [23/MainThread] [DEBUG] [urllib3.connectionpool] Starting new HTTPS connection (1): dss-headless-node-56800c84.space-1e09aade-dku.svc.cluster.local:10005
[2026-04-21 20:22:20,575] [23/MainThread] [DEBUG] [urllib3.connectionpool] https://dss-headless-node-56800c84.space-1e09aade-dku.svc.cluster.local:10005 "POST /dip/api/tintercom/containers/get-file HTTP/1.1" 200 594
[2026-04-21 20:22:20,602] [23/MainThread] [INFO] [dataiku.doctor.utils] Training on platform: {"architecture": ["64bit", "ELF"], "libc": ["glibc", "2.34"], "machine": "x86_64", "kernelRelease": "6.12.68-92.122.amzn2023.x86_64", "kernelVersion": "#1 SMP PREEMPT_DYNAMIC Mon Feb  9 10:43:10 UTC 2026", "platform": "Linux-6.12.68-92.122.amzn2023.x86_64-x86_64-with-glibc2.34", "pythonCompiler": "GCC 11.5.0 20240719 (Red Hat 11.5.0-11)", "pythonImplementation": "CPython", "pythonVersion": "3.9.25", "system": "Linux"}
[2026-04-21 20:22:20,603] [23/MainThread] [INFO] [dataiku.doctor.utils] Training on CPU: {"processor": "0", "vendor_id": "GenuineIntel", "cpu family": "6", "model": "85", "model name": "Intel(R) Xeon(R) Platinum 8175M CPU @ 2.50GHz", "stepping": "4", "microcode": "0x2007006", "cpu MHz": "3103.124", "cache size": "33792 KB", "physical id": "0", "siblings": "8", "core id": "0", "cpu cores": "4", "apicid": "0", "initial apicid": "0", "fpu": "yes", "fpu_exception": "yes", "cpuid level": "13", "wp": "yes", "flags": "fpu vme de pse tsc msr pae mce cx8 apic sep mtrr pge mca cmov pat pse36 clflush mmx fxsr sse sse2 ss ht syscall nx pdpe1gb rdtscp lm constant_tsc rep_good nopl xtopology nonstop_tsc cpuid aperfmperf tsc_known_freq pni pclmulqdq ssse3 fma cx16 pcid sse4_1 sse4_2 x2apic movbe popcnt tsc_deadline_timer aes xsave avx f16c rdrand hypervisor lahf_lm abm 3dnowprefetch cpuid_fault pti fsgsbase tsc_adjust bmi1 avx2 smep bmi2 erms invpcid mpx avx512f avx512dq rdseed adx smap clflushopt clwb avx512cd avx512bw avx512vl xsaveopt xsavec xgetbv1 xsaves ida arat pku ospke", "bugs": "cpu_meltdown spectre_v1 spectre_v2 spec_store_bypass l1tf mds swapgs itlb_multihit mmio_stale_data retbleed gds bhi its", "bogomips": "4999.99", "clflush size": "64", "cache_alignment": "64", "address sizes": "46 bits physical, 48 bits virtual"}
[2026-04-21 20:22:20,631] [23/MainThread] [INFO] [dataiku.doctor.utils] Training with main package versions: {"pandas": "2.2.3", "scikit-learn": "1.5.2", "scipy": "1.13.1", "lightgbm": "4.6.0", "flask": "2.2.5", "itsdangerous": "2.2.0", "jinja2": "3.1.6", "xgboost": "1.7.6", "werkzeug": "3.1.8", "statsmodels": "0.14.6", "pillow": "11.3.0", "markupsafe": "3.0.3", "cloudpickle": "1.5.0"} 
[2026-04-21 20:22:20,631] [23/MainThread] [INFO] [root] Sending /home/dataiku/cache/analysis-data/PROJET_CHURN_BANQUE/thJxdWrU/ensPAIMA/sessions/s1/pp2/m1/train_info.json to /data/dataiku/datadir/analysis-data/PROJET_CHURN_BANQUE/thJxdWrU/ensPAIMA/sessions/s1/pp2/m1/train_info.json
[2026-04-21 20:22:20,633] [23/MainThread] [DEBUG] [urllib3.connectionpool] Resetting dropped connection: dss-headless-node-56800c84.space-1e09aade-dku.svc.cluster.local
[2026-04-21 20:22:20,656] [23/MainThread] [DEBUG] [urllib3.connectionpool] https://dss-headless-node-56800c84.space-1e09aade-dku.svc.cluster.local:10005 "POST /dip/api/tintercom/containers/put-file?executionId=doctor-preprocessing-nas5aev&fileKind=FILTERED_PATHS&path=%2Fdata%2Fdataiku%2Fdatadir%2Fanalysis-data%2FPROJET_CHURN_BANQUE%2FthJxdWrU%2FensPAIMA%2Fsessions%2Fs1%2Fpp2%2Fm1%2Ftrain_info.json&expand=false HTTP/1.1" 200 None
[2026-04-21 20:22:20,657] [23/MainThread] [INFO] [root] Sending /home/dataiku/cache/analysis-data/PROJET_CHURN_BANQUE/thJxdWrU/ensPAIMA/sessions/s1/pp2/m1/train_info.json to /data/dataiku/datadir/analysis-data/PROJET_CHURN_BANQUE/thJxdWrU/ensPAIMA/sessions/s1/pp2/m1/train_info.json
[2026-04-21 20:22:20,660] [23/MainThread] [DEBUG] [urllib3.connectionpool] https://dss-headless-node-56800c84.space-1e09aade-dku.svc.cluster.local:10005 "POST /dip/api/tintercom/containers/put-file?executionId=doctor-preprocessing-nas5aev&fileKind=FILTERED_PATHS&path=%2Fdata%2Fdataiku%2Fdatadir%2Fanalysis-data%2FPROJET_CHURN_BANQUE%2FthJxdWrU%2FensPAIMA%2Fsessions%2Fs1%2Fpp2%2Fm1%2Ftrain_info.json&expand=false HTTP/1.1" 200 None
[2026-04-21 20:22:20,661] [23/MainThread] [INFO] [dataiku.base.folder_context] Fetching file from backend: source='/data/dataiku/datadir/analysis-data/PROJET_CHURN_BANQUE/thJxdWrU/ensPAIMA/splits/train-89187ac91f9ea34e5e35deb83fa1f262-0.csv.gz' target='/home/dataiku/cache/analysis-data/PROJET_CHURN_BANQUE/thJxdWrU/ensPAIMA/splits/train-89187ac91f9ea34e5e35deb83fa1f262-0.csv.gz'
[2026-04-21 20:22:20,661] [23/MainThread] [INFO] [dataiku.container.file_exchange] Fetching file /data/dataiku/datadir/analysis-data/PROJET_CHURN_BANQUE/thJxdWrU/ensPAIMA/splits/train-89187ac91f9ea34e5e35deb83fa1f262-0.csv.gz into /home/dataiku/cache/analysis-data/PROJET_CHURN_BANQUE/thJxdWrU/ensPAIMA/splits/train-89187ac91f9ea34e5e35deb83fa1f262-0.csv.gz
[2026-04-21 20:22:20,664] [23/MainThread] [DEBUG] [urllib3.connectionpool] https://dss-headless-node-56800c84.space-1e09aade-dku.svc.cluster.local:10005 "POST /dip/api/tintercom/containers/get-file HTTP/1.1" 200 360132
[2026-04-21 20:22:20,668] [23/MainThread] [INFO] [root] Reading with dtypes: None
[2026-04-21 20:22:20,668] [23/MainThread] [INFO] [dataiku.doctor.utils] Computed dtype for customer_id: None (schema_type=bigint feature_type=NUMERIC feature_role=REJECT)
[2026-04-21 20:22:20,668] [23/MainThread] [INFO] [dataiku.doctor.utils] Computed dtype for is_churn_max: <class 'numpy.object_'> (schema_type=boolean feature_type=CATEGORY feature_role=TARGET)
[2026-04-21 20:22:20,668] [23/MainThread] [INFO] [dataiku.doctor.utils] Computed dtype for balance_min_avg: <class 'numpy.float64'> (schema_type=double feature_type=NUMERIC feature_role=INPUT)
[2026-04-21 20:22:20,668] [23/MainThread] [INFO] [dataiku.doctor.utils] Computed dtype for balance_avg_avg: <class 'numpy.float64'> (schema_type=double feature_type=NUMERIC feature_role=INPUT)
[2026-04-21 20:22:20,668] [23/MainThread] [INFO] [dataiku.doctor.utils] Computed dtype for revenue_sum_avg: <class 'numpy.float64'> (schema_type=double feature_type=NUMERIC feature_role=INPUT)
[2026-04-21 20:22:20,668] [23/MainThread] [INFO] [dataiku.doctor.utils] Computed dtype for count: <class 'numpy.float64'> (schema_type=bigint feature_type=NUMERIC feature_role=INPUT)
[2026-04-21 20:22:20,668] [23/MainThread] [INFO] [root] Reading with FIXED dtypes: {'is_churn_max': <class 'numpy.object_'>, 'balance_min_avg': <class 'numpy.float64'>, 'balance_avg_avg': <class 'numpy.float64'>, 'revenue_sum_avg': <class 'numpy.float64'>, 'count': <class 'numpy.float64'>}
[2026-04-21 20:22:20,727] [23/MainThread] [INFO] [root] Loaded table
[2026-04-21 20:22:20,727] [23/MainThread] [INFO] [dataiku.doctor.utils] Coercion done
[2026-04-21 20:22:20,727] [23/MainThread] [DEBUG] [dataiku.doctor.diagnostics.diagnostics] calling DatasetSanityCheckDiagnostic.on_load_train_dataset_end()
[2026-04-21 20:22:20,731] [23/MainThread] [DEBUG] [dataiku.doctor.diagnostics.diagnostics] DatasetSanityCheckDiagnostic.on_load_train_dataset_end() generated diagnostics: []
[2026-04-21 20:22:20,731] [23/MainThread] [DEBUG] [dataiku.doctor.diagnostics.diagnostics] calling ClassifierAccuracyCheckDiagnostic.on_load_train_dataset_end()
[2026-04-21 20:22:20,731] [23/MainThread] [DEBUG] [dataiku.doctor.diagnostics.diagnostics] calling RegressionR2CheckDiagnostic.on_load_train_dataset_end()
[2026-04-21 20:22:20,731] [23/MainThread] [DEBUG] [dataiku.doctor.diagnostics.diagnostics] calling LeakageDiagnostic.on_load_train_dataset_end()
[2026-04-21 20:22:20,731] [23/MainThread] [DEBUG] [dataiku.doctor.diagnostics.diagnostics] calling TreeOverfitDiagnostic.on_load_train_dataset_end()
[2026-04-21 20:22:20,731] [23/MainThread] [DEBUG] [dataiku.doctor.diagnostics.diagnostics] calling MLAssertionsDiagnostic.on_load_train_dataset_end()
[2026-04-21 20:22:20,731] [23/MainThread] [DEBUG] [dataiku.doctor.diagnostics.diagnostics] calling ModelCheckDiagnostic.on_load_train_dataset_end()
[2026-04-21 20:22:20,731] [23/MainThread] [DEBUG] [dataiku.doctor.diagnostics.diagnostics] calling AbnormalPredictionsDetectionDiagnostic.on_load_train_dataset_end()
[2026-04-21 20:22:20,731] [23/MainThread] [INFO] [dataiku.doctor.utils.split] Loaded train df: shape=(17872,6)
[2026-04-21 20:22:20,732] [23/MainThread] [INFO] [dataiku.doctor.commands] Train col : customer_id (int64)
[2026-04-21 20:22:20,732] [23/MainThread] [INFO] [dataiku.doctor.commands] Train col : is_churn_max (object)
[2026-04-21 20:22:20,732] [23/MainThread] [INFO] [dataiku.doctor.commands] Train col : balance_min_avg (float64)
[2026-04-21 20:22:20,732] [23/MainThread] [INFO] [dataiku.doctor.commands] Train col : balance_avg_avg (float64)
[2026-04-21 20:22:20,732] [23/MainThread] [INFO] [dataiku.doctor.commands] Train col : revenue_sum_avg (float64)
[2026-04-21 20:22:20,732] [23/MainThread] [INFO] [dataiku.doctor.commands] Train col : count (float64)
[2026-04-21 20:22:20,732] [23/MainThread] [INFO] [dataiku.doctor.utils.listener] END -  Loading train set
[2026-04-21 20:22:20,732] [23/MainThread] [INFO] [dataiku.doctor.utils.listener] START -  Loading test set
[2026-04-21 20:22:20,733] [23/MainThread] [INFO] [root] Sending /home/dataiku/cache/analysis-data/PROJET_CHURN_BANQUE/thJxdWrU/ensPAIMA/sessions/s1/pp2/m1/train_info.json to /data/dataiku/datadir/analysis-data/PROJET_CHURN_BANQUE/thJxdWrU/ensPAIMA/sessions/s1/pp2/m1/train_info.json
[2026-04-21 20:22:20,737] [23/MainThread] [DEBUG] [urllib3.connectionpool] https://dss-headless-node-56800c84.space-1e09aade-dku.svc.cluster.local:10005 "POST /dip/api/tintercom/containers/put-file?executionId=doctor-preprocessing-nas5aev&fileKind=FILTERED_PATHS&path=%2Fdata%2Fdataiku%2Fdatadir%2Fanalysis-data%2FPROJET_CHURN_BANQUE%2FthJxdWrU%2FensPAIMA%2Fsessions%2Fs1%2Fpp2%2Fm1%2Ftrain_info.json&expand=false HTTP/1.1" 200 None
[2026-04-21 20:22:20,737] [23/MainThread] [INFO] [dataiku.base.folder_context] Fetching file from backend: source='/data/dataiku/datadir/analysis-data/PROJET_CHURN_BANQUE/thJxdWrU/ensPAIMA/splits/test-89187ac91f9ea34e5e35deb83fa1f262-0.csv.gz' target='/home/dataiku/cache/analysis-data/PROJET_CHURN_BANQUE/thJxdWrU/ensPAIMA/splits/test-89187ac91f9ea34e5e35deb83fa1f262-0.csv.gz'
[2026-04-21 20:22:20,737] [23/MainThread] [INFO] [dataiku.container.file_exchange] Fetching file /data/dataiku/datadir/analysis-data/PROJET_CHURN_BANQUE/thJxdWrU/ensPAIMA/splits/test-89187ac91f9ea34e5e35deb83fa1f262-0.csv.gz into /home/dataiku/cache/analysis-data/PROJET_CHURN_BANQUE/thJxdWrU/ensPAIMA/splits/test-89187ac91f9ea34e5e35deb83fa1f262-0.csv.gz
[2026-04-21 20:22:20,740] [23/MainThread] [DEBUG] [urllib3.connectionpool] https://dss-headless-node-56800c84.space-1e09aade-dku.svc.cluster.local:10005 "POST /dip/api/tintercom/containers/get-file HTTP/1.1" 200 91115
[2026-04-21 20:22:20,742] [23/MainThread] [INFO] [root] Reading with dtypes: None
[2026-04-21 20:22:20,742] [23/MainThread] [INFO] [dataiku.doctor.utils] Computed dtype for customer_id: None (schema_type=bigint feature_type=NUMERIC feature_role=REJECT)
[2026-04-21 20:22:20,742] [23/MainThread] [INFO] [dataiku.doctor.utils] Computed dtype for is_churn_max: <class 'numpy.object_'> (schema_type=boolean feature_type=CATEGORY feature_role=TARGET)
[2026-04-21 20:22:20,742] [23/MainThread] [INFO] [dataiku.doctor.utils] Computed dtype for balance_min_avg: <class 'numpy.float64'> (schema_type=double feature_type=NUMERIC feature_role=INPUT)
[2026-04-21 20:22:20,742] [23/MainThread] [INFO] [dataiku.doctor.utils] Computed dtype for balance_avg_avg: <class 'numpy.float64'> (schema_type=double feature_type=NUMERIC feature_role=INPUT)
[2026-04-21 20:22:20,742] [23/MainThread] [INFO] [dataiku.doctor.utils] Computed dtype for revenue_sum_avg: <class 'numpy.float64'> (schema_type=double feature_type=NUMERIC feature_role=INPUT)
[2026-04-21 20:22:20,742] [23/MainThread] [INFO] [dataiku.doctor.utils] Computed dtype for count: <class 'numpy.float64'> (schema_type=bigint feature_type=NUMERIC feature_role=INPUT)
[2026-04-21 20:22:20,742] [23/MainThread] [INFO] [root] Reading with FIXED dtypes: {'is_churn_max': <class 'numpy.object_'>, 'balance_min_avg': <class 'numpy.float64'>, 'balance_avg_avg': <class 'numpy.float64'>, 'revenue_sum_avg': <class 'numpy.float64'>, 'count': <class 'numpy.float64'>}
[2026-04-21 20:22:20,755] [23/MainThread] [INFO] [root] Loaded table
[2026-04-21 20:22:20,756] [23/MainThread] [INFO] [dataiku.doctor.utils] Coercion done
[2026-04-21 20:22:20,756] [23/MainThread] [DEBUG] [dataiku.doctor.diagnostics.diagnostics] calling DatasetSanityCheckDiagnostic.on_load_test_dataset_end()
[2026-04-21 20:22:20,757] [23/MainThread] [DEBUG] [dataiku.doctor.diagnostics.diagnostics] DatasetSanityCheckDiagnostic.on_load_test_dataset_end() generated diagnostics: []
[2026-04-21 20:22:20,757] [23/MainThread] [DEBUG] [dataiku.doctor.diagnostics.diagnostics] calling ClassifierAccuracyCheckDiagnostic.on_load_test_dataset_end()
[2026-04-21 20:22:20,757] [23/MainThread] [DEBUG] [dataiku.doctor.diagnostics.diagnostics] calling RegressionR2CheckDiagnostic.on_load_test_dataset_end()
[2026-04-21 20:22:20,757] [23/MainThread] [DEBUG] [dataiku.doctor.diagnostics.diagnostics] calling LeakageDiagnostic.on_load_test_dataset_end()
[2026-04-21 20:22:20,757] [23/MainThread] [DEBUG] [dataiku.doctor.diagnostics.diagnostics] calling TreeOverfitDiagnostic.on_load_test_dataset_end()
[2026-04-21 20:22:20,757] [23/MainThread] [DEBUG] [dataiku.doctor.diagnostics.diagnostics] calling MLAssertionsDiagnostic.on_load_test_dataset_end()
[2026-04-21 20:22:20,757] [23/MainThread] [DEBUG] [dataiku.doctor.diagnostics.diagnostics] calling ModelCheckDiagnostic.on_load_test_dataset_end()
[2026-04-21 20:22:20,757] [23/MainThread] [DEBUG] [dataiku.doctor.diagnostics.diagnostics] calling AbnormalPredictionsDetectionDiagnostic.on_load_test_dataset_end()
[2026-04-21 20:22:20,758] [23/MainThread] [INFO] [dataiku.doctor.utils.split] Loaded test df: shape=(4436,6)
[2026-04-21 20:22:20,758] [23/MainThread] [INFO] [dataiku.doctor.utils.listener] END -  Loading test set
[2026-04-21 20:22:20,758] [23/MainThread] [INFO] [dataiku.doctor.utils.listener] START -  Collecting statistics
[2026-04-21 20:22:20,758] [23/MainThread] [INFO] [root] Sending /home/dataiku/cache/analysis-data/PROJET_CHURN_BANQUE/thJxdWrU/ensPAIMA/sessions/s1/pp2/m1/train_info.json to /data/dataiku/datadir/analysis-data/PROJET_CHURN_BANQUE/thJxdWrU/ensPAIMA/sessions/s1/pp2/m1/train_info.json
[2026-04-21 20:22:20,762] [23/MainThread] [DEBUG] [urllib3.connectionpool] https://dss-headless-node-56800c84.space-1e09aade-dku.svc.cluster.local:10005 "POST /dip/api/tintercom/containers/put-file?executionId=doctor-preprocessing-nas5aev&fileKind=FILTERED_PATHS&path=%2Fdata%2Fdataiku%2Fdatadir%2Fanalysis-data%2FPROJET_CHURN_BANQUE%2FthJxdWrU%2FensPAIMA%2Fsessions%2Fs1%2Fpp2%2Fm1%2Ftrain_info.json&expand=false HTTP/1.1" 200 None
[2026-04-21 20:22:20,762] [23/MainThread] [INFO] [dataiku.doctor.preprocessing_collector] Looking at count... (type=NUMERIC)
[2026-04-21 20:22:20,762] [23/MainThread] [INFO] [dataiku.doctor.preprocessing_collector] Checking series of type: float64 (isM8=False)
[2026-04-21 20:22:20,765] [23/MainThread] [INFO] [dataiku.doctor.preprocessing_collector] Looking at balance_min_avg... (type=NUMERIC)
[2026-04-21 20:22:20,765] [23/MainThread] [INFO] [dataiku.doctor.preprocessing_collector] Checking series of type: float64 (isM8=False)
[2026-04-21 20:22:20,767] [23/MainThread] [INFO] [dataiku.doctor.preprocessing_collector] Looking at is_churn_max... (type=CATEGORY)
[2026-04-21 20:22:20,767] [23/MainThread] [INFO] [dataiku.doctor.preprocessing_collector] Looking at balance_avg_avg... (type=NUMERIC)
[2026-04-21 20:22:20,768] [23/MainThread] [INFO] [dataiku.doctor.preprocessing_collector] Checking series of type: float64 (isM8=False)
[2026-04-21 20:22:20,770] [23/MainThread] [INFO] [dataiku.doctor.preprocessing_collector] Looking at customer_id... (type=NUMERIC)
[2026-04-21 20:22:20,770] [23/MainThread] [INFO] [dataiku.doctor.preprocessing_collector] Looking at revenue_sum_avg... (type=NUMERIC)
[2026-04-21 20:22:20,770] [23/MainThread] [INFO] [dataiku.doctor.preprocessing_collector] Checking series of type: float64 (isM8=False)
[2026-04-21 20:22:20,772] [23/MainThread] [INFO] [dataiku.doctor.preprocessing_handler] generating interactions
[2026-04-21 20:22:20,772] [23/MainThread] [INFO] [dataiku.doctor.preprocessing_handler] {'feature_selection_params': {'method': 'NONE', 'random_forest_params': {'n_trees': 30, 'depth': 10, 'n_features': 25}, 'lasso_params': {'alpha': [0.01, 0.1, 1.0, 10.0, 100.0], 'cross_validate': True}, 'pca_params': {'n_features': 25, 'variance_proportion': 0.9}, 'ica_params': {'n_components': 25, 'fun': 'logcosh'}, 'correlation_params': {'min_abs_correlation': 0.0, 'max_abs_correlation': 1.0, 'n_features': 25}, 'custom_params': {'code': '# type your code here'}}, 'preprocessingFitSampleRatio': 1.0, 'preprocessingFitSampleSeed': 1337, 'target_remapping': [{'sourceValue': 'false', 'mappedValue': 0, 'sampleFreq': 6769}, {'sourceValue': 'true', 'mappedValue': 1, 'sampleFreq': 3231}], 'skipPreprocessing': False, 'per_feature': {'count': {'generate_derivative': False, 'numerical_handling': 'REGULAR', 'missing_handling': 'IMPUTE', 'missing_impute_with': 'MEAN', 'impute_constant_value': 0.0, 'keep_regular': False, 'rescaling': 'AVGSTD', 'monotonic': 'NONE', 'quantile_bin_nb_bins': 4, 'binarize_threshold_mode': 'MEDIAN', 'binarize_constant_threshold': 0.0, 'datetime_cyclical_periods': [], 'role': 'INPUT', 'type': 'NUMERIC', 'state': {'userModified': False, 'autoModifiedByDSS': False, 'recordedMeaning': 'LongMeaning'}, 'customHandlingCode': '', 'customProcessorWantsMatrix': False, 'sendToInput': 'main'}, 'balance_min_avg': {'generate_derivative': False, 'numerical_handling': 'REGULAR', 'missing_handling': 'IMPUTE', 'missing_impute_with': 'MEAN', 'impute_constant_value': 0.0, 'keep_regular': False, 'rescaling': 'AVGSTD', 'monotonic': 'NONE', 'quantile_bin_nb_bins': 4, 'binarize_threshold_mode': 'MEDIAN', 'binarize_constant_threshold': 0.0, 'datetime_cyclical_periods': [], 'role': 'INPUT', 'type': 'NUMERIC', 'state': {'userModified': False, 'autoModifiedByDSS': False, 'recordedMeaning': 'DoubleMeaning'}, 'customHandlingCode': '', 'customProcessorWantsMatrix': False, 'sendToInput': 'main'}, 'is_churn_max': {'dummy_clip': 'MAX_NB_CATEGORIES', 'cumulative_proportion': 0.95, 'min_samples': 10, 'max_nb_categories': 100, 'max_cat_safety': 200, 'nb_bins_hashing': 1048576, 'hash_whole_categories': True, 'dummy_drop': 'NONE', 'impact_method': 'M_ESTIMATOR', 'impact_m': 10, 'impact_kfold': True, 'impact_kfold_k': 5, 'impact_kfold_seed': 1337, 'ordinal_order': 'COUNT', 'ordinal_ascending': False, 'ordinal_default_mode': 'HIGHEST', 'ordinal_default_value': 0, 'frequency_default_mode': 'EXPLICIT', 'frequency_default_value': 0.0, 'frequency_normalized': True, 'role': 'TARGET', 'type': 'CATEGORY', 'state': {'userModified': False, 'autoModifiedByDSS': False, 'recordedMeaning': 'Boolean'}, 'customHandlingCode': '', 'customProcessorWantsMatrix': False, 'sendToInput': 'main'}, 'balance_avg_avg': {'generate_derivative': False, 'numerical_handling': 'REGULAR', 'missing_handling': 'IMPUTE', 'missing_impute_with': 'MEAN', 'impute_constant_value': 0.0, 'keep_regular': False, 'rescaling': 'AVGSTD', 'monotonic': 'NONE', 'quantile_bin_nb_bins': 4, 'binarize_threshold_mode': 'MEDIAN', 'binarize_constant_threshold': 0.0, 'datetime_cyclical_periods': [], 'role': 'INPUT', 'type': 'NUMERIC', 'state': {'userModified': False, 'autoModifiedByDSS': False, 'recordedMeaning': 'DoubleMeaning'}, 'customHandlingCode': '', 'customProcessorWantsMatrix': False, 'sendToInput': 'main'}, 'customer_id': {'generate_derivative': False, 'impute_constant_value': 0.0, 'keep_regular': False, 'monotonic': 'NONE', 'quantile_bin_nb_bins': 4, 'binarize_threshold_mode': 'MEDIAN', 'binarize_constant_threshold': 0.0, 'datetime_cyclical_periods': [], 'role': 'REJECT', 'type': 'NUMERIC', 'state': {'userModified': False, 'autoModifiedByDSS': False, 'recordedMeaning': 'LongMeaning'}, 'autoReason': 'REJECT_IDENTIFIER', 'customHandlingCode': '', 'customProcessorWantsMatrix': False, 'sendToInput': 'main'}, 'revenue_sum_avg': {'generate_derivative': False, 'numerical_handling': 'REGULAR', 'missing_handling': 'IMPUTE', 'missing_impute_with': 'MEAN', 'impute_constant_value': 0.0, 'keep_regular': False, 'rescaling': 'AVGSTD', 'monotonic': 'NONE', 'quantile_bin_nb_bins': 4, 'binarize_threshold_mode': 'MEDIAN', 'binarize_constant_threshold': 0.0, 'datetime_cyclical_periods': [], 'role': 'INPUT', 'type': 'NUMERIC', 'state': {'userModified': False, 'autoModifiedByDSS': False, 'recordedMeaning': 'DoubleMeaning'}, 'customHandlingCode': '', 'customProcessorWantsMatrix': False, 'sendToInput': 'main'}}, 'reduce': {'enabled': False, 'kept_variance': 0.0}, 'feature_generation': {'pairwise_linear': {'behavior': 'DISABLED'}, 'polynomial_combinations': {'behavior': 'DISABLED'}, 'manual_interactions': {'interactions': []}, 'numericals_clustering': {'k': 0, 'all_features': False, 'input_features': [], 'behavior': 'DISABLED'}, 'categoricals_count_transformer': {'all_features': False, 'input_features': [], 'behavior': 'DISABLED'}, 'shifts': {}, 'windows': [], 'windows_rescale_numericals': False, 'windows_max_categories': 10}}
[2026-04-21 20:22:20,773] [23/MainThread] [INFO] [dataiku.doctor.preprocessing_handler] No feature selection to perform
[2026-04-21 20:22:20,773] [23/MainThread] [INFO] [dataiku.base.folder_context] Fetching file from backend: source='/data/dataiku/datadir/analysis-data/PROJET_CHURN_BANQUE/thJxdWrU/ensPAIMA/sessions/s1/pp2/imputed.json' target='/home/dataiku/cache/analysis-data/PROJET_CHURN_BANQUE/thJxdWrU/ensPAIMA/sessions/s1/pp2/imputed.json'
[2026-04-21 20:22:20,773] [23/MainThread] [INFO] [dataiku.container.file_exchange] Fetching file /data/dataiku/datadir/analysis-data/PROJET_CHURN_BANQUE/thJxdWrU/ensPAIMA/sessions/s1/pp2/imputed.json into /home/dataiku/cache/analysis-data/PROJET_CHURN_BANQUE/thJxdWrU/ensPAIMA/sessions/s1/pp2/imputed.json
[2026-04-21 20:22:20,776] [23/MainThread] [DEBUG] [urllib3.connectionpool] https://dss-headless-node-56800c84.space-1e09aade-dku.svc.cluster.local:10005 "POST /dip/api/tintercom/containers/get-file HTTP/1.1" 404 810
[2026-04-21 20:22:20,776] [23/MainThread] [WARNING] [dataiku.container.file_exchange] Could not fetch file /data/dataiku/datadir/analysis-data/PROJET_CHURN_BANQUE/thJxdWrU/ensPAIMA/sessions/s1/pp2/imputed.json, not found
[2026-04-21 20:22:20,777] [23/MainThread] [INFO] [dataiku.base.folder_context] Fetching file from backend: source='/data/dataiku/datadir/analysis-data/PROJET_CHURN_BANQUE/thJxdWrU/ensPAIMA/sessions/s1/pp2/rescalers.json' target='/home/dataiku/cache/analysis-data/PROJET_CHURN_BANQUE/thJxdWrU/ensPAIMA/sessions/s1/pp2/rescalers.json'
[2026-04-21 20:22:20,777] [23/MainThread] [INFO] [dataiku.container.file_exchange] Fetching file /data/dataiku/datadir/analysis-data/PROJET_CHURN_BANQUE/thJxdWrU/ensPAIMA/sessions/s1/pp2/rescalers.json into /home/dataiku/cache/analysis-data/PROJET_CHURN_BANQUE/thJxdWrU/ensPAIMA/sessions/s1/pp2/rescalers.json
[2026-04-21 20:22:20,778] [23/MainThread] [DEBUG] [urllib3.connectionpool] Starting new HTTPS connection (2): dss-headless-node-56800c84.space-1e09aade-dku.svc.cluster.local:10005
[2026-04-21 20:22:20,800] [23/MainThread] [DEBUG] [urllib3.connectionpool] https://dss-headless-node-56800c84.space-1e09aade-dku.svc.cluster.local:10005 "POST /dip/api/tintercom/containers/get-file HTTP/1.1" 404 816
[2026-04-21 20:22:20,801] [23/MainThread] [WARNING] [dataiku.container.file_exchange] Could not fetch file /data/dataiku/datadir/analysis-data/PROJET_CHURN_BANQUE/thJxdWrU/ensPAIMA/sessions/s1/pp2/rescalers.json, not found
[2026-04-21 20:22:20,801] [23/MainThread] [INFO] [dataiku.doctor.utils.listener] END -  Collecting statistics
[2026-04-21 20:22:20,801] [23/MainThread] [INFO] [dataiku.doctor.utils.listener] START -  Preprocessing train set
[2026-04-21 20:22:20,802] [23/MainThread] [INFO] [root] Sending /home/dataiku/cache/analysis-data/PROJET_CHURN_BANQUE/thJxdWrU/ensPAIMA/sessions/s1/pp2/m1/train_info.json to /data/dataiku/datadir/analysis-data/PROJET_CHURN_BANQUE/thJxdWrU/ensPAIMA/sessions/s1/pp2/m1/train_info.json
[2026-04-21 20:22:20,803] [23/MainThread] [DEBUG] [urllib3.connectionpool] Starting new HTTPS connection (3): dss-headless-node-56800c84.space-1e09aade-dku.svc.cluster.local:10005
[2026-04-21 20:22:20,835] [23/MainThread] [DEBUG] [urllib3.connectionpool] https://dss-headless-node-56800c84.space-1e09aade-dku.svc.cluster.local:10005 "POST /dip/api/tintercom/containers/put-file?executionId=doctor-preprocessing-nas5aev&fileKind=FILTERED_PATHS&path=%2Fdata%2Fdataiku%2Fdatadir%2Fanalysis-data%2FPROJET_CHURN_BANQUE%2FthJxdWrU%2FensPAIMA%2Fsessions%2Fs1%2Fpp2%2Fm1%2Ftrain_info.json&expand=false HTTP/1.1" 200 None
[2026-04-21 20:22:20,835] [23/MainThread] [INFO] [dataiku.doctor.multiframe] Set MF index len 17872
[2026-04-21 20:22:20,835] [23/MainThread] [DEBUG] [dku.ml.preprocessing] FIT/PROCESS WITH Step:RemapValueToOutput
[2026-04-21 20:22:20,838] [23/MainThread] [DEBUG] [dku.ml.preprocessing] FIT/PROCESS WITH Step:MultipleImputeMissingFromInput
[2026-04-21 20:22:20,838] [23/MainThread] [DEBUG] [dku.ml.preprocessing] MIMIFI: Imputing with map {'count': 2.4552931960608775, 'balance_min_avg': 8132.268697746837, 'balance_avg_avg': 11223.687274500806, 'revenue_sum_avg': 89.49772659659985}
[2026-04-21 20:22:20,840] [23/MainThread] [DEBUG] [dku.ml.preprocessing] FIT/PROCESS WITH Step:MultipleImputeMissingFromInput
[2026-04-21 20:22:20,840] [23/MainThread] [DEBUG] [dku.ml.preprocessing] MIMIFI: Imputing with map {}
[2026-04-21 20:22:20,840] [23/MainThread] [DEBUG] [dku.ml.preprocessing] FIT/PROCESS WITH Step:RescalingProcessor2 (count)
[2026-04-21 20:22:20,841] [23/MainThread] [DEBUG] [dku.ml.preprocessing]   Rescale count (avg=2.4552931960608775 std=1.4217563220600835 shift=2.4552931960608775 inv_scale=0.7033554094213762 nulls=0)
[2026-04-21 20:22:20,842] [23/MainThread] [DEBUG] [dku.ml.preprocessing] FIT/PROCESS WITH Step:RescalingProcessor2 (balance_min_avg)
[2026-04-21 20:22:20,842] [23/MainThread] [DEBUG] [dku.ml.preprocessing]   Rescale balance_min_avg (avg=8132.268697746837 std=27102.627793818603 shift=8132.268697746837 inv_scale=3.6860642723083166e-05 nulls=0)
[2026-04-21 20:22:20,843] [23/MainThread] [DEBUG] [dku.ml.preprocessing] FIT/PROCESS WITH Step:RescalingProcessor2 (balance_avg_avg)
[2026-04-21 20:22:20,843] [23/MainThread] [DEBUG] [dku.ml.preprocessing]   Rescale balance_avg_avg (avg=11223.687274500806 std=27418.313489024098 shift=11223.687274500806 inv_scale=3.64362410680209e-05 nulls=0)
[2026-04-21 20:22:20,844] [23/MainThread] [DEBUG] [dku.ml.preprocessing] FIT/PROCESS WITH Step:RescalingProcessor2 (revenue_sum_avg)
[2026-04-21 20:22:20,844] [23/MainThread] [DEBUG] [dku.ml.preprocessing]   Rescale revenue_sum_avg (avg=89.49772659659983 std=146.7082062220202 shift=89.49772659659985 inv_scale=0.006745127911672814 nulls=0)
[2026-04-21 20:22:20,845] [23/MainThread] [DEBUG] [dku.ml.preprocessing] FIT/PROCESS WITH Step:FlushDFBuilder(num_flagonly)
[2026-04-21 20:22:20,845] [23/MainThread] [DEBUG] [dku.ml.preprocessing] FIT/PROCESS WITH Step:FlushDFBuilder(datetime_cyclical)
[2026-04-21 20:22:20,845] [23/MainThread] [DEBUG] [dku.ml.preprocessing] FIT/PROCESS WITH Step:MultipleImputeMissingFromInput
[2026-04-21 20:22:20,845] [23/MainThread] [DEBUG] [dku.ml.preprocessing] MIMIFI: Imputing with map {}
[2026-04-21 20:22:20,845] [23/MainThread] [DEBUG] [dku.ml.preprocessing] FIT/PROCESS WITH Step:FlushDFBuilder(cat_flagpresence)
[2026-04-21 20:22:20,845] [23/MainThread] [DEBUG] [dku.ml.preprocessing] FIT/PROCESS WITH Step:MultipleImputeMissingFromInput
[2026-04-21 20:22:20,845] [23/MainThread] [DEBUG] [dku.ml.preprocessing] MIMIFI: Imputing with map {}
[2026-04-21 20:22:20,845] [23/MainThread] [DEBUG] [dku.ml.preprocessing] FIT/PROCESS WITH Step:MultipleImputeMissingFromInput
[2026-04-21 20:22:20,846] [23/MainThread] [DEBUG] [dku.ml.preprocessing] MIMIFI: Imputing with map {}
[2026-04-21 20:22:20,846] [23/MainThread] [DEBUG] [dku.ml.preprocessing] FIT/PROCESS WITH Step:FlushDFBuilder(interaction)
[2026-04-21 20:22:20,846] [23/MainThread] [DEBUG] [dku.ml.preprocessing] FIT/PROCESS WITH Step:RealignTarget
[2026-04-21 20:22:20,846] [23/MainThread] [DEBUG] [dku.ml.preprocessing] Realign target series = (17872,)
[2026-04-21 20:22:20,846] [23/MainThread] [DEBUG] [dku.ml.preprocessing] After realign target: (17872,)
[2026-04-21 20:22:20,846] [23/MainThread] [DEBUG] [dku.ml.preprocessing] FIT/PROCESS WITH Step:DropRowsWhereNoTarget
[2026-04-21 20:22:20,847] [23/MainThread] [DEBUG] [dku.ml.preprocessing] Deleting 0 rows because one of ['target'] is missing or infinity
[2026-04-21 20:22:20,847] [23/MainThread] [DEBUG] [dku.ml.preprocessing] MF before = (17872, 4)
[2026-04-21 20:22:20,847] [23/MainThread] [DEBUG] [dku.ml.preprocessing] target before = (17872,)
[2026-04-21 20:22:20,848] [23/MainThread] [INFO] [dataiku.doctor.multiframe] MultiFrame, dropping rows: []
[2026-04-21 20:22:20,854] [23/MainThread] [DEBUG] [dku.ml.preprocessing] After DRWNT input_df=(17872, 6)
[2026-04-21 20:22:20,854] [23/MainThread] [DEBUG] [dku.ml.preprocessing] MF after = (17872, 4)
[2026-04-21 20:22:20,854] [23/MainThread] [DEBUG] [dku.ml.preprocessing] target after = (17872,)
[2026-04-21 20:22:20,854] [23/MainThread] [DEBUG] [dku.ml.preprocessing] FIT/PROCESS WITH Step:DumpPipelineState
[2026-04-21 20:22:20,854] [23/MainThread] [DEBUG] [dku.ml.preprocessing] ********* Pipeline state (Before feature selection)
[2026-04-21 20:22:20,854] [23/MainThread] [DEBUG] [dku.ml.preprocessing]    input_df= (17872, 6) 
[2026-04-21 20:22:20,854] [23/MainThread] [DEBUG] [dku.ml.preprocessing]    current_mf=(17872, 4) 
[2026-04-21 20:22:20,854] [23/MainThread] [DEBUG] [dku.ml.preprocessing]    PPR: 
[2026-04-21 20:22:20,854] [23/MainThread] [DEBUG] [dku.ml.preprocessing]       target = <class 'pandas.core.series.Series'> ((17872,))
[2026-04-21 20:22:20,854] [23/MainThread] [DEBUG] [dku.ml.preprocessing] FIT/PROCESS WITH Step:EmitCurrentMFAsResult
[2026-04-21 20:22:20,854] [23/MainThread] [INFO] [dataiku.doctor.multiframe] Set MF index len 17872
[2026-04-21 20:22:20,854] [23/MainThread] [DEBUG] [dku.ml.preprocessing] FIT/PROCESS WITH Step:DumpPipelineState
[2026-04-21 20:22:20,854] [23/MainThread] [DEBUG] [dku.ml.preprocessing] ********* Pipeline state (At end)
[2026-04-21 20:22:20,854] [23/MainThread] [DEBUG] [dku.ml.preprocessing]    input_df= (17872, 6) 
[2026-04-21 20:22:20,854] [23/MainThread] [DEBUG] [dku.ml.preprocessing]    current_mf=(0, 0) 
[2026-04-21 20:22:20,854] [23/MainThread] [DEBUG] [dku.ml.preprocessing]    PPR: 
[2026-04-21 20:22:20,854] [23/MainThread] [DEBUG] [dku.ml.preprocessing]       target = <class 'pandas.core.series.Series'> ((17872,))
[2026-04-21 20:22:20,854] [23/MainThread] [DEBUG] [dku.ml.preprocessing]       TRAIN = <class 'dataiku.doctor.multiframe.MultiFrame'> ((17872, 4))
[2026-04-21 20:22:20,855] [23/MainThread] [DEBUG] [dku.ml.preprocessing]       UNPROCESSED = <class 'pandas.core.frame.DataFrame'> ((17872, 6))
[2026-04-21 20:22:20,855] [23/MainThread] [DEBUG] [dataiku.doctor.diagnostics.diagnostics] calling DatasetSanityCheckDiagnostic.on_preprocess_train_dataset_end()
[2026-04-21 20:22:20,855] [23/MainThread] [DEBUG] [dataiku.doctor.diagnostics.diagnostics] calling ClassifierAccuracyCheckDiagnostic.on_preprocess_train_dataset_end()
[2026-04-21 20:22:20,855] [23/MainThread] [DEBUG] [dataiku.doctor.diagnostics.diagnostics] calling RegressionR2CheckDiagnostic.on_preprocess_train_dataset_end()
[2026-04-21 20:22:20,855] [23/MainThread] [DEBUG] [dataiku.doctor.diagnostics.diagnostics] calling LeakageDiagnostic.on_preprocess_train_dataset_end()
[2026-04-21 20:22:20,855] [23/MainThread] [DEBUG] [dataiku.doctor.diagnostics.diagnostics] calling TreeOverfitDiagnostic.on_preprocess_train_dataset_end()
[2026-04-21 20:22:20,855] [23/MainThread] [DEBUG] [dataiku.doctor.diagnostics.diagnostics] calling MLAssertionsDiagnostic.on_preprocess_train_dataset_end()
[2026-04-21 20:22:20,855] [23/MainThread] [DEBUG] [dataiku.doctor.diagnostics.diagnostics] calling ModelCheckDiagnostic.on_preprocess_train_dataset_end()
[2026-04-21 20:22:20,855] [23/MainThread] [INFO] [dataiku.doctor.diagnostics.modeling_parameters] train multiframe initial size: 17872
[2026-04-21 20:22:20,855] [23/MainThread] [DEBUG] [dataiku.doctor.diagnostics.diagnostics] ModelCheckDiagnostic.on_preprocess_train_dataset_end() generated diagnostics: []
[2026-04-21 20:22:20,855] [23/MainThread] [DEBUG] [dataiku.doctor.diagnostics.diagnostics] calling AbnormalPredictionsDetectionDiagnostic.on_preprocess_train_dataset_end()
[2026-04-21 20:22:20,856] [23/MainThread] [INFO] [root] Sending /home/dataiku/cache/analysis-data/PROJET_CHURN_BANQUE/thJxdWrU/ensPAIMA/sessions/s1/pp2/collector_data.json to /data/dataiku/datadir/analysis-data/PROJET_CHURN_BANQUE/thJxdWrU/ensPAIMA/sessions/s1/pp2/collector_data.json
[2026-04-21 20:22:20,859] [23/MainThread] [DEBUG] [urllib3.connectionpool] https://dss-headless-node-56800c84.space-1e09aade-dku.svc.cluster.local:10005 "POST /dip/api/tintercom/containers/put-file?executionId=doctor-preprocessing-nas5aev&fileKind=FILTERED_PATHS&path=%2Fdata%2Fdataiku%2Fdatadir%2Fanalysis-data%2FPROJET_CHURN_BANQUE%2FthJxdWrU%2FensPAIMA%2Fsessions%2Fs1%2Fpp2%2Fcollector_data.json&expand=false HTTP/1.1" 200 None
[2026-04-21 20:22:20,860] [23/MainThread] [INFO] [root] Sending /home/dataiku/cache/analysis-data/PROJET_CHURN_BANQUE/thJxdWrU/ensPAIMA/sessions/s1/pp2/imputed.json to /data/dataiku/datadir/analysis-data/PROJET_CHURN_BANQUE/thJxdWrU/ensPAIMA/sessions/s1/pp2/imputed.json
[2026-04-21 20:22:20,863] [23/MainThread] [DEBUG] [urllib3.connectionpool] https://dss-headless-node-56800c84.space-1e09aade-dku.svc.cluster.local:10005 "POST /dip/api/tintercom/containers/put-file?executionId=doctor-preprocessing-nas5aev&fileKind=FILTERED_PATHS&path=%2Fdata%2Fdataiku%2Fdatadir%2Fanalysis-data%2FPROJET_CHURN_BANQUE%2FthJxdWrU%2FensPAIMA%2Fsessions%2Fs1%2Fpp2%2Fimputed.json&expand=false HTTP/1.1" 200 None
[2026-04-21 20:22:20,864] [23/MainThread] [INFO] [root] Sending /home/dataiku/cache/analysis-data/PROJET_CHURN_BANQUE/thJxdWrU/ensPAIMA/sessions/s1/pp2/rescalers.json to /data/dataiku/datadir/analysis-data/PROJET_CHURN_BANQUE/thJxdWrU/ensPAIMA/sessions/s1/pp2/rescalers.json
[2026-04-21 20:22:20,866] [23/MainThread] [DEBUG] [urllib3.connectionpool] https://dss-headless-node-56800c84.space-1e09aade-dku.svc.cluster.local:10005 "POST /dip/api/tintercom/containers/put-file?executionId=doctor-preprocessing-nas5aev&fileKind=FILTERED_PATHS&path=%2Fdata%2Fdataiku%2Fdatadir%2Fanalysis-data%2FPROJET_CHURN_BANQUE%2FthJxdWrU%2FensPAIMA%2Fsessions%2Fs1%2Fpp2%2Frescalers.json&expand=false HTTP/1.1" 200 None
[2026-04-21 20:22:20,867] [23/MainThread] [INFO] [root] Sending /home/dataiku/cache/analysis-data/PROJET_CHURN_BANQUE/thJxdWrU/ensPAIMA/sessions/s1/pp2/preprocessing_report.json to /data/dataiku/datadir/analysis-data/PROJET_CHURN_BANQUE/thJxdWrU/ensPAIMA/sessions/s1/pp2/preprocessing_report.json
[2026-04-21 20:22:20,870] [23/MainThread] [DEBUG] [urllib3.connectionpool] https://dss-headless-node-56800c84.space-1e09aade-dku.svc.cluster.local:10005 "POST /dip/api/tintercom/containers/put-file?executionId=doctor-preprocessing-nas5aev&fileKind=FILTERED_PATHS&path=%2Fdata%2Fdataiku%2Fdatadir%2Fanalysis-data%2FPROJET_CHURN_BANQUE%2FthJxdWrU%2FensPAIMA%2Fsessions%2Fs1%2Fpp2%2Fpreprocessing_report.json&expand=false HTTP/1.1" 200 None
[2026-04-21 20:22:20,870] [23/MainThread] [INFO] [dataiku.doctor.utils.listener] END -  Preprocessing train set
[2026-04-21 20:22:20,870] [23/MainThread] [INFO] [dataiku.doctor.utils.listener] START -  Preprocessing test set
[2026-04-21 20:22:20,871] [23/MainThread] [INFO] [root] Sending /home/dataiku/cache/analysis-data/PROJET_CHURN_BANQUE/thJxdWrU/ensPAIMA/sessions/s1/pp2/m1/train_info.json to /data/dataiku/datadir/analysis-data/PROJET_CHURN_BANQUE/thJxdWrU/ensPAIMA/sessions/s1/pp2/m1/train_info.json
[2026-04-21 20:22:20,874] [23/MainThread] [DEBUG] [urllib3.connectionpool] https://dss-headless-node-56800c84.space-1e09aade-dku.svc.cluster.local:10005 "POST /dip/api/tintercom/containers/put-file?executionId=doctor-preprocessing-nas5aev&fileKind=FILTERED_PATHS&path=%2Fdata%2Fdataiku%2Fdatadir%2Fanalysis-data%2FPROJET_CHURN_BANQUE%2FthJxdWrU%2FensPAIMA%2Fsessions%2Fs1%2Fpp2%2Fm1%2Ftrain_info.json&expand=false HTTP/1.1" 200 None
[2026-04-21 20:22:20,874] [23/MainThread] [INFO] [dataiku.doctor.multiframe] Set MF index len 4436
[2026-04-21 20:22:20,875] [23/MainThread] [DEBUG] [dku.ml.preprocessing] PROCESS WITH Step:RemapValueToOutput
[2026-04-21 20:22:20,876] [23/MainThread] [DEBUG] [dku.ml.preprocessing] PROCESS WITH Step:MultipleImputeMissingFromInput
[2026-04-21 20:22:20,876] [23/MainThread] [DEBUG] [dku.ml.preprocessing] MIMIFI: Imputing with map {'count': 2.4552931960608775, 'balance_min_avg': 8132.268697746837, 'balance_avg_avg': 11223.687274500806, 'revenue_sum_avg': 89.49772659659985}
[2026-04-21 20:22:20,877] [23/MainThread] [DEBUG] [dku.ml.preprocessing] PROCESS WITH Step:MultipleImputeMissingFromInput
[2026-04-21 20:22:20,877] [23/MainThread] [DEBUG] [dku.ml.preprocessing] MIMIFI: Imputing with map {}
[2026-04-21 20:22:20,877] [23/MainThread] [DEBUG] [dku.ml.preprocessing] PROCESS WITH Step:RescalingProcessor2 (count)
[2026-04-21 20:22:20,878] [23/MainThread] [DEBUG] [dku.ml.preprocessing]   Rescale count (avg=2.4479260595130747 std=1.3878983259553854 shift=2.4552931960608775 inv_scale=0.7033554094213762 nulls=0)
[2026-04-21 20:22:20,878] [23/MainThread] [DEBUG] [dku.ml.preprocessing] PROCESS WITH Step:RescalingProcessor2 (balance_min_avg)
[2026-04-21 20:22:20,879] [23/MainThread] [DEBUG] [dku.ml.preprocessing]   Rescale balance_min_avg (avg=8367.604489353267 std=28759.73003494958 shift=8132.268697746837 inv_scale=3.6860642723083166e-05 nulls=0)
[2026-04-21 20:22:20,879] [23/MainThread] [DEBUG] [dku.ml.preprocessing] PROCESS WITH Step:RescalingProcessor2 (balance_avg_avg)
[2026-04-21 20:22:20,880] [23/MainThread] [DEBUG] [dku.ml.preprocessing]   Rescale balance_avg_avg (avg=11504.761690154324 std=29064.405465377782 shift=11223.687274500806 inv_scale=3.64362410680209e-05 nulls=0)
[2026-04-21 20:22:20,880] [23/MainThread] [DEBUG] [dku.ml.preprocessing] PROCESS WITH Step:RescalingProcessor2 (revenue_sum_avg)
[2026-04-21 20:22:20,881] [23/MainThread] [DEBUG] [dku.ml.preprocessing]   Rescale revenue_sum_avg (avg=87.68909814386237 std=139.10607790416412 shift=89.49772659659985 inv_scale=0.006745127911672814 nulls=0)
[2026-04-21 20:22:20,881] [23/MainThread] [DEBUG] [dku.ml.preprocessing] PROCESS WITH Step:FlushDFBuilder(num_flagonly)
[2026-04-21 20:22:20,881] [23/MainThread] [DEBUG] [dku.ml.preprocessing] PROCESS WITH Step:FlushDFBuilder(datetime_cyclical)
[2026-04-21 20:22:20,881] [23/MainThread] [DEBUG] [dku.ml.preprocessing] PROCESS WITH Step:MultipleImputeMissingFromInput
[2026-04-21 20:22:20,881] [23/MainThread] [DEBUG] [dku.ml.preprocessing] MIMIFI: Imputing with map {}
[2026-04-21 20:22:20,881] [23/MainThread] [DEBUG] [dku.ml.preprocessing] PROCESS WITH Step:FlushDFBuilder(cat_flagpresence)
[2026-04-21 20:22:20,881] [23/MainThread] [DEBUG] [dku.ml.preprocessing] PROCESS WITH Step:MultipleImputeMissingFromInput
[2026-04-21 20:22:20,881] [23/MainThread] [DEBUG] [dku.ml.preprocessing] MIMIFI: Imputing with map {}
[2026-04-21 20:22:20,881] [23/MainThread] [DEBUG] [dku.ml.preprocessing] PROCESS WITH Step:MultipleImputeMissingFromInput
[2026-04-21 20:22:20,881] [23/MainThread] [DEBUG] [dku.ml.preprocessing] MIMIFI: Imputing with map {}
[2026-04-21 20:22:20,881] [23/MainThread] [DEBUG] [dku.ml.preprocessing] PROCESS WITH Step:FlushDFBuilder(interaction)
[2026-04-21 20:22:20,881] [23/MainThread] [DEBUG] [dku.ml.preprocessing] PROCESS WITH Step:RealignTarget
[2026-04-21 20:22:20,882] [23/MainThread] [DEBUG] [dku.ml.preprocessing] Realign target series = (4436,)
[2026-04-21 20:22:20,882] [23/MainThread] [DEBUG] [dku.ml.preprocessing] After realign target: (4436,)
[2026-04-21 20:22:20,882] [23/MainThread] [DEBUG] [dku.ml.preprocessing] PROCESS WITH Step:DropRowsWhereNoTarget
[2026-04-21 20:22:20,883] [23/MainThread] [DEBUG] [dku.ml.preprocessing] Deleting 0 rows because one of ['target'] is missing or infinity
[2026-04-21 20:22:20,883] [23/MainThread] [DEBUG] [dku.ml.preprocessing] MF before = (4436, 4)
[2026-04-21 20:22:20,883] [23/MainThread] [DEBUG] [dku.ml.preprocessing] target before = (4436,)
[2026-04-21 20:22:20,883] [23/MainThread] [INFO] [dataiku.doctor.multiframe] MultiFrame, dropping rows: []
[2026-04-21 20:22:20,885] [23/MainThread] [DEBUG] [dku.ml.preprocessing] After DRWNT input_df=(4436, 6)
[2026-04-21 20:22:20,885] [23/MainThread] [DEBUG] [dku.ml.preprocessing] MF after = (4436, 4)
[2026-04-21 20:22:20,885] [23/MainThread] [DEBUG] [dku.ml.preprocessing] target after = (4436,)
[2026-04-21 20:22:20,885] [23/MainThread] [DEBUG] [dku.ml.preprocessing] PROCESS WITH Step:DumpPipelineState
[2026-04-21 20:22:20,885] [23/MainThread] [DEBUG] [dku.ml.preprocessing] ********* Pipeline state (Before feature selection)
[2026-04-21 20:22:20,885] [23/MainThread] [DEBUG] [dku.ml.preprocessing]    input_df= (4436, 6) 
[2026-04-21 20:22:20,885] [23/MainThread] [DEBUG] [dku.ml.preprocessing]    current_mf=(4436, 4) 
[2026-04-21 20:22:20,885] [23/MainThread] [DEBUG] [dku.ml.preprocessing]    PPR: 
[2026-04-21 20:22:20,885] [23/MainThread] [DEBUG] [dku.ml.preprocessing]       target = <class 'pandas.core.series.Series'> ((4436,))
[2026-04-21 20:22:20,885] [23/MainThread] [DEBUG] [dku.ml.preprocessing] PROCESS WITH Step:EmitCurrentMFAsResult
[2026-04-21 20:22:20,885] [23/MainThread] [INFO] [dataiku.doctor.multiframe] Set MF index len 4436
[2026-04-21 20:22:20,885] [23/MainThread] [DEBUG] [dku.ml.preprocessing] PROCESS WITH Step:DumpPipelineState
[2026-04-21 20:22:20,885] [23/MainThread] [DEBUG] [dku.ml.preprocessing] ********* Pipeline state (At end)
[2026-04-21 20:22:20,885] [23/MainThread] [DEBUG] [dku.ml.preprocessing]    input_df= (4436, 6) 
[2026-04-21 20:22:20,886] [23/MainThread] [DEBUG] [dku.ml.preprocessing]    current_mf=(0, 0) 
[2026-04-21 20:22:20,886] [23/MainThread] [DEBUG] [dku.ml.preprocessing]    PPR: 
[2026-04-21 20:22:20,886] [23/MainThread] [DEBUG] [dku.ml.preprocessing]       target = <class 'pandas.core.series.Series'> ((4436,))
[2026-04-21 20:22:20,886] [23/MainThread] [DEBUG] [dku.ml.preprocessing]       TRAIN = <class 'dataiku.doctor.multiframe.MultiFrame'> ((4436, 4))
[2026-04-21 20:22:20,886] [23/MainThread] [DEBUG] [dku.ml.preprocessing]       UNPROCESSED = <class 'pandas.core.frame.DataFrame'> ((4436, 6))
[2026-04-21 20:22:20,886] [23/MainThread] [DEBUG] [dataiku.doctor.diagnostics.diagnostics] calling DatasetSanityCheckDiagnostic.on_preprocess_test_dataset_end()
[2026-04-21 20:22:20,886] [23/MainThread] [DEBUG] [dataiku.doctor.diagnostics.diagnostics] calling ClassifierAccuracyCheckDiagnostic.on_preprocess_test_dataset_end()
[2026-04-21 20:22:20,886] [23/MainThread] [DEBUG] [dataiku.doctor.diagnostics.diagnostics] calling RegressionR2CheckDiagnostic.on_preprocess_test_dataset_end()
[2026-04-21 20:22:20,886] [23/MainThread] [DEBUG] [dataiku.doctor.diagnostics.diagnostics] calling LeakageDiagnostic.on_preprocess_test_dataset_end()
[2026-04-21 20:22:20,886] [23/MainThread] [DEBUG] [dataiku.doctor.diagnostics.diagnostics] calling TreeOverfitDiagnostic.on_preprocess_test_dataset_end()
[2026-04-21 20:22:20,886] [23/MainThread] [DEBUG] [dataiku.doctor.diagnostics.diagnostics] calling MLAssertionsDiagnostic.on_preprocess_test_dataset_end()
[2026-04-21 20:22:20,886] [23/MainThread] [DEBUG] [dataiku.doctor.diagnostics.diagnostics] calling ModelCheckDiagnostic.on_preprocess_test_dataset_end()
[2026-04-21 20:22:20,886] [23/MainThread] [INFO] [dataiku.doctor.diagnostics.modeling_parameters] test multiframe initial size: 4436
[2026-04-21 20:22:20,886] [23/MainThread] [DEBUG] [dataiku.doctor.diagnostics.diagnostics] ModelCheckDiagnostic.on_preprocess_test_dataset_end() generated diagnostics: []
[2026-04-21 20:22:20,886] [23/MainThread] [DEBUG] [dataiku.doctor.diagnostics.diagnostics] calling AbnormalPredictionsDetectionDiagnostic.on_preprocess_test_dataset_end()
[2026-04-21 20:22:20,886] [23/MainThread] [INFO] [dataiku.doctor.utils.listener] END -  Preprocessing test set
[2026-04-21 20:22:20,887] [23/MainThread] [INFO] [root] Sending /home/dataiku/cache/analysis-data/PROJET_CHURN_BANQUE/thJxdWrU/ensPAIMA/sessions/s1/pp2/m1/train_info.json to /data/dataiku/datadir/analysis-data/PROJET_CHURN_BANQUE/thJxdWrU/ensPAIMA/sessions/s1/pp2/m1/train_info.json
[2026-04-21 20:22:20,890] [23/MainThread] [DEBUG] [urllib3.connectionpool] https://dss-headless-node-56800c84.space-1e09aade-dku.svc.cluster.local:10005 "POST /dip/api/tintercom/containers/put-file?executionId=doctor-preprocessing-nas5aev&fileKind=FILTERED_PATHS&path=%2Fdata%2Fdataiku%2Fdatadir%2Fanalysis-data%2FPROJET_CHURN_BANQUE%2FthJxdWrU%2FensPAIMA%2Fsessions%2Fs1%2Fpp2%2Fm1%2Ftrain_info.json&expand=false HTTP/1.1" 200 None
[2026-04-21 20:22:20,891] [23/MainThread] [INFO] [dataiku.doctor.utils.listener] START -  Hyperparameter searching
[2026-04-21 20:22:20,892] [23/MainThread] [INFO] [root] Sending /home/dataiku/cache/analysis-data/PROJET_CHURN_BANQUE/thJxdWrU/ensPAIMA/sessions/s1/pp2/m1/train_info.json to /data/dataiku/datadir/analysis-data/PROJET_CHURN_BANQUE/thJxdWrU/ensPAIMA/sessions/s1/pp2/m1/train_info.json
[2026-04-21 20:22:20,895] [23/MainThread] [DEBUG] [urllib3.connectionpool] https://dss-headless-node-56800c84.space-1e09aade-dku.svc.cluster.local:10005 "POST /dip/api/tintercom/containers/put-file?executionId=doctor-preprocessing-nas5aev&fileKind=FILTERED_PATHS&path=%2Fdata%2Fdataiku%2Fdatadir%2Fanalysis-data%2FPROJET_CHURN_BANQUE%2FthJxdWrU%2FensPAIMA%2Fsessions%2Fs1%2Fpp2%2Fm1%2Ftrain_info.json&expand=false HTTP/1.1" 200 None
[2026-04-21 20:22:20,896] [23/MainThread] [INFO] [dataiku.doctor.prediction.common] NaN support unavailable: incompatible algorithm LOGISTIC_REGRESSION
[2026-04-21 20:22:20,896] [23/MainThread] [INFO] [dataiku.doctor.sparse] Multiframe is not large enough, using NPA
[2026-04-21 20:22:20,896] [23/MainThread] [INFO] [dataiku.doctor.prediction.common] Create CLF from params: {'algorithm': 'LOGISTIC_REGRESSION', 'logit_grid': {'multi_class': 'ovr', 'penalty': {'values': {'l1': {'enabled': False}, 'l2': {'enabled': True}}}, 'C': {'gridMode': 'EXPLICIT', 'randomMode': 'RANGE', 'limit': {'min': 1e-23}, 'values': [0.01, 0.1, 1.0, 10.0, 100.0], 'range': {'min': 0.01, 'max': 100.0, 'nbValues': 3, 'scaling': 'LOGARITHMIC'}}, 'n_jobs': 2, 'enabled': True}, 'max_ensemble_nodes_serialized': 0, 'metrics': {'customMetrics': [], 'evaluationMetric': 'ROC_AUC', 'classAveragingMethod': 'MACRO', 'thresholdOptimizationMetric': 'F1', 'costMatrixWeights': {'tpGain': 1.0, 'tnGain': 0.0, 'fpGain': -0.3, 'fnGain': 0.0}, 'liftPoint': 0.4, 'netUpliftPoint': 0.5, 'causalWeighting': 'NO_WEIGHTING'}, 'autoOptimizeThreshold': True, 'forcedClassifierThreshold': 0.0, 'isShiftWindowsCompatible': False, 'gridLength': 5, 'grid_search_params': {'mode': 'KFOLD', 'splitRatio': 0.8, 'shuffleIterations': 1, 'nFolds': 5, 'cvSeed': 1337, 'stratified': True, 'grouped': False, 'strategy': 'GRID', 'bayesianOptimizer': 'SCIKIT_OPTIMIZE', 'randomized': True, 'seed': 1337, 'nIter': 0, 'nIterRandom': 5, 'timeout': 0, 'nJobs': 4, 'distributed': False, 'nContainers': 4, 'foldOffset': True, 'equalDurationFolds': False}, 'pluginAlgoCustomGridSearch': False, 'computeLearningCurves': False, 'skipExpensiveReports': False, 'skipPermutationImportance': True, 'perIdentifierPermutationImportance': False, 'propensityModeling': {'enabled': True, 'calibrateProbabilities': False, 'calibrationDataRatio': 0.1}} for algorithm LOGISTIC_REGRESSION
[2026-04-21 20:22:20,897] [23/MainThread] [INFO] [dataiku.doctor.prediction.common] Using stratified K-Fold CV with k=5
[2026-04-21 20:22:20,899] [23/MainThread] [INFO] [dataiku.base.folder_context] Fetching file from backend: source='/data/dataiku/datadir/analysis-data/PROJET_CHURN_BANQUE/thJxdWrU/ensPAIMA/sessions/s1/pp2/m1/grid_search_done_py.json' target='/home/dataiku/cache/analysis-data/PROJET_CHURN_BANQUE/thJxdWrU/ensPAIMA/sessions/s1/pp2/m1/grid_search_done_py.json'
[2026-04-21 20:22:20,900] [23/MainThread] [INFO] [dataiku.container.file_exchange] Fetching file /data/dataiku/datadir/analysis-data/PROJET_CHURN_BANQUE/thJxdWrU/ensPAIMA/sessions/s1/pp2/m1/grid_search_done_py.json into /home/dataiku/cache/analysis-data/PROJET_CHURN_BANQUE/thJxdWrU/ensPAIMA/sessions/s1/pp2/m1/grid_search_done_py.json
[2026-04-21 20:22:20,903] [23/MainThread] [DEBUG] [urllib3.connectionpool] https://dss-headless-node-56800c84.space-1e09aade-dku.svc.cluster.local:10005 "POST /dip/api/tintercom/containers/get-file HTTP/1.1" 404 855
[2026-04-21 20:22:20,903] [23/MainThread] [WARNING] [dataiku.container.file_exchange] Could not fetch file /data/dataiku/datadir/analysis-data/PROJET_CHURN_BANQUE/thJxdWrU/ensPAIMA/sessions/s1/pp2/m1/grid_search_done_py.json, not found
[2026-04-21 20:22:20,905] [23/MainThread] [DEBUG] [urllib3.connectionpool] Starting new HTTPS connection (4): dss-headless-node-56800c84.space-1e09aade-dku.svc.cluster.local:10005
[2026-04-21 20:22:20,936] [23/MainThread] [DEBUG] [urllib3.connectionpool] https://dss-headless-node-56800c84.space-1e09aade-dku.svc.cluster.local:10005 "GET /dip/api/tintercom/ml/available-container-configurations?type=KUBERNETES HTTP/1.1" 200 None
[2026-04-21 20:22:20,937] [23/MainThread] [INFO] [dataiku.doctor.crossval.search_evaluation_monitor] The following distributed container configuration(s) are available to run this search: ['vCPU-0.5-RAM-4GiB', 'vCPU-1-RAM-8GiB', 'vCPU-2-RAM-16GiB', 'vCPU-4-RAM-32GiB']
[2026-04-21 20:22:20,942] [23/MainThread] [INFO] [dataiku.doctor.crossval.search_runner] Fitting 5 folds for each of 5 candidates, totalling 25 fits
[2026-04-21 20:22:20,942] [23/MainThread] [INFO] [dataiku.base.utils] Detected 1/8 usable CPUs
[2026-04-21 20:22:20,943] [23/MainThread] [INFO] [dataiku.doctor.crossval.search_runner] Execute hyperparameter search locally on 4 threads
[2026-04-21 20:22:20,943] [23/MainThread] [INFO] [dataiku.base.folder_context] Fetching file from backend: source='/data/dataiku/datadir/analysis-data/PROJET_CHURN_BANQUE/thJxdWrU/ensPAIMA/sessions/s1/pp2/m1/grid_search_scores.json' target='/home/dataiku/cache/analysis-data/PROJET_CHURN_BANQUE/thJxdWrU/ensPAIMA/sessions/s1/pp2/m1/grid_search_scores.json'
[2026-04-21 20:22:20,943] [23/MainThread] [INFO] [dataiku.container.file_exchange] Fetching file /data/dataiku/datadir/analysis-data/PROJET_CHURN_BANQUE/thJxdWrU/ensPAIMA/sessions/s1/pp2/m1/grid_search_scores.json into /home/dataiku/cache/analysis-data/PROJET_CHURN_BANQUE/thJxdWrU/ensPAIMA/sessions/s1/pp2/m1/grid_search_scores.json
[2026-04-21 20:22:20,946] [23/MainThread] [DEBUG] [urllib3.connectionpool] https://dss-headless-node-56800c84.space-1e09aade-dku.svc.cluster.local:10005 "POST /dip/api/tintercom/containers/get-file HTTP/1.1" 404 852
[2026-04-21 20:22:20,947] [23/MainThread] [WARNING] [dataiku.container.file_exchange] Could not fetch file /data/dataiku/datadir/analysis-data/PROJET_CHURN_BANQUE/thJxdWrU/ensPAIMA/sessions/s1/pp2/m1/grid_search_scores.json, not found
[2026-04-21 20:22:20,947] [23/MainThread] [INFO] [root] Sending /home/dataiku/cache/analysis-data/PROJET_CHURN_BANQUE/thJxdWrU/ensPAIMA/sessions/s1/pp2/m1/grid_search_scores.json to /data/dataiku/datadir/analysis-data/PROJET_CHURN_BANQUE/thJxdWrU/ensPAIMA/sessions/s1/pp2/m1/grid_search_scores.json
[2026-04-21 20:22:20,948] [23/MainThread] [DEBUG] [urllib3.connectionpool] Starting new HTTPS connection (5): dss-headless-node-56800c84.space-1e09aade-dku.svc.cluster.local:10005
[2026-04-21 20:22:20,971] [23/MainThread] [DEBUG] [urllib3.connectionpool] https://dss-headless-node-56800c84.space-1e09aade-dku.svc.cluster.local:10005 "POST /dip/api/tintercom/containers/put-file?executionId=doctor-preprocessing-nas5aev&fileKind=FILTERED_PATHS&path=%2Fdata%2Fdataiku%2Fdatadir%2Fanalysis-data%2FPROJET_CHURN_BANQUE%2FthJxdWrU%2FensPAIMA%2Fsessions%2Fs1%2Fpp2%2Fm1%2Fgrid_search_scores.json&expand=false HTTP/1.1" 200 None
[2026-04-21 20:22:20,972] [23/Thread-1] [INFO] [dataiku.base.folder_context] Fetching file from backend: source='/data/dataiku/datadir/analysis-data/PROJET_CHURN_BANQUE/thJxdWrU/ensPAIMA/sessions/s1/pp2/m1/stop_search' target='/home/dataiku/cache/analysis-data/PROJET_CHURN_BANQUE/thJxdWrU/ensPAIMA/sessions/s1/pp2/m1/stop_search'
[2026-04-21 20:22:20,972] [23/MainThread] [INFO] [dataiku.doctor.crossval.strategies.grid_search_strategy] Running GridSearchStrategy for hyperparameters space: <dataiku.doctor.prediction.common.HyperparametersSpace object at 0x7fd20e35a400>
[2026-04-21 20:22:20,972] [23/MainThread] [INFO] [dataiku.doctor.crossval.search_evaluator] Schedule evaluation on split 0: {'C': 0.1, 'penalty': 'l2'}
[2026-04-21 20:22:20,972] [23/Thread-1] [INFO] [dataiku.container.file_exchange] Fetching file /data/dataiku/datadir/analysis-data/PROJET_CHURN_BANQUE/thJxdWrU/ensPAIMA/sessions/s1/pp2/m1/stop_search into /home/dataiku/cache/analysis-data/PROJET_CHURN_BANQUE/thJxdWrU/ensPAIMA/sessions/s1/pp2/m1/stop_search
[2026-04-21 20:22:20,974] [23/Thread-2:local-0] [INFO] [dataiku.doctor.distributed.local_worker] Starting worker: local-0
[2026-04-21 20:22:20,974] [23/Thread-2:local-0] [INFO] [dataiku.doctor.distributed.local_worker] Started worker: local-0
[2026-04-21 20:22:20,977] [23/MainThread] [INFO] [dataiku.doctor.distributed.work_scheduler] Enqueued task T1
[2026-04-21 20:22:20,977] [23/MainThread] [INFO] [dataiku.doctor.crossval.search_evaluator] Schedule evaluation on split 1: {'C': 0.1, 'penalty': 'l2'}
[2026-04-21 20:22:20,977] [23/Thread-2:local-0] [INFO] [dataiku.doctor.distributed.work_scheduler] Running task T1 on local-0...
[2026-04-21 20:22:20,977] [23/Thread-2:local-0] [INFO] [dataiku.doctor.crossval.search_context] Fit s=0: C=0.1, penalty=l2 ...............................................
[2026-04-21 20:22:20,978] [23/Thread-3:local-1] [INFO] [dataiku.doctor.distributed.local_worker] Starting worker: local-1
[2026-04-21 20:22:20,980] [23/Thread-3:local-1] [INFO] [dataiku.doctor.distributed.local_worker] Started worker: local-1
[2026-04-21 20:22:20,980] [23/MainThread] [INFO] [dataiku.doctor.distributed.work_scheduler] Enqueued task T2
[2026-04-21 20:22:20,980] [23/MainThread] [INFO] [dataiku.doctor.crossval.search_evaluator] Schedule evaluation on split 2: {'C': 0.1, 'penalty': 'l2'}
[2026-04-21 20:22:20,981] [23/Thread-1] [DEBUG] [urllib3.connectionpool] https://dss-headless-node-56800c84.space-1e09aade-dku.svc.cluster.local:10005 "POST /dip/api/tintercom/containers/get-file HTTP/1.1" 404 816
[2026-04-21 20:22:20,981] [23/Thread-4:local-2] [INFO] [dataiku.doctor.distributed.local_worker] Starting worker: local-2
[2026-04-21 20:22:20,982] [23/Thread-1] [WARNING] [dataiku.container.file_exchange] Could not fetch file /data/dataiku/datadir/analysis-data/PROJET_CHURN_BANQUE/thJxdWrU/ensPAIMA/sessions/s1/pp2/m1/stop_search, not found
[2026-04-21 20:22:20,982] [23/MainThread] [INFO] [dataiku.doctor.distributed.work_scheduler] Enqueued task T3
[2026-04-21 20:22:20,982] [23/MainThread] [INFO] [dataiku.doctor.crossval.search_evaluator] Schedule evaluation on split 3: {'C': 0.1, 'penalty': 'l2'}
[2026-04-21 20:22:20,982] [23/Thread-4:local-2] [INFO] [dataiku.doctor.distributed.local_worker] Started worker: local-2
[2026-04-21 20:22:20,983] [23/Thread-3:local-1] [INFO] [dataiku.doctor.distributed.work_scheduler] Running task T2 on local-1...
[2026-04-21 20:22:20,984] [23/Thread-3:local-1] [INFO] [dataiku.doctor.crossval.search_context] Fit s=1: C=0.1, penalty=l2 ...............................................
[2026-04-21 20:22:20,986] [23/Thread-5:local-3] [INFO] [dataiku.doctor.distributed.local_worker] Starting worker: local-3
[2026-04-21 20:22:20,986] [23/Thread-5:local-3] [INFO] [dataiku.doctor.distributed.local_worker] Started worker: local-3
[2026-04-21 20:22:20,986] [23/MainThread] [INFO] [dataiku.doctor.distributed.work_scheduler] Enqueued task T4
[2026-04-21 20:22:20,987] [23/MainThread] [INFO] [dataiku.doctor.crossval.search_evaluator] Schedule evaluation on split 4: {'C': 0.1, 'penalty': 'l2'}
[2026-04-21 20:22:20,987] [23/Thread-4:local-2] [INFO] [dataiku.doctor.distributed.work_scheduler] Running task T3 on local-2...
[2026-04-21 20:22:20,987] [23/Thread-4:local-2] [INFO] [dataiku.doctor.crossval.search_context] Fit s=2: C=0.1, penalty=l2 ...............................................
[2026-04-21 20:22:20,988] [23/Thread-5:local-3] [INFO] [dataiku.doctor.distributed.work_scheduler] Running task T4 on local-3...
[2026-04-21 20:22:20,988] [23/Thread-5:local-3] [INFO] [dataiku.doctor.crossval.search_context] Fit s=3: C=0.1, penalty=l2 ...............................................
[2026-04-21 20:22:21,164] [23/Thread-3:local-1] [INFO] [dataiku.doctor.crossval.search_context] Done s=1: C=0.1, penalty=l2 (ft=0.1 st=0.1 sc=0.8131060946274615, sg=1)
[2026-04-21 20:22:21,165] [23/Thread-3:local-1] [INFO] [dataiku.doctor.distributed.work_scheduler] Task T2 done on local-1
[2026-04-21 20:22:21,166] [23/MainThread] [INFO] [dataiku.doctor.distributed.work_scheduler] Enqueued task T5
[2026-04-21 20:22:21,167] [23/Thread-2:local-0] [INFO] [dataiku.doctor.crossval.search_context] Done s=0: C=0.1, penalty=l2 (ft=0.1 st=0.1 sc=0.8068910880224331, sg=1)
[2026-04-21 20:22:21,168] [23/Thread-3:local-1] [INFO] [dataiku.doctor.distributed.work_scheduler] Running task T5 on local-1...
[2026-04-21 20:22:21,168] [23/MainThread] [INFO] [dataiku.doctor.crossval.search_evaluator] Schedule evaluation on split 0: {'C': 0.01, 'penalty': 'l2'}
[2026-04-21 20:22:21,168] [23/Thread-4:local-2] [INFO] [dataiku.doctor.crossval.search_context] Done s=2: C=0.1, penalty=l2 (ft=0.1 st=0.1 sc=0.8063696620312542, sg=1)
[2026-04-21 20:22:21,169] [23/Thread-2:local-0] [INFO] [dataiku.doctor.distributed.work_scheduler] Task T1 done on local-0
[2026-04-21 20:22:21,169] [23/Thread-3:local-1] [INFO] [dataiku.doctor.crossval.search_context] Fit s=4: C=0.1, penalty=l2 ...............................................
[2026-04-21 20:22:21,169] [23/Thread-4:local-2] [INFO] [dataiku.doctor.distributed.work_scheduler] Task T3 done on local-2
[2026-04-21 20:22:21,170] [23/MainThread] [INFO] [dataiku.doctor.distributed.work_scheduler] Enqueued task T6
[2026-04-21 20:22:21,170] [23/MainThread] [INFO] [dataiku.doctor.crossval.search_evaluator] Schedule evaluation on split 1: {'C': 0.01, 'penalty': 'l2'}
[2026-04-21 20:22:21,170] [23/Thread-2:local-0] [INFO] [dataiku.doctor.distributed.work_scheduler] Running task T6 on local-0...
[2026-04-21 20:22:21,171] [23/Thread-2:local-0] [INFO] [dataiku.doctor.crossval.search_context] Fit s=0: C=0.01, penalty=l2 ..............................................
[2026-04-21 20:22:21,171] [23/MainThread] [INFO] [dataiku.doctor.distributed.work_scheduler] Enqueued task T7
[2026-04-21 20:22:21,172] [23/MainThread] [INFO] [dataiku.doctor.crossval.search_evaluator] Schedule evaluation on split 2: {'C': 0.01, 'penalty': 'l2'}
[2026-04-21 20:22:21,172] [23/Thread-4:local-2] [INFO] [dataiku.doctor.distributed.work_scheduler] Running task T7 on local-2...
[2026-04-21 20:22:21,173] [23/Thread-5:local-3] [INFO] [dataiku.doctor.crossval.search_context] Done s=3: C=0.1, penalty=l2 (ft=0.1 st=0.1 sc=0.8094731236073736, sg=1)
[2026-04-21 20:22:21,173] [23/Thread-4:local-2] [INFO] [dataiku.doctor.crossval.search_context] Fit s=1: C=0.01, penalty=l2 ..............................................
[2026-04-21 20:22:21,173] [23/Thread-5:local-3] [INFO] [dataiku.doctor.distributed.work_scheduler] Task T4 done on local-3
[2026-04-21 20:22:21,180] [23/MainThread] [INFO] [dataiku.doctor.distributed.work_scheduler] Enqueued task T8
[2026-04-21 20:22:21,180] [23/MainThread] [INFO] [dataiku.doctor.crossval.search_evaluator] Schedule evaluation on split 3: {'C': 0.01, 'penalty': 'l2'}
[2026-04-21 20:22:21,180] [23/Thread-5:local-3] [INFO] [dataiku.doctor.distributed.work_scheduler] Running task T8 on local-3...
[2026-04-21 20:22:21,181] [23/Thread-5:local-3] [INFO] [dataiku.doctor.crossval.search_context] Fit s=2: C=0.01, penalty=l2 ..............................................
[2026-04-21 20:22:21,345] [23/Thread-2:local-0] [INFO] [dataiku.doctor.crossval.search_context] Done s=0: C=0.01, penalty=l2 (ft=0.0 st=0.1 sc=0.8035126820902594, sg=1)
[2026-04-21 20:22:21,346] [23/Thread-2:local-0] [INFO] [dataiku.doctor.distributed.work_scheduler] Task T6 done on local-0
[2026-04-21 20:22:21,346] [23/MainThread] [INFO] [dataiku.doctor.distributed.work_scheduler] Enqueued task T9
[2026-04-21 20:22:21,346] [23/MainThread] [INFO] [dataiku.doctor.crossval.search_evaluator] Schedule evaluation on split 4: {'C': 0.01, 'penalty': 'l2'}
[2026-04-21 20:22:21,349] [23/Thread-2:local-0] [INFO] [dataiku.doctor.distributed.work_scheduler] Running task T9 on local-0...
[2026-04-21 20:22:21,349] [23/Thread-2:local-0] [INFO] [dataiku.doctor.crossval.search_context] Fit s=3: C=0.01, penalty=l2 ..............................................
[2026-04-21 20:22:21,352] [23/Thread-4:local-2] [INFO] [dataiku.doctor.crossval.search_context] Done s=1: C=0.01, penalty=l2 (ft=0.1 st=0.1 sc=0.8090854724036585, sg=1)
[2026-04-21 20:22:21,354] [23/Thread-4:local-2] [INFO] [dataiku.doctor.distributed.work_scheduler] Task T7 done on local-2
[2026-04-21 20:22:21,354] [23/MainThread] [INFO] [dataiku.doctor.distributed.work_scheduler] Enqueued task T10
[2026-04-21 20:22:21,355] [23/Thread-4:local-2] [INFO] [dataiku.doctor.distributed.work_scheduler] Running task T10 on local-2...
[2026-04-21 20:22:21,355] [23/Thread-4:local-2] [INFO] [dataiku.doctor.crossval.search_context] Fit s=4: C=0.01, penalty=l2 ..............................................
[2026-04-21 20:22:21,355] [23/MainThread] [INFO] [dataiku.doctor.crossval.search_evaluator] Schedule evaluation on split 0: {'C': 10.0, 'penalty': 'l2'}
[2026-04-21 20:22:21,362] [23/Thread-5:local-3] [INFO] [dataiku.doctor.crossval.search_context] Done s=2: C=0.01, penalty=l2 (ft=0.1 st=0.1 sc=0.8035510305806677, sg=1)
[2026-04-21 20:22:21,362] [23/Thread-5:local-3] [INFO] [dataiku.doctor.distributed.work_scheduler] Task T8 done on local-3
[2026-04-21 20:22:21,363] [23/MainThread] [INFO] [dataiku.doctor.distributed.work_scheduler] Enqueued task T11
[2026-04-21 20:22:21,363] [23/MainThread] [INFO] [dataiku.doctor.crossval.search_evaluator] Schedule evaluation on split 1: {'C': 10.0, 'penalty': 'l2'}
[2026-04-21 20:22:21,363] [23/Thread-5:local-3] [INFO] [dataiku.doctor.distributed.work_scheduler] Running task T11 on local-3...
[2026-04-21 20:22:21,364] [23/Thread-5:local-3] [INFO] [dataiku.doctor.crossval.search_context] Fit s=0: C=10.0, penalty=l2 ..............................................
[2026-04-21 20:22:21,408] [23/Thread-3:local-1] [INFO] [dataiku.doctor.crossval.search_context] Done s=4: C=0.1, penalty=l2 (ft=0.1 st=0.1 sc=0.8132118898775527, sg=1)
[2026-04-21 20:22:21,408] [23/Thread-3:local-1] [INFO] [dataiku.doctor.distributed.work_scheduler] Task T5 done on local-1
[2026-04-21 20:22:21,410] [23/MainThread] [INFO] [dataiku.doctor.distributed.work_scheduler] Enqueued task T12
[2026-04-21 20:22:21,410] [23/Thread-6] [INFO] [root] Sending /home/dataiku/cache/analysis-data/PROJET_CHURN_BANQUE/thJxdWrU/ensPAIMA/sessions/s1/pp2/m1/grid_search_scores.json to /data/dataiku/datadir/analysis-data/PROJET_CHURN_BANQUE/thJxdWrU/ensPAIMA/sessions/s1/pp2/m1/grid_search_scores.json
[2026-04-21 20:22:21,412] [23/Thread-6] [DEBUG] [urllib3.connectionpool] Starting new HTTPS connection (6): dss-headless-node-56800c84.space-1e09aade-dku.svc.cluster.local:10005
[2026-04-21 20:22:21,434] [23/Thread-3:local-1] [INFO] [dataiku.doctor.distributed.work_scheduler] Running task T12 on local-1...
[2026-04-21 20:22:21,434] [23/Thread-3:local-1] [INFO] [dataiku.doctor.crossval.search_context] Fit s=1: C=10.0, penalty=l2 ..............................................
[2026-04-21 20:22:21,457] [23/Thread-6] [DEBUG] [urllib3.connectionpool] https://dss-headless-node-56800c84.space-1e09aade-dku.svc.cluster.local:10005 "POST /dip/api/tintercom/containers/put-file?executionId=doctor-preprocessing-nas5aev&fileKind=FILTERED_PATHS&path=%2Fdata%2Fdataiku%2Fdatadir%2Fanalysis-data%2FPROJET_CHURN_BANQUE%2FthJxdWrU%2FensPAIMA%2Fsessions%2Fs1%2Fpp2%2Fm1%2Fgrid_search_scores.json&expand=false HTTP/1.1" 200 None
[2026-04-21 20:22:21,458] [23/MainThread] [INFO] [dataiku.doctor.crossval.search_evaluator] Schedule evaluation on split 2: {'C': 10.0, 'penalty': 'l2'}
[2026-04-21 20:22:21,535] [23/Thread-4:local-2] [INFO] [dataiku.doctor.crossval.search_context] Done s=4: C=0.01, penalty=l2 (ft=0.1 st=0.1 sc=0.8084877152173462, sg=1)
[2026-04-21 20:22:21,536] [23/Thread-4:local-2] [INFO] [dataiku.doctor.distributed.work_scheduler] Task T10 done on local-2
[2026-04-21 20:22:21,536] [23/MainThread] [INFO] [dataiku.doctor.distributed.work_scheduler] Enqueued task T13
[2026-04-21 20:22:21,536] [23/MainThread] [INFO] [dataiku.doctor.crossval.search_evaluator] Schedule evaluation on split 3: {'C': 10.0, 'penalty': 'l2'}
[2026-04-21 20:22:21,537] [23/Thread-4:local-2] [INFO] [dataiku.doctor.distributed.work_scheduler] Running task T13 on local-2...
[2026-04-21 20:22:21,537] [23/Thread-4:local-2] [INFO] [dataiku.doctor.crossval.search_context] Fit s=2: C=10.0, penalty=l2 ..............................................
[2026-04-21 20:22:21,550] [23/Thread-2:local-0] [INFO] [dataiku.doctor.crossval.search_context] Done s=3: C=0.01, penalty=l2 (ft=0.1 st=0.1 sc=0.8054532359372544, sg=1)
[2026-04-21 20:22:21,550] [23/Thread-2:local-0] [INFO] [dataiku.doctor.distributed.work_scheduler] Task T9 done on local-0
[2026-04-21 20:22:21,550] [23/MainThread] [INFO] [dataiku.doctor.distributed.work_scheduler] Enqueued task T14
[2026-04-21 20:22:21,551] [23/MainThread] [INFO] [dataiku.doctor.crossval.search_evaluator] Schedule evaluation on split 4: {'C': 10.0, 'penalty': 'l2'}
[2026-04-21 20:22:21,551] [23/Thread-2:local-0] [INFO] [dataiku.doctor.distributed.work_scheduler] Running task T14 on local-0...
[2026-04-21 20:22:21,551] [23/Thread-2:local-0] [INFO] [dataiku.doctor.crossval.search_context] Fit s=3: C=10.0, penalty=l2 ..............................................
[2026-04-21 20:22:21,554] [23/Thread-3:local-1] [INFO] [dataiku.doctor.crossval.search_context] Done s=1: C=10.0, penalty=l2 (ft=0.1 st=0.0 sc=0.811805533941299, sg=1)
[2026-04-21 20:22:21,554] [23/Thread-3:local-1] [INFO] [dataiku.doctor.distributed.work_scheduler] Task T12 done on local-1
[2026-04-21 20:22:21,554] [23/MainThread] [INFO] [dataiku.doctor.distributed.work_scheduler] Enqueued task T15
[2026-04-21 20:22:21,555] [23/Thread-3:local-1] [INFO] [dataiku.doctor.distributed.work_scheduler] Running task T15 on local-1...
[2026-04-21 20:22:21,555] [23/Thread-3:local-1] [INFO] [dataiku.doctor.crossval.search_context] Fit s=4: C=10.0, penalty=l2 ..............................................
[2026-04-21 20:22:21,555] [23/MainThread] [INFO] [dataiku.doctor.crossval.search_evaluator] Schedule evaluation on split 0: {'C': 1.0, 'penalty': 'l2'}
[2026-04-21 20:22:21,555] [23/Thread-5:local-3] [INFO] [dataiku.doctor.crossval.search_context] Done s=0: C=10.0, penalty=l2 (ft=0.1 st=0.1 sc=0.8084169871573864, sg=1)
[2026-04-21 20:22:21,556] [23/Thread-5:local-3] [INFO] [dataiku.doctor.distributed.work_scheduler] Task T11 done on local-3
[2026-04-21 20:22:21,557] [23/MainThread] [INFO] [dataiku.doctor.distributed.work_scheduler] Enqueued task T16
[2026-04-21 20:22:21,557] [23/MainThread] [INFO] [dataiku.doctor.crossval.search_evaluator] Schedule evaluation on split 1: {'C': 1.0, 'penalty': 'l2'}
[2026-04-21 20:22:21,558] [23/Thread-5:local-3] [INFO] [dataiku.doctor.distributed.work_scheduler] Running task T16 on local-3...
[2026-04-21 20:22:21,558] [23/Thread-5:local-3] [INFO] [dataiku.doctor.crossval.search_context] Fit s=0: C=1.0, penalty=l2 ...............................................
[2026-04-21 20:22:21,705] [23/Thread-4:local-2] [INFO] [dataiku.doctor.crossval.search_context] Done s=2: C=10.0, penalty=l2 (ft=0.0 st=0.1 sc=0.8057510466023623, sg=1)
[2026-04-21 20:22:21,705] [23/Thread-4:local-2] [INFO] [dataiku.doctor.distributed.work_scheduler] Task T13 done on local-2
[2026-04-21 20:22:21,705] [23/MainThread] [INFO] [dataiku.doctor.distributed.work_scheduler] Enqueued task T17
[2026-04-21 20:22:21,706] [23/MainThread] [INFO] [dataiku.doctor.crossval.search_evaluator] Schedule evaluation on split 2: {'C': 1.0, 'penalty': 'l2'}
[2026-04-21 20:22:21,706] [23/Thread-4:local-2] [INFO] [dataiku.doctor.distributed.work_scheduler] Running task T17 on local-2...
[2026-04-21 20:22:21,708] [23/Thread-4:local-2] [INFO] [dataiku.doctor.crossval.search_context] Fit s=1: C=1.0, penalty=l2 ...............................................
[2026-04-21 20:22:21,741] [23/Thread-2:local-0] [INFO] [dataiku.doctor.crossval.search_context] Done s=3: C=10.0, penalty=l2 (ft=0.1 st=0.1 sc=0.8091219072937281, sg=1)
[2026-04-21 20:22:21,742] [23/Thread-2:local-0] [INFO] [dataiku.doctor.distributed.work_scheduler] Task T14 done on local-0
[2026-04-21 20:22:21,743] [23/MainThread] [INFO] [dataiku.doctor.distributed.work_scheduler] Enqueued task T18
[2026-04-21 20:22:21,743] [23/MainThread] [INFO] [dataiku.doctor.crossval.search_evaluator] Schedule evaluation on split 3: {'C': 1.0, 'penalty': 'l2'}
[2026-04-21 20:22:21,743] [23/Thread-2:local-0] [INFO] [dataiku.doctor.distributed.work_scheduler] Running task T18 on local-0...
[2026-04-21 20:22:21,743] [23/Thread-2:local-0] [INFO] [dataiku.doctor.crossval.search_context] Fit s=2: C=1.0, penalty=l2 ...............................................
[2026-04-21 20:22:21,752] [23/Thread-5:local-3] [INFO] [dataiku.doctor.crossval.search_context] Done s=0: C=1.0, penalty=l2 (ft=0.1 st=0.1 sc=0.8084169871573863, sg=1)
[2026-04-21 20:22:21,752] [23/Thread-5:local-3] [INFO] [dataiku.doctor.distributed.work_scheduler] Task T16 done on local-3
[2026-04-21 20:22:21,753] [23/MainThread] [INFO] [dataiku.doctor.distributed.work_scheduler] Enqueued task T19
[2026-04-21 20:22:21,753] [23/MainThread] [INFO] [dataiku.doctor.crossval.search_evaluator] Schedule evaluation on split 4: {'C': 1.0, 'penalty': 'l2'}
[2026-04-21 20:22:21,753] [23/Thread-5:local-3] [INFO] [dataiku.doctor.distributed.work_scheduler] Running task T19 on local-3...
[2026-04-21 20:22:21,753] [23/Thread-5:local-3] [INFO] [dataiku.doctor.crossval.search_context] Fit s=3: C=1.0, penalty=l2 ...............................................
[2026-04-21 20:22:21,764] [23/Thread-3:local-1] [INFO] [dataiku.doctor.crossval.search_context] Done s=4: C=10.0, penalty=l2 (ft=0.1 st=0.1 sc=0.8131024824725629, sg=1)
[2026-04-21 20:22:21,764] [23/Thread-3:local-1] [INFO] [dataiku.doctor.distributed.work_scheduler] Task T15 done on local-1
[2026-04-21 20:22:21,766] [23/MainThread] [INFO] [dataiku.doctor.distributed.work_scheduler] Enqueued task T20
[2026-04-21 20:22:21,766] [23/Thread-3:local-1] [INFO] [dataiku.doctor.distributed.work_scheduler] Running task T20 on local-1...
[2026-04-21 20:22:21,766] [23/Thread-3:local-1] [INFO] [dataiku.doctor.crossval.search_context] Fit s=4: C=1.0, penalty=l2 ...............................................
[2026-04-21 20:22:21,767] [23/MainThread] [INFO] [dataiku.doctor.crossval.search_evaluator] Schedule evaluation on split 0: {'C': 100.0, 'penalty': 'l2'}
[2026-04-21 20:22:21,846] [23/Thread-2:local-0] [INFO] [dataiku.doctor.crossval.search_context] Done s=2: C=1.0, penalty=l2 (ft=0.1 st=0.0 sc=0.8062127829386755, sg=1)
[2026-04-21 20:22:21,846] [23/Thread-2:local-0] [INFO] [dataiku.doctor.distributed.work_scheduler] Task T18 done on local-0
[2026-04-21 20:22:21,851] [23/MainThread] [INFO] [dataiku.doctor.distributed.work_scheduler] Enqueued task T21
[2026-04-21 20:22:21,851] [23/MainThread] [INFO] [dataiku.doctor.crossval.search_evaluator] Schedule evaluation on split 1: {'C': 100.0, 'penalty': 'l2'}
[2026-04-21 20:22:21,851] [23/Thread-2:local-0] [INFO] [dataiku.doctor.distributed.work_scheduler] Running task T21 on local-0...
[2026-04-21 20:22:21,852] [23/Thread-2:local-0] [INFO] [dataiku.doctor.crossval.search_context] Fit s=0: C=100.0, penalty=l2 .............................................
[2026-04-21 20:22:21,914] [23/Thread-4:local-2] [INFO] [dataiku.doctor.crossval.search_context] Done s=1: C=1.0, penalty=l2 (ft=0.1 st=0.1 sc=0.8120226645857695, sg=1)
[2026-04-21 20:22:21,914] [23/Thread-4:local-2] [INFO] [dataiku.doctor.distributed.work_scheduler] Task T17 done on local-2
[2026-04-21 20:22:21,914] [23/MainThread] [INFO] [dataiku.doctor.distributed.work_scheduler] Enqueued task T22
[2026-04-21 20:22:21,914] [23/MainThread] [INFO] [dataiku.doctor.crossval.search_evaluator] Schedule evaluation on split 2: {'C': 100.0, 'penalty': 'l2'}
[2026-04-21 20:22:21,914] [23/Thread-4:local-2] [INFO] [dataiku.doctor.distributed.work_scheduler] Running task T22 on local-2...
[2026-04-21 20:22:21,915] [23/Thread-4:local-2] [INFO] [dataiku.doctor.crossval.search_context] Fit s=1: C=100.0, penalty=l2 .............................................
[2026-04-21 20:22:21,948] [23/Thread-3:local-1] [INFO] [dataiku.doctor.crossval.search_context] Done s=4: C=1.0, penalty=l2 (ft=0.1 st=0.1 sc=0.8133598680287085, sg=1)
[2026-04-21 20:22:21,949] [23/Thread-3:local-1] [INFO] [dataiku.doctor.distributed.work_scheduler] Task T20 done on local-1
[2026-04-21 20:22:21,949] [23/MainThread] [INFO] [dataiku.doctor.distributed.work_scheduler] Enqueued task T23
[2026-04-21 20:22:21,949] [23/MainThread] [INFO] [dataiku.doctor.crossval.search_evaluator] Schedule evaluation on split 3: {'C': 100.0, 'penalty': 'l2'}
[2026-04-21 20:22:21,950] [23/Thread-3:local-1] [INFO] [dataiku.doctor.distributed.work_scheduler] Running task T23 on local-1...
[2026-04-21 20:22:21,950] [23/Thread-3:local-1] [INFO] [dataiku.doctor.crossval.search_context] Fit s=2: C=100.0, penalty=l2 .............................................
[2026-04-21 20:22:22,002] [23/Thread-1] [INFO] [dataiku.base.folder_context] Fetching file from backend: source='/data/dataiku/datadir/analysis-data/PROJET_CHURN_BANQUE/thJxdWrU/ensPAIMA/sessions/s1/pp2/m1/stop_search' target='/home/dataiku/cache/analysis-data/PROJET_CHURN_BANQUE/thJxdWrU/ensPAIMA/sessions/s1/pp2/m1/stop_search'
[2026-04-21 20:22:22,005] [23/Thread-1] [INFO] [dataiku.container.file_exchange] Fetching file /data/dataiku/datadir/analysis-data/PROJET_CHURN_BANQUE/thJxdWrU/ensPAIMA/sessions/s1/pp2/m1/stop_search into /home/dataiku/cache/analysis-data/PROJET_CHURN_BANQUE/thJxdWrU/ensPAIMA/sessions/s1/pp2/m1/stop_search
[2026-04-21 20:22:22,016] [23/Thread-1] [DEBUG] [urllib3.connectionpool] https://dss-headless-node-56800c84.space-1e09aade-dku.svc.cluster.local:10005 "POST /dip/api/tintercom/containers/get-file HTTP/1.1" 404 816
[2026-04-21 20:22:22,017] [23/Thread-1] [WARNING] [dataiku.container.file_exchange] Could not fetch file /data/dataiku/datadir/analysis-data/PROJET_CHURN_BANQUE/thJxdWrU/ensPAIMA/sessions/s1/pp2/m1/stop_search, not found
[2026-04-21 20:22:22,021] [23/Thread-5:local-3] [INFO] [dataiku.doctor.crossval.search_context] Done s=3: C=1.0, penalty=l2 (ft=0.1 st=0.2 sc=0.8096110881994286, sg=1)
[2026-04-21 20:22:22,021] [23/Thread-5:local-3] [INFO] [dataiku.doctor.distributed.work_scheduler] Task T19 done on local-3
[2026-04-21 20:22:22,029] [23/Thread-4:local-2] [INFO] [dataiku.doctor.crossval.search_context] Done s=1: C=100.0, penalty=l2 (ft=0.0 st=0.1 sc=0.8117751504722777, sg=1)
[2026-04-21 20:22:22,029] [23/Thread-4:local-2] [INFO] [dataiku.doctor.distributed.work_scheduler] Task T22 done on local-2
[2026-04-21 20:22:22,030] [23/MainThread] [INFO] [dataiku.doctor.distributed.work_scheduler] Enqueued task T24
[2026-04-21 20:22:22,030] [23/MainThread] [INFO] [dataiku.doctor.crossval.search_evaluator] Schedule evaluation on split 4: {'C': 100.0, 'penalty': 'l2'}
[2026-04-21 20:22:22,030] [23/MainThread] [INFO] [dataiku.doctor.distributed.work_scheduler] Enqueued task T25
[2026-04-21 20:22:22,031] [23/Thread-5:local-3] [INFO] [dataiku.doctor.distributed.work_scheduler] Running task T24 on local-3...
[2026-04-21 20:22:22,031] [23/Thread-5:local-3] [INFO] [dataiku.doctor.crossval.search_context] Fit s=3: C=100.0, penalty=l2 .............................................
[2026-04-21 20:22:22,031] [23/Thread-4:local-2] [INFO] [dataiku.doctor.distributed.work_scheduler] Running task T25 on local-2...
[2026-04-21 20:22:22,038] [23/Thread-4:local-2] [INFO] [dataiku.doctor.crossval.search_context] Fit s=4: C=100.0, penalty=l2 .............................................
[2026-04-21 20:22:22,063] [23/Thread-2:local-0] [INFO] [dataiku.doctor.crossval.search_context] Done s=0: C=100.0, penalty=l2 (ft=0.1 st=0.1 sc=0.8084303332139602, sg=1)
[2026-04-21 20:22:22,065] [23/Thread-2:local-0] [INFO] [dataiku.doctor.distributed.work_scheduler] Task T21 done on local-0
[2026-04-21 20:22:22,153] [23/Thread-3:local-1] [INFO] [dataiku.doctor.crossval.search_context] Done s=2: C=100.0, penalty=l2 (ft=0.1 st=0.1 sc=0.8057065418952479, sg=1)
[2026-04-21 20:22:22,153] [23/Thread-3:local-1] [INFO] [dataiku.doctor.distributed.work_scheduler] Task T23 done on local-1
[2026-04-21 20:22:22,164] [23/Thread-4:local-2] [INFO] [dataiku.doctor.crossval.search_context] Done s=4: C=100.0, penalty=l2 (ft=0.1 st=0.0 sc=0.8130694748147862, sg=1)
[2026-04-21 20:22:22,164] [23/Thread-4:local-2] [INFO] [dataiku.doctor.distributed.work_scheduler] Task T25 done on local-2
[2026-04-21 20:22:22,166] [23/Thread-5:local-3] [INFO] [dataiku.doctor.crossval.search_context] Done s=3: C=100.0, penalty=l2 (ft=0.1 st=0.0 sc=0.8090744356061392, sg=1)
[2026-04-21 20:22:22,166] [23/Thread-5:local-3] [INFO] [dataiku.doctor.distributed.work_scheduler] Task T24 done on local-3
[2026-04-21 20:22:23,018] [23/Thread-1] [INFO] [dataiku.doctor.crossval.search_runner] Completed search for hyperparameters
[2026-04-21 20:22:23,019] [23/Thread-1] [INFO] [root] Sending /home/dataiku/cache/analysis-data/PROJET_CHURN_BANQUE/thJxdWrU/ensPAIMA/sessions/s1/pp2/m1/grid_search_scores.json to /data/dataiku/datadir/analysis-data/PROJET_CHURN_BANQUE/thJxdWrU/ensPAIMA/sessions/s1/pp2/m1/grid_search_scores.json
[2026-04-21 20:22:23,020] [23/Thread-1] [DEBUG] [urllib3.connectionpool] Starting new HTTPS connection (7): dss-headless-node-56800c84.space-1e09aade-dku.svc.cluster.local:10005
[2026-04-21 20:22:23,045] [23/Thread-1] [DEBUG] [urllib3.connectionpool] https://dss-headless-node-56800c84.space-1e09aade-dku.svc.cluster.local:10005 "POST /dip/api/tintercom/containers/put-file?executionId=doctor-preprocessing-nas5aev&fileKind=FILTERED_PATHS&path=%2Fdata%2Fdataiku%2Fdatadir%2Fanalysis-data%2FPROJET_CHURN_BANQUE%2FthJxdWrU%2FensPAIMA%2Fsessions%2Fs1%2Fpp2%2Fm1%2Fgrid_search_scores.json&expand=false HTTP/1.1" 200 None
[2026-04-21 20:22:23,045] [23/Thread-1] [INFO] [dataiku.doctor.distributed.work_scheduler] Scheduler has been soft interrupted
[2026-04-21 20:22:23,046] [23/MainThread] [INFO] [root] Sending /home/dataiku/cache/analysis-data/PROJET_CHURN_BANQUE/thJxdWrU/ensPAIMA/sessions/s1/pp2/m1/grid_search_scores.json to /data/dataiku/datadir/analysis-data/PROJET_CHURN_BANQUE/thJxdWrU/ensPAIMA/sessions/s1/pp2/m1/grid_search_scores.json
[2026-04-21 20:22:23,049] [23/MainThread] [DEBUG] [urllib3.connectionpool] https://dss-headless-node-56800c84.space-1e09aade-dku.svc.cluster.local:10005 "POST /dip/api/tintercom/containers/put-file?executionId=doctor-preprocessing-nas5aev&fileKind=FILTERED_PATHS&path=%2Fdata%2Fdataiku%2Fdatadir%2Fanalysis-data%2FPROJET_CHURN_BANQUE%2FthJxdWrU%2FensPAIMA%2Fsessions%2Fs1%2Fpp2%2Fm1%2Fgrid_search_scores.json&expand=false HTTP/1.1" 200 None
[2026-04-21 20:22:23,050] [23/MainThread] [INFO] [root] Sending /home/dataiku/cache/analysis-data/PROJET_CHURN_BANQUE/thJxdWrU/ensPAIMA/sessions/s1/pp2/m1/grid_search_done_py.json to /data/dataiku/datadir/analysis-data/PROJET_CHURN_BANQUE/thJxdWrU/ensPAIMA/sessions/s1/pp2/m1/grid_search_done_py.json
[2026-04-21 20:22:23,053] [23/MainThread] [DEBUG] [urllib3.connectionpool] https://dss-headless-node-56800c84.space-1e09aade-dku.svc.cluster.local:10005 "POST /dip/api/tintercom/containers/put-file?executionId=doctor-preprocessing-nas5aev&fileKind=FILTERED_PATHS&path=%2Fdata%2Fdataiku%2Fdatadir%2Fanalysis-data%2FPROJET_CHURN_BANQUE%2FthJxdWrU%2FensPAIMA%2Fsessions%2Fs1%2Fpp2%2Fm1%2Fgrid_search_done_py.json&expand=false HTTP/1.1" 200 None
[2026-04-21 20:22:23,053] [23/MainThread] [INFO] [dataiku.doctor.distributed.work_scheduler] Scheduler has been hard interrupted (shutdown)
[2026-04-21 20:22:23,053] [23/Thread-2:local-0] [INFO] [dataiku.doctor.distributed.local_worker] Stopping worker: local-0
[2026-04-21 20:22:23,053] [23/Thread-2:local-0] [INFO] [dataiku.doctor.distributed.local_worker] Stopped worker: local-0
[2026-04-21 20:22:23,053] [23/Thread-4:local-2] [INFO] [dataiku.doctor.distributed.local_worker] Stopping worker: local-2
[2026-04-21 20:22:23,053] [23/Thread-5:local-3] [INFO] [dataiku.doctor.distributed.local_worker] Stopping worker: local-3
[2026-04-21 20:22:23,054] [23/Thread-3:local-1] [ERROR] [dataiku.doctor.distributed.work_scheduler] All workers are dead, interrupt the scheduler
[2026-04-21 20:22:23,054] [23/Thread-4:local-2] [INFO] [dataiku.doctor.distributed.local_worker] Stopped worker: local-2
[2026-04-21 20:22:23,054] [23/Thread-5:local-3] [INFO] [dataiku.doctor.distributed.local_worker] Stopped worker: local-3
[2026-04-21 20:22:23,054] [23/Thread-3:local-1] [INFO] [dataiku.doctor.distributed.local_worker] Stopping worker: local-1
[2026-04-21 20:22:23,054] [23/Thread-3:local-1] [INFO] [dataiku.doctor.distributed.local_worker] Stopped worker: local-1
[2026-04-21 20:22:23,054] [23/MainThread] [INFO] [dataiku.doctor.crossval.search_runner] Hyperparameter search done, best_parameters being : {'C': 1.0, 'penalty': 'l2'}
[2026-04-21 20:22:23,055] [23/MainThread] [INFO] [dataiku.doctor.utils.listener] END -  Hyperparameter searching
[2026-04-21 20:22:23,055] [23/MainThread] [INFO] [root] Sending /home/dataiku/cache/analysis-data/PROJET_CHURN_BANQUE/thJxdWrU/ensPAIMA/sessions/s1/pp2/m1/train_info.json to /data/dataiku/datadir/analysis-data/PROJET_CHURN_BANQUE/thJxdWrU/ensPAIMA/sessions/s1/pp2/m1/train_info.json
[2026-04-21 20:22:23,058] [23/MainThread] [DEBUG] [urllib3.connectionpool] https://dss-headless-node-56800c84.space-1e09aade-dku.svc.cluster.local:10005 "POST /dip/api/tintercom/containers/put-file?executionId=doctor-preprocessing-nas5aev&fileKind=FILTERED_PATHS&path=%2Fdata%2Fdataiku%2Fdatadir%2Fanalysis-data%2FPROJET_CHURN_BANQUE%2FthJxdWrU%2FensPAIMA%2Fsessions%2Fs1%2Fpp2%2Fm1%2Ftrain_info.json&expand=false HTTP/1.1" 200 None
[2026-04-21 20:22:23,058] [23/MainThread] [INFO] [dataiku.doctor.utils.listener] START -  Fitting model
[2026-04-21 20:22:23,059] [23/MainThread] [INFO] [root] Sending /home/dataiku/cache/analysis-data/PROJET_CHURN_BANQUE/thJxdWrU/ensPAIMA/sessions/s1/pp2/m1/train_info.json to /data/dataiku/datadir/analysis-data/PROJET_CHURN_BANQUE/thJxdWrU/ensPAIMA/sessions/s1/pp2/m1/train_info.json
[2026-04-21 20:22:23,062] [23/MainThread] [DEBUG] [urllib3.connectionpool] https://dss-headless-node-56800c84.space-1e09aade-dku.svc.cluster.local:10005 "POST /dip/api/tintercom/containers/put-file?executionId=doctor-preprocessing-nas5aev&fileKind=FILTERED_PATHS&path=%2Fdata%2Fdataiku%2Fdatadir%2Fanalysis-data%2FPROJET_CHURN_BANQUE%2FthJxdWrU%2FensPAIMA%2Fsessions%2Fs1%2Fpp2%2Fm1%2Ftrain_info.json&expand=false HTTP/1.1" 200 None
[2026-04-21 20:22:23,062] [23/MainThread] [INFO] [dataiku.doctor.prediction.common] Fitting model:
[2026-04-21 20:22:23,064] [23/MainThread] [INFO] [dataiku.doctor.prediction.common]   Model is: OVRLogisticRegression(C=1.0,
                      class_weight={np.int64(0): np.float64(0.71711740630768),
                                    np.int64(1): np.float64(1.651450748475328)},
                      dual=False, fit_intercept=True, intercept_scaling=1,
                      l1_ratio=None, max_iter=100, multi_class='deprecated',
                      n_jobs=None, penalty='l2', random_state=1337,
                      solver='liblinear', tol=0.0001, verbose=0,
                      warm_start=False)
[2026-04-21 20:22:23,064] [23/MainThread] [INFO] [dataiku.doctor.prediction.common]   train_X class: <class 'numpy.ndarray'>
[2026-04-21 20:22:23,064] [23/MainThread] [INFO] [dataiku.doctor.prediction.common]   train_X shape: (17872, 4)
[2026-04-21 20:22:23,064] [23/MainThread] [INFO] [dataiku.doctor.prediction.common]   train_y shape: (17872,)
[2026-04-21 20:22:23,093] [23/MainThread] [INFO] [dataiku.doctor.prediction.classification_fit] LR Params are {'C': 1.0, 'class_weight': {np.int64(0): np.float64(0.71711740630768), np.int64(1): np.float64(1.651450748475328)}, 'dual': False, 'fit_intercept': True, 'intercept_scaling': 1, 'l1_ratio': None, 'max_iter': 100, 'multi_class': 'deprecated', 'n_jobs': None, 'penalty': 'l2', 'random_state': 1337, 'solver': 'liblinear', 'tol': 0.0001, 'verbose': 0, 'warm_start': False} 
[2026-04-21 20:22:23,093] [23/MainThread] [INFO] [dataiku.doctor.prediction.classification_fit] Output params are {'resolved': {'algorithm': 'LOGISTIC_REGRESSION', 'skipExpensiveReports': False, 'logit': {'penalty': 'l2', 'multi_class': 'deprecated', 'C': 1.0}}, 'other': {}}
[2026-04-21 20:22:23,093] [23/MainThread] [DEBUG] [dataiku.doctor.diagnostics.diagnostics] calling DatasetSanityCheckDiagnostic.on_fitting_end()
[2026-04-21 20:22:23,093] [23/MainThread] [DEBUG] [dataiku.doctor.diagnostics.diagnostics] calling ClassifierAccuracyCheckDiagnostic.on_fitting_end()
[2026-04-21 20:22:23,094] [23/MainThread] [DEBUG] [dataiku.doctor.diagnostics.diagnostics] calling RegressionR2CheckDiagnostic.on_fitting_end()
[2026-04-21 20:22:23,094] [23/MainThread] [DEBUG] [dataiku.doctor.diagnostics.diagnostics] calling LeakageDiagnostic.on_fitting_end()
[2026-04-21 20:22:23,094] [23/MainThread] [INFO] [dataiku.doctor.prediction.scoring_base] No feature importance in classifier
[2026-04-21 20:22:23,094] [23/MainThread] [DEBUG] [dataiku.doctor.diagnostics.diagnostics] LeakageDiagnostic.on_fitting_end() generated diagnostics: []
[2026-04-21 20:22:23,094] [23/MainThread] [DEBUG] [dataiku.doctor.diagnostics.diagnostics] calling TreeOverfitDiagnostic.on_fitting_end()
[2026-04-21 20:22:23,094] [23/MainThread] [DEBUG] [dataiku.doctor.diagnostics.diagnostics] TreeOverfitDiagnostic.on_fitting_end() generated diagnostics: []
[2026-04-21 20:22:23,094] [23/MainThread] [DEBUG] [dataiku.doctor.diagnostics.diagnostics] calling MLAssertionsDiagnostic.on_fitting_end()
[2026-04-21 20:22:23,094] [23/MainThread] [DEBUG] [dataiku.doctor.diagnostics.diagnostics] calling ModelCheckDiagnostic.on_fitting_end()
[2026-04-21 20:22:23,094] [23/MainThread] [DEBUG] [dataiku.doctor.diagnostics.diagnostics] calling AbnormalPredictionsDetectionDiagnostic.on_fitting_end()
[2026-04-21 20:22:23,094] [23/MainThread] [INFO] [dataiku.doctor.utils.listener] END -  Fitting model
[2026-04-21 20:22:23,094] [23/MainThread] [INFO] [dataiku.doctor.utils.listener] START -  Saving model
[2026-04-21 20:22:23,095] [23/MainThread] [INFO] [root] Sending /home/dataiku/cache/analysis-data/PROJET_CHURN_BANQUE/thJxdWrU/ensPAIMA/sessions/s1/pp2/m1/train_info.json to /data/dataiku/datadir/analysis-data/PROJET_CHURN_BANQUE/thJxdWrU/ensPAIMA/sessions/s1/pp2/m1/train_info.json
[2026-04-21 20:22:23,098] [23/MainThread] [DEBUG] [urllib3.connectionpool] https://dss-headless-node-56800c84.space-1e09aade-dku.svc.cluster.local:10005 "POST /dip/api/tintercom/containers/put-file?executionId=doctor-preprocessing-nas5aev&fileKind=FILTERED_PATHS&path=%2Fdata%2Fdataiku%2Fdatadir%2Fanalysis-data%2FPROJET_CHURN_BANQUE%2FthJxdWrU%2FensPAIMA%2Fsessions%2Fs1%2Fpp2%2Fm1%2Ftrain_info.json&expand=false HTTP/1.1" 200 None
[2026-04-21 20:22:23,193] [23/MainThread] [INFO] [dataiku.base.dku_pickle] Setting cloudpickle as the pickle dumping tool
[2026-04-21 20:22:23,193] [23/MainThread] [INFO] [root] Sending /home/dataiku/cache/analysis-data/PROJET_CHURN_BANQUE/thJxdWrU/ensPAIMA/sessions/s1/pp2/m1/clf.pkl to /data/dataiku/datadir/analysis-data/PROJET_CHURN_BANQUE/thJxdWrU/ensPAIMA/sessions/s1/pp2/m1/clf.pkl
[2026-04-21 20:22:23,197] [23/MainThread] [DEBUG] [urllib3.connectionpool] https://dss-headless-node-56800c84.space-1e09aade-dku.svc.cluster.local:10005 "POST /dip/api/tintercom/containers/put-file?executionId=doctor-preprocessing-nas5aev&fileKind=FILTERED_PATHS&path=%2Fdata%2Fdataiku%2Fdatadir%2Fanalysis-data%2FPROJET_CHURN_BANQUE%2FthJxdWrU%2FensPAIMA%2Fsessions%2Fs1%2Fpp2%2Fm1%2Fclf.pkl&expand=false HTTP/1.1" 200 None
[2026-04-21 20:22:23,198] [23/MainThread] [INFO] [root] Sending /home/dataiku/cache/analysis-data/PROJET_CHURN_BANQUE/thJxdWrU/ensPAIMA/sessions/s1/pp2/m1/dss_pipeline_meta.json to /data/dataiku/datadir/analysis-data/PROJET_CHURN_BANQUE/thJxdWrU/ensPAIMA/sessions/s1/pp2/m1/dss_pipeline_meta.json
[2026-04-21 20:22:23,200] [23/MainThread] [DEBUG] [urllib3.connectionpool] https://dss-headless-node-56800c84.space-1e09aade-dku.svc.cluster.local:10005 "POST /dip/api/tintercom/containers/put-file?executionId=doctor-preprocessing-nas5aev&fileKind=FILTERED_PATHS&path=%2Fdata%2Fdataiku%2Fdatadir%2Fanalysis-data%2FPROJET_CHURN_BANQUE%2FthJxdWrU%2FensPAIMA%2Fsessions%2Fs1%2Fpp2%2Fm1%2Fdss_pipeline_meta.json&expand=false HTTP/1.1" 200 None
[2026-04-21 20:22:23,201] [23/MainThread] [INFO] [root] Sending /home/dataiku/cache/analysis-data/PROJET_CHURN_BANQUE/thJxdWrU/ensPAIMA/sessions/s1/pp2/m1/dss_pipeline_model.gz to /data/dataiku/datadir/analysis-data/PROJET_CHURN_BANQUE/thJxdWrU/ensPAIMA/sessions/s1/pp2/m1/dss_pipeline_model.gz
[2026-04-21 20:22:23,204] [23/MainThread] [DEBUG] [urllib3.connectionpool] https://dss-headless-node-56800c84.space-1e09aade-dku.svc.cluster.local:10005 "POST /dip/api/tintercom/containers/put-file?executionId=doctor-preprocessing-nas5aev&fileKind=FILTERED_PATHS&path=%2Fdata%2Fdataiku%2Fdatadir%2Fanalysis-data%2FPROJET_CHURN_BANQUE%2FthJxdWrU%2FensPAIMA%2Fsessions%2Fs1%2Fpp2%2Fm1%2Fdss_pipeline_model.gz&expand=false HTTP/1.1" 200 None
[2026-04-21 20:22:23,204] [23/MainThread] [INFO] [root] Sending /home/dataiku/cache/analysis-data/PROJET_CHURN_BANQUE/thJxdWrU/ensPAIMA/sessions/s1/pp2/m1/actual_params.json to /data/dataiku/datadir/analysis-data/PROJET_CHURN_BANQUE/thJxdWrU/ensPAIMA/sessions/s1/pp2/m1/actual_params.json
[2026-04-21 20:22:23,207] [23/MainThread] [DEBUG] [urllib3.connectionpool] https://dss-headless-node-56800c84.space-1e09aade-dku.svc.cluster.local:10005 "POST /dip/api/tintercom/containers/put-file?executionId=doctor-preprocessing-nas5aev&fileKind=FILTERED_PATHS&path=%2Fdata%2Fdataiku%2Fdatadir%2Fanalysis-data%2FPROJET_CHURN_BANQUE%2FthJxdWrU%2FensPAIMA%2Fsessions%2Fs1%2Fpp2%2Fm1%2Factual_params.json&expand=false HTTP/1.1" 200 None
[2026-04-21 20:22:23,207] [23/MainThread] [INFO] [dataiku.doctor.utils.listener] END -  Saving model
[2026-04-21 20:22:23,207] [23/MainThread] [INFO] [dataiku.doctor.utils.listener] START -  Scoring model
[2026-04-21 20:22:23,208] [23/MainThread] [INFO] [root] Sending /home/dataiku/cache/analysis-data/PROJET_CHURN_BANQUE/thJxdWrU/ensPAIMA/sessions/s1/pp2/m1/train_info.json to /data/dataiku/datadir/analysis-data/PROJET_CHURN_BANQUE/thJxdWrU/ensPAIMA/sessions/s1/pp2/m1/train_info.json
[2026-04-21 20:22:23,210] [23/MainThread] [DEBUG] [urllib3.connectionpool] https://dss-headless-node-56800c84.space-1e09aade-dku.svc.cluster.local:10005 "POST /dip/api/tintercom/containers/put-file?executionId=doctor-preprocessing-nas5aev&fileKind=FILTERED_PATHS&path=%2Fdata%2Fdataiku%2Fdatadir%2Fanalysis-data%2FPROJET_CHURN_BANQUE%2FthJxdWrU%2FensPAIMA%2Fsessions%2Fs1%2Fpp2%2Fm1%2Ftrain_info.json&expand=false HTTP/1.1" 200 None
[2026-04-21 20:22:23,211] [23/MainThread] [INFO] [dataiku.doctor.prediction.classification_scoring] Intrinsic scoring
[2026-04-21 20:22:23,211] [23/MainThread] [INFO] [dataiku.doctor.prediction.scoring_base] Computing feature importance
[2026-04-21 20:22:23,211] [23/MainThread] [INFO] [dataiku.doctor.prediction.scoring_base] No feature importance in classifier
/opt/dataiku/python/dataiku/doctor/prediction/linear_coefficients_computation.py:119: DeprecationWarning: Conversion of an array with ndim > 0 to a scalar is deprecated, and will error in future. Ensure you extract a single element from your array before performing this operation. (Deprecated NumPy 1.25.)
  intercept = float(intercept)
[2026-04-21 20:22:23,212] [23/MainThread] [INFO] [dataiku.doctor.prediction.linear_coefficients_computation] Computing regression coefs
[2026-04-21 20:22:23,212] [23/MainThread] [INFO] [dataiku.doctor.prediction.linear_coefficients_computation] FEATURES 4 CLF COEF 4
[2026-04-21 20:22:23,212] [23/MainThread] [INFO] [dataiku.doctor.prediction.linear_coefficients_computation] CLF Intercept: -0.1893580328303952
[2026-04-21 20:22:23,214] [23/MainThread] [INFO] [dataiku.doctor.prediction.linear_coefficients_computation] Coefs: [-0.18935803  1.25872673  2.753108   -2.79665372 -0.16187211]
[2026-04-21 20:22:23,214] [23/MainThread] [INFO] [dataiku.doctor.prediction.linear_coefficients_computation] Sample variance: 0.17833436327518812
[2026-04-21 20:22:23,215] [23/MainThread] [INFO] [dataiku.doctor.prediction.linear_coefficients_computation] Diagonal in information_matrix computation:   (np.int32(0), np.int32(0))	0.15521176537835407
  (np.int32(1), np.int32(1))	0.18543170960994013
  (np.int32(2), np.int32(2))	0.24215885931318104
  (np.int32(3), np.int32(3))	0.17568017946173045
  (np.int32(4), np.int32(4))	0.14710270635799758
  (np.int32(5), np.int32(5))	0.24131483703254017
  (np.int32(6), np.int32(6))	0.17216933866938494
  (np.int32(7), np.int32(7))	0.15950164213566723
  (np.int32(8), np.int32(8))	0.24696039182925808
  (np.int32(9), np.int32(9))	0.2408860288938762
  (np.int32(10), np.int32(10))	0.16334881996983766
  (np.int32(11), np.int32(11))	0.24556479371828446
  (np.int32(12), np.int32(12))	0.24424800006720515
  (np.int32(13), np.int32(13))	0.208951190249696
  (np.int32(14), np.int32(14))	0.2441700696420485
  (np.int32(15), np.int32(15))	0.1803628006125593
  (np.int32(16), np.int32(16))	0.15159280815170462
  (np.int32(17), np.int32(17))	0.2393907686219336
  (np.int32(18), np.int32(18))	0.1835529657595171
  (np.int32(19), np.int32(19))	0.10993116708515324
  (np.int32(20), np.int32(20))	0.17966726761826435
  (np.int32(21), np.int32(21))	0.1782065202761632
  (np.int32(22), np.int32(22))	0.15311473721205154
  (np.int32(23), np.int32(23))	0.09819354814349886
  (np.int32(24), np.int32(24))	0.07717418636355419
  :	:
  (np.int32(17847), np.int32(17847))	0.23320513058056735
  (np.int32(17848), np.int32(17848))	0.22726351980037335
  (np.int32(17849), np.int32(17849))	0.14089984064295683
  (np.int32(17850), np.int32(17850))	0.17130181296263533
  (np.int32(17851), np.int32(17851))	0.04515527486173484
  (np.int32(17852), np.int32(17852))	0.24502781185788566
  (np.int32(17853), np.int32(17853))	0.15673540590667812
  (np.int32(17854), np.int32(17854))	0.23693744111146106
  (np.int32(17855), np.int32(17855))	0.243988268140795
  (np.int32(17856), np.int32(17856))	0.2441450340842411
  (np.int32(17857), np.int32(17857))	0.23520966313777086
  (np.int32(17858), np.int32(17858))	0.15956481508260517
  (np.int32(17859), np.int32(17859))	0.1778692193551252
  (np.int32(17860), np.int32(17860))	0.24397134003595822
  (np.int32(17861), np.int32(17861))	0.16545519353289917
  (np.int32(17862), np.int32(17862))	0.1310009455363069
  (np.int32(17863), np.int32(17863))	0.17930611186052417
  (np.int32(17864), np.int32(17864))	0.23941255051272023
  (np.int32(17865), np.int32(17865))	0.07822349159230069
  (np.int32(17866), np.int32(17866))	0.2120955374960934
  (np.int32(17867), np.int32(17867))	0.1790653335945325
  (np.int32(17868), np.int32(17868))	0.1741429697076268
  (np.int32(17869), np.int32(17869))	0.22099363414474435
  (np.int32(17870), np.int32(17870))	0.16009213818423734
  (np.int32(17871), np.int32(17871))	0.21879397866347444
[2026-04-21 20:22:23,221] [23/MainThread] [INFO] [dataiku.doctor.prediction.linear_coefficients_computation] information matrix (X^T*X or X^T*Diag*X) shape: (5, 5)
[2026-04-21 20:22:23,225] [23/MainThread] [INFO] [dataiku.doctor.prediction.linear_coefficients_computation] Coefficient standard errors: [[0.01748963 0.02500588 0.19680414 0.1981262  0.02468794]]
[2026-04-21 20:22:23,228] [23/MainThread] [INFO] [dataiku.doctor.prediction.linear_coefficients_computation] Variable=count coef=1.2587267250396352
[2026-04-21 20:22:23,228] [23/MainThread] [INFO] [dataiku.doctor.prediction.linear_coefficients_computation] Variable=balance_min_avg coef=2.753107998282961
[2026-04-21 20:22:23,228] [23/MainThread] [INFO] [dataiku.doctor.prediction.linear_coefficients_computation] Variable=balance_avg_avg coef=-2.796653717123725
[2026-04-21 20:22:23,228] [23/MainThread] [INFO] [dataiku.doctor.prediction.linear_coefficients_computation] Variable=revenue_sum_avg coef=-0.1618721090845217
[2026-04-21 20:22:23,228] [23/MainThread] [INFO] [dataiku.doctor.prediction.classification_scoring] Extracting rescalers
[2026-04-21 20:22:23,229] [23/MainThread] [INFO] [root] Sending /home/dataiku/cache/analysis-data/PROJET_CHURN_BANQUE/thJxdWrU/ensPAIMA/sessions/s1/pp2/m1/iperf.json to /data/dataiku/datadir/analysis-data/PROJET_CHURN_BANQUE/thJxdWrU/ensPAIMA/sessions/s1/pp2/m1/iperf.json
[2026-04-21 20:22:23,233] [23/MainThread] [DEBUG] [urllib3.connectionpool] https://dss-headless-node-56800c84.space-1e09aade-dku.svc.cluster.local:10005 "POST /dip/api/tintercom/containers/put-file?executionId=doctor-preprocessing-nas5aev&fileKind=FILTERED_PATHS&path=%2Fdata%2Fdataiku%2Fdatadir%2Fanalysis-data%2FPROJET_CHURN_BANQUE%2FthJxdWrU%2FensPAIMA%2Fsessions%2Fs1%2Fpp2%2Fm1%2Fiperf.json&expand=false HTTP/1.1" 200 None
[2026-04-21 20:22:23,234] [23/MainThread] [INFO] [dataiku.doctor.prediction.common] NaN support unavailable: incompatible algorithm LOGISTIC_REGRESSION
[2026-04-21 20:22:23,234] [23/MainThread] [INFO] [dataiku.doctor.sparse] Multiframe is not large enough, using NPA
[2026-04-21 20:22:23,236] [23/MainThread] [INFO] [dataiku.doctor.prediction.classification_scoring] Starting threshold optim
[2026-04-21 20:22:23,238] [23/MainThread] [INFO] [dataiku.doctor.prediction.classification_scoring] AT CUT 0.000000 score 0.468232 (pred_true=4436)
[2026-04-21 20:22:23,241] [23/MainThread] [INFO] [dataiku.doctor.prediction.classification_scoring] AT CUT 0.025000 score 0.468394 (pred_true=4434)
[2026-04-21 20:22:23,243] [23/MainThread] [INFO] [dataiku.doctor.prediction.classification_scoring] AT CUT 0.050000 score 0.469285 (pred_true=4423)
[2026-04-21 20:22:23,246] [23/MainThread] [INFO] [dataiku.doctor.prediction.classification_scoring] AT CUT 0.075000 score 0.470302 (pred_true=4402)
[2026-04-21 20:22:23,248] [23/MainThread] [INFO] [dataiku.doctor.prediction.classification_scoring] AT CUT 0.100000 score 0.471655 (pred_true=4377)
[2026-04-21 20:22:23,251] [23/MainThread] [INFO] [dataiku.doctor.prediction.classification_scoring] AT CUT 0.125000 score 0.474285 (pred_true=4341)
[2026-04-21 20:22:23,253] [23/MainThread] [INFO] [dataiku.doctor.prediction.classification_scoring] AT CUT 0.150000 score 0.479119 (pred_true=4271)
[2026-04-21 20:22:23,255] [23/MainThread] [INFO] [dataiku.doctor.prediction.classification_scoring] AT CUT 0.175000 score 0.488558 (pred_true=4150)
[2026-04-21 20:22:23,258] [23/MainThread] [INFO] [dataiku.doctor.prediction.classification_scoring] AT CUT 0.200000 score 0.498959 (pred_true=3927)
[2026-04-21 20:22:23,260] [23/MainThread] [INFO] [dataiku.doctor.prediction.classification_scoring] AT CUT 0.225000 score 0.530520 (pred_true=3526)
[2026-04-21 20:22:23,263] [23/MainThread] [INFO] [dataiku.doctor.prediction.classification_scoring] AT CUT 0.250000 score 0.576047 (pred_true=3036)
[2026-04-21 20:22:23,265] [23/MainThread] [INFO] [dataiku.doctor.prediction.classification_scoring] AT CUT 0.275000 score 0.582261 (pred_true=2917)
[2026-04-21 20:22:23,267] [23/MainThread] [INFO] [dataiku.doctor.prediction.classification_scoring] AT CUT 0.300000 score 0.587283 (pred_true=2843)
[2026-04-21 20:22:23,270] [23/MainThread] [INFO] [dataiku.doctor.prediction.classification_scoring] AT CUT 0.325000 score 0.591852 (pred_true=2743)
[2026-04-21 20:22:23,272] [23/MainThread] [INFO] [dataiku.doctor.prediction.classification_scoring] AT CUT 0.350000 score 0.600102 (pred_true=2580)
[2026-04-21 20:22:23,275] [23/MainThread] [INFO] [dataiku.doctor.prediction.classification_scoring] AT CUT 0.375000 score 0.612886 (pred_true=2338)
[2026-04-21 20:22:23,277] [23/MainThread] [INFO] [dataiku.doctor.prediction.classification_scoring] AT CUT 0.400000 score 0.630963 (pred_true=2061)
[2026-04-21 20:22:23,279] [23/MainThread] [INFO] [dataiku.doctor.prediction.classification_scoring] AT CUT 0.425000 score 0.640640 (pred_true=1769)
[2026-04-21 20:22:23,283] [23/MainThread] [INFO] [dataiku.doctor.prediction.classification_scoring] AT CUT 0.450000 score 0.637288 (pred_true=1594)
[2026-04-21 20:22:23,286] [23/MainThread] [INFO] [dataiku.doctor.prediction.classification_scoring] AT CUT 0.475000 score 0.634213 (pred_true=1561)
[2026-04-21 20:22:23,290] [23/MainThread] [INFO] [dataiku.doctor.prediction.classification_scoring] AT CUT 0.500000 score 0.632128 (pred_true=1520)
[2026-04-21 20:22:23,293] [23/MainThread] [INFO] [dataiku.doctor.prediction.classification_scoring] AT CUT 0.525000 score 0.627160 (pred_true=1479)
[2026-04-21 20:22:23,296] [23/MainThread] [INFO] [dataiku.doctor.prediction.classification_scoring] AT CUT 0.550000 score 0.622350 (pred_true=1427)
[2026-04-21 20:22:23,298] [23/MainThread] [INFO] [dataiku.doctor.prediction.classification_scoring] AT CUT 0.575000 score 0.619489 (pred_true=1343)
[2026-04-21 20:22:23,301] [23/MainThread] [INFO] [dataiku.doctor.prediction.classification_scoring] AT CUT 0.600000 score 0.612182 (pred_true=1238)
[2026-04-21 20:22:23,303] [23/MainThread] [INFO] [dataiku.doctor.prediction.classification_scoring] AT CUT 0.625000 score 0.598778 (pred_true=1099)
[2026-04-21 20:22:23,306] [23/MainThread] [INFO] [dataiku.doctor.prediction.classification_scoring] AT CUT 0.650000 score 0.578158 (pred_true=979)
[2026-04-21 20:22:23,308] [23/MainThread] [INFO] [dataiku.doctor.prediction.classification_scoring] AT CUT 0.675000 score 0.563208 (pred_true=938)
[2026-04-21 20:22:23,311] [23/MainThread] [INFO] [dataiku.doctor.prediction.classification_scoring] AT CUT 0.700000 score 0.559859 (pred_true=916)
[2026-04-21 20:22:23,313] [23/MainThread] [INFO] [dataiku.doctor.prediction.classification_scoring] AT CUT 0.725000 score 0.553763 (pred_true=876)
[2026-04-21 20:22:23,316] [23/MainThread] [INFO] [dataiku.doctor.prediction.classification_scoring] AT CUT 0.750000 score 0.541705 (pred_true=826)
[2026-04-21 20:22:23,318] [23/MainThread] [INFO] [dataiku.doctor.prediction.classification_scoring] AT CUT 0.775000 score 0.517602 (pred_true=746)
[2026-04-21 20:22:23,321] [23/MainThread] [INFO] [dataiku.doctor.prediction.classification_scoring] AT CUT 0.800000 score 0.463959 (pred_true=614)
[2026-04-21 20:22:23,324] [23/MainThread] [INFO] [dataiku.doctor.prediction.classification_scoring] AT CUT 0.825000 score 0.299258 (pred_true=395)
[2026-04-21 20:22:23,327] [23/MainThread] [INFO] [dataiku.doctor.prediction.classification_scoring] AT CUT 0.850000 score 0.275701 (pred_true=356)
[2026-04-21 20:22:23,330] [23/MainThread] [INFO] [dataiku.doctor.prediction.classification_scoring] AT CUT 0.875000 score 0.257910 (pred_true=319)
[2026-04-21 20:22:23,334] [23/MainThread] [INFO] [dataiku.doctor.prediction.classification_scoring] AT CUT 0.900000 score 0.207678 (pred_true=233)
[2026-04-21 20:22:23,337] [23/MainThread] [INFO] [dataiku.doctor.prediction.classification_scoring] AT CUT 0.925000 score 0.118519 (pred_true=129)
[2026-04-21 20:22:23,339] [23/MainThread] [INFO] [dataiku.doctor.prediction.classification_scoring] AT CUT 0.950000 score 0.087197 (pred_true=89)
[2026-04-21 20:22:23,342] [23/MainThread] [INFO] [dataiku.doctor.prediction.classification_scoring] AT CUT 0.975000 score 0.034607 (pred_true=31)
[2026-04-21 20:22:23,342] [23/MainThread] [INFO] [dataiku.doctor.prediction.classification_scoring] Starting optimal threshold search
[2026-04-21 20:22:23,342] [23/MainThread] [INFO] [dataiku.doctor.prediction.classification_scoring] Found threshold 0.425 
[2026-04-21 20:22:23,342] [23/MainThread] [INFO] [dataiku.doctor.prediction.classification_scoring] Selected threshold 0.425 
[2026-04-21 20:22:23,377] [23/MainThread] [INFO] [dataiku.doctor.prediction.classification_scoring] preds [0 1 1 ... 1 0 0]
[2026-04-21 20:22:23,377] [23/MainThread] [INFO] [dataiku.doctor.prediction.classification_scoring] MAPPED SHAPE 4436
[2026-04-21 20:22:23,377] [23/MainThread] [INFO] [dataiku.doctor.prediction.classification_scoring] k=false v=0
[2026-04-21 20:22:23,377] [23/MainThread] [INFO] [dataiku.doctor.prediction.classification_scoring] Mask data [ True False False ... False  True  True]
[2026-04-21 20:22:23,378] [23/MainThread] [INFO] [dataiku.doctor.prediction.classification_scoring] mapped pred <class 'numpy.ndarray'>
[2026-04-21 20:22:23,378] [23/MainThread] [INFO] [dataiku.doctor.prediction.classification_scoring] k=true v=1
[2026-04-21 20:22:23,378] [23/MainThread] [INFO] [dataiku.doctor.prediction.classification_scoring] Mask data [False  True  True ...  True False False]
[2026-04-21 20:22:23,378] [23/MainThread] [INFO] [dataiku.doctor.prediction.classification_scoring] mapped pred <class 'numpy.ndarray'>
[2026-04-21 20:22:23,378] [23/MainThread] [INFO] [dataiku.doctor.prediction.classification_scoring] MAPPED PREDS ['false' 'true' 'true' ... 'true' 'false' 'false']
[2026-04-21 20:22:23,388] [23/MainThread] [INFO] [dataiku.doctor.prediction.common] Total true rate = 1356 / 4436
[2026-04-21 20:22:23,388] [23/MainThread] [INFO] [dataiku.doctor.prediction.common] Computing lift on first 1774 rows
[2026-04-21 20:22:23,389] [23/MainThread] [INFO] [dataiku.doctor.prediction.common] True rate on considered : 1774 / 1002
[2026-04-21 20:22:23,389] [23/MainThread] [INFO] [dataiku.doctor.prediction.common] Lift = 1.847762
/opt/dataiku/python/dataiku/doctor/utils/lift_curve.py:69: FutureWarning: The default of observed=False is deprecated and will be changed to True in a future version of pandas. Pass observed=False to retain current behavior or observed=True to adopt the future default and silence this warning.
  lift = self.data.groupby(['percentile_id', '__target__']).size().reset_index()
/opt/dataiku/python/dataiku/doctor/utils/lift_curve.py:73: FutureWarning: The default value of observed=False is deprecated and will change to observed=True in a future version of pandas. Specify observed=False to silence this warning and retain the current behavior
  lift = lift.pivot_table(values="count", columns='__target__', index="percentile_id", fill_value=0, aggfunc="sum").sort_index(ascending=False)
[2026-04-21 20:22:23,438] [23/MainThread] [INFO] [dataiku.doctor.prediction.classification_scoring] Density for false (id 0)
[2026-04-21 20:22:23,438] [23/MainThread] [INFO] [dataiku.doctor.prediction.classification_scoring] valid_y shape = (4436,)
[2026-04-21 20:22:23,439] [23/MainThread] [INFO] [dataiku.doctor.prediction.classification_scoring] CP: <class 'numpy.ndarray'> ((4436,))
[2026-04-21 20:22:23,439] [23/MainThread] [INFO] [dataiku.doctor.prediction.classification_scoring] Actual shape = (4436,)
[2026-04-21 20:22:23,439] [23/MainThread] [INFO] [dataiku.doctor.prediction.classification_scoring] MASK is <class 'numpy.ndarray'> 
[2026-04-21 20:22:23,439] [23/MainThread] [INFO] [dataiku.doctor.prediction.classification_scoring] Class proba shape (3080,)
[2026/04/21-20:22:23.506] [KNL-python-single-command-kernel-k8smonitor-2142] [INFO] [dku.containers.kubernetes]  - wait for pod to complete, getting pod status
[2026/04/21-20:22:23.507] [KNL-python-single-command-kernel-k8smonitor-2142] [INFO] [dku.containers.kubernetes]  - Querying status on pod dataiku-exec-doctor-preprocessing-nas5aev- try number 1
[2026-04-21 20:22:23,601] [1/Thread-1] [INFO] [root] Local process resource usage : {"commandName": "/opt/dataiku/bin/python -m dataiku.container.exec_doctor_server", "vmRSSTotalMBS": 0, "majorFaults": 137, "childrenMajorFaults": 8, "cpuUserTimeMS": 3390.0, "cpuSystemTimeMS": 300.0, "cpuChildrenUserTimeMS": 10.0, "cpuChildrenSystemTimeMS": 0.0, "cpuTotalMS": 3700.0, "vmSizePeakMB": 1532.49609375, "vmSizeMB": 1504.09375, "vmRSSMB": 252.45703125, "vmHWMMB": 252.45703125, "vmRSSAnonMB": 158.1171875, "vmDataMB": 738.2421875, "vmRSSPeakMB": 252.45703125}
[2026/04/21-20:22:23.691] [Thread-1798] [DEBUG] [dku.utils]  - Process kubectl-get-pod done (return code 0)
[2026/04/21-20:22:23.691] [KNL-python-single-command-kernel-k8smonitor-2142] [DEBUG] [dku.containers.kubernetes]  - kubectl get pod OK, out=Running
[2026/04/21-20:22:23.692] [KNL-python-single-command-kernel-k8smonitor-2142] [DEBUG] [dku.containers.kubernetes]  - Kubernetes pod is running
[2026-04-21 20:22:23,773] [23/MainThread] [INFO] [dataiku.doctor.prediction.classification_scoring] Density for true (id 1)
[2026-04-21 20:22:23,773] [23/MainThread] [INFO] [dataiku.doctor.prediction.classification_scoring] valid_y shape = (4436,)
[2026-04-21 20:22:23,773] [23/MainThread] [INFO] [dataiku.doctor.prediction.classification_scoring] CP: <class 'numpy.ndarray'> ((4436,))
[2026-04-21 20:22:23,773] [23/MainThread] [INFO] [dataiku.doctor.prediction.classification_scoring] Actual shape = (4436,)
[2026-04-21 20:22:23,773] [23/MainThread] [INFO] [dataiku.doctor.prediction.classification_scoring] MASK is <class 'numpy.ndarray'> 
[2026-04-21 20:22:23,773] [23/MainThread] [INFO] [dataiku.doctor.prediction.classification_scoring] Class proba shape (1356,)
[2026-04-21 20:22:24,134] [23/MainThread] [INFO] [root] Sending /home/dataiku/cache/analysis-data/PROJET_CHURN_BANQUE/thJxdWrU/ensPAIMA/sessions/s1/pp2/m1/predicted.csv to /data/dataiku/datadir/analysis-data/PROJET_CHURN_BANQUE/thJxdWrU/ensPAIMA/sessions/s1/pp2/m1/predicted.csv
[2026-04-21 20:22:24,138] [23/MainThread] [DEBUG] [urllib3.connectionpool] https://dss-headless-node-56800c84.space-1e09aade-dku.svc.cluster.local:10005 "POST /dip/api/tintercom/containers/put-file?executionId=doctor-preprocessing-nas5aev&fileKind=FILTERED_PATHS&path=%2Fdata%2Fdataiku%2Fdatadir%2Fanalysis-data%2FPROJET_CHURN_BANQUE%2FthJxdWrU%2FensPAIMA%2Fsessions%2Fs1%2Fpp2%2Fm1%2Fpredicted.csv&expand=false HTTP/1.1" 200 None
[2026-04-21 20:22:24,143] [23/MainThread] [INFO] [root] Sending /home/dataiku/cache/analysis-data/PROJET_CHURN_BANQUE/thJxdWrU/ensPAIMA/sessions/s1/pp2/m1/perf.json to /data/dataiku/datadir/analysis-data/PROJET_CHURN_BANQUE/thJxdWrU/ensPAIMA/sessions/s1/pp2/m1/perf.json
[2026-04-21 20:22:24,146] [23/MainThread] [DEBUG] [urllib3.connectionpool] https://dss-headless-node-56800c84.space-1e09aade-dku.svc.cluster.local:10005 "POST /dip/api/tintercom/containers/put-file?executionId=doctor-preprocessing-nas5aev&fileKind=FILTERED_PATHS&path=%2Fdata%2Fdataiku%2Fdatadir%2Fanalysis-data%2FPROJET_CHURN_BANQUE%2FthJxdWrU%2FensPAIMA%2Fsessions%2Fs1%2Fpp2%2Fm1%2Fperf.json&expand=false HTTP/1.1" 200 None
[2026-04-21 20:22:24,832] [23/MainThread] [INFO] [root] Sending /home/dataiku/cache/analysis-data/PROJET_CHURN_BANQUE/thJxdWrU/ensPAIMA/sessions/s1/pp2/m1/prediction_statistics.json to /data/dataiku/datadir/analysis-data/PROJET_CHURN_BANQUE/thJxdWrU/ensPAIMA/sessions/s1/pp2/m1/prediction_statistics.json
[2026-04-21 20:22:24,836] [23/MainThread] [DEBUG] [urllib3.connectionpool] https://dss-headless-node-56800c84.space-1e09aade-dku.svc.cluster.local:10005 "POST /dip/api/tintercom/containers/put-file?executionId=doctor-preprocessing-nas5aev&fileKind=FILTERED_PATHS&path=%2Fdata%2Fdataiku%2Fdatadir%2Fanalysis-data%2FPROJET_CHURN_BANQUE%2FthJxdWrU%2FensPAIMA%2Fsessions%2Fs1%2Fpp2%2Fm1%2Fprediction_statistics.json&expand=false HTTP/1.1" 200 None
[2026-04-21 20:22:24,837] [23/MainThread] [DEBUG] [dataiku.doctor.diagnostics.diagnostics] calling DatasetSanityCheckDiagnostic.on_scoring_end()
[2026-04-21 20:22:24,838] [23/MainThread] [DEBUG] [dataiku.doctor.diagnostics.diagnostics] DatasetSanityCheckDiagnostic.on_scoring_end() generated diagnostics: []
[2026-04-21 20:22:24,838] [23/MainThread] [DEBUG] [dataiku.doctor.diagnostics.diagnostics] calling ClassifierAccuracyCheckDiagnostic.on_scoring_end()
[2026-04-21 20:22:24,843] [23/MainThread] [DEBUG] [dataiku.doctor.diagnostics.diagnostics] ClassifierAccuracyCheckDiagnostic.on_scoring_end() generated diagnostics: []
[2026-04-21 20:22:24,843] [23/MainThread] [DEBUG] [dataiku.doctor.diagnostics.diagnostics] calling RegressionR2CheckDiagnostic.on_scoring_end()
[2026-04-21 20:22:24,844] [23/MainThread] [DEBUG] [dataiku.doctor.diagnostics.diagnostics] RegressionR2CheckDiagnostic.on_scoring_end() generated diagnostics: []
[2026-04-21 20:22:24,844] [23/MainThread] [DEBUG] [dataiku.doctor.diagnostics.diagnostics] calling LeakageDiagnostic.on_scoring_end()
[2026-04-21 20:22:24,844] [23/MainThread] [DEBUG] [dataiku.doctor.diagnostics.diagnostics] LeakageDiagnostic.on_scoring_end() generated diagnostics: []
[2026-04-21 20:22:24,844] [23/MainThread] [DEBUG] [dataiku.doctor.diagnostics.diagnostics] calling TreeOverfitDiagnostic.on_scoring_end()
[2026-04-21 20:22:24,844] [23/MainThread] [DEBUG] [dataiku.doctor.diagnostics.diagnostics] calling MLAssertionsDiagnostic.on_scoring_end()
[2026-04-21 20:22:24,844] [23/MainThread] [DEBUG] [dataiku.doctor.diagnostics.diagnostics] MLAssertionsDiagnostic.on_scoring_end() generated diagnostics: []
[2026-04-21 20:22:24,844] [23/MainThread] [DEBUG] [dataiku.doctor.diagnostics.diagnostics] calling ModelCheckDiagnostic.on_scoring_end()
[2026-04-21 20:22:24,844] [23/MainThread] [DEBUG] [dataiku.doctor.diagnostics.diagnostics] calling AbnormalPredictionsDetectionDiagnostic.on_scoring_end()
[2026-04-21 20:22:24,844] [23/MainThread] [DEBUG] [dataiku.doctor.diagnostics.diagnostics] AbnormalPredictionsDetectionDiagnostic.on_scoring_end() generated diagnostics: []
[2026-04-21 20:22:24,844] [23/MainThread] [INFO] [dataiku.doctor.utils.listener] END -  Scoring model
[2026-04-21 20:22:24,844] [23/MainThread] [INFO] [dataiku.doctor.utils.listener] START -  Preparing explainability
[2026-04-21 20:22:24,845] [23/MainThread] [INFO] [root] Sending /home/dataiku/cache/analysis-data/PROJET_CHURN_BANQUE/thJxdWrU/ensPAIMA/sessions/s1/pp2/m1/train_info.json to /data/dataiku/datadir/analysis-data/PROJET_CHURN_BANQUE/thJxdWrU/ensPAIMA/sessions/s1/pp2/m1/train_info.json
[2026-04-21 20:22:24,848] [23/MainThread] [DEBUG] [urllib3.connectionpool] https://dss-headless-node-56800c84.space-1e09aade-dku.svc.cluster.local:10005 "POST /dip/api/tintercom/containers/put-file?executionId=doctor-preprocessing-nas5aev&fileKind=FILTERED_PATHS&path=%2Fdata%2Fdataiku%2Fdatadir%2Fanalysis-data%2FPROJET_CHURN_BANQUE%2FthJxdWrU%2FensPAIMA%2Fsessions%2Fs1%2Fpp2%2Fm1%2Ftrain_info.json&expand=false HTTP/1.1" 200 None
[2026-04-21 20:22:24,849] [23/MainThread] [INFO] [dataiku.doctor.prediction_entrypoints] Starting to compute global explanations
[2026-04-21 20:22:24,849] [23/MainThread] [INFO] [dataiku.doctor.prediction_entrypoints] Building model handler
[2026-04-21 20:22:24,849] [23/MainThread] [INFO] [dataiku.base.folder_context] Fetching file from backend: source='/data/dataiku/datadir/analysis-data/PROJET_CHURN_BANQUE/thJxdWrU/ensPAIMA/sessions/s1/pp2/rpreprocessing_params.json' target='/home/dataiku/cache/analysis-data/PROJET_CHURN_BANQUE/thJxdWrU/ensPAIMA/sessions/s1/pp2/rpreprocessing_params.json'
[2026-04-21 20:22:24,849] [23/MainThread] [INFO] [dataiku.container.file_exchange] Fetching file /data/dataiku/datadir/analysis-data/PROJET_CHURN_BANQUE/thJxdWrU/ensPAIMA/sessions/s1/pp2/rpreprocessing_params.json into /home/dataiku/cache/analysis-data/PROJET_CHURN_BANQUE/thJxdWrU/ensPAIMA/sessions/s1/pp2/rpreprocessing_params.json
[2026-04-21 20:22:24,851] [23/MainThread] [DEBUG] [urllib3.connectionpool] https://dss-headless-node-56800c84.space-1e09aade-dku.svc.cluster.local:10005 "POST /dip/api/tintercom/containers/get-file HTTP/1.1" 200 6266
[2026-04-21 20:22:24,852] [23/MainThread] [INFO] [dataiku.base.folder_context] Fetching file from backend: source='/data/dataiku/datadir/analysis-data/PROJET_CHURN_BANQUE/thJxdWrU/ensPAIMA/sessions/s1/pp2/m1/rmodeling_params.json' target='/home/dataiku/cache/analysis-data/PROJET_CHURN_BANQUE/thJxdWrU/ensPAIMA/sessions/s1/pp2/m1/rmodeling_params.json'
[2026-04-21 20:22:24,852] [23/MainThread] [INFO] [dataiku.container.file_exchange] Fetching file /data/dataiku/datadir/analysis-data/PROJET_CHURN_BANQUE/thJxdWrU/ensPAIMA/sessions/s1/pp2/m1/rmodeling_params.json into /home/dataiku/cache/analysis-data/PROJET_CHURN_BANQUE/thJxdWrU/ensPAIMA/sessions/s1/pp2/m1/rmodeling_params.json
[2026-04-21 20:22:24,854] [23/MainThread] [DEBUG] [urllib3.connectionpool] https://dss-headless-node-56800c84.space-1e09aade-dku.svc.cluster.local:10005 "POST /dip/api/tintercom/containers/get-file HTTP/1.1" 200 1936
[2026-04-21 20:22:24,855] [23/MainThread] [INFO] [dataiku.base.folder_context] Fetching file from backend: source='/data/dataiku/datadir/analysis-data/PROJET_CHURN_BANQUE/thJxdWrU/ensPAIMA/sessions/s1/pp2/m1/roverrides.json' target='/home/dataiku/cache/analysis-data/PROJET_CHURN_BANQUE/thJxdWrU/ensPAIMA/sessions/s1/pp2/m1/roverrides.json'
[2026-04-21 20:22:24,855] [23/MainThread] [INFO] [dataiku.container.file_exchange] Fetching file /data/dataiku/datadir/analysis-data/PROJET_CHURN_BANQUE/thJxdWrU/ensPAIMA/sessions/s1/pp2/m1/roverrides.json into /home/dataiku/cache/analysis-data/PROJET_CHURN_BANQUE/thJxdWrU/ensPAIMA/sessions/s1/pp2/m1/roverrides.json
[2026-04-21 20:22:24,858] [23/MainThread] [DEBUG] [urllib3.connectionpool] https://dss-headless-node-56800c84.space-1e09aade-dku.svc.cluster.local:10005 "POST /dip/api/tintercom/containers/get-file HTTP/1.1" 200 21
[2026-04-21 20:22:24,858] [23/MainThread] [INFO] [dataiku.base.folder_context] Fetching file from backend: source='/data/dataiku/datadir/analysis-data/PROJET_CHURN_BANQUE/thJxdWrU/ensPAIMA/sessions/s1/pp2/m1/user_meta.json' target='/home/dataiku/cache/analysis-data/PROJET_CHURN_BANQUE/thJxdWrU/ensPAIMA/sessions/s1/pp2/m1/user_meta.json'
[2026-04-21 20:22:24,859] [23/MainThread] [INFO] [dataiku.container.file_exchange] Fetching file /data/dataiku/datadir/analysis-data/PROJET_CHURN_BANQUE/thJxdWrU/ensPAIMA/sessions/s1/pp2/m1/user_meta.json into /home/dataiku/cache/analysis-data/PROJET_CHURN_BANQUE/thJxdWrU/ensPAIMA/sessions/s1/pp2/m1/user_meta.json
[2026-04-21 20:22:24,861] [23/MainThread] [DEBUG] [urllib3.connectionpool] https://dss-headless-node-56800c84.space-1e09aade-dku.svc.cluster.local:10005 "POST /dip/api/tintercom/containers/get-file HTTP/1.1" 200 865
[2026-04-21 20:22:24,861] [23/MainThread] [INFO] [dataiku.base.folder_context] Fetching file from backend: source='/data/dataiku/datadir/analysis-data/PROJET_CHURN_BANQUE/thJxdWrU/ensPAIMA/sessions/s1/pp2/m1/perf.json.gz' target='/home/dataiku/cache/analysis-data/PROJET_CHURN_BANQUE/thJxdWrU/ensPAIMA/sessions/s1/pp2/m1/perf.json.gz'
[2026-04-21 20:22:24,862] [23/MainThread] [INFO] [dataiku.container.file_exchange] Fetching file /data/dataiku/datadir/analysis-data/PROJET_CHURN_BANQUE/thJxdWrU/ensPAIMA/sessions/s1/pp2/m1/perf.json.gz into /home/dataiku/cache/analysis-data/PROJET_CHURN_BANQUE/thJxdWrU/ensPAIMA/sessions/s1/pp2/m1/perf.json.gz
[2026-04-21 20:22:24,864] [23/MainThread] [DEBUG] [urllib3.connectionpool] https://dss-headless-node-56800c84.space-1e09aade-dku.svc.cluster.local:10005 "POST /dip/api/tintercom/containers/get-file HTTP/1.1" 404 819
[2026-04-21 20:22:24,864] [23/MainThread] [WARNING] [dataiku.container.file_exchange] Could not fetch file /data/dataiku/datadir/analysis-data/PROJET_CHURN_BANQUE/thJxdWrU/ensPAIMA/sessions/s1/pp2/m1/perf.json.gz, not found
[2026-04-21 20:22:24,865] [23/MainThread] [INFO] [dataiku.doctor.utils.gpu_execution] Not logging `nvidia-smi`: `useGPU` is False
[2026-04-21 20:22:24,866] [23/MainThread] [INFO] [dataiku.base.folder_context] Fetching file from backend: source='/data/dataiku/datadir/analysis-data/PROJET_CHURN_BANQUE/thJxdWrU/ensPAIMA/sessions/s1/pp2/m1/xgboost_clf_attributes.json' target='/home/dataiku/cache/analysis-data/PROJET_CHURN_BANQUE/thJxdWrU/ensPAIMA/sessions/s1/pp2/m1/xgboost_clf_attributes.json'
[2026-04-21 20:22:24,866] [23/MainThread] [INFO] [dataiku.container.file_exchange] Fetching file /data/dataiku/datadir/analysis-data/PROJET_CHURN_BANQUE/thJxdWrU/ensPAIMA/sessions/s1/pp2/m1/xgboost_clf_attributes.json into /home/dataiku/cache/analysis-data/PROJET_CHURN_BANQUE/thJxdWrU/ensPAIMA/sessions/s1/pp2/m1/xgboost_clf_attributes.json
[2026-04-21 20:22:24,867] [23/MainThread] [DEBUG] [urllib3.connectionpool] Starting new HTTPS connection (8): dss-headless-node-56800c84.space-1e09aade-dku.svc.cluster.local:10005
[2026-04-21 20:22:24,903] [23/MainThread] [DEBUG] [urllib3.connectionpool] https://dss-headless-node-56800c84.space-1e09aade-dku.svc.cluster.local:10005 "POST /dip/api/tintercom/containers/get-file HTTP/1.1" 404 864
[2026-04-21 20:22:24,904] [23/MainThread] [WARNING] [dataiku.container.file_exchange] Could not fetch file /data/dataiku/datadir/analysis-data/PROJET_CHURN_BANQUE/thJxdWrU/ensPAIMA/sessions/s1/pp2/m1/xgboost_clf_attributes.json, not found
[2026-04-21 20:22:24,904] [23/MainThread] [INFO] [dataiku.base.folder_context] Fetching file from backend: source='/data/dataiku/datadir/analysis-data/PROJET_CHURN_BANQUE/thJxdWrU/ensPAIMA/sessions/s1/pp2/m1/xgboost_booster.bin' target='/home/dataiku/cache/analysis-data/PROJET_CHURN_BANQUE/thJxdWrU/ensPAIMA/sessions/s1/pp2/m1/xgboost_booster.bin'
[2026-04-21 20:22:24,904] [23/MainThread] [INFO] [dataiku.container.file_exchange] Fetching file /data/dataiku/datadir/analysis-data/PROJET_CHURN_BANQUE/thJxdWrU/ensPAIMA/sessions/s1/pp2/m1/xgboost_booster.bin into /home/dataiku/cache/analysis-data/PROJET_CHURN_BANQUE/thJxdWrU/ensPAIMA/sessions/s1/pp2/m1/xgboost_booster.bin
[2026-04-21 20:22:24,905] [23/MainThread] [DEBUG] [urllib3.connectionpool] Starting new HTTPS connection (9): dss-headless-node-56800c84.space-1e09aade-dku.svc.cluster.local:10005
[2026-04-21 20:22:24,928] [23/MainThread] [DEBUG] [urllib3.connectionpool] https://dss-headless-node-56800c84.space-1e09aade-dku.svc.cluster.local:10005 "POST /dip/api/tintercom/containers/get-file HTTP/1.1" 404 840
[2026-04-21 20:22:24,928] [23/MainThread] [WARNING] [dataiku.container.file_exchange] Could not fetch file /data/dataiku/datadir/analysis-data/PROJET_CHURN_BANQUE/thJxdWrU/ensPAIMA/sessions/s1/pp2/m1/xgboost_booster.bin, not found
[2026-04-21 20:22:24,928] [23/MainThread] [INFO] [dataiku.base.folder_context] Fetching file from backend: source='/data/dataiku/datadir/analysis-data/PROJET_CHURN_BANQUE/thJxdWrU/ensPAIMA/sessions/s1/pp2/m1/version_info.json' target='/home/dataiku/cache/analysis-data/PROJET_CHURN_BANQUE/thJxdWrU/ensPAIMA/sessions/s1/pp2/m1/version_info.json'
[2026-04-21 20:22:24,928] [23/MainThread] [INFO] [dataiku.container.file_exchange] Fetching file /data/dataiku/datadir/analysis-data/PROJET_CHURN_BANQUE/thJxdWrU/ensPAIMA/sessions/s1/pp2/m1/version_info.json into /home/dataiku/cache/analysis-data/PROJET_CHURN_BANQUE/thJxdWrU/ensPAIMA/sessions/s1/pp2/m1/version_info.json
[2026-04-21 20:22:24,929] [23/MainThread] [DEBUG] [urllib3.connectionpool] Starting new HTTPS connection (10): dss-headless-node-56800c84.space-1e09aade-dku.svc.cluster.local:10005
[2026-04-21 20:22:24,954] [23/MainThread] [DEBUG] [urllib3.connectionpool] https://dss-headless-node-56800c84.space-1e09aade-dku.svc.cluster.local:10005 "POST /dip/api/tintercom/containers/get-file HTTP/1.1" 404 834
[2026-04-21 20:22:24,954] [23/MainThread] [WARNING] [dataiku.container.file_exchange] Could not fetch file /data/dataiku/datadir/analysis-data/PROJET_CHURN_BANQUE/thJxdWrU/ensPAIMA/sessions/s1/pp2/m1/version_info.json, not found
[2026-04-21 20:22:24,954] [23/MainThread] [INFO] [dataiku.doctor.prediction.common] NaN support unavailable: incompatible algorithm LOGISTIC_REGRESSION
[2026-04-21 20:22:24,955] [23/MainThread] [INFO] [dataiku.doctor.preprocessing_handler] generating interactions
[2026-04-21 20:22:24,955] [23/MainThread] [INFO] [dataiku.doctor.preprocessing_handler] {'feature_selection_params': {'method': 'NONE', 'random_forest_params': {'n_trees': 30, 'depth': 10, 'n_features': 25}, 'lasso_params': {'alpha': [0.01, 0.1, 1.0, 10.0, 100.0], 'cross_validate': True}, 'pca_params': {'n_features': 25, 'variance_proportion': 0.9}, 'ica_params': {'n_components': 25, 'fun': 'logcosh'}, 'correlation_params': {'min_abs_correlation': 0.0, 'max_abs_correlation': 1.0, 'n_features': 25}, 'custom_params': {'code': '# type your code here'}}, 'preprocessingFitSampleRatio': 1.0, 'preprocessingFitSampleSeed': 1337, 'target_remapping': [{'sourceValue': 'false', 'mappedValue': 0, 'sampleFreq': 6769}, {'sourceValue': 'true', 'mappedValue': 1, 'sampleFreq': 3231}], 'skipPreprocessing': False, 'per_feature': {'count': {'generate_derivative': False, 'numerical_handling': 'REGULAR', 'missing_handling': 'IMPUTE', 'missing_impute_with': 'MEAN', 'impute_constant_value': 0.0, 'keep_regular': False, 'rescaling': 'AVGSTD', 'monotonic': 'NONE', 'quantile_bin_nb_bins': 4, 'binarize_threshold_mode': 'MEDIAN', 'binarize_constant_threshold': 0.0, 'datetime_cyclical_periods': [], 'role': 'INPUT', 'type': 'NUMERIC', 'state': {'userModified': False, 'autoModifiedByDSS': False, 'recordedMeaning': 'LongMeaning'}, 'customHandlingCode': '', 'customProcessorWantsMatrix': False, 'sendToInput': 'main'}, 'balance_min_avg': {'generate_derivative': False, 'numerical_handling': 'REGULAR', 'missing_handling': 'IMPUTE', 'missing_impute_with': 'MEAN', 'impute_constant_value': 0.0, 'keep_regular': False, 'rescaling': 'AVGSTD', 'monotonic': 'NONE', 'quantile_bin_nb_bins': 4, 'binarize_threshold_mode': 'MEDIAN', 'binarize_constant_threshold': 0.0, 'datetime_cyclical_periods': [], 'role': 'INPUT', 'type': 'NUMERIC', 'state': {'userModified': False, 'autoModifiedByDSS': False, 'recordedMeaning': 'DoubleMeaning'}, 'customHandlingCode': '', 'customProcessorWantsMatrix': False, 'sendToInput': 'main'}, 'is_churn_max': {'dummy_clip': 'MAX_NB_CATEGORIES', 'cumulative_proportion': 0.95, 'min_samples': 10, 'max_nb_categories': 100, 'max_cat_safety': 200, 'nb_bins_hashing': 1048576, 'hash_whole_categories': True, 'dummy_drop': 'NONE', 'impact_method': 'M_ESTIMATOR', 'impact_m': 10, 'impact_kfold': True, 'impact_kfold_k': 5, 'impact_kfold_seed': 1337, 'ordinal_order': 'COUNT', 'ordinal_ascending': False, 'ordinal_default_mode': 'HIGHEST', 'ordinal_default_value': 0, 'frequency_default_mode': 'EXPLICIT', 'frequency_default_value': 0.0, 'frequency_normalized': True, 'role': 'TARGET', 'type': 'CATEGORY', 'state': {'userModified': False, 'autoModifiedByDSS': False, 'recordedMeaning': 'Boolean'}, 'customHandlingCode': '', 'customProcessorWantsMatrix': False, 'sendToInput': 'main'}, 'balance_avg_avg': {'generate_derivative': False, 'numerical_handling': 'REGULAR', 'missing_handling': 'IMPUTE', 'missing_impute_with': 'MEAN', 'impute_constant_value': 0.0, 'keep_regular': False, 'rescaling': 'AVGSTD', 'monotonic': 'NONE', 'quantile_bin_nb_bins': 4, 'binarize_threshold_mode': 'MEDIAN', 'binarize_constant_threshold': 0.0, 'datetime_cyclical_periods': [], 'role': 'INPUT', 'type': 'NUMERIC', 'state': {'userModified': False, 'autoModifiedByDSS': False, 'recordedMeaning': 'DoubleMeaning'}, 'customHandlingCode': '', 'customProcessorWantsMatrix': False, 'sendToInput': 'main'}, 'customer_id': {'generate_derivative': False, 'impute_constant_value': 0.0, 'keep_regular': False, 'monotonic': 'NONE', 'quantile_bin_nb_bins': 4, 'binarize_threshold_mode': 'MEDIAN', 'binarize_constant_threshold': 0.0, 'datetime_cyclical_periods': [], 'role': 'REJECT', 'type': 'NUMERIC', 'state': {'userModified': False, 'autoModifiedByDSS': False, 'recordedMeaning': 'LongMeaning'}, 'autoReason': 'REJECT_IDENTIFIER', 'customHandlingCode': '', 'customProcessorWantsMatrix': False, 'sendToInput': 'main'}, 'revenue_sum_avg': {'generate_derivative': False, 'numerical_handling': 'REGULAR', 'missing_handling': 'IMPUTE', 'missing_impute_with': 'MEAN', 'impute_constant_value': 0.0, 'keep_regular': False, 'rescaling': 'AVGSTD', 'monotonic': 'NONE', 'quantile_bin_nb_bins': 4, 'binarize_threshold_mode': 'MEDIAN', 'binarize_constant_threshold': 0.0, 'datetime_cyclical_periods': [], 'role': 'INPUT', 'type': 'NUMERIC', 'state': {'userModified': False, 'autoModifiedByDSS': False, 'recordedMeaning': 'DoubleMeaning'}, 'customHandlingCode': '', 'customProcessorWantsMatrix': False, 'sendToInput': 'main'}}, 'reduce': {'enabled': False, 'kept_variance': 0.0}, 'feature_generation': {'pairwise_linear': {'behavior': 'DISABLED'}, 'polynomial_combinations': {'behavior': 'DISABLED'}, 'manual_interactions': {'interactions': []}, 'numericals_clustering': {'k': 0, 'all_features': False, 'input_features': [], 'behavior': 'DISABLED'}, 'categoricals_count_transformer': {'all_features': False, 'input_features': [], 'behavior': 'DISABLED'}, 'shifts': {}, 'windows': [], 'windows_rescale_numericals': False, 'windows_max_categories': 10}}
[2026-04-21 20:22:24,955] [23/MainThread] [INFO] [dataiku.doctor.preprocessing_handler] No feature selection to perform
[2026-04-21 20:22:24,955] [23/MainThread] [INFO] [dataiku.doctor.preprocessing_handler] generating interactions
[2026-04-21 20:22:24,956] [23/MainThread] [INFO] [dataiku.doctor.preprocessing_handler] {'feature_selection_params': {'method': 'NONE', 'random_forest_params': {'n_trees': 30, 'depth': 10, 'n_features': 25}, 'lasso_params': {'alpha': [0.01, 0.1, 1.0, 10.0, 100.0], 'cross_validate': True}, 'pca_params': {'n_features': 25, 'variance_proportion': 0.9}, 'ica_params': {'n_components': 25, 'fun': 'logcosh'}, 'correlation_params': {'min_abs_correlation': 0.0, 'max_abs_correlation': 1.0, 'n_features': 25}, 'custom_params': {'code': '# type your code here'}}, 'preprocessingFitSampleRatio': 1.0, 'preprocessingFitSampleSeed': 1337, 'target_remapping': [{'sourceValue': 'false', 'mappedValue': 0, 'sampleFreq': 6769}, {'sourceValue': 'true', 'mappedValue': 1, 'sampleFreq': 3231}], 'skipPreprocessing': False, 'per_feature': {'count': {'generate_derivative': False, 'numerical_handling': 'REGULAR', 'missing_handling': 'IMPUTE', 'missing_impute_with': 'MEAN', 'impute_constant_value': 0.0, 'keep_regular': False, 'rescaling': 'AVGSTD', 'monotonic': 'NONE', 'quantile_bin_nb_bins': 4, 'binarize_threshold_mode': 'MEDIAN', 'binarize_constant_threshold': 0.0, 'datetime_cyclical_periods': [], 'role': 'INPUT', 'type': 'NUMERIC', 'state': {'userModified': False, 'autoModifiedByDSS': False, 'recordedMeaning': 'LongMeaning'}, 'customHandlingCode': '', 'customProcessorWantsMatrix': False, 'sendToInput': 'main'}, 'balance_min_avg': {'generate_derivative': False, 'numerical_handling': 'REGULAR', 'missing_handling': 'IMPUTE', 'missing_impute_with': 'MEAN', 'impute_constant_value': 0.0, 'keep_regular': False, 'rescaling': 'AVGSTD', 'monotonic': 'NONE', 'quantile_bin_nb_bins': 4, 'binarize_threshold_mode': 'MEDIAN', 'binarize_constant_threshold': 0.0, 'datetime_cyclical_periods': [], 'role': 'INPUT', 'type': 'NUMERIC', 'state': {'userModified': False, 'autoModifiedByDSS': False, 'recordedMeaning': 'DoubleMeaning'}, 'customHandlingCode': '', 'customProcessorWantsMatrix': False, 'sendToInput': 'main'}, 'is_churn_max': {'dummy_clip': 'MAX_NB_CATEGORIES', 'cumulative_proportion': 0.95, 'min_samples': 10, 'max_nb_categories': 100, 'max_cat_safety': 200, 'nb_bins_hashing': 1048576, 'hash_whole_categories': True, 'dummy_drop': 'NONE', 'impact_method': 'M_ESTIMATOR', 'impact_m': 10, 'impact_kfold': True, 'impact_kfold_k': 5, 'impact_kfold_seed': 1337, 'ordinal_order': 'COUNT', 'ordinal_ascending': False, 'ordinal_default_mode': 'HIGHEST', 'ordinal_default_value': 0, 'frequency_default_mode': 'EXPLICIT', 'frequency_default_value': 0.0, 'frequency_normalized': True, 'role': 'TARGET', 'type': 'CATEGORY', 'state': {'userModified': False, 'autoModifiedByDSS': False, 'recordedMeaning': 'Boolean'}, 'customHandlingCode': '', 'customProcessorWantsMatrix': False, 'sendToInput': 'main'}, 'balance_avg_avg': {'generate_derivative': False, 'numerical_handling': 'REGULAR', 'missing_handling': 'IMPUTE', 'missing_impute_with': 'MEAN', 'impute_constant_value': 0.0, 'keep_regular': False, 'rescaling': 'AVGSTD', 'monotonic': 'NONE', 'quantile_bin_nb_bins': 4, 'binarize_threshold_mode': 'MEDIAN', 'binarize_constant_threshold': 0.0, 'datetime_cyclical_periods': [], 'role': 'INPUT', 'type': 'NUMERIC', 'state': {'userModified': False, 'autoModifiedByDSS': False, 'recordedMeaning': 'DoubleMeaning'}, 'customHandlingCode': '', 'customProcessorWantsMatrix': False, 'sendToInput': 'main'}, 'customer_id': {'generate_derivative': False, 'impute_constant_value': 0.0, 'keep_regular': False, 'monotonic': 'NONE', 'quantile_bin_nb_bins': 4, 'binarize_threshold_mode': 'MEDIAN', 'binarize_constant_threshold': 0.0, 'datetime_cyclical_periods': [], 'role': 'REJECT', 'type': 'NUMERIC', 'state': {'userModified': False, 'autoModifiedByDSS': False, 'recordedMeaning': 'LongMeaning'}, 'autoReason': 'REJECT_IDENTIFIER', 'customHandlingCode': '', 'customProcessorWantsMatrix': False, 'sendToInput': 'main'}, 'revenue_sum_avg': {'generate_derivative': False, 'numerical_handling': 'REGULAR', 'missing_handling': 'IMPUTE', 'missing_impute_with': 'MEAN', 'impute_constant_value': 0.0, 'keep_regular': False, 'rescaling': 'AVGSTD', 'monotonic': 'NONE', 'quantile_bin_nb_bins': 4, 'binarize_threshold_mode': 'MEDIAN', 'binarize_constant_threshold': 0.0, 'datetime_cyclical_periods': [], 'role': 'INPUT', 'type': 'NUMERIC', 'state': {'userModified': False, 'autoModifiedByDSS': False, 'recordedMeaning': 'DoubleMeaning'}, 'customHandlingCode': '', 'customProcessorWantsMatrix': False, 'sendToInput': 'main'}}, 'reduce': {'enabled': False, 'kept_variance': 0.0}, 'feature_generation': {'pairwise_linear': {'behavior': 'DISABLED'}, 'polynomial_combinations': {'behavior': 'DISABLED'}, 'manual_interactions': {'interactions': []}, 'numericals_clustering': {'k': 0, 'all_features': False, 'input_features': [], 'behavior': 'DISABLED'}, 'categoricals_count_transformer': {'all_features': False, 'input_features': [], 'behavior': 'DISABLED'}, 'shifts': {}, 'windows': [], 'windows_rescale_numericals': False, 'windows_max_categories': 10}}
[2026-04-21 20:22:24,956] [23/MainThread] [INFO] [dataiku.doctor.preprocessing_handler] No feature selection to perform
[2026-04-21 20:22:24,957] [23/MainThread] [INFO] [dataiku.doctor.multiframe] Set MF index len 1
[2026-04-21 20:22:24,957] [23/MainThread] [DEBUG] [dku.ml.preprocessing] PROCESS WITH Step:MultipleImputeMissingFromInput
[2026-04-21 20:22:24,957] [23/MainThread] [DEBUG] [dku.ml.preprocessing] MIMIFI: Imputing with map {'count': 2.4552931960608775, 'balance_min_avg': 8132.268697746837, 'balance_avg_avg': 11223.687274500806, 'revenue_sum_avg': 89.49772659659985}
[2026-04-21 20:22:24,958] [23/MainThread] [DEBUG] [dku.ml.preprocessing] PROCESS WITH Step:MultipleImputeMissingFromInput
[2026-04-21 20:22:24,958] [23/MainThread] [DEBUG] [dku.ml.preprocessing] MIMIFI: Imputing with map {}
[2026-04-21 20:22:24,958] [23/MainThread] [DEBUG] [dku.ml.preprocessing] PROCESS WITH Step:RescalingProcessor2 (count)
[2026-04-21 20:22:24,959] [23/MainThread] [DEBUG] [dku.ml.preprocessing]   Rescale count (avg=2.4552931960608775 std=nan shift=2.4552931960608775 inv_scale=0.7033554094213762 nulls=0)
[2026-04-21 20:22:24,960] [23/MainThread] [DEBUG] [dku.ml.preprocessing] PROCESS WITH Step:RescalingProcessor2 (balance_min_avg)
[2026-04-21 20:22:24,960] [23/MainThread] [DEBUG] [dku.ml.preprocessing]   Rescale balance_min_avg (avg=8132.268697746837 std=nan shift=8132.268697746837 inv_scale=3.6860642723083166e-05 nulls=0)
[2026-04-21 20:22:24,961] [23/MainThread] [DEBUG] [dku.ml.preprocessing] PROCESS WITH Step:RescalingProcessor2 (balance_avg_avg)
[2026-04-21 20:22:24,961] [23/MainThread] [DEBUG] [dku.ml.preprocessing]   Rescale balance_avg_avg (avg=11223.687274500806 std=nan shift=11223.687274500806 inv_scale=3.64362410680209e-05 nulls=0)
[2026-04-21 20:22:24,962] [23/MainThread] [DEBUG] [dku.ml.preprocessing] PROCESS WITH Step:RescalingProcessor2 (revenue_sum_avg)
[2026-04-21 20:22:24,962] [23/MainThread] [DEBUG] [dku.ml.preprocessing]   Rescale revenue_sum_avg (avg=89.49772659659985 std=nan shift=89.49772659659985 inv_scale=0.006745127911672814 nulls=0)
[2026-04-21 20:22:24,963] [23/MainThread] [DEBUG] [dku.ml.preprocessing] PROCESS WITH Step:FlushDFBuilder(num_flagonly)
[2026-04-21 20:22:24,963] [23/MainThread] [DEBUG] [dku.ml.preprocessing] PROCESS WITH Step:FlushDFBuilder(datetime_cyclical)
[2026-04-21 20:22:24,963] [23/MainThread] [DEBUG] [dku.ml.preprocessing] PROCESS WITH Step:MultipleImputeMissingFromInput
[2026-04-21 20:22:24,963] [23/MainThread] [DEBUG] [dku.ml.preprocessing] MIMIFI: Imputing with map {}
[2026-04-21 20:22:24,963] [23/MainThread] [DEBUG] [dku.ml.preprocessing] PROCESS WITH Step:FlushDFBuilder(cat_flagpresence)
[2026-04-21 20:22:24,963] [23/MainThread] [DEBUG] [dku.ml.preprocessing] PROCESS WITH Step:MultipleImputeMissingFromInput
[2026-04-21 20:22:24,963] [23/MainThread] [DEBUG] [dku.ml.preprocessing] MIMIFI: Imputing with map {}
[2026-04-21 20:22:24,963] [23/MainThread] [DEBUG] [dku.ml.preprocessing] PROCESS WITH Step:MultipleImputeMissingFromInput
[2026-04-21 20:22:24,963] [23/MainThread] [DEBUG] [dku.ml.preprocessing] MIMIFI: Imputing with map {}
[2026-04-21 20:22:24,963] [23/MainThread] [DEBUG] [dku.ml.preprocessing] PROCESS WITH Step:FlushDFBuilder(interaction)
[2026-04-21 20:22:24,963] [23/MainThread] [DEBUG] [dku.ml.preprocessing] PROCESS WITH Step:DumpPipelineState
[2026-04-21 20:22:24,963] [23/MainThread] [DEBUG] [dku.ml.preprocessing] ********* Pipeline state (Before feature selection)
[2026-04-21 20:22:24,963] [23/MainThread] [DEBUG] [dku.ml.preprocessing]    input_df= (1, 6) 
[2026-04-21 20:22:24,963] [23/MainThread] [DEBUG] [dku.ml.preprocessing]    current_mf=(1, 4) 
[2026-04-21 20:22:24,963] [23/MainThread] [DEBUG] [dku.ml.preprocessing]    PPR: 
[2026-04-21 20:22:24,964] [23/MainThread] [DEBUG] [dku.ml.preprocessing] PROCESS WITH Step:EmitCurrentMFAsResult
[2026-04-21 20:22:24,964] [23/MainThread] [INFO] [dataiku.doctor.multiframe] Set MF index len 1
[2026-04-21 20:22:24,964] [23/MainThread] [DEBUG] [dku.ml.preprocessing] PROCESS WITH Step:DumpPipelineState
[2026-04-21 20:22:24,964] [23/MainThread] [DEBUG] [dku.ml.preprocessing] ********* Pipeline state (At end)
[2026-04-21 20:22:24,964] [23/MainThread] [DEBUG] [dku.ml.preprocessing]    input_df= (1, 6) 
[2026-04-21 20:22:24,964] [23/MainThread] [DEBUG] [dku.ml.preprocessing]    current_mf=(0, 0) 
[2026-04-21 20:22:24,964] [23/MainThread] [DEBUG] [dku.ml.preprocessing]    PPR: 
[2026-04-21 20:22:24,964] [23/MainThread] [DEBUG] [dku.ml.preprocessing]       TRAIN = <class 'dataiku.doctor.multiframe.MultiFrame'> ((1, 4))
[2026-04-21 20:22:24,964] [23/MainThread] [DEBUG] [dku.ml.preprocessing]       UNPROCESSED = <class 'pandas.core.frame.DataFrame'> ((1, 6))
[2026-04-21 20:22:24,964] [23/MainThread] [INFO] [dataiku.doctor.individual_explainer] Preparing explainer components: column importance, background rows and feature histograms
[2026-04-21 20:22:24,965] [23/MainThread] [INFO] [dataiku.base.folder_context] Fetching file from backend: source='/data/dataiku/datadir/analysis-data/PROJET_CHURN_BANQUE/thJxdWrU/ensPAIMA/sessions/s1/pp2/m1/column_importance.json' target='/home/dataiku/cache/analysis-data/PROJET_CHURN_BANQUE/thJxdWrU/ensPAIMA/sessions/s1/pp2/m1/column_importance.json'
[2026-04-21 20:22:24,965] [23/MainThread] [INFO] [dataiku.container.file_exchange] Fetching file /data/dataiku/datadir/analysis-data/PROJET_CHURN_BANQUE/thJxdWrU/ensPAIMA/sessions/s1/pp2/m1/column_importance.json into /home/dataiku/cache/analysis-data/PROJET_CHURN_BANQUE/thJxdWrU/ensPAIMA/sessions/s1/pp2/m1/column_importance.json
[2026-04-21 20:22:24,966] [23/MainThread] [DEBUG] [urllib3.connectionpool] Starting new HTTPS connection (11): dss-headless-node-56800c84.space-1e09aade-dku.svc.cluster.local:10005
[2026-04-21 20:22:24,988] [23/MainThread] [DEBUG] [urllib3.connectionpool] https://dss-headless-node-56800c84.space-1e09aade-dku.svc.cluster.local:10005 "POST /dip/api/tintercom/containers/get-file HTTP/1.1" 404 849
[2026-04-21 20:22:24,989] [23/MainThread] [WARNING] [dataiku.container.file_exchange] Could not fetch file /data/dataiku/datadir/analysis-data/PROJET_CHURN_BANQUE/thJxdWrU/ensPAIMA/sessions/s1/pp2/m1/column_importance.json, not found
[2026-04-21 20:22:24,990] [23/MainThread] [INFO] [dataiku.doctor.individual_explainer] Loading train dataset to allow for computation of explanations.
[2026-04-21 20:22:24,990] [23/MainThread] [INFO] [root] Reading with dtypes: None
[2026-04-21 20:22:24,990] [23/MainThread] [INFO] [dataiku.doctor.utils] Computed dtype for customer_id: None (schema_type=bigint feature_type=NUMERIC feature_role=REJECT)
[2026-04-21 20:22:24,990] [23/MainThread] [INFO] [dataiku.doctor.utils] Computed dtype for is_churn_max: <class 'numpy.object_'> (schema_type=boolean feature_type=CATEGORY feature_role=TARGET)
[2026-04-21 20:22:24,991] [23/MainThread] [INFO] [dataiku.doctor.utils] Computed dtype for balance_min_avg: <class 'numpy.float64'> (schema_type=double feature_type=NUMERIC feature_role=INPUT)
[2026-04-21 20:22:24,991] [23/MainThread] [INFO] [dataiku.doctor.utils] Computed dtype for balance_avg_avg: <class 'numpy.float64'> (schema_type=double feature_type=NUMERIC feature_role=INPUT)
[2026-04-21 20:22:24,991] [23/MainThread] [INFO] [dataiku.doctor.utils] Computed dtype for revenue_sum_avg: <class 'numpy.float64'> (schema_type=double feature_type=NUMERIC feature_role=INPUT)
[2026-04-21 20:22:24,991] [23/MainThread] [INFO] [dataiku.doctor.utils] Computed dtype for count: <class 'numpy.float64'> (schema_type=bigint feature_type=NUMERIC feature_role=INPUT)
[2026-04-21 20:22:24,991] [23/MainThread] [INFO] [root] Reading with FIXED dtypes: {'is_churn_max': <class 'numpy.object_'>, 'balance_min_avg': <class 'numpy.float64'>, 'balance_avg_avg': <class 'numpy.float64'>, 'revenue_sum_avg': <class 'numpy.float64'>, 'count': <class 'numpy.float64'>}
[2026-04-21 20:22:25,040] [23/MainThread] [INFO] [root] Loaded table
[2026-04-21 20:22:25,040] [23/MainThread] [INFO] [dataiku.doctor.utils] Coercion done
[2026-04-21 20:22:25,041] [23/MainThread] [INFO] [dataiku.doctor.multiframe] Set MF index len 17872
[2026-04-21 20:22:25,041] [23/MainThread] [DEBUG] [dku.ml.preprocessing] PROCESS WITH Step:MultipleImputeMissingFromInput
[2026-04-21 20:22:25,041] [23/MainThread] [DEBUG] [dku.ml.preprocessing] MIMIFI: Imputing with map {'count': 2.4552931960608775, 'balance_min_avg': 8132.268697746837, 'balance_avg_avg': 11223.687274500806, 'revenue_sum_avg': 89.49772659659985}
[2026-04-21 20:22:25,042] [23/MainThread] [DEBUG] [dku.ml.preprocessing] PROCESS WITH Step:MultipleImputeMissingFromInput
[2026-04-21 20:22:25,042] [23/MainThread] [DEBUG] [dku.ml.preprocessing] MIMIFI: Imputing with map {}
[2026-04-21 20:22:25,042] [23/MainThread] [DEBUG] [dku.ml.preprocessing] PROCESS WITH Step:RescalingProcessor2 (count)
[2026-04-21 20:22:25,043] [23/MainThread] [DEBUG] [dku.ml.preprocessing]   Rescale count (avg=2.4552931960608775 std=1.4217563220600835 shift=2.4552931960608775 inv_scale=0.7033554094213762 nulls=0)
[2026-04-21 20:22:25,044] [23/MainThread] [DEBUG] [dku.ml.preprocessing] PROCESS WITH Step:RescalingProcessor2 (balance_min_avg)
[2026-04-21 20:22:25,044] [23/MainThread] [DEBUG] [dku.ml.preprocessing]   Rescale balance_min_avg (avg=8132.268697746837 std=27102.627793818603 shift=8132.268697746837 inv_scale=3.6860642723083166e-05 nulls=0)
[2026-04-21 20:22:25,044] [23/MainThread] [DEBUG] [dku.ml.preprocessing] PROCESS WITH Step:RescalingProcessor2 (balance_avg_avg)
[2026-04-21 20:22:25,045] [23/MainThread] [DEBUG] [dku.ml.preprocessing]   Rescale balance_avg_avg (avg=11223.687274500806 std=27418.313489024098 shift=11223.687274500806 inv_scale=3.64362410680209e-05 nulls=0)
[2026-04-21 20:22:25,045] [23/MainThread] [DEBUG] [dku.ml.preprocessing] PROCESS WITH Step:RescalingProcessor2 (revenue_sum_avg)
[2026-04-21 20:22:25,046] [23/MainThread] [DEBUG] [dku.ml.preprocessing]   Rescale revenue_sum_avg (avg=89.49772659659983 std=146.7082062220202 shift=89.49772659659985 inv_scale=0.006745127911672814 nulls=0)
[2026-04-21 20:22:25,046] [23/MainThread] [DEBUG] [dku.ml.preprocessing] PROCESS WITH Step:FlushDFBuilder(num_flagonly)
[2026-04-21 20:22:25,047] [23/MainThread] [DEBUG] [dku.ml.preprocessing] PROCESS WITH Step:FlushDFBuilder(datetime_cyclical)
[2026-04-21 20:22:25,047] [23/MainThread] [DEBUG] [dku.ml.preprocessing] PROCESS WITH Step:MultipleImputeMissingFromInput
[2026-04-21 20:22:25,047] [23/MainThread] [DEBUG] [dku.ml.preprocessing] MIMIFI: Imputing with map {}
[2026-04-21 20:22:25,047] [23/MainThread] [DEBUG] [dku.ml.preprocessing] PROCESS WITH Step:FlushDFBuilder(cat_flagpresence)
[2026-04-21 20:22:25,047] [23/MainThread] [DEBUG] [dku.ml.preprocessing] PROCESS WITH Step:MultipleImputeMissingFromInput
[2026-04-21 20:22:25,047] [23/MainThread] [DEBUG] [dku.ml.preprocessing] MIMIFI: Imputing with map {}
[2026-04-21 20:22:25,047] [23/MainThread] [DEBUG] [dku.ml.preprocessing] PROCESS WITH Step:MultipleImputeMissingFromInput
[2026-04-21 20:22:25,047] [23/MainThread] [DEBUG] [dku.ml.preprocessing] MIMIFI: Imputing with map {}
[2026-04-21 20:22:25,047] [23/MainThread] [DEBUG] [dku.ml.preprocessing] PROCESS WITH Step:FlushDFBuilder(interaction)
[2026-04-21 20:22:25,047] [23/MainThread] [DEBUG] [dku.ml.preprocessing] PROCESS WITH Step:DumpPipelineState
[2026-04-21 20:22:25,047] [23/MainThread] [DEBUG] [dku.ml.preprocessing] ********* Pipeline state (Before feature selection)
[2026-04-21 20:22:25,047] [23/MainThread] [DEBUG] [dku.ml.preprocessing]    input_df= (17872, 6) 
[2026-04-21 20:22:25,047] [23/MainThread] [DEBUG] [dku.ml.preprocessing]    current_mf=(17872, 4) 
[2026-04-21 20:22:25,047] [23/MainThread] [DEBUG] [dku.ml.preprocessing]    PPR: 
[2026-04-21 20:22:25,047] [23/MainThread] [DEBUG] [dku.ml.preprocessing] PROCESS WITH Step:EmitCurrentMFAsResult
[2026-04-21 20:22:25,047] [23/MainThread] [INFO] [dataiku.doctor.multiframe] Set MF index len 17872
[2026-04-21 20:22:25,047] [23/MainThread] [DEBUG] [dku.ml.preprocessing] PROCESS WITH Step:DumpPipelineState
[2026-04-21 20:22:25,047] [23/MainThread] [DEBUG] [dku.ml.preprocessing] ********* Pipeline state (At end)
[2026-04-21 20:22:25,047] [23/MainThread] [DEBUG] [dku.ml.preprocessing]    input_df= (17872, 6) 
[2026-04-21 20:22:25,048] [23/MainThread] [DEBUG] [dku.ml.preprocessing]    current_mf=(0, 0) 
[2026-04-21 20:22:25,048] [23/MainThread] [DEBUG] [dku.ml.preprocessing]    PPR: 
[2026-04-21 20:22:25,048] [23/MainThread] [DEBUG] [dku.ml.preprocessing]       TRAIN = <class 'dataiku.doctor.multiframe.MultiFrame'> ((17872, 4))
[2026-04-21 20:22:25,048] [23/MainThread] [DEBUG] [dku.ml.preprocessing]       UNPROCESSED = <class 'pandas.core.frame.DataFrame'> ((17872, 6))
[2026-04-21 20:22:25,048] [23/MainThread] [INFO] [dataiku.doctor.prediction.common] NaN support unavailable: incompatible algorithm LOGISTIC_REGRESSION
[2026-04-21 20:22:25,048] [23/MainThread] [INFO] [dataiku.doctor.sparse] Multiframe is not large enough, using NPA
[2026-04-21 20:22:25,052] [23/MainThread] [INFO] [dataiku.base.folder_context] Fetching file from backend: source='/data/dataiku/datadir/analysis-data/PROJET_CHURN_BANQUE/thJxdWrU/ensPAIMA/sessions/s1/pp2/m1/column_importance.json' target='/home/dataiku/cache/analysis-data/PROJET_CHURN_BANQUE/thJxdWrU/ensPAIMA/sessions/s1/pp2/m1/column_importance.json'
[2026-04-21 20:22:25,052] [23/MainThread] [INFO] [dataiku.container.file_exchange] Fetching file /data/dataiku/datadir/analysis-data/PROJET_CHURN_BANQUE/thJxdWrU/ensPAIMA/sessions/s1/pp2/m1/column_importance.json into /home/dataiku/cache/analysis-data/PROJET_CHURN_BANQUE/thJxdWrU/ensPAIMA/sessions/s1/pp2/m1/column_importance.json
[2026-04-21 20:22:25,054] [23/MainThread] [DEBUG] [urllib3.connectionpool] Starting new HTTPS connection (12): dss-headless-node-56800c84.space-1e09aade-dku.svc.cluster.local:10005
[2026-04-21 20:22:25,076] [23/MainThread] [DEBUG] [urllib3.connectionpool] https://dss-headless-node-56800c84.space-1e09aade-dku.svc.cluster.local:10005 "POST /dip/api/tintercom/containers/get-file HTTP/1.1" 404 849
[2026-04-21 20:22:25,076] [23/MainThread] [WARNING] [dataiku.container.file_exchange] Could not fetch file /data/dataiku/datadir/analysis-data/PROJET_CHURN_BANQUE/thJxdWrU/ensPAIMA/sessions/s1/pp2/m1/column_importance.json, not found
[2026-04-21 20:22:25,076] [23/MainThread] [INFO] [dataiku.doctor.prediction.column_importance_handler] Computing feature importances
[2026-04-21 20:22:25,291] [23/MainThread] [INFO] [dataiku.base.folder_context] Fetching file from backend: source='/data/dataiku/datadir/analysis-data/PROJET_CHURN_BANQUE/thJxdWrU/ensPAIMA/sessions/s1/pp2/feature_selection.json' target='/home/dataiku/cache/analysis-data/PROJET_CHURN_BANQUE/thJxdWrU/ensPAIMA/sessions/s1/pp2/feature_selection.json'
[2026-04-21 20:22:25,291] [23/MainThread] [INFO] [dataiku.container.file_exchange] Fetching file /data/dataiku/datadir/analysis-data/PROJET_CHURN_BANQUE/thJxdWrU/ensPAIMA/sessions/s1/pp2/feature_selection.json into /home/dataiku/cache/analysis-data/PROJET_CHURN_BANQUE/thJxdWrU/ensPAIMA/sessions/s1/pp2/feature_selection.json
[2026-04-21 20:22:25,293] [23/MainThread] [DEBUG] [urllib3.connectionpool] Starting new HTTPS connection (13): dss-headless-node-56800c84.space-1e09aade-dku.svc.cluster.local:10005
[2026-04-21 20:22:25,316] [23/MainThread] [DEBUG] [urllib3.connectionpool] https://dss-headless-node-56800c84.space-1e09aade-dku.svc.cluster.local:10005 "POST /dip/api/tintercom/containers/get-file HTTP/1.1" 404 840
[2026-04-21 20:22:25,316] [23/MainThread] [WARNING] [dataiku.container.file_exchange] Could not fetch file /data/dataiku/datadir/analysis-data/PROJET_CHURN_BANQUE/thJxdWrU/ensPAIMA/sessions/s1/pp2/feature_selection.json, not found
[2026-04-21 20:22:25,317] [23/MainThread] [INFO] [dataiku.doctor.prediction.column_importance_handler] Saving column importance
[2026-04-21 20:22:25,319] [23/MainThread] [INFO] [root] Sending /home/dataiku/cache/analysis-data/PROJET_CHURN_BANQUE/thJxdWrU/ensPAIMA/sessions/s1/pp2/m1/column_importance.json to /data/dataiku/datadir/analysis-data/PROJET_CHURN_BANQUE/thJxdWrU/ensPAIMA/sessions/s1/pp2/m1/column_importance.json
[2026-04-21 20:22:25,320] [23/MainThread] [DEBUG] [urllib3.connectionpool] Starting new HTTPS connection (14): dss-headless-node-56800c84.space-1e09aade-dku.svc.cluster.local:10005
[2026-04-21 20:22:25,345] [23/MainThread] [DEBUG] [urllib3.connectionpool] https://dss-headless-node-56800c84.space-1e09aade-dku.svc.cluster.local:10005 "POST /dip/api/tintercom/containers/put-file?executionId=doctor-preprocessing-nas5aev&fileKind=FILTERED_PATHS&path=%2Fdata%2Fdataiku%2Fdatadir%2Fanalysis-data%2FPROJET_CHURN_BANQUE%2FthJxdWrU%2FensPAIMA%2Fsessions%2Fs1%2Fpp2%2Fm1%2Fcolumn_importance.json&expand=false HTTP/1.1" 200 None
[2026-04-21 20:22:25,346] [23/MainThread] [INFO] [dataiku.base.folder_context] Fetching file from backend: source='/data/dataiku/datadir/analysis-data/PROJET_CHURN_BANQUE/thJxdWrU/ensPAIMA/sessions/s1/pp2/m1/background_rows.csv' target='/home/dataiku/cache/analysis-data/PROJET_CHURN_BANQUE/thJxdWrU/ensPAIMA/sessions/s1/pp2/m1/background_rows.csv'
[2026-04-21 20:22:25,346] [23/MainThread] [INFO] [dataiku.container.file_exchange] Fetching file /data/dataiku/datadir/analysis-data/PROJET_CHURN_BANQUE/thJxdWrU/ensPAIMA/sessions/s1/pp2/m1/background_rows.csv into /home/dataiku/cache/analysis-data/PROJET_CHURN_BANQUE/thJxdWrU/ensPAIMA/sessions/s1/pp2/m1/background_rows.csv
[2026-04-21 20:22:25,349] [23/MainThread] [DEBUG] [urllib3.connectionpool] https://dss-headless-node-56800c84.space-1e09aade-dku.svc.cluster.local:10005 "POST /dip/api/tintercom/containers/get-file HTTP/1.1" 404 840
[2026-04-21 20:22:25,349] [23/MainThread] [WARNING] [dataiku.container.file_exchange] Could not fetch file /data/dataiku/datadir/analysis-data/PROJET_CHURN_BANQUE/thJxdWrU/ensPAIMA/sessions/s1/pp2/m1/background_rows.csv, not found
[2026-04-21 20:22:25,350] [23/MainThread] [INFO] [dataiku.doctor.prediction.background_rows_handler] Building background rows
[2026-04-21 20:22:25,352] [23/MainThread] [INFO] [dataiku.doctor.prediction.background_rows_handler] Background estimated bias <= 0.05218515549212496
[2026-04-21 20:22:25,355] [23/MainThread] [INFO] [dataiku.doctor.prediction.background_rows_handler] Built background rows with shape=(1000, 6)
[2026-04-21 20:22:25,355] [23/MainThread] [INFO] [dataiku.doctor.prediction.background_rows_handler] Saving background rows with shape=(1000, 6)
[2026-04-21 20:22:25,361] [23/MainThread] [INFO] [root] Sending /home/dataiku/cache/analysis-data/PROJET_CHURN_BANQUE/thJxdWrU/ensPAIMA/sessions/s1/pp2/m1/background_rows.csv to /data/dataiku/datadir/analysis-data/PROJET_CHURN_BANQUE/thJxdWrU/ensPAIMA/sessions/s1/pp2/m1/background_rows.csv
[2026-04-21 20:22:25,362] [23/MainThread] [DEBUG] [urllib3.connectionpool] Starting new HTTPS connection (15): dss-headless-node-56800c84.space-1e09aade-dku.svc.cluster.local:10005
[2026-04-21 20:22:25,385] [23/MainThread] [DEBUG] [urllib3.connectionpool] https://dss-headless-node-56800c84.space-1e09aade-dku.svc.cluster.local:10005 "POST /dip/api/tintercom/containers/put-file?executionId=doctor-preprocessing-nas5aev&fileKind=FILTERED_PATHS&path=%2Fdata%2Fdataiku%2Fdatadir%2Fanalysis-data%2FPROJET_CHURN_BANQUE%2FthJxdWrU%2FensPAIMA%2Fsessions%2Fs1%2Fpp2%2Fm1%2Fbackground_rows.csv&expand=false HTTP/1.1" 200 None
[2026-04-21 20:22:25,386] [23/MainThread] [INFO] [dataiku.doctor.utils] Coercion done
[2026-04-21 20:22:25,387] [23/MainThread] [INFO] [dataiku.base.folder_context] Fetching file from backend: source='/data/dataiku/datadir/analysis-data/PROJET_CHURN_BANQUE/thJxdWrU/ensPAIMA/sessions/s1/pp2/m1/features_distribution.json' target='/home/dataiku/cache/analysis-data/PROJET_CHURN_BANQUE/thJxdWrU/ensPAIMA/sessions/s1/pp2/m1/features_distribution.json'
[2026-04-21 20:22:25,387] [23/MainThread] [INFO] [dataiku.container.file_exchange] Fetching file /data/dataiku/datadir/analysis-data/PROJET_CHURN_BANQUE/thJxdWrU/ensPAIMA/sessions/s1/pp2/m1/features_distribution.json into /home/dataiku/cache/analysis-data/PROJET_CHURN_BANQUE/thJxdWrU/ensPAIMA/sessions/s1/pp2/m1/features_distribution.json
[2026-04-21 20:22:25,390] [23/MainThread] [DEBUG] [urllib3.connectionpool] https://dss-headless-node-56800c84.space-1e09aade-dku.svc.cluster.local:10005 "POST /dip/api/tintercom/containers/get-file HTTP/1.1" 404 861
[2026-04-21 20:22:25,390] [23/MainThread] [WARNING] [dataiku.container.file_exchange] Could not fetch file /data/dataiku/datadir/analysis-data/PROJET_CHURN_BANQUE/thJxdWrU/ensPAIMA/sessions/s1/pp2/m1/features_distribution.json, not found
[2026-04-21 20:22:25,391] [23/MainThread] [INFO] [dataiku.doctor.posttraining.features_distribution] Computing features distribution
[2026-04-21 20:22:25,412] [23/MainThread] [INFO] [dataiku.doctor.posttraining.features_distribution] Saving features distribution
[2026-04-21 20:22:25,414] [23/MainThread] [INFO] [root] Sending /home/dataiku/cache/analysis-data/PROJET_CHURN_BANQUE/thJxdWrU/ensPAIMA/sessions/s1/pp2/m1/features_distribution.json to /data/dataiku/datadir/analysis-data/PROJET_CHURN_BANQUE/thJxdWrU/ensPAIMA/sessions/s1/pp2/m1/features_distribution.json
[2026-04-21 20:22:25,416] [23/MainThread] [DEBUG] [urllib3.connectionpool] Starting new HTTPS connection (16): dss-headless-node-56800c84.space-1e09aade-dku.svc.cluster.local:10005
[2026-04-21 20:22:25,437] [23/MainThread] [DEBUG] [urllib3.connectionpool] https://dss-headless-node-56800c84.space-1e09aade-dku.svc.cluster.local:10005 "POST /dip/api/tintercom/containers/put-file?executionId=doctor-preprocessing-nas5aev&fileKind=FILTERED_PATHS&path=%2Fdata%2Fdataiku%2Fdatadir%2Fanalysis-data%2FPROJET_CHURN_BANQUE%2FthJxdWrU%2FensPAIMA%2Fsessions%2Fs1%2Fpp2%2Fm1%2Ffeatures_distribution.json&expand=false HTTP/1.1" 200 None
[2026-04-21 20:22:25,441] [23/MainThread] [DEBUG] [urllib3.connectionpool] https://dss-headless-node-56800c84.space-1e09aade-dku.svc.cluster.local:10005 "GET /dip/api/tintercom/ml/prediction/get-max-columns-to-explain HTTP/1.1" 200 None
[2026-04-21 20:22:25,442] [23/MainThread] [INFO] [dataiku.doctor.individual_explainer] Using Shapley from preprocessed engine, all mentions of cells *include* the preprocessing
/opt/dataiku/python/dataiku/doctor/prediction/explanations/shapley.py:63: DeprecationWarning: `in1d` is deprecated. Use `np.isin` instead.
  self._columns_to_explain_indices = [np.in1d(self.background_rows_df.columns, col_name).nonzero()[0][0]
[2026-04-21 20:22:25,444] [23/MainThread] [INFO] [dataiku.doctor.multiframe] Set MF index len 100
[2026-04-21 20:22:25,444] [23/MainThread] [DEBUG] [dku.ml.preprocessing] PROCESS WITH Step:MultipleImputeMissingFromInput
[2026-04-21 20:22:25,444] [23/MainThread] [DEBUG] [dku.ml.preprocessing] MIMIFI: Imputing with map {'count': 2.4552931960608775, 'balance_min_avg': 8132.268697746837, 'balance_avg_avg': 11223.687274500806, 'revenue_sum_avg': 89.49772659659985}
[2026-04-21 20:22:25,445] [23/MainThread] [DEBUG] [dku.ml.preprocessing] PROCESS WITH Step:MultipleImputeMissingFromInput
[2026-04-21 20:22:25,445] [23/MainThread] [DEBUG] [dku.ml.preprocessing] MIMIFI: Imputing with map {}
[2026-04-21 20:22:25,445] [23/MainThread] [DEBUG] [dku.ml.preprocessing] PROCESS WITH Step:RescalingProcessor2 (count)
[2026-04-21 20:22:25,446] [23/MainThread] [DEBUG] [dku.ml.preprocessing]   Rescale count (avg=2.33 std=1.3488116730266428 shift=2.4552931960608775 inv_scale=0.7033554094213762 nulls=0)
[2026-04-21 20:22:25,446] [23/MainThread] [DEBUG] [dku.ml.preprocessing] PROCESS WITH Step:RescalingProcessor2 (balance_min_avg)
[2026-04-21 20:22:25,447] [23/MainThread] [DEBUG] [dku.ml.preprocessing]   Rescale balance_min_avg (avg=8593.348028644135 std=23590.233326852995 shift=8132.268697746837 inv_scale=3.6860642723083166e-05 nulls=0)
[2026-04-21 20:22:25,447] [23/MainThread] [DEBUG] [dku.ml.preprocessing] PROCESS WITH Step:RescalingProcessor2 (balance_avg_avg)
[2026-04-21 20:22:25,447] [23/MainThread] [DEBUG] [dku.ml.preprocessing]   Rescale balance_avg_avg (avg=11908.026866788208 std=23858.276522741595 shift=11223.687274500806 inv_scale=3.64362410680209e-05 nulls=0)
[2026-04-21 20:22:25,448] [23/MainThread] [DEBUG] [dku.ml.preprocessing] PROCESS WITH Step:RescalingProcessor2 (revenue_sum_avg)
[2026-04-21 20:22:25,448] [23/MainThread] [DEBUG] [dku.ml.preprocessing]   Rescale revenue_sum_avg (avg=100.34021417487962 std=161.28881358885448 shift=89.49772659659985 inv_scale=0.006745127911672814 nulls=0)
[2026-04-21 20:22:25,449] [23/MainThread] [DEBUG] [dku.ml.preprocessing] PROCESS WITH Step:FlushDFBuilder(num_flagonly)
[2026-04-21 20:22:25,449] [23/MainThread] [DEBUG] [dku.ml.preprocessing] PROCESS WITH Step:FlushDFBuilder(datetime_cyclical)
[2026-04-21 20:22:25,449] [23/MainThread] [DEBUG] [dku.ml.preprocessing] PROCESS WITH Step:MultipleImputeMissingFromInput
[2026-04-21 20:22:25,449] [23/MainThread] [DEBUG] [dku.ml.preprocessing] MIMIFI: Imputing with map {}
[2026-04-21 20:22:25,449] [23/MainThread] [DEBUG] [dku.ml.preprocessing] PROCESS WITH Step:FlushDFBuilder(cat_flagpresence)
[2026-04-21 20:22:25,449] [23/MainThread] [DEBUG] [dku.ml.preprocessing] PROCESS WITH Step:MultipleImputeMissingFromInput
[2026-04-21 20:22:25,449] [23/MainThread] [DEBUG] [dku.ml.preprocessing] MIMIFI: Imputing with map {}
[2026-04-21 20:22:25,449] [23/MainThread] [DEBUG] [dku.ml.preprocessing] PROCESS WITH Step:MultipleImputeMissingFromInput
[2026-04-21 20:22:25,449] [23/MainThread] [DEBUG] [dku.ml.preprocessing] MIMIFI: Imputing with map {}
[2026-04-21 20:22:25,449] [23/MainThread] [DEBUG] [dku.ml.preprocessing] PROCESS WITH Step:FlushDFBuilder(interaction)
[2026-04-21 20:22:25,449] [23/MainThread] [DEBUG] [dku.ml.preprocessing] PROCESS WITH Step:DumpPipelineState
[2026-04-21 20:22:25,449] [23/MainThread] [DEBUG] [dku.ml.preprocessing] ********* Pipeline state (Before feature selection)
[2026-04-21 20:22:25,449] [23/MainThread] [DEBUG] [dku.ml.preprocessing]    input_df= (100, 4) 
[2026-04-21 20:22:25,449] [23/MainThread] [DEBUG] [dku.ml.preprocessing]    current_mf=(100, 4) 
[2026-04-21 20:22:25,449] [23/MainThread] [DEBUG] [dku.ml.preprocessing]    PPR: 
[2026-04-21 20:22:25,449] [23/MainThread] [DEBUG] [dku.ml.preprocessing] PROCESS WITH Step:EmitCurrentMFAsResult
[2026-04-21 20:22:25,450] [23/MainThread] [INFO] [dataiku.doctor.multiframe] Set MF index len 100
[2026-04-21 20:22:25,450] [23/MainThread] [DEBUG] [dku.ml.preprocessing] PROCESS WITH Step:DumpPipelineState
[2026-04-21 20:22:25,450] [23/MainThread] [DEBUG] [dku.ml.preprocessing] ********* Pipeline state (At end)
[2026-04-21 20:22:25,450] [23/MainThread] [DEBUG] [dku.ml.preprocessing]    input_df= (100, 4) 
[2026-04-21 20:22:25,450] [23/MainThread] [DEBUG] [dku.ml.preprocessing]    current_mf=(0, 0) 
[2026-04-21 20:22:25,450] [23/MainThread] [DEBUG] [dku.ml.preprocessing]    PPR: 
[2026-04-21 20:22:25,450] [23/MainThread] [DEBUG] [dku.ml.preprocessing]       TRAIN = <class 'dataiku.doctor.multiframe.MultiFrame'> ((100, 4))
[2026-04-21 20:22:25,450] [23/MainThread] [DEBUG] [dku.ml.preprocessing]       UNPROCESSED = <class 'pandas.core.frame.DataFrame'> ((100, 4))
[2026-04-21 20:22:25,450] [23/MainThread] [INFO] [dataiku.doctor.prediction.common] NaN support unavailable: incompatible algorithm LOGISTIC_REGRESSION
[2026-04-21 20:22:25,450] [23/MainThread] [INFO] [dataiku.doctor.sparse] Multiframe is not large enough, using NPA
[2026-04-21 20:22:25,451] [23/MainThread] [INFO] [dataiku.doctor.prediction.explanations.shapley] 1600 cells will be generated by FrankensteinBuilder(total_num_columns=4, background_size=100, num_cols_to_explain=4) for each row
[2026-04-21 20:22:25,451] [23/MainThread] [INFO] [dataiku.doctor.prediction.explanations.engine] Selecting batch size of: 150 (num_rows=1, max_num_batches=15, max_singly_processed_cells=300000, estimated_processed_cells=240000)
[2026-04-21 20:22:25,451] [23/MainThread] [INFO] [dataiku.doctor.prediction.explanations.engine] Explaining 150 rows in 1 batches
[2026-04-21 20:22:25,452] [23/MainThread] [INFO] [dataiku.doctor.prediction.explanations.engine] Explaining 150 rows (batch 1/1)
[2026-04-21 20:22:25,452] [23/MainThread] [INFO] [dataiku.doctor.multiframe] Set MF index len 150
[2026-04-21 20:22:25,454] [23/MainThread] [INFO] [dataiku.doctor.multiframe] Set MF index len 150
[2026-04-21 20:22:25,454] [23/MainThread] [INFO] [dataiku.doctor.prediction.common] NaN support unavailable: incompatible algorithm LOGISTIC_REGRESSION
[2026-04-21 20:22:25,455] [23/MainThread] [INFO] [dataiku.doctor.sparse] Multiframe is not large enough, using NPA
[2026-04-21 20:22:25,459] [23/MainThread] [INFO] [dataiku.doctor.prediction.explanations.shapley] Built frankenstein of shape (60000, 4)
[2026-04-21 20:22:25,469] [23/MainThread] [INFO] [dataiku.doctor.prediction.explanations.shapley] Built frankenstein of shape (60000, 4)
[2026-04-21 20:22:25,478] [23/MainThread] [INFO] [dataiku.doctor.prediction.explanations.engine] Done computing explanations
[2026-04-21 20:22:25,482] [23/MainThread] [INFO] [root] Sending /home/dataiku/cache/analysis-data/PROJET_CHURN_BANQUE/thJxdWrU/ensPAIMA/sessions/s1/pp2/m1/global_explanations_absolute_importance.json to /data/dataiku/datadir/analysis-data/PROJET_CHURN_BANQUE/thJxdWrU/ensPAIMA/sessions/s1/pp2/m1/global_explanations_absolute_importance.json
[2026-04-21 20:22:25,487] [23/MainThread] [DEBUG] [urllib3.connectionpool] https://dss-headless-node-56800c84.space-1e09aade-dku.svc.cluster.local:10005 "POST /dip/api/tintercom/containers/put-file?executionId=doctor-preprocessing-nas5aev&fileKind=FILTERED_PATHS&path=%2Fdata%2Fdataiku%2Fdatadir%2Fanalysis-data%2FPROJET_CHURN_BANQUE%2FthJxdWrU%2FensPAIMA%2Fsessions%2Fs1%2Fpp2%2Fm1%2Fglobal_explanations_absolute_importance.json&expand=false HTTP/1.1" 200 None
[2026-04-21 20:22:25,490] [23/MainThread] [INFO] [root] Sending /home/dataiku/cache/analysis-data/PROJET_CHURN_BANQUE/thJxdWrU/ensPAIMA/sessions/s1/pp2/m1/global_explanations_observations.json to /data/dataiku/datadir/analysis-data/PROJET_CHURN_BANQUE/thJxdWrU/ensPAIMA/sessions/s1/pp2/m1/global_explanations_observations.json
[2026-04-21 20:22:25,493] [23/MainThread] [DEBUG] [urllib3.connectionpool] https://dss-headless-node-56800c84.space-1e09aade-dku.svc.cluster.local:10005 "POST /dip/api/tintercom/containers/put-file?executionId=doctor-preprocessing-nas5aev&fileKind=FILTERED_PATHS&path=%2Fdata%2Fdataiku%2Fdatadir%2Fanalysis-data%2FPROJET_CHURN_BANQUE%2FthJxdWrU%2FensPAIMA%2Fsessions%2Fs1%2Fpp2%2Fm1%2Fglobal_explanations_observations.json&expand=false HTTP/1.1" 200 None
[2026-04-21 20:22:25,509] [23/MainThread] [INFO] [root] Sending /home/dataiku/cache/analysis-data/PROJET_CHURN_BANQUE/thJxdWrU/ensPAIMA/sessions/s1/pp2/m1/global_explanations_facts.json to /data/dataiku/datadir/analysis-data/PROJET_CHURN_BANQUE/thJxdWrU/ensPAIMA/sessions/s1/pp2/m1/global_explanations_facts.json
[2026-04-21 20:22:25,512] [23/MainThread] [DEBUG] [urllib3.connectionpool] https://dss-headless-node-56800c84.space-1e09aade-dku.svc.cluster.local:10005 "POST /dip/api/tintercom/containers/put-file?executionId=doctor-preprocessing-nas5aev&fileKind=FILTERED_PATHS&path=%2Fdata%2Fdataiku%2Fdatadir%2Fanalysis-data%2FPROJET_CHURN_BANQUE%2FthJxdWrU%2FensPAIMA%2Fsessions%2Fs1%2Fpp2%2Fm1%2Fglobal_explanations_facts.json&expand=false HTTP/1.1" 200 None
[2026-04-21 20:22:25,512] [23/MainThread] [INFO] [dataiku.doctor.utils.listener] END -  Preparing explainability
[2026-04-21 20:22:25,513] [23/MainThread] [INFO] [root] Sending /home/dataiku/cache/analysis-data/PROJET_CHURN_BANQUE/thJxdWrU/ensPAIMA/sessions/s1/pp2/m1/train_info.json to /data/dataiku/datadir/analysis-data/PROJET_CHURN_BANQUE/thJxdWrU/ensPAIMA/sessions/s1/pp2/m1/train_info.json
[2026-04-21 20:22:25,515] [23/MainThread] [DEBUG] [urllib3.connectionpool] https://dss-headless-node-56800c84.space-1e09aade-dku.svc.cluster.local:10005 "POST /dip/api/tintercom/containers/put-file?executionId=doctor-preprocessing-nas5aev&fileKind=FILTERED_PATHS&path=%2Fdata%2Fdataiku%2Fdatadir%2Fanalysis-data%2FPROJET_CHURN_BANQUE%2FthJxdWrU%2FensPAIMA%2Fsessions%2Fs1%2Fpp2%2Fm1%2Ftrain_info.json&expand=false HTTP/1.1" 200 None
[2026/04/21-20:22:25.516] [MRT-2111] [INFO] [dku.block.link.interaction]  - Check result for nullity exceptionIfNull=true result=not null
[2026/04/21-20:22:25.516] [MRT-2111] [INFO] [dku.analysis.prediction]  - Training returned ok
[2026/04/21-20:22:25.517] [MRT-2111] [INFO] [dku.ml.versioning]  - Dumping version info {"trainedWithDSSVersion":"14.4.4","trainedWithDSSConfVersion":"14430","trainedWithDSSBackend":"PY_MEMORY","backendCompatibilityVersion":18} in /data/dataiku/datadir/analysis-data/PROJET_CHURN_BANQUE/thJxdWrU/ensPAIMA/sessions/s1/pp2/m1
[2026-04-21 20:22:25,516] [23/MainThread] [INFO] [dataiku.base.socket_block_link] Client closed
[2026/04/21-20:22:25.517] [MRT-2111] [INFO] [dku.ml.kernel]  - Waiting for results after job finished
Installing debugging signal handler
[2026/04/21-20:22:25.517] [MRT-2111] [INFO] [dku.ml.kernel]  - /data/dataiku/datadir/analysis-data/PROJET_CHURN_BANQUE/thJxdWrU/ensPAIMA/sessions/s1/pp2/container_done.txt not here, still waiting
[2026-04-21 20:22:25,750] [1/MainThread] [INFO] [root] Stop monitoring process 23
[2026/04/21-20:22:28.018] [MRT-2111] [INFO] [dku.ml.kernel]  - /data/dataiku/datadir/analysis-data/PROJET_CHURN_BANQUE/thJxdWrU/ensPAIMA/sessions/s1/pp2/container_done.txt not here, still waiting
[2026-04-21 20:22:28,605] [1/Thread-1] [WARNING] [root] Process not yet started, or shutting down
[2026-04-21 20:22:28,605] [1/Thread-1] [INFO] [root] Done monitoring process 23
[2026-04-21 20:22:28,605] [1/MainThread] [INFO] [root] Containerized process exited with status 0
[2026-04-21 20:22:28,609] [1/MainThread] [DEBUG] [urllib3.connectionpool] https://dss-headless-node-56800c84.space-1e09aade-dku.svc.cluster.local:10005 "POST /dip/api/tintercom/containers/put-file?executionId=doctor-preprocessing-nas5aev&fileKind=EXECUTION_DIR&path=container_done.txt HTTP/1.1" 200 None
Installing debugging signal handler
[2026/04/21-20:22:28.692] [KNL-python-single-command-kernel-k8smonitor-2142] [INFO] [dku.containers.kubernetes]  - wait for pod to complete, getting pod status
[2026/04/21-20:22:28.692] [KNL-python-single-command-kernel-k8smonitor-2142] [INFO] [dku.containers.kubernetes]  - Querying status on pod dataiku-exec-doctor-preprocessing-nas5aev- try number 1
[2026/04/21-20:22:28.889] [Thread-1804] [DEBUG] [dku.utils]  - Process kubectl-get-pod done (return code 0)
[2026/04/21-20:22:28.890] [KNL-python-single-command-kernel-k8smonitor-2142] [DEBUG] [dku.containers.kubernetes]  - kubectl get pod OK, out=Running
[2026/04/21-20:22:28.891] [KNL-python-single-command-kernel-k8smonitor-2142] [DEBUG] [dku.containers.kubernetes]  - Kubernetes pod is running
[2026/04/21-20:22:30.520] [MRT-2111] [INFO] [dku.analysis.ml]  - preTrain={
  "algorithm": "LOGISTIC_REGRESSION",
  "logit_grid": {
    "multi_class": "ovr",
    "penalty": {
      "values": {
        "l1": {
          "enabled": false
        },
        "l2": {
          "enabled": true
        }
      }
    },
    "C": {
      "gridMode": "EXPLICIT",
      "randomMode": "RANGE",
      "limit": {
        "min": 1.0E-23
      },
      "values": [
        0.01,
        0.1,
        1.0,
        10.0,
        100.0
      ],
      "range": {
        "min": 0.01,
        "max": 100.0,
        "nbValues": 3,
        "scaling": "LOGARITHMIC"
      }
    },
    "n_jobs": 2,
    "enabled": true
  },
  "max_ensemble_nodes_serialized": 0,
  "metrics": {
    "customMetrics": [],
    "evaluationMetric": "ROC_AUC",
    "classAveragingMethod": "MACRO",
    "thresholdOptimizationMetric": "F1",
    "costMatrixWeights": {
      "tpGain": 1.0,
      "tnGain": 0.0,
      "fpGain": -0.3,
      "fnGain": 0.0
    },
    "liftPoint": 0.4,
    "netUpliftPoint": 0.5,
    "causalWeighting": "NO_WEIGHTING"
  },
  "autoOptimizeThreshold": true,
  "forcedClassifierThreshold": 0.0,
  "isShiftWindowsCompatible": false,
  "gridLength": 5,
  "grid_search_params": {
    "mode": "KFOLD",
    "splitRatio": 0.8,
    "shuffleIterations": 1,
    "nFolds": 5,
    "cvSeed": 1337,
    "stratified": true,
    "grouped": false,
    "strategy": "GRID",
    "bayesianOptimizer": "SCIKIT_OPTIMIZE",
    "randomized": true,
    "seed": 1337,
    "nIter": 0,
    "nIterRandom": 5,
    "timeout": 0,
    "nJobs": 4,
    "distributed": false,
    "nContainers": 4,
    "foldOffset": true,
    "equalDurationFolds": false
  },
  "pluginAlgoCustomGridSearch": false,
  "computeLearningCurves": false,
  "skipExpensiveReports": false,
  "skipPermutationImportance": true,
  "perIdentifierPermutationImportance": false,
  "propensityModeling": {
    "enabled": true,
    "calibrateProbabilities": false,
    "calibrationDataRatio": 0.1
  }
}
[2026/04/21-20:22:30.520] [MRT-2111] [INFO] [dku.analysis.ml]  - amp={
  "resolved": {
    "algorithm": "LOGISTIC_REGRESSION",
    "logit": {
      "penalty": "l2",
      "C": 1.0
    },
    "skipExpensiveReports": false
  },
  "other": {}
}
[2026/04/21-20:22:30.523] [MRT-2111] [INFO] [dku.ml.kernel]  - Deleting pod
[2026/04/21-20:22:30.523] [MRT-2111] [INFO] [dku.containers.kubernetes]  - Deleting Kubernetes object: ["delete","-f","/data/dataiku/datadir/analysis-data/PROJET_CHURN_BANQUE/thJxdWrU/ensPAIMA/sessions/s1/pp2/pod.yaml","-f","/data/dataiku/datadir/analysis-data/PROJET_CHURN_BANQUE/thJxdWrU/ensPAIMA/sessions/s1/pp2/secret.yaml"]
[2026/04/21-20:22:31.678] [Thread-1810] [DEBUG] [dku.utils]  - Process kubectl done (return code 0)
[2026/04/21-20:22:31.679] [MRT-2111] [INFO] [dku.ml.kernel]  - Pod deleted
[2026/04/21-20:22:31.679] [MRT-2111] [WARN] [dku.kernels]  - Killing kernel python-single-command-kernel
[2026/04/21-20:22:31.679] [MRT-2111] [INFO] [dku.containers.kubernetes]  - Deleting Kubernetes object: ["delete","-f","/data/dataiku/datadir/analysis-data/PROJET_CHURN_BANQUE/thJxdWrU/ensPAIMA/sessions/s1/pp2/pod.yaml","-f","/data/dataiku/datadir/analysis-data/PROJET_CHURN_BANQUE/thJxdWrU/ensPAIMA/sessions/s1/pp2/secret.yaml"]
[2026/04/21-20:22:31.807] [Thread-1813] [INFO] [dku.utils]  - Process kubectl completed, return code 1
[2026/04/21-20:22:31.807] [MRT-2111] [INFO] [dku.engine]  - Schedule closing for WorkerPool
[2026/04/21-20:22:31.808] [MRT-2111] [DEBUG] [dku.remoterun.registry]  - Finished with container execution doctor-preprocessing-nas5aev
[2026/04/21-20:22:31.808] [AsyncCloser-20] [INFO] [com.dataiku.dip.analysis.ml.distributed.workers]  - Closing worker pool pool-wtdo1llpvif8koov
[2026/04/21-20:22:31.809] [AsyncCloser-20] [INFO] [com.dataiku.dip.analysis.ml.distributed.workers]  - Unregistered worker pool: pool-wtdo1llpvif8koov
[2026/04/21-20:22:31.809] [AsyncCloser-20] [INFO] [dku.engine]  - Successfully closed WorkerPool
[2026/04/21-20:22:31.808] [MRT-2111] [INFO] [dip.tickets]  - Destroying API ticket for analysis-ml-PROJET_CHURN_BANQUE-naS5AEv on behalf of karunakaranrishikaran@gmail.com
[2026/04/21-20:22:31.810] [MRT-2111] [ERROR] [dku.analysis.ml.python]  - Failure while destroying ml kernel
java.io.IOException: Could not stop kubernetes object: return value was 1 (Error from server (NotFound): error when deleting "/data/dataiku/datadir/analysis-data/PROJET_CHURN_BANQUE/thJxdWrU/ensPAIMA/sessions/s1/pp2/pod.yaml": pods "dataiku-exec-doctor-preprocessing-nas5aev" not found
Error from server (NotFound): error when deleting "/data/dataiku/datadir/analysis-data/PROJET_CHURN_BANQUE/thJxdWrU/ensPAIMA/sessions/s1/pp2/secret.yaml": secrets "dkusecret-doctor-preprocessing-nas5aev" not found
)
	at com.dataiku.dip.containers.exec.KubernetesExecUtils.delete(KubernetesExecUtils.java:2287)
	at com.dataiku.dip.containers.exec.KubernetesExecUtils.deleteFromFiles(KubernetesExecUtils.java:2272)
	at com.dataiku.dip.containers.exec.KubernetesExecUtils$KubernetesPod.delete(KubernetesExecUtils.java:2402)
	at com.dataiku.dip.containers.exec.KubernetesExecUtils$KubernetesPod.evilKill(KubernetesExecUtils.java:2417)
	at com.dataiku.dip.kernels.DSSKernelBase.killWithoutMercy(DSSKernelBase.java:226)
	at com.dataiku.dip.kernels.DSSKernelBase.killWithoutMercy(DSSKernelBase.java:214)
	at com.dataiku.dip.analysis.ml.shared.PRNSTrainThread.run(PRNSTrainThread.java:192)
[2026/04/21-20:22:31.811] [MRT-2111] [INFO] [dku.block.link]  - Closed socket
[2026/04/21-20:22:31.811] [MRT-2111] [INFO] [dku.block.link]  - Closed socket
[2026/04/21-20:22:31.811] [MRT-2111] [INFO] [dku.block.link]  - Closed serverSocket
[2026/04/21-20:22:33.891] [KNL-python-single-command-kernel-k8smonitor-2142] [INFO] [dku.containers.kubernetes]  - wait for pod to complete, getting pod status
[2026/04/21-20:22:33.892] [KNL-python-single-command-kernel-k8smonitor-2142] [INFO] [dku.containers.kubernetes]  - Querying status on pod dataiku-exec-doctor-preprocessing-nas5aev- try number 1
[2026/04/21-20:22:34.092] [Thread-1816] [DEBUG] [dku.utils]  - Process kubectl-get-pod done (return code 0)
[2026/04/21-20:22:34.092] [KNL-python-single-command-kernel-k8smonitor-2142] [ERROR] [dku.containers.kubernetes]  - kubectl get pod failed, no pod found : dataiku-exec-doctor-preprocessing-nas5aev
[2026/04/21-20:22:39.093] [KNL-python-single-command-kernel-k8smonitor-2142] [INFO] [dku.containers.kubernetes]  - Querying status on pod dataiku-exec-doctor-preprocessing-nas5aev- try number 2
[2026/04/21-20:22:39.289] [Thread-1822] [DEBUG] [dku.utils]  - Process kubectl-get-pod done (return code 0)
[2026/04/21-20:22:39.290] [KNL-python-single-command-kernel-k8smonitor-2142] [ERROR] [dku.containers.kubernetes]  - kubectl get pod failed, no pod found : dataiku-exec-doctor-preprocessing-nas5aev
[2026/04/21-20:22:44.291] [KNL-python-single-command-kernel-k8smonitor-2142] [INFO] [dku.containers.kubernetes]  - Querying status on pod dataiku-exec-doctor-preprocessing-nas5aev- try number 3
[2026/04/21-20:22:44.488] [Thread-1828] [DEBUG] [dku.utils]  - Process kubectl-get-pod done (return code 0)
[2026/04/21-20:22:44.489] [KNL-python-single-command-kernel-k8smonitor-2142] [ERROR] [dku.containers.kubernetes]  - kubectl get pod failed, no pod found : dataiku-exec-doctor-preprocessing-nas5aev
[2026/04/21-20:22:49.489] [KNL-python-single-command-kernel-k8smonitor-2142] [WARN] [dku.containers.kubernetes]  - Error getting pod status
java.io.IOException: Error while checking kubernetes pod status, no pod found
	at com.dataiku.dip.containers.exec.KubernetesExecUtils.getPodStatus(KubernetesExecUtils.java:1990)
	at com.dataiku.dip.containers.exec.KubernetesExecUtils.waitForPod(KubernetesExecUtils.java:2057)
	at com.dataiku.dip.analysis.coreservices.AnalysisMLContainerKernel$K8SKernelMonitorThread.run(AnalysisMLContainerKernel.java:312)
[2026/04/21-20:22:49.490] [KNL-python-single-command-kernel-k8smonitor-2142] [INFO] [dku.ml.kernel]  - K8S pod terminated, exception:java.io.IOException: Error while checking kubernetes pod status, no pod found
[2026/04/21-20:22:49.490] [KNL-python-single-command-kernel-k8smonitor-2142] [INFO] [dku.ml.kernel]  - Log handling process done with code 0
[2026/04/21-20:22:49.490] [KNL-python-single-command-kernel-k8smonitor-2142] [DEBUG] [dku.resourceusage]  - Reporting completion of CRU:{"context":{"type":"ANALYSIS_ML_TRAIN","authIdentifier":"karunakaranrishikaran@gmail.com","projectKey":"PROJET_CHURN_BANQUE","analysisId":"thJxdWrU","mlTaskId":"ensPAIMA","sessionId":"s1"},"type":"SINGLE_K8S_JOB","id":"TA1FyzeNs2Lgr3nc","startTime":1776802935874,"singleK8SJob":{"k8sClusterId":"__builtin__","executionId":"doctor-preprocessing-nas5aev","cpuRequest":1.0,"cpuLimit":1.0,"memoryRequestMB":8192,"memoryLimitMB":8192,"containerConfigName":"vCPU-1-RAM-8GiB"}}
[2026/04/21-20:22:54.812] [AsyncCloser-20] [INFO] [com.dataiku.dip.analysis.ml.distributed.workers]  - Closing worker pool pool-uzkuomcdjrncbtud
[2026/04/21-20:22:54.813] [AsyncCloser-20] [INFO] [com.dataiku.dip.analysis.ml.distributed.workers]  - Unregistered worker pool: pool-uzkuomcdjrncbtud
[2026/04/21-20:22:54.813] [AsyncCloser-20] [INFO] [dku.engine]  - Successfully closed WorkerPool
[2026/04/21-20:22:56.514] [AsyncCloser-20] [INFO] [com.dataiku.dip.analysis.ml.distributed.workers]  - Closing worker pool pool-wh9rslr43gznauro
[2026/04/21-20:22:56.515] [AsyncCloser-20] [INFO] [com.dataiku.dip.analysis.ml.distributed.workers]  - Unregistered worker pool: pool-wh9rslr43gznauro
[2026/04/21-20:22:56.515] [AsyncCloser-20] [INFO] [dku.engine]  - Successfully closed WorkerPool
[2026/04/21-20:22:58.237] [AsyncCloser-20] [INFO] [com.dataiku.dip.analysis.ml.distributed.workers]  - Closing worker pool pool-djuq7rmrc4d0xxf4
[2026/04/21-20:22:58.237] [AsyncCloser-20] [INFO] [com.dataiku.dip.analysis.ml.distributed.workers]  - Unregistered worker pool: pool-djuq7rmrc4d0xxf4
[2026/04/21-20:22:58.237] [AsyncCloser-20] [INFO] [dku.engine]  - Successfully closed WorkerPool
[2026/04/21-20:23:07.895] [AsyncCloser-20] [INFO] [com.dataiku.dip.analysis.ml.distributed.workers]  - Closing worker pool pool-hf0o9moolzt7ibjs
[2026/04/21-20:23:07.896] [AsyncCloser-20] [INFO] [com.dataiku.dip.analysis.ml.distributed.workers]  - Unregistered worker pool: pool-hf0o9moolzt7ibjs
[2026/04/21-20:23:07.896] [AsyncCloser-20] [INFO] [dku.engine]  - Successfully closed WorkerPool
[2026/04/21-20:23:07.899] [FT-TrainWorkThread-GZbmMv5G-2109] [INFO] [dku.analysis.ml.python] T-ensPAIMA - [ct: 52571] Processing thread joined ...
[2026/04/21-20:23:07.899] [FT-TrainWorkThread-GZbmMv5G-2109] [INFO] [dku.analysis.ml.python] T-ensPAIMA - [ct: 52571] Joining processing thread ...
[2026/04/21-20:23:07.900] [FT-TrainWorkThread-GZbmMv5G-2109] [INFO] [dku.analysis.ml.python] T-ensPAIMA - [ct: 52572] Processing thread joined ...
[2026/04/21-20:23:07.900] [FT-TrainWorkThread-GZbmMv5G-2109] [INFO] [dku.analysis] T-ensPAIMA - [ct: 52572] Train done
[2026/04/21-20:23:07.901] [FT-TrainWorkThread-GZbmMv5G-2109] [INFO] [dku.analysis.prediction] T-ensPAIMA - [ct: 52573] Train done
[2026/04/21-20:23:07.910] [FT-TrainWorkThread-GZbmMv5G-2109] [INFO] [dku.analysis.trainingdetails] T-ensPAIMA - Publishing mltask-train-done reflected event
[2026/04/21-20:23:07.911] [FT-TrainWorkThread-GZbmMv5G-2109] [INFO] [dku.futures]  - [ct: 52583] Completed future execution: TrainWorkThread
