proba_false	proba_true
0.9622251618395152	0.03777483816048459
0.22432618457927972	0.7756738154207197
0.3040054419587976	0.6959945580412022
0.9662384304445908	0.033761569555409404
0.04231928147298552	0.9576807185270145
0.6802636449523632	0.3197363550476363
0.1334666618745965	0.866533338125403
0.9736444779922304	0.026355522007769736
0.31495966125629127	0.6850403387437083
0.6113659250355221	0.3886340749644777
0.9836208531377227	0.0163791468622773
0.460793723547843	0.5392062764521567
0.2987361033165063	0.7012638966834931
0.38021089674507635	0.6197891032549235
0.22909538857242992	0.7709046114275699
0.9667010094334674	0.03329899056653214
0.4561695968232792	0.5438304031767205
0.7772316101672441	0.222768389832756
0.5237098633622251	0.47629013663777475
0.6554917254220931	0.3445082745779068
0.9778518751198884	0.022148124880111374
0.9824841289425938	0.01751587105740616
0.1568233363032259	0.8431766636967732
0.6083474106391474	0.3916525893608527
0.021192627810827928	0.978807372189172
0.5713635539727623	0.4286364460272376
0.27442135201114276	0.7255786479888573
0.8107861882641962	0.18921381173580365
0.9277394373162245	0.07226056268377536
0.6606851456666887	0.3393148543333113
0.5794152765062835	0.4205847234937163
0.5166019411476795	0.4833980588523197
0.5736848367797078	0.4263151632202916
0.14954279202375476	0.850457207976245
0.6853183812548006	0.3146816187451992
0.1511873791375795	0.8488126208624196
0.983880296050289	0.016119703949710934
0.20533949915351257	0.794660500846486
0.18728253534964082	0.812717464650359
0.17959661647718492	0.8204033835228144
0.5713073592287262	0.4286926407712734
0.9838092965525927	0.01619070344740739
0.9813915696021022	0.01860843039789793
0.6596264426673122	0.3403735573326871
0.8751568336624923	0.1248431663375077
0.935034200515277	0.06496579948472343
0.20349762432390997	0.7965023756760901
0.8413357299820978	0.15866427001790206
0.38460979152488245	0.6153902084751177
0.9548625777653662	0.04513742223463388
0.6325349196443425	0.36746508035565734
0.512196241155233	0.4878037588447662
0.6524656188761948	0.34753438112380414
0.33666567532948816	0.663334324670512
0.16599066190923512	0.8340093380907646
0.9709050708129907	0.029094929187009146
0.9701030584050527	0.029896941594947348
0.7169747948458975	0.28302520515410245
0.7414940305847441	0.2585059694152549
0.965523357149105	0.03447664285089506
0.9760117893929704	0.023988210607029662
0.44660436854080227	0.5533956314591968
0.3230929611907167	0.6769070388092834
0.24703284929512684	0.7529671507048726
0.2357645659393477	0.7642354340606515
0.5551929283775614	0.44480707162243854
0.242762404129616	0.7572375958703838
0.339766920313719	0.6602330796862803
0.9717691926250477	0.028230807374952073
0.4481563447366996	0.5518436552633001
0.6528646360559801	0.347135363944019
0.9794785988690999	0.020521401130900122
0.0392619348595912	0.9607380651404087
0.876161480702044	0.12383851929795611
0.9798116206747379	0.020188379325262136
0.9808061352615463	0.01919386473845376
0.9856492982038674	0.01435070179613272
0.40611709104336247	0.5938829089566373
0.9842316314400179	0.015768368559982253
0.9740043309130787	0.025995669086921157
0.9379313934284417	0.062068606571558334
0.9736397545892578	0.026360245410741924
0.9808248935326769	0.01917510646732296
0.3232711347089951	0.676728865291005
0.5065495772742886	0.49345042272571105
0.0520749924458937	0.9479250075541066
0.9679316700011928	0.032068329998806544
0.6039176594687878	0.396082340531212
0.9741895759646223	0.025810424035377554
0.011618205294366794	0.9883817947056331
0.9595470725483058	0.040452927451694126
0.48315911599194405	0.5168408840080556
0.973592235677229	0.02640776432277089
0.2936512989189047	0.7063487010810945
0.9662401472066843	0.033759852793315344
0.4133093012658573	0.5866906987341427
0.975246216097489	0.02475378390251126
0.9756749403662193	0.024325059633780854
0.980694454269953	0.019305545730047266
0.6575294099120899	0.34247059008791003
0.7248214831077171	0.27517851689228295
0.9833323862172912	0.016667613782708673
0.1424248338366234	0.8575751661633766
0.9818035302195716	0.018196469780428572
0.980371790527807	0.01962820947219309
0.958832538221447	0.04116746177855285
0.9827475946444528	0.017252405355547343
0.9863637446176037	0.013636255382396198
0.9862966445953429	0.013703355404657336
0.6423663545349021	0.3576336454650977
0.9777209947536035	0.02227900524639679
0.9849950754867212	0.01500492451327883
0.984627016691421	0.015372983308579004
0.9730085900525498	0.026991409947450057
0.12199636715417381	0.8780036328458258
0.9531840186242913	0.04681598137570911
0.9820217913100285	0.017978208689971555
0.9877932174158159	0.012206782584184029
0.5839510033558072	0.41604899664419276
0.4327481535225275	0.5672518464774723
0.932720186830711	0.06727981316928919
0.004754081320949058	0.9952459186790505
0.9873854655076792	0.01261453449232109
0.9750821119947699	0.024917888005230333
0.9881446619832437	0.011855338016755921
0.004814077513234205	0.9951859224867657
0.9718366481692656	0.028163351830734453
0.9828843132402892	0.017115686759710463
0.9398137173861718	0.06018628261382775
0.9571046873698704	0.04289531263012965
0.9656087327923197	0.03439126720768013
0.6359963602633293	0.36400363973667077
0.9701535532169585	0.0298464467830416
0.9455419827615732	0.05445801723842659
0.9553034330488185	0.044696566951181446
0.3630347685868051	0.6369652314131945
0.9867625998579836	0.01323740014201644
0.26833706315493006	0.7316629368450701
0.41948292498656153	0.5805170750134373
0.9641259470380862	0.03587405296191422
0.9824021477084802	0.01759785229151979
0.2605523298790617	0.7394476701209378
0.9804656894028986	0.01953431059710157
0.9862286750692226	0.013771324930777295
0.952818240800974	0.047181759199025966
0.9852044576483298	0.014795542351670316
0.9792540603008228	0.020745939699177172
0.9815862192959385	0.018413780704061303
0.9862726968929408	0.013727303107059396
0.9665979582635235	0.033402041736476505
0.7069793852909744	0.29302061470902513
0.6816153611051944	0.31838463889480567
0.8415557451033447	0.15844425489665456
0.9794384384745133	0.020561561525486778
0.9826347650665042	0.01736523493349591
0.9925743311815531	0.00742566881844673
0.984627016691421	0.015372983308579004
0.9780581836518766	0.021941816348123297
0.9845123704364497	0.015487629563550535
0.9409026063095454	0.05909739369045477
0.6681503090232123	0.3318496909767866
0.5027693104323024	0.49723068956769745
0.9843300046144858	0.015669995385514075
0.9641784254722675	0.03582157452773241
0.5491087583888907	0.45089124161110916
0.1376221928721092	0.8623778071278905
0.9822577201913628	0.0177422798086371
0.7973545882766895	0.20264541172331071
0.9737479351291846	0.026252064870815207
0.32637208103194537	0.6736279189680535
0.22514793190536372	0.7748520680946359
0.342541165848226	0.6574588341517728
0.9665953295310851	0.03340467046891489
0.9625687388487963	0.03743126115120329
0.8690194711799346	0.13098052882006533
0.9903755677880413	0.009624432211958639
0.9728070196932893	0.02719298030671066
0.9823358599190845	0.01766414008091572
0.5359585414447843	0.46404145855521534
0.9557230908649588	0.04427690913504113
0.9841620556490147	0.015837944350985386
0.0029875407884699394	0.9970124592115301
0.0006176391766904682	0.9993823608233094
0.11142920083675384	0.8885707991632458
0.10187664741349158	0.8981233525865084
0.97899004036739	0.021009959632609796
0.5820848766889011	0.4179151233110987
0.07555042412221788	0.9244495758777818
0.8931316420344545	0.10686835796554524
0.3081901959206405	0.6918098040793592
0.9911536220863628	0.008846377913637026
0.5974290418923813	0.40257095810761845
0.14694759459716203	0.8530524054028379
0.9649030766584435	0.03509692334155667
0.9800140072209049	0.01998599277909501
0.9969929833940451	0.0030070166059548292
0.9835775457498082	0.016422454250192054
0.45611535335107833	0.5438846466489213
0.006998530293709011	0.9930014697062911
0.8822770996490995	0.11772290035090055
0.9292931794721158	0.0707068205278842
0.9024530297256687	0.09754697027433114
0.7794798827703525	0.22052011722964734
0.6031300455421591	0.3968699544578409
0.9753238393073452	0.024676160692654547
0.9813301159399584	0.018669884060041633
0.9796011275815544	0.020398872418445794
0.9850595601297765	0.014940439870223534
0.25620042659266457	0.7437995734073353
0.967621034233638	0.03237896576636186
0.5820192834518135	0.4179807165481861
0.977703516034291	0.022296483965709105
0.22116710250199245	0.7788328974980077
0.9847318219255479	0.015268178074452118
0.9859116482912762	0.014088351708724014
0.33175142254428763	0.6682485774557114
0.9849017585285103	0.015098241471490024
0.8929048646386303	0.1070951353613693
0.9855117413087604	0.01448825869123958
0.7739207643494785	0.22607923565052113
0.6901525623752589	0.30984743762474104
0.6672774944689513	0.332722505531048
0.9609138591567778	0.039086140843221796
0.6623805780940865	0.33761942190591293
0.987760721491775	0.012239278508225006
0.9125087571556136	0.08749124284438628
0.9806778556130723	0.019322144386927715
0.6214305233117446	0.37856947668825514
0.9798397141167685	0.020160285883231658
0.9824664645951671	0.01753353540483288
0.9742539875205734	0.025746012479426275
0.20624589638638788	0.7937541036136118
0.9594153676416236	0.040584632358376185
0.9618006940239089	0.03819930597609106
0.9324486289240184	0.06755137107598143
0.9429836690886053	0.05701633091139479
0.9712079661891014	0.028792033810898322
0.9008347864696741	0.09916521353032577
0.98375170626092	0.016248293739079756
0.971104118502631	0.028895881497369044
0.9865682668971197	0.013431733102880426
0.9848304648654641	0.015169535134535984
0.9430088881531303	0.05699111184686986
0.9418461454336495	0.05815385456635034
0.9822798471135334	0.01772015288646656
0.9550267105264122	0.044973289473587544
0.949903823199222	0.05009617680077803
0.9819288812318182	0.018071118768182057
0.982727707653231	0.01727229234676904
0.980694454269953	0.019305545730047266
0.9256739611991432	0.07432603880085642
0.8928533663839278	0.10714663361607223
0.9772315386104169	0.02276846138958314
0.014213179618221428	0.9857868203817789
0.2565552576972504	0.7434447423027496
0.961062467565085	0.038937532434914775
0.36323215872289955	0.6367678412771001
0.98495894360546	0.01504105639454006
0.9716488650478955	0.028351134952104548
0.13809671823838454	0.8619032817616151
0.9486263223558966	0.05137367764410375
0.2330086186827584	0.7669913813172404
0.2673457013794667	0.7326542986205328
0.9880510247575419	0.011948975242458148
0.7040743936068078	0.2959256063931921
0.6791750522169927	0.3208249477830063
0.26741706940244536	0.7325829305975533
0.16557699558216565	0.8344230044178343
0.9832623160659437	0.01673768393405622
0.9039589420184906	0.09604105798150954
0.0398484329683725	0.9601515670316277
0.9881793783030219	0.011820621696977895
0.2615024348575984	0.7384975651424014
0.9769966770979474	0.023003322902052818
0.9838092965525927	0.01619070344740739
0.2644656901047864	0.7355343098952133
0.9626358984169379	0.03736410158306203
0.9769501200654063	0.023049879934593932
0.9839083614786054	0.01609163852139421
0.9371759654886257	0.06282403451137458
0.731448325241146	0.26855167475885383
0.12863950294299462	0.8713604970570051
0.9754686199380862	0.02453138006191388
0.9570860401984828	0.042913959801517194
0.961621705243624	0.03837829475637584
0.9699219497632801	0.030078050236719674
0.11074647557021418	0.8892535244297854
0.9739200230086741	0.026079976991326134
0.41294239373111025	0.5870576062688896
0.8760101087295565	0.12398989127044334
0.5235254111116137	0.4764745888883861
0.1378228572697196	0.8621771427302805
0.9538067025040452	0.046193297495954695
0.9654348950843229	0.034565104915677394
0.9865361176219585	0.01346388237804142
0.928627318346068	0.0713726816539319
0.9441239485161591	0.05587605148384072
0.9840991809670326	0.015900819032967143
0.34676920457953797	0.6532307954204617
0.9742016959158812	0.025798304084118887
0.9834438926671352	0.016556107332865055
0.9708245926629043	0.029175407337095963
0.049724881050261203	0.9502751189497389
0.9007586581065011	0.0992413418934989
0.9628751638849206	0.03712483611507957
0.5111911023779884	0.48880889762201135
0.9689037509400865	0.031096249059913407
0.27636654051185955	0.7236334594881393
0.36018662702454834	0.6398133729754517
0.9601510439828089	0.03984895601719063
0.4962522618308905	0.5037477381691094
0.4874304414249188	0.5125695585750809
0.9580361191236311	0.04196388087636891
0.9847297523718717	0.015270247628128491
0.9580642909761071	0.041935709023892806
0.2600650978575255	0.7399349021424741
0.07562103002665252	0.9243789699733476
0.9761585195609159	0.023841480439084108
0.271962303462534	0.728037696537466
0.7926175764596405	0.20738242354035946
0.40866461146235183	0.5913353885376482
0.3445508451334775	0.6554491548665223
0.0017436194354547446	0.9982563805645452
0.42077770394170627	0.5792222960582936
0.3262162283495536	0.6737837716504466
0.44386431894848	0.5561356810515197
0.9493667080763456	0.050633291923654504
0.9761398666811203	0.023860133318879918
0.014198508852005359	0.9858014911479945
0.021730032874229522	0.9782699671257704
0.9732024609677162	0.02679753903228386
0.6054167258279033	0.3945832741720966
0.05370952802846384	0.9462904719715359
0.9428120288112823	0.05718797118871783
0.024593243950966976	0.9754067560490328
0.3314447314488395	0.66855526855116
0.3824507731657166	0.6175492268342834
0.6437988551910557	0.3562011448089437
0.9843300901960232	0.015669909803976766
0.9139376979243445	0.08606230207565575
0.9862029110335959	0.013797088966404135
0.9867657382598882	0.013234261740111629
0.5830379846771575	0.41696201532284227
0.6940569885052911	0.3059430114947089
0.9870892727412138	0.012910727258786683
0.9745342008017438	0.02546579919825613
0.9672756380855476	0.03272436191445211
0.368218610660029	0.6317813893399709
0.9887154054561765	0.011284594543823865
0.9141718661170962	0.08582813388290322
0.9638975381313493	0.03610246186865074
0.9467841939957333	0.05321580600426645
0.9578339810204244	0.04216601897957561
0.9621016145094425	0.037898385490557476
0.13481852370042113	0.865181476299579
0.964841021112121	0.03515897888787898
0.5776685991000563	0.4223314008999433
0.9852713052658408	0.014728694734158932
0.3783845887263037	0.6216154112736958
0.4502468169409676	0.5497531830590321
0.9463646327808872	0.05363536721911255
0.9804656087628212	0.01953439123717897
0.1982518070464393	0.8017481929535606
0.2071728894065785	0.7928271105934211
0.41101990217406964	0.5889800978259303
0.2318459916257665	0.7681540083742335
0.32836931321298385	0.6716306867870157
0.964874542296222	0.03512545770377797
0.7889284943741268	0.2110715056258732
0.7089098743439959	0.29109012565600384
0.0012233825990755334	0.9987766174009246
0.9839475256866735	0.016052474313326223
0.7158370381767449	0.2841629618232551
0.9557307563789066	0.04426924362109336
0.5043402027399759	0.49565979726002346
0.00617309238188274	0.9938269076181174
0.9415254956135998	0.058474504386400346
0.29381477426598035	0.7061852257340188
0.4769963561008775	0.5230036438991222
0.9753260672876383	0.024673932712361624
0.4902748017864105	0.5097251982135894
0.9864792840656434	0.013520715934356825
0.10166052554432159	0.8983394744556784
0.7544019754495992	0.2455980245504003
0.3997735678486743	0.6002264321513249
0.040696493396065306	0.9593035066039348
0.21858205081293103	0.781417949187069
0.9876865068619458	0.012313493138054155
0.5725753990523331	0.4274246009476665
0.5082389269921864	0.4917610730078132
0.003467640993659684	0.9965323590063403
0.08784156397852082	0.9121584360214794
0.41396346061667183	0.5860365393833277
0.5446172826423463	0.4553827173576536
0.22500657242282165	0.7749934275771773
0.6766119103584707	0.32338808964152915
0.6045831532969567	0.3954168467030432
0.31400173029986034	0.6859982697001391
0.3394407813954283	0.6605592186045705
0.06464318749376903	0.9353568125062308
0.0903621083891828	0.9096378916108169
0.5023771573720356	0.4976228426279643
0.29093944917208536	0.709060550827914
0.4364411615657597	0.5635588384342403
0.9740611943007577	0.025938805699242104
0.5022268587070067	0.49777314129299305
0.6585741397229776	0.34142586027702243
0.8804517475003197	0.11954825249967994
0.8653946333295788	0.13460536667042117
0.48051418943090296	0.5194858105690969
0.24501045843520036	0.7549895415647994
0.34605567465227133	0.6539443253477285
0.6167229409000127	0.3832770590999871
0.5695033250230234	0.43049667497697613
0.9873854655076792	0.01261453449232109
0.12200172965980909	0.8779982703401907
0.6439317579455135	0.35606824205448634
0.7503425076284554	0.24965749237154436
0.4226596948378995	0.5773403051621002
0.03568320489375439	0.9643167951062455
0.946375713056365	0.05362428694363501
0.962655166767779	0.03734483323222116
0.9848304648654641	0.015169535134535984
0.6771376875286156	0.32286231247138447
0.400095468823929	0.599904531176071
0.32123933547756933	0.67876066452243
0.9761842944105265	0.02381570558947371
0.9706528334835024	0.029347166516497682
0.7792002405428974	0.2207997594571024
0.6443441510536436	0.3556558489463562
0.9217154150899189	0.07828458491008124
0.4681662959963485	0.5318337040036512
0.48235311419166294	0.517646885808337
0.45176273056532557	0.5482372694346738
0.16625437562053327	0.8337456243794666
0.3475415583345721	0.6524584416654267
0.9854931959944246	0.014506804005575434
0.5791627781172367	0.42083722188276274
0.5438510050906971	0.4561489949093028
0.22963107604434757	0.770368923955652
0.8343976784158034	0.165602321584196
0.6936953957216754	0.3063046042783241
0.1303682042454891	0.8696317957545102
0.7607419402751718	0.23925805972482803
0.9800414260251157	0.019958573974884437
0.47018298081902093	0.529817019180979
0.07019630859701932	0.9298036914029807
0.5078291784871202	0.49217082151287905
0.46649139673099993	0.5335086032689997
0.6736955256240365	0.3263044743759628
0.5680447310113537	0.431955268988646
0.06179752810168686	0.9382024718983132
0.7419492446386836	0.25805075536131633
0.39425920138938003	0.6057407986106198
0.77538094427482	0.22461905572518004
0.45695831149497784	0.543041688505022
0.6301717074707157	0.3698282925292836
0.96203828522679	0.03796171477320924
0.6525281648618747	0.3474718351381253
0.04413835039297524	0.9558616496070248
0.9522220375286414	0.04777796247135867
0.2887789382201181	0.7112210617798814
0.970315402022357	0.029684597977643196
0.98188931826387	0.01811068173612964
0.9729897355498619	0.027010264450138065
0.4466950489273701	0.5533049510726297
0.5025721892627579	0.4974278107372419
0.9632533362025804	0.03674666379741935
0.987881400863751	0.012118599136248978
0.1466308458421732	0.8533691541578269
0.9128418344385915	0.08715816556140842
0.9117655266368025	0.08823447336319758
0.9871062113069258	0.012893788693074275
0.9743921693200152	0.025607830679984664
0.9837356268320332	0.016264373167966962
0.21557425853152823	0.7844257414684709
0.9784036673436747	0.021596332656325434
0.94530896275568	0.05469103724431973
0.9696710184150008	0.030328981584999
0.9689639269383253	0.031036073061674833
0.018717615629864716	0.9812823843701349
0.9742992802921564	0.025700719707843524
0.9347569172466865	0.06524308275331353
0.8720732805039075	0.1279267194960924
0.9838267841663524	0.016173215833647375
0.9760316651232515	0.023968334876748695
0.5036697038164057	0.49633029618359303
0.1447563762346217	0.8552436237653778
0.5003318807367286	0.49966811926327087
0.04147285910664523	0.9585271408933548
0.9851180890425202	0.014881910957479715
0.9837561368629564	0.016243863137043714
0.9620793137006816	0.037920686299318836
0.9910250943924471	0.00897490560755273
0.981595019113088	0.018404980886911972
0.9864784140665656	0.01352158593343443
0.9806398454172275	0.019360154582772342
0.9865162648149949	0.013483735185005213
0.4540277651684208	0.5459722348315789
0.9688423903713046	0.031157609628695387
0.6133346281486977	0.3866653718513021
0.9772979170541354	0.022702082945864885
0.9808560616700989	0.019143938329901095
0.9736444779922304	0.026355522007769736
0.9856481242472716	0.014351875752728454
0.9703680522317198	0.02963194776828001
0.9174472178995725	0.08255278210042755
0.9259994555374669	0.07400054446253279
0.974478481298344	0.025521518701655765
0.3236361074292903	0.6763638925707087
0.9736444779922304	0.026355522007769736
0.9726596330870908	0.02734036691290928
0.9646109961380475	0.03538900386195242
0.15499266854171662	0.8450073314582834
0.9539669845728445	0.04603301542715526
0.6683137220948793	0.33168627790512084
0.9823455783378262	0.017654421662173913
0.34982299854192284	0.650177001458077
0.973137734697424	0.026862265302576044
0.985945484018567	0.014054515981432935
0.583577999303957	0.41642200069604235
0.25777800281201374	0.7422219971879856
0.3580364496801369	0.641963550319863
0.8384155279336639	0.16158447206633583
0.988651319523958	0.011348680476041949
0.988898044926477	0.011101955073523356
0.3663063662863473	0.6336936337136525
0.6728485112466659	0.327151488753334
0.9432309880671228	0.05676901193287743
0.4902650701554916	0.5097349298445084
0.9281275228649253	0.07187247713507458
0.9702110422170209	0.029788957782979245
0.9859965304318342	0.014003469568166078
0.02518451182368304	0.9748154881763169
0.9806401848893931	0.01935981511060702
0.6919600962543329	0.30803990374566675
0.02674112317935327	0.9732588768206469
0.9723213338537094	0.027678666146290623
0.767585269757241	0.23241473024275888
0.9862726968929408	0.013727303107059396
0.6813279540609232	0.3186720459390766
0.9823651702945737	0.017634829705426167
0.11786295560231314	0.8821370443976868
0.9829627563217938	0.017037243678206138
0.9873091346302277	0.012690865369772248
0.9573167190517279	0.04268328094827217
0.9726957727716997	0.027304227228300216
0.9703699674623216	0.02963003253767815
0.9629736795731287	0.03702632042687101
0.9867350645436733	0.013264935456326916
0.9787826570381957	0.021217342961804126
0.49169367316234136	0.5083063268376583
0.7385523414291454	0.26144765857085345
0.9855040088084911	0.01449599119150905
0.3145056710865285	0.6854943289134714
0.37145990157507036	0.6285400984249297
0.1857248562969915	0.8142751437030081
0.9782379307141251	0.021762069285874958
0.9536090233550537	0.0463909766449461
0.9809891114463676	0.019010888553632747
0.9466840677682026	0.05331593223179778
0.9906918878040843	0.009308112195915444
0.9549001215997115	0.04509987840028839
0.03164887896539136	0.9683511210346086
0.2522068234993795	0.7477931765006194
0.37515104189639464	0.6248489581036044
0.3297727471098883	0.6702272528901113
0.9780552912438246	0.02194470875617547
0.9710570419988825	0.028942958001117448
0.9781559727914018	0.021844027208598158
0.4222403306002397	0.57775966939976
0.9290827037408927	0.0709172962591072
0.9763500681856179	0.02364993181438193
0.9764374091468422	0.02356259085315795
0.6726059700135791	0.3273940299864196
0.2741580987179061	0.7258419012820927
0.9680748443554025	0.03192515564459717
0.1310582893992525	0.8689417106007472
0.052808352165490124	0.94719164783451
0.983315510206474	0.016684489793526346
0.0012233825990755334	0.9987766174009246
0.6264637596151414	0.3735362403848584
0.01872202876821644	0.9812779712317838
0.9844434911662355	0.015556508833764858
0.9139171629167153	0.08608283708328454
0.9968398130840036	0.0031601869159962894
0.9779580611133213	0.02204193888667828
0.9541486377345884	0.04585136226541179
0.6687931483273091	0.33120685167269026
0.30166634840622497	0.698333651593775
0.4816375520067215	0.5183624479932782
0.9855679556075049	0.014432044392494714
0.6150875750111879	0.38491242498881223
0.0037805932260716376	0.9962194067739283
0.019087927305754152	0.9809120726942457
0.2442366925741064	0.7557633074258929
0.9780751339559098	0.02192486604409032
0.03156404157909918	0.9684359584209009
0.9868283289564291	0.013171671043571039
0.8685926272699952	0.13140737273000463
0.7731693887304271	0.2268306112695722
0.06013882388182438	0.9398611761181758
0.1133633810423055	0.8866366189576942
0.9768983320220543	0.023101667977945856
0.9091279037134238	0.09087209628657637
0.8806028829785746	0.11939711702142523
0.9577243530841436	0.04227564691585631
0.9755702952373178	0.024429704762682324
0.9638092268973739	0.03619077310262617
0.9796591204141517	0.020340879585848425
0.9687899971204754	0.031210002879523944
0.28148369471176016	0.7185163052882391
0.9806401848893931	0.01935981511060702
0.3832988254510681	0.6167011745489317
0.10901227540287282	0.8909877245971269
0.8085374439462043	0.1914625560537954
0.3226335219455343	0.6773664780544655
0.7658330271488576	0.2341669728511415
0.9788224908308795	0.021177509169120926
0.8322479899445899	0.1677520100554097
0.972047391839601	0.027952608160399045
0.9907720074582518	0.009227992541748197
0.9760330904182024	0.023966909581797556
0.9919979186505631	0.008002081349436894
0.8398624869970038	0.16013751300299603
0.07518815781026379	0.9248118421897363
0.40661066201138063	0.5933893379886195
0.9681736039318656	0.03182639606813422
0.9723945985040934	0.02760540149590686
0.963415669354518	0.03658433064548177
0.8096552227642063	0.19034477723579343
0.3289502149977532	0.6710497850022453
0.9887599207486844	0.011240079251315434
0.9808590605224167	0.019140939477583066
0.8587004534778202	0.14129954652217913
0.9421986771071375	0.057801322892862335
0.676488211461828	0.32351178853817175
0.9787970213446006	0.02120297865539958
0.9724627782692936	0.027537221730706492
0.9786947688256015	0.02130523117439848
0.2699984237999725	0.7300015762000269
0.9854042131629484	0.014595786837051832
0.9808061352615463	0.01919386473845376
0.9804305480061121	0.019569451993888442
0.9877896991312056	0.012210300868794807
0.7732737814191738	0.22672621858082562
0.874978464545884	0.12502153545411562
0.9826133463334764	0.017386653666523602
0.5143240879622775	0.48567591203772226
0.9539031918372989	0.04609680816270124
0.12072476784625312	0.879275232153747
0.9595872299077693	0.04041277009223066
0.9224648113257721	0.07753518867422769
0.982638411612336	0.017361588387664058
0.9721611394123859	0.02783886058761414
0.9230025265841781	0.07699747341582201
0.9712957884493977	0.028704211550602415
0.18733231194370525	0.8126676880562946
0.9858865910175527	0.01411340898244733
0.957546590750543	0.042453409249456786
0.9728191516635951	0.02718084833640465
0.7180828859858838	0.2819171140141162
0.2853503743395114	0.7146496256604875
0.40019348550894746	0.5998065144910524
0.9827113062144648	0.017288693785535048
0.17275210126900972	0.8272478987309902
0.08978895182329814	0.910211048176702
0.9690932807154023	0.030906719284597692
0.9528874654425645	0.04711253455743538
0.9850108034976806	0.014989196502319526
0.9752301800285709	0.024769819971429338
0.9572495526755925	0.042750447324407546
0.879584133052844	0.12041586694715578
0.6821573964937195	0.31784260350628046
0.9753202876338334	0.02467971236616663
0.9854780332815628	0.014521966718437472
0.9850947828674004	0.014905217132599848
0.9151295365484481	0.08487046345155205
0.9821490661864674	0.01785093381353267
0.5371877459085578	0.46281225409144183
0.6514142810767306	0.3485857189232686
0.9641228825734468	0.03587711742655344
0.9898759798441216	0.010124020155878297
0.9232723476740415	0.07672765232595853
0.6162231966122108	0.38377680338778897
0.8705350323251936	0.12946496767480542
0.9698649795618968	0.030135020438103333
0.9888717271015822	0.011128272898417578
0.9652996042259981	0.034700395774001885
0.9241563681805429	0.07584363181945733
0.9419971853271065	0.05800281467289364
0.8993702086193747	0.1006297913806255
0.27122081227010036	0.7287791877298991
0.990879317011035	0.009120682988965153
0.647147277589041	0.35285272241095894
0.9453965522275901	0.05460344777241006
0.11700479487841346	0.8829952051215859
0.9482600789369142	0.051739921063085614
0.9611963227458457	0.038803677254154324
0.8421630978462329	0.15783690215376694
0.17283713545191406	0.8271628645480856
0.8685602725482604	0.13143972745173965
0.9867088162273532	0.013291183772646759
0.3915201419422311	0.6084798580577688
0.9573785433252127	0.042621456674787256
0.11039337202679941	0.8896066279732002
0.07674076408138726	0.9232592359186127
0.17925277579817314	0.8207472242018267
0.3236273650877834	0.6763726349122166
0.9847297523718717	0.015270247628128491
0.6896963859494484	0.3103036140505513
0.8866934986198665	0.11330650138013368
0.9859116482912762	0.014088351708724014
0.06105704031089737	0.9389429596891026
0.961236858468745	0.03876314153125485
0.3767425212270683	0.6232574787729313
0.6649410533542826	0.3350589466457173
0.05360538078376452	0.9463946192162352
0.4452606454083485	0.5547393545916512
0.035274903552878795	0.964725096447121
0.9718839995696367	0.028116000430363573
0.9622789043663326	0.037721095633667406
0.5389783784624909	0.4610216215375089
0.9738245474088432	0.026175452591156993
0.002225162580554733	0.9977748374194452
0.49818265951729496	0.5018173404827047
0.6869909489221733	0.3130090510778259
0.9758783834349342	0.024121616565065857
0.9804030311296966	0.01959696887030341
0.9643379833429446	0.03566201665705527
0.3103467984846884	0.6896532015153113
0.044234772732612726	0.9557652272673873
0.4232156009807458	0.576784399019254
0.9614069897827655	0.03859301021723425
0.7003257694694506	0.2996742305305487
0.9166370129167517	0.08336298708324862
0.583420172345938	0.41657982765406176
0.30251183541984955	0.6974881645801506
0.6977452619515414	0.30225473804845765
0.958832538221447	0.04116746177855285
0.9785487432064666	0.021451256793533574
0.9606701085959632	0.039329891404036636
0.5884187250226579	0.41158127497734215
0.1627459336964475	0.8372540663035527
0.9794924284972901	0.020507571502709793
0.1932747689982332	0.8067252310017667
0.4075550731560591	0.5924449268439403
0.16326255203052079	0.8367374479694792
0.4628143224534202	0.5371856775465795
0.6568598395699925	0.3431401604300071
0.024923645048968632	0.9750763549510313
0.1527096063941994	0.8472903936057999
0.4830964965531255	0.5169035034468743
0.2587196566324511	0.7412803433675477
0.2998691049765434	0.7001308950234556
0.9706206909769317	0.0293793090230683
0.9845776736127558	0.015422326387244296
0.2947968192541389	0.7052031807458609
0.6714569373018441	0.32854306269815586
0.9494776814358845	0.05052231856411558
0.9749741735239028	0.02502582647609686
0.9821028093678582	0.017897190632142047
0.1042148925704618	0.8957851074295377
0.3186722004179729	0.6813277995820267
0.025776618721702556	0.9742233812782973
0.36938698401719533	0.6306130159828037
0.9667852806502123	0.03321471934978779
0.35855440245647	0.6414455975435298
0.3874421633735403	0.6125578366264596
0.38717389806920677	0.6128261019307929
0.44002791813462644	0.5599720818653733
0.14765957236515967	0.8523404276348395
0.772149863072982	0.22785013692701805
0.3178287883114799	0.6821712116885195
0.8547868358272432	0.14521316417275643
0.7237861541276728	0.27621384587232695
0.518140882914131	0.4818591170858689
0.0013734220058279844	0.9986265779941719
0.01929782590642737	0.9807021740935727
0.36277912686557007	0.6372208731344295
0.23674175293191815	0.7632582470680818
0.6739549401241657	0.3260450598758337
0.23943296321395557	0.7605670367860435
0.1380370774567575	0.8619629225432416
0.9834217917250743	0.016578208274926055
0.727932309089385	0.2720676909106147
0.6029580597316879	0.3970419402683121
0.04023876181859915	0.9597612381814008
0.22468546648817117	0.775314533511829
0.9747536846970529	0.02524631530294731
0.9600265778271196	0.039973422172880295
0.5589670378842866	0.44103296211571325
0.1276116340860306	0.8723883659139685
0.4404693598541868	0.5595306401458131
0.24491506983807693	0.7550849301619231
0.9633415377560925	0.03665846224390748
0.6151578554686006	0.38484214453139914
0.07912446308969061	0.9208755369103093
0.9253699317334201	0.0746300682665798
0.12555988568623608	0.8744401143137641
0.9747999135129501	0.025200086487049654
0.0006176391766904682	0.9993823608233094
0.6715590268080102	0.32844097319198917
0.8008470347193711	0.19915296528062865
0.6682594295451999	0.3317405704547993
0.46305777190781666	0.5369422280921831
0.9721710793222449	0.0278289206777551
0.9760117893929704	0.023988210607029662
0.9772315386104169	0.02276846138958314
0.2250011633027622	0.7749988366972371
0.014213179618221428	0.9857868203817789
0.3414931416967248	0.6585068583032749
0.5114575746272876	0.48854242537271253
0.6367526619880282	0.3632473380119712
0.41550641843734337	0.5844935815626564
0.006242294371466352	0.9937577056285337
0.9794307811566378	0.02056921884336249
0.047579526482285785	0.9524204735177142
0.9503721333445493	0.04962786665545089
0.18342096046148748	0.8165790395385124
0.19963507116179188	0.8003649288382074
0.34239337748500354	0.6576066225149959
0.9850460723216713	0.014953927678328543
0.9761231471863713	0.02387685281362872
0.0006176391766904682	0.9993823608233094
0.23521079271960502	0.7647892072803937
0.5377202083119428	0.46227979168805694
0.9685158571456424	0.031484142854357654
0.053361692380826636	0.9466383076191733
0.059160451246461465	0.9408395487535387
0.48009470662226883	0.5199052933777312
0.006867401883882896	0.9931325981161172
0.03850066579185094	0.9614993342081494
0.23293085904095118	0.7670691409590482
0.5310439930023619	0.4689560069976372
0.9758390444689382	0.02416095553106178
0.22366670016291804	0.7763332998370822
0.22483063208354298	0.7751693679164563
0.655363561749376	0.344636438250623
0.9648263264946908	0.03517367350530944
0.5379881385315197	0.46201186146847995
0.35847401118617916	0.6415259888138206
0.6756514839599995	0.3243485160399998
0.26512237358739	0.7348776264126097
0.6401221722444527	0.3598778277555473
0.9809123615922458	0.01908763840775441
0.3169778987842151	0.6830221012157842
0.43448877649313133	0.5655112235068687
0.4571197573234004	0.5428802426765995
0.026217184904375614	0.9737828150956243
0.6108526339505754	0.38914736604942446
0.5633218334471067	0.436678166552893
0.9763329905995728	0.023667009400427045
0.09744293769712352	0.9025570623028766
0.15918075623110967	0.84081924376889
0.19829624749009117	0.8017037525099084
0.9867088162273532	0.013291183772646759
0.9716016917029713	0.028398308297028232
0.4721498631242376	0.5278501368757624
0.33852689402557606	0.6614731059744239
0.13018964931277785	0.8698103506872223
0.9362581402125884	0.06374185978741191
0.27802569750770195	0.7219743024922975
0.9878630582869787	0.012136941713021092
0.5847261078810813	0.41527389211891813
0.9079302775352278	0.092069722464772
0.9800931068226935	0.01990689317730662
0.21391061642449244	0.7860893835755075
0.17593403515310196	0.8240659648468979
0.9390585508046744	0.060941449195325605
0.9630712843975193	0.036928715602480414
0.9900206243967308	0.009979375603269064
0.622920298034962	0.3770797019650373
0.9242207071808787	0.07577929281912116
0.5699802910357284	0.4300197089642714
0.9772315386104169	0.02276846138958314
0.26956676757539705	0.7304332324246023
0.32841851868784205	0.6715814813121574
0.007815293232647506	0.9921847067673523
0.8866025439178438	0.11339745608215619
0.9430567121056304	0.056943287894369414
0.9800107553308155	0.01998924466918453
0.5563147292217692	0.44368527077823045
0.3053654968403256	0.6946345031596743
0.9856767245662813	0.014323275433718632
0.9066686810825131	0.09333131891748697
0.0698196604962192	0.9301803395037807
0.6365173232383234	0.3634826767616765
0.9779029883100181	0.022097011689981863
0.988898044926477	0.011101955073523356
0.9836344936399385	0.01636550636006169
0.9788820582537722	0.021117941746227525
0.9470253095387008	0.05297469046129926
0.9672726728503598	0.03272732714964005
0.9503053512375346	0.04969464876246531
0.9560203564375768	0.043979643562423544
0.9926549271684066	0.007345072831593313
0.04572432770450703	0.9542756722954928
0.9854539447361413	0.014546055263858422
0.9884861135295543	0.011513886470446195
0.9799616417779622	0.02003835822203797
0.7905213407592905	0.20947865924070963
0.15144552670876285	0.8485544732912372
0.9638092268973739	0.03619077310262617
0.9842888165169676	0.015711183483032288
0.004536689314385381	0.9954633106856146
0.9856041480628526	0.014395851937147357
0.9861398666811203	0.013860133318879905
0.35715827269187456	0.6428417273081252
0.9543542527116551	0.045645747288344724
0.9825457822350276	0.01745421776497231
0.958832538221447	0.04116746177855285
0.937540819601234	0.06245918039876618
0.360087404783199	0.6399125952168007
0.967966994742363	0.03203300525763689
0.150625727005063	0.8493742729949365
0.010567453484766549	0.9894325465152332
0.5716063627499139	0.42839363725008595
0.9844426412991318	0.015557358700868228
0.13291464362872663	0.8670853563712732
0.9727071893806104	0.02729281061938905
0.6127842506255949	0.3872157493744045
0.9667949049320436	0.03320509506795605
0.9828667597656694	0.01713324023433062
0.972985183164394	0.027014816835605936
0.22087695002255028	0.7791230499774493
0.9813714619973655	0.018628538002634545
0.06103263755504115	0.9389673624449592
0.889428525897468	0.11057147410253171
0.9645590505059571	0.03544094949404292
0.9754730618507965	0.02452693814920355
0.9451778497051643	0.05482215029483537
0.9442506668720898	0.05574933312791004
0.014213179618221428	0.9857868203817789
0.6063855076722616	0.3936144923277382
0.9787885921558245	0.02121140784417528
0.9797304554546833	0.020269544545317042
0.9809891114463676	0.019010888553632747
0.0059665830201261925	0.994033416979874
0.0013273811549821312	0.998672618845018
0.01717559116719721	0.982824408832803
0.979152736824721	0.02084726317527866
0.7888516482800983	0.21114835171990154
0.7952276521225967	0.20477234787740317
0.015951627465901178	0.9840483725340988
0.9786787912914433	0.021321208708556874
0.001682599116558446	0.9983174008834415
0.14637423095983776	0.8536257690401622
0.2782135696990799	0.7217864303009187
0.9815990046876268	0.018400995312373138
0.9704970911189791	0.029502908881020792
0.3329841568521755	0.6670158431478245
0.5788286434802976	0.42117135651970194
0.8629438356590637	0.13705616434093643
0.9540139692270426	0.04598603077295722
0.988898044926477	0.011101955073523356
0.15506022607841252	0.8449397739215868
0.6848285532447923	0.3151714467552076
0.1151826201083351	0.8848173798916649
0.9725779723110667	0.02742202768893378
0.6634682080667571	0.3365317919332426
0.6034720106530717	0.396527989346928
0.18370783008256122	0.8162921699174389
0.9859965304318342	0.014003469568166078
0.037803287983844164	0.9621967120161561
0.9817194090120518	0.018280590987948184
0.6333110425639293	0.36668895743607016
0.7331949876276626	0.266805012372337
0.010617639176690468	0.9893823608233094
0.8487083096822393	0.15129169031776069
0.46778403066715407	0.532215969332846
0.9846627803811472	0.015337219618852727
0.9702019791872527	0.029798020812747312
0.9638935953753912	0.036106404624608575
0.9750821119947699	0.024917888005230333
0.014213179618221428	0.9857868203817789
0.9837310015773433	0.016268998422656594
0.9760242656973371	0.023975734302662675
0.9607245109774266	0.0392754890225739
0.21909329075881648	0.7809067092411824
0.9763637446176037	0.0236362553823962
0.8093733884921974	0.19062661150780202
0.7557964732546409	0.2442035267453589
0.334839963205086	0.6651600367949139
0.9079302775352278	0.092069722464772
0.4477098230797159	0.552290176920283
0.17702210964131523	0.8229778903586845
0.5835958485505482	0.4164041514494514
0.9767619688934275	0.023238031106572774
0.9499210226638598	0.05007897733614022
0.35595326623727613	0.644046733762723
0.980167510061621	0.019832489938379032
0.9801734966700841	0.01982650332991553
0.9742618896197086	0.025738110380291036
0.9316272903018037	0.06837270969819637
0.9831922938546124	0.016807706145387447
0.9680763721131518	0.03192362788684785
0.2650705459480951	0.7349294540519038
0.49706501637418127	0.5029349836258189
0.6178917108166305	0.3821082891833694
0.753076794346771	0.24692320565322878
0.1784405185952922	0.8215594814047074
0.3007987972419658	0.6992012027580333
0.9784779266192435	0.021522073380756453
0.8727856684694537	0.12721433153054654
0.40467680522535054	0.5953231947746492
0.9302504999562128	0.06974950004378719
0.9873044113407409	0.012695588659259315
0.9375480136655454	0.06245198633445443
0.7224913846944488	0.27750861530555077
0.3180616901285528	0.6819383098714471
0.9819323307252781	0.01806766927472165
0.9911536220863628	0.008846377913637026
0.19324784019649466	0.8067521598035046
0.8965371740403134	0.10346282595968675
0.1357587452534008	0.8642412547465991
0.8161664278200856	0.18383357217991386
0.9803569567063144	0.019643043293685478
0.9727219759752664	0.027278024024733238
0.9691531111381919	0.03084688886180834
0.319202668175508	0.6807973318244909
0.6350999895734764	0.36490001042652287
0.28837517266135526	0.711624827338644
0.9679326871179943	0.032067312882005705
0.08382106472141553	0.9161789352785844
0.981567299373973	0.0184327006260268
0.44100123659833146	0.5589987634016685
0.9563740903075683	0.04362590969243145
0.9867153384191871	0.013284661580813319
0.9137928571235205	0.0862071428764792
0.7968005231729239	0.2031994768270761
0.8448950709925781	0.15510492900742168
0.8508137924016768	0.14918620759832352
0.6439718087561189	0.35602819124388074
0.9800390758033088	0.019960924196691595
0.012129797979620991	0.9878702020203791
0.6940514460255222	0.3059485539744775
0.9839059819258645	0.01609401807413543
0.9873854655076792	0.01261453449232109
0.974038328223697	0.02596167177630287
0.6830486574847918	0.3169513425152083
0.08119643425655418	0.9188035657434459
0.9699420812425725	0.030057918757427124
0.16271439237782584	0.8372856076221741
0.9848096561617216	0.015190343838278495
0.09480948536371281	0.905190514636287
0.975470856804532	0.02452914319546802
0.9623597754844786	0.03764022451552107
0.7625609264393409	0.23743907356065821
0.5942093362622954	0.40579066373770467
0.13574711575476767	0.8642528842452323
0.9804682209715643	0.019531779028435815
0.0030491918894963947	0.9969508081105037
0.9745388205458334	0.025461179454166594
0.04018377938140376	0.9598162206185963
0.9501316812185991	0.04986831878140101
0.01128503370010199	0.9887149662998982
0.9646975785668007	0.03530242143319945
0.9788807984087491	0.0211192015912511
0.09197013894642808	0.908029861053572
0.32073640200696724	0.6792635979930323
0.9847199631851314	0.015280036814868551
0.5029012317411038	0.49709876825889565
0.33853125839310216	0.6614687416068972
0.9656087327923197	0.03439126720768013
0.1724408893894841	0.8275591106105155
0.9811785854304022	0.01882141456959805
0.7897090065056322	0.2102909934943678
0.17672070955535646	0.8232792904446433
0.5692175258540321	0.43078247414596743
0.027993202418078778	0.9720067975819212
0.9824646383748383	0.01753536162516194
0.9817264163873923	0.018273583612607586
0.7755494003910621	0.22445059960893768
0.9778648071000792	0.0221351928999208
0.1358318954683866	0.8641681045316136
0.9604802670822911	0.03951973291770861
0.9577058772434907	0.04229412275650932
0.446021626915981	0.5539783730840182
0.4674904887687372	0.5325095112312629
0.6947784644871713	0.30522153551282877
0.9726547410509281	0.027345258949071742
0.9823651702945737	0.017634829705426167
0.961447681910172	0.03855231808982806
0.9685334613501317	0.03146653864986813
0.5003761502293588	0.49962384977064067
0.25707112617559114	0.7429288738244085
0.25489030960456965	0.7451096903954295
0.4141506044641893	0.5858493955358104
0.3585592401109255	0.6414407598890745
0.9781446619832437	0.02185533801675593
0.9835889039086492	0.016411096091350823
0.8418823837442586	0.15811761625574083
0.9673554275630194	0.03264457243698064
0.9525084220885495	0.04749157791145056
0.960500041120591	0.03949995887940902
0.9865361176219585	0.01346388237804142
0.03766519849433168	0.9623348015056683
0.9839059819258645	0.01609401807413543
0.6773125118554607	0.3226874881445386
0.008254824165628368	0.9917451758343718
0.9823651702945737	0.017634829705426167
0.967923401465225	0.03207659853477494
0.9788252932222771	0.021174706777722537
0.9841293304032128	0.015870669596787405
0.4297894621873337	0.5702105378126663
0.9864784140665656	0.01352158593343443
0.11003301468593973	0.8899669853140602
0.1500654691045509	0.8499345308954485
0.9850595601297765	0.014940439870223534
0.9831706130929356	0.01682938690706438
0.6734383520345796	0.3265616479654202
0.9865614092083266	0.013438590791673491
0.8466000288031087	0.15339997119689147
0.19790246546715276	0.8020975345328472
0.3477932552103569	0.652206744789643
0.9809114153654503	0.019088584634549478
0.2323290281643972	0.7676709718356018
0.6415744736662918	0.3584255263337079
0.9649557069080359	0.03504429309196413
0.8188306173227161	0.18116938267728375
0.43947576551587153	0.5605242344841284
0.01369169543348022	0.98630830456652
0.9887772694259579	0.011222730574042074
0.0013734220058279844	0.9986265779941719
0.9659107463162322	0.03408925368376786
0.9761627091223244	0.023837290877675842
0.9638092268973739	0.03619077310262617
0.38220588083691936	0.6177941191630807
0.9786066337698855	0.021393366230114574
0.9843977247647989	0.015602275235201335
0.2016003675669875	0.7983996324330124
0.9856583250009718	0.014341674999028341
0.483115578417108	0.5168844215828912
0.9490300800668754	0.05096991993312463
0.9823651702945737	0.017634829705426167
0.20503876447658778	0.7949612355234117
0.057626016882041636	0.9423739831179586
0.6223136530247804	0.37768634697521924
0.9784961518211428	0.02150384817885739
0.20338264837311854	0.7966173516268811
0.17693032853102886	0.8230696714689707
0.9780474465703797	0.02195255342962029
0.9835852779507257	0.01641472204927443
0.9655027849747355	0.03449721502526453
0.33310032693798386	0.6668996730620164
0.9862286750692226	0.013771324930777295
0.4189600118946208	0.5810399881053788
0.5939583263059469	0.4060416736940527
0.013524593036447237	0.9864754069635527
0.9165427232540945	0.08345727674590572
0.7480382520648219	0.2519617479351774
0.9903529692006845	0.009647030799315521
0.16016882278574165	0.8398311772142583
0.9807570953821557	0.01924290461784434
0.5125096470853314	0.48749035291466825
0.911116392924353	0.08888360707564677
0.09629360082363021	0.9037063991763697
0.9735289191200289	0.026471080879971
0.9714795828434074	0.02852041715659245
0.9724827261975506	0.027517273802449446
0.9861398666811203	0.013860133318879905
0.9797728336498597	0.020227166350140324
0.034211238215630775	0.965788761784369
0.04757818367627565	0.9524218163237245
0.9728176897474404	0.02718231025255984
0.6101288755878042	0.3898711244121958
0.3180238383775831	0.6819761616224165
0.0437019534464538	0.9562980465535462
0.03900230961809816	0.9609976903819021
0.022436763066417585	0.9775632369335825
0.9464566799942306	0.053543320005769515
0.9843653467287057	0.015634653271294267
0.001157929690419874	0.99884207030958
0.9815321871589542	0.018467812841045882
0.6084586827240595	0.39154131727594055
0.5879047998499717	0.41209520015002793
0.9676120478891568	0.03238795211084335
0.04327420718711724	0.9567257928128826
0.03992265413483097	0.9600773458651688
0.6586500009200309	0.34134999907996827
0.46393939901944875	0.5360606009805511
0.6878164601305763	0.3121835398694229
0.7507331669756669	0.24926683302433314
0.4180823746639551	0.581917625336045
0.7562983176089599	0.24370168239103954
0.13501400148117715	0.8649859985188231
0.11610593002880236	0.8838940699711975
0.11515014064598389	0.8848498593540158
0.9227149575396733	0.07728504246032676
0.5071798097675113	0.49282019023248863
0.9154554351352715	0.08454456486472826
0.6588276393004163	0.3411723606995828
0.8971140328254379	0.1028859671745621
0.9679326871179943	0.032067312882005705
0.13021899370663317	0.8697810062933669
0.040367505463460525	0.9596324945365395
0.6909893254310578	0.30901067456894216
0.05036750546346053	0.9496324945365395
0.03315355042938534	0.9668464495706144
0.5549162619481308	0.4450837380518691
0.0885699340566495	0.9114300659433506
0.513159040357576	0.4868409596424236
0.9792947978513253	0.02070520214867463
0.24489973069245857	0.7551002693075403
0.1989185851753118	0.8010814148246875
0.6915146211278653	0.3084853788721344
0.6749873297757083	0.3250126702242907
0.04480274119299089	0.955197258807009
0.9673554275630194	0.03264457243698064
0.5493298238049793	0.45067017619502037
0.016470268641313093	0.9835297313586869
0.10803003099053235	0.8919699690094675
0.731604002686571	0.26839599731342806
0.20599056736601898	0.794009432633981
0.09344905314076708	0.906550946859233
0.024091414959044637	0.9759085850409553
0.4939846161659	0.5060153838340992
0.8643979909274863	0.13560200907251346
0.46543028820298055	0.5345697117970195
0.1513467154593029	0.8486532845406971
0.005217780993885557	0.9947822190061144
0.3079198447875255	0.6920801552124736
0.6918339463099951	0.3081660536900048
0.228993926266377	0.7710060737336224
0.536477235479838	0.4635227645201619
0.08098736092894214	0.9190126390710576
0.8811834339199024	0.11881656608009754
0.02581093920452506	0.9741890607954751
0.7485748423108567	0.2514251576891432
0.056356814030080166	0.9436431859699197
0.017872391687571206	0.9821276083124286
0.009530292244441806	0.9904697077555582
0.3881977756253719	0.6118022243746278
0.3710429170421667	0.6289570829578335
0.16663834347874765	0.8333616565212526
0.6900290171933636	0.3099709828066362
0.6712113708426982	0.32878862915730184
0.12716131467421088	0.8728386853257891
0.24284752115836303	0.7571524788416361
0.3520394268766943	0.6479605731233058
0.7026725498029803	0.2973274501970196
0.07217638454434161	0.9278236154556585
0.9230429383693668	0.0769570616306329
0.03829989464791307	0.9617001053520869
0.5809731608272872	0.4190268391727124
0.1214799048199319	0.8785200951800679
0.9060811164531541	0.09391888354684548
0.2806623110671675	0.7193376889328316
0.21007904484682524	0.7899209551531748
0.16070236108691177	0.8392976389130878
0.2830049020538216	0.7169950979461782
0.8877541133721679	0.11224588662783215
0.1683708708473104	0.8316291291526896
0.9111128521139829	0.0888871478860171
0.7280023981574557	0.2719976018425442
0.8161414424683374	0.1838585575316622
0.8784448281331027	0.12155517186689739
0.5111675815983593	0.48883241840164054
0.4062382801094977	0.5937617198905023
0.005552327713770109	0.9944476722862299
0.9638092268973739	0.03619077310262617
0.34862627502502297	0.651373724974976
0.1329719346430527	0.8670280653569477
0.953948295080503	0.046051704919496776
0.5064789599654201	0.4935210400345792
0.014213179618221428	0.9857868203817789
0.8389979412749837	0.1610020587250162
0.48014750902524966	0.5198524909747502
0.6094153023339935	0.3905846976660062
0.8677073842075158	0.13229261579248386
0.7532089916672046	0.2467910083327956
0.14129236047756943	0.8587076395224301
0.7056109110989841	0.2943890889010158
0.9300206243967308	0.06997937560326906
0.3336196108447146	0.6663803891552854
0.07560746053201685	0.9243925394679833
0.6823155869734892	0.31768441302651107
0.4709426250372377	0.5290573749627623
0.023905889912102973	0.9760941100878969
0.4191805477379679	0.5808194522620318
0.010617639176690468	0.9893823608233094
0.4887136385391156	0.5112863614608844
0.8316083206805039	0.16839167931949614
0.3183992096162315	0.6816007903837673
0.9440367310570036	0.055963268942996115
0.2333448669958603	0.766655133004139
0.10523875339441004	0.8947612466055901
0.036303834525974576	0.9636961654740253
0.8357701061048468	0.1642298938951533
0.7980796494045298	0.20192035059547028
0.6818319623242981	0.3181680376757016
0.05948642499262964	0.9405135750073704
0.8887726214452367	0.11122737855476358
0.6192002826870414	0.3807997173129586
0.48133959303367385	0.518660406966326
0.20627526133401264	0.7937247386659873
0.014213179618221428	0.9857868203817789
0.5041873434588912	0.4958126565411087
0.030797680030200208	0.9692023199697997
0.6887497531758915	0.31125024682410846
0.3381338768660684	0.6618661231339317
0.9437815986548866	0.05621840134511341
0.7127829220892795	0.28721707791072015
0.11665407520787095	0.8833459247921291
0.5709850915726506	0.42901490842734935
0.4934473484380551	0.5065526515619445
0.7941549419828032	0.20584505801719682
0.8554906985985374	0.14450930140146245
0.931071802751413	0.06892819724858651
0.6216679361427573	0.37833206385724233
0.9577041888871172	0.042295811112882865
0.04595531515438945	0.9540446848456106
0.46511832092406424	0.534881679075936
0.9223855363929	0.07761446360710007
0.20587869879010628	0.794121301209893
0.7180798284779998	0.2819201715220003
0.48544987174583637	0.5145501282541631
0.24494174203394017	0.7550582579660592
0.11100126530736658	0.8889987346926336
0.9637761497160597	0.03622385028394009
0.8706868631648012	0.12931313683519893
0.023922585935219495	0.9760774140647805
0.38208787440709907	0.6179121255929008
0.004081139163079213	0.9959188608369209
0.5368460317126733	0.46315396828732674
0.09994548076222573	0.9000545192377741
0.1450457898152373	0.8549542101847627
0.9100979612721083	0.08990203872789153
0.8389939514875988	0.1610060485124009
0.9818492001402803	0.018150799859719693
0.04667823529252083	0.9533217647074794
0.8666014146676057	0.13339858533239443
0.9095674627270729	0.09043253727292708
0.48110009766339173	0.5188999023366079
0.46529517710746243	0.5347048228925374
0.8901899265510551	0.10981007344894474
0.0070220919672979295	0.9929779080327019
0.014213179618221428	0.9857868203817789
0.25796810930346403	0.7420318906965357
0.6764743319460716	0.3235256680539284
0.02017700119199463	0.9798229988080053
0.8458451762031507	0.15415482379684925
0.47050347426135825	0.5294965257386416
0.11792886653874646	0.8820711334612529
0.5212976511160848	0.4787023488839148
0.9272131926487104	0.07278680735128966
0.9251679172042526	0.07483208279574735
0.5895547537500164	0.4104452462499834
0.9335583879481519	0.06644161205184801
0.3405181823427163	0.6594818176572838
0.8818977708186495	0.11810222918135029
0.8912521746301162	0.10874782536988375
0.8388248946615462	0.16117510533845394
0.7394994506637438	0.26050054933625605
0.9628199362124257	0.03718006378757431
0.7941334172628851	0.2058665827371151
0.9446297472248331	0.05537025277516682
0.48547795756419043	0.5145220424358091
0.9480238649348142	0.05197613506518589
0.9355985970195606	0.06440140298043984
0.6270614312339492	0.37293856876605075
0.9501482140199553	0.04985178598004491
0.8244218886610873	0.17557811133891263
0.6874582034415602	0.31254179655844
0.29051427605641594	0.7094857239435828
0.17803925865615253	0.8219607413438476
0.9360130061162384	0.06398699388376139
0.30686015428567914	0.693139845714321
0.9119938526255109	0.08800614737448853
0.8589919329025315	0.14100806709746866
0.9352806343754436	0.06471936562455649
0.9655801742252238	0.034419825774776175
0.4919315889391799	0.5080684110608198
0.9606857709914451	0.03931422900855474
0.8889838280639014	0.11101617193609854
0.0017436194354547446	0.9982563805645452
0.023339293701483844	0.9766607062985162
0.9293771373821845	0.07062286261781554
0.7863840043993295	0.21361599560067057
0.03850340211180359	0.9614965978881965
0.9213442154467192	0.07865578455328087
0.9191049492282057	0.08089505077179444
0.01673568116846672	0.9832643188315333
0.014213179618221428	0.9857868203817789
0.9770904889478854	0.02290951105211434
0.7787538636352674	0.22124613636473253
0.719177624492471	0.28082237550752814
0.030338755874338905	0.9696612441256611
0.27296235853656586	0.7270376414634344
0.9166980605974665	0.08330193940253362
0.8344274740040943	0.16557252599590555
0.8520820982065364	0.14791790179346345
0.8616311557206433	0.1383688442793568
0.9091094713394453	0.09089052866055486
0.8811260472850476	0.11887395271495199
0.8039538290523482	0.19604617094765142
0.9725779723110667	0.02742202768893378
0.9332894742127135	0.06671052578728613
0.8051135531360957	0.19488644686390452
0.6600710171752167	0.33992898282478345
0.9517275397686968	0.048272460231303
0.9869193726119373	0.013080627388062739
0.4099216002976655	0.590078399702334
0.783057510608321	0.21694248939167904
0.8856281793294107	0.11437182067058915
0.7124196865122863	0.2875803134877135
0.063090478770197	0.9369095212298032
0.680573532154356	0.319426467845644
0.7349333839875247	0.2650666160124753
0.8346041814044266	0.16539581859557345
0.9908424549221466	0.009157545077853239
0.8798926262708919	0.12010737372910815
0.1826823003174682	0.8173176996825318
0.9310099559021647	0.06899004409783525
0.8291418516746677	0.17085814832533244
0.7354503819092264	0.2645496180907737
0.9256504757245765	0.07434952427542368
0.9683819581787886	0.03161804182121157
0.8009869153861555	0.19901308461384484
0.8171777595762229	0.18282224042377726
0.36875944945731787	0.6312405505426812
0.9550549723173377	0.044945027682662536
0.18073429487896192	0.8192657051210378
0.43202897924983924	0.5679710207501605
0.9237524434596199	0.07624755654038017
0.976686828464733	0.023313171535267206
0.028403911813728845	0.9715960881862711
0.0013273811549821312	0.998672618845018
0.9862029110335959	0.013797088966404135
0.5417568487112026	0.4582431512887968
0.2089991674086472	0.791000832591353
0.039679356325971006	0.9603206436740288
0.05974008347989594	0.9402599165201042
0.09651760860804105	0.9034823913919593
0.03273590503142858	0.9672640949685714
0.768277008464097	0.23172299153590234
0.7028764708057877	0.2971235291942122
0.9702583861748688	0.029741613825131387
0.8011657993823679	0.19883420061763193
0.151428956108831	0.8485710438911687
0.5324228803806139	0.467577119619386
0.9802511641823546	0.01974883581764535
0.7764984303624621	0.2235015696375375
0.8545993915031105	0.14540060849688918
0.7444403101571585	0.25555968984284133
0.941624906028411	0.05837509397158886
0.7114528233656023	0.28854717663439766
0.08413576434446438	0.9158642356555358
0.5351370517079477	0.46486294829205227
0.7668965881458608	0.2331034118541392
0.7915066568382153	0.20849334316178464
0.036456308700291255	0.9635436912997091
0.8192390789725462	0.18076092102745395
0.8812052819536664	0.11879471804633375
0.05525209442434391	0.9447479055756561
0.9352460070181445	0.06475399298185555
0.014824298345032103	0.9851757016549679
0.05589465079021831	0.944105349209782
0.7970937273454212	0.20290627265457917
0.8503130427733848	0.14968695722661515
0.8369931867130178	0.16300681328698213
0.5755443427396676	0.42445565726033196
0.39564060812974416	0.6043593918702558
0.2334649822902913	0.7665350177097084
0.37975310317822164	0.6202468968217784
0.7280539621955922	0.2719460378044079
0.7810044995212295	0.21899550047877056
0.6430737239305208	0.3569262760694787
0.8524218680549468	0.1475781319450533
0.1960157885345441	0.8039842114654556
0.7055464980035553	0.2944535019964445
0.8198464530164228	0.18015354698357725
0.7096864774125836	0.2903135225874165
0.827111708909771	0.17288829109022888
0.7462757441686635	0.25372425583133656
0.386069407019151	0.6139305929808486
0.9473720367496419	0.05262796325035826
0.5934162202314548	0.4065837797685451
0.8798203261559499	0.12017967384404997
0.9033727720978291	0.09662722790217082
0.9586219002340661	0.04137809976593357
0.30920705813740634	0.6907929418625937
0.42683648612254194	0.573163513877458
0.9037352828199942	0.09626471718000561
0.9180047239637975	0.08199527603620259
0.7807503079520124	0.21924969204798755
0.12778598679407863	0.8722140132059214
0.21898329756912147	0.7810167024308784
0.25064483149009964	0.7493551685099004
0.39092644859715087	0.6090735514028491
0.7052150934283432	0.2947849065716565
0.32192108570331157	0.6780789142966884
0.9436754267350662	0.056324573264933495
0.8536330617565164	0.14636693824348293
0.5922550711824056	0.40774492881759383
0.28528254405054604	0.7147174559494529
0.15959436919477565	0.8404056308052241
0.49997023752548875	0.500029762474511
0.5132689289160659	0.4867310710839331
0.21612176313561451	0.7838782368643848
0.8211553534098587	0.17884464659014118
0.24928272141340937	0.7507172785865904
0.8100805174390756	0.1899194825609242
0.026717201518927383	0.9732827984810726
0.7873384239372434	0.21266157606275599
0.45432331430556694	0.545676685694433
0.47894944206356777	0.5210505579364313
0.9787304856547587	0.02126951434524109
0.796252678168623	0.20374732183137642
0.774676518013813	0.22532348198618632
0.5387222367637811	0.4612777632362187
0.42072488010569054	0.5792751198943084
0.33351485738340503	0.666485142616594
0.8265944892471319	0.17340551075286775
0.39190458805111056	0.6080954119488887
0.33180704091097935	0.6681929590890189
0.7075150951194301	0.2924849048805695
0.2897229817022462	0.7102770182977532
0.6775185225523146	0.32248147744768496
0.4509278151719638	0.5490721848280357
0.9871306483119718	0.012869351688028472
0.029476606862171115	0.9705233931378291
0.7845335917647513	0.21546640823524868
0.840738791246657	0.1592612087533422
0.2723553515145662	0.7276446484854334
0.9567594978990961	0.043240502100903855
0.7459981463795384	0.2540018536204604
0.7425044955524887	0.2574955044475109
0.3319815448138248	0.6680184551861751
0.6995336695723422	0.3004663304276573
0.8260164894450268	0.17398351055497271
0.7741117432818089	0.22588825671819102
0.9214648749334186	0.07853512506658153
0.8077713143858698	0.19222868561413006
0.6727070933179533	0.32729290668204675
0.4060754865970938	0.5939245134029053
0.7340271620273526	0.26597283797264665
0.6063782533109658	0.3936217466890337
0.9848304648654641	0.015169535134535984
0.7670151782336955	0.23298482176630453
0.19331073950923336	0.8066892604907661
0.21169657554844573	0.788303424451553
0.36354150933022183	0.6364584906697777
0.8470871178457661	0.15291288215423365
0.2198097993858046	0.7801902006141949
0.2854606339329982	0.7145393660670016
0.685275191352022	0.31472480864797786
0.6213084378941739	0.37869156210582566
0.2744973833744283	0.7255026166255715
0.8349519592986612	0.16504804070133794
0.8449325647970418	0.15506743520295763
0.46451265803009956	0.5354873419699003
0.37839907896614583	0.6216009210338538
0.4506376107370544	0.5493623892629453
0.6231132814951711	0.37688671850482874
0.5941886342344976	0.4058113657655023
0.3390848084931304	0.6609151915068694
0.6462652705941951	0.35373472940580425
0.2297871766780078	0.7702128233219923
0.7281572079965167	0.2718427920034824
0.7697786841487413	0.23022131585125824
0.04822186569509037	0.9517781343049098
0.9066688599777412	0.09333114002225879
0.8187696782093029	0.18123032179069656
0.05984336962242729	0.9401566303775728
0.11358450411663791	0.8864154958833622
0.8693318567456082	0.13066814325439177
0.5182278457355924	0.4817721542644077
0.7581672697912194	0.24183273020877974
0.2309902096335777	0.7690097903664224
0.2001379401183817	0.7998620598816184
0.9854877189380177	0.014512281061982253
0.2767788077270832	0.7232211922729159
0.31787549754022887	0.6821245024597696
0.3148685455271549	0.6851314544728438
0.28127518433601734	0.7187248156639815
0.3269726010142747	0.6730273989857252
0.8486680349755062	0.1513319650244932
0.23511934464306392	0.7648806553569352
0.7081513072065472	0.2918486927934523
0.21751791038690052	0.7824820896130997
0.32266370276587364	0.6773362972341264
0.9830656209391343	0.016934379060865742
0.27774887621742017	0.7222511237825796
0.31701496860953143	0.6829850313904678
0.78032381323362	0.21967618676638012
0.9917339752782385	0.008266024721761524
0.9605289320875552	0.03947106791244495
0.15722923918941958	0.8427707608105804
0.23441746181188108	0.7655825381881187
0.8275863660421108	0.17241363395788853
0.7232665906104425	0.2767334093895568
0.6678376376655177	0.33216236233448226
0.5177852504989561	0.4822147495010436
0.5596621555465129	0.4403378444534873
0.3873500450119925	0.6126499549880075
0.8826540123509808	0.11734598764901887
0.9718902129277648	0.028109787072235118
0.2775919125450984	0.7224080874549013
0.19180469689591406	0.808195303104086
0.6557792573004384	0.34422074269956127
0.4573186547110767	0.5426813452889231
0.3034206261968943	0.6965793738031045
0.4417223760486296	0.5582776239513704
0.9799616417779622	0.02003835822203797
0.9857396993284108	0.014260300671589636
0.9185270882624355	0.08147291173756419
0.6487319044953866	0.3512680955046132
0.9744307079759952	0.025569292024004594
0.24976054765770478	0.7502394523422942
0.23631932063662425	0.7636806793633756
0.8113170570020596	0.18868294299794036
0.2630275229717947	0.7369724770282042
0.6081572087555163	0.3918427912444829
0.44871652516146343	0.5512834748385366
0.5252097256191248	0.47479027438087534
0.6170562346378178	0.3829437653621817
0.9838478024558043	0.01615219754419579
0.6636498771460196	0.3363501228539802
0.9777340183009285	0.022265981699071326
0.28746520867276276	0.7125347913272359
0.7413776253016191	0.25862237469838084
0.2820313563089861	0.7179686436910128
0.5090426079639138	0.4909573920360855
0.6182138957217885	0.3817861042782116
0.3102154735543867	0.6897845264456132
0.8850219423477768	0.11497805765222291
0.38029997614300165	0.6197000238569981
0.9921581279761691	0.007841872023831043
0.8730823068949105	0.1269176931050896
0.7067742610895125	0.2932257389104867
0.43272133443002647	0.5672786655699738
0.9655747072649906	0.03442529273500937
0.8921940967212378	0.10780590327876237
0.4742068222633396	0.5257931777366599
0.19309595494490808	0.8069040450550911
0.5699379437199216	0.4300620562800783
0.8295842143502027	0.17041578564979656
0.29095682502178677	0.7090431749782123
0.8848686642512529	0.11513133574874654
0.48341620990274853	0.5165837900972505
0.5585033481393988	0.441496651860601
0.7824714593337206	0.21752854066627866
0.8283198714788298	0.17168012852117007
0.36678255156917183	0.6332174484308283
0.8018440123687393	0.19815598763126044
0.3374748352709632	0.6625251647290367
0.7232297212943033	0.2767702787056957
0.6068119316064415	0.39318806839355835
0.3839859865395049	0.6160140134604948
0.7425880724860342	0.2574119275139658
0.6569059061524652	0.34309409384753453
0.6841468949051968	0.31585310509480247
0.46561868786088745	0.5343813121391122
0.23928560284867972	0.7607143971513197
0.5584611650270319	0.4415388349729681
0.8208343876785122	0.17916561232148806
0.8867120275726401	0.1132879724273598
0.21091967819366209	0.7890803218063372
0.6505430730966169	0.3494569269033829
0.3593601861062845	0.6406398138937148
0.7694197609366078	0.23058023906339195
0.9751494918267063	0.024850508173293727
0.5305617770816108	0.4694382229183887
0.9884060564873652	0.011593943512634645
0.7923624462124654	0.2076375537875346
0.7738071818001353	0.22619281819986398
0.019949680610662057	0.9800503193893378
0.8375325531217419	0.16246744687825768
0.2644295804401388	0.7355704195598605
0.8674182549278249	0.13258174507217485
0.18617896345566495	0.813821036544335
0.4915280424440453	0.5084719575559539
0.4244692920311642	0.5755307079688348
0.25313373085445956	0.7468662691455399
0.6430532209911471	0.35694677900885247
0.8209746732376938	0.17902532676230595
0.4094787185646069	0.590521281435393
0.7850680445952459	0.2149319554047539
0.840832989866152	0.15916701013384735
0.7624730632254237	0.2375269367745759
0.44119175915763376	0.558808240842366
0.958837992064289	0.04116200793571078
0.8582624537699348	0.14173754623006504
0.44233092748407954	0.5576690725159206
0.4026053601790405	0.5973946398209594
0.6930530353634662	0.30694696463653304
0.3833308384303368	0.6166691615696629
0.05686657076572426	0.9431334292342757
0.9643419662049988	0.035658033795000994
0.6044008259020773	0.39559917409792233
0.33964654964063745	0.6603534503593615
0.9479234538517758	0.05207654614822411
0.6652179440909682	0.33478205590903093
0.33016205885823013	0.6698379411417698
0.9722206136075013	0.02777938639249884
0.5153454468101687	0.4846545531898313
0.2935950437912472	0.7064049562087519
0.8231270576055774	0.17687294239442264
0.2625444159363066	0.7374555840636926
0.7938615500021965	0.20613844999780362
0.6058516937055901	0.39414830629441
0.5802535138994245	0.4197464861005745
0.3793099174668294	0.6206900825331697
0.26868107247935463	0.7313189275206453
0.4808956660906768	0.5191043339093226
0.7835416052942097	0.2164583947057902
0.7338865630535536	0.2661134369464458
0.7325574254222424	0.2674425745777576
0.41861865539395376	0.5813813446060451
0.14444344600882025	0.8555565539911791
0.24888910450970042	0.7511108954902981
0.5621564470369367	0.43784355296306254
0.9877684400053636	0.012231559994636414
0.6708655778616618	0.32913442213833827
0.9781980136884421	0.02180198631155808
0.6745074942567473	0.3254925057432526
0.2190245755785948	0.7809754244214049
0.8482018840858473	0.1517981159141524
0.7430652214539522	0.2569347785460466
0.9885544642810473	0.011445535718952902
0.8309921775840781	0.16900782241592163
0.6384395524377442	0.36156044756225575
0.7230153733225622	0.27698462667743706
0.9250251528008347	0.07497484719916518
0.8631610425749778	0.13683895742502167
0.19228547083198552	0.8077145291680141
0.2688203265898083	0.7311796734101912
0.6637070174620919	0.33629298253790735
0.5635180887409055	0.4364819112590938
0.5676811368472766	0.4323188631527231
0.27535962055386526	0.7246403794461341
0.7582859002646016	0.24171409973539798
0.5067340386179962	0.4932659613820035
0.21345790480704008	0.7865420951929597
0.5582591547930493	0.4417408452069506
0.48311193566030863	0.5168880643396906
0.09124081257656683	0.9087591874234332
0.8148177060829646	0.18518229391703456
0.3195748021746776	0.680425197825322
0.8866095919005995	0.11339040809940014
0.8129971644106925	0.18700283558930725
0.1316582731274569	0.8683417268725429
0.7585964694407953	0.24140353055920385
0.6366137151586734	0.3633862848413264
0.6277155903026364	0.37228440969736354
0.23068975930800054	0.7693102406919994
0.686822810637877	0.31317718936212197
0.9821904895692123	0.017809510430787965
0.3014012412075941	0.6985987587924058
0.27792496397731553	0.7220750360226841
0.9956893451400832	0.004310654859916816
0.6341114568606565	0.3658885431393428
0.8614836844661279	0.13851631553387134
0.7115430907446458	0.2884569092553539
0.9222177775800385	0.07778222241996144
0.2357154550974523	0.7642845449025468
0.8255883265848412	0.17441167341515848
0.5911304425056286	0.40886955749437115
0.24874332252934106	0.7512566774706586
0.8239439070754433	0.17605609292455626
0.848605554281054	0.15139444571894597
0.8073265248778645	0.19267347512213484
0.9805903831925634	0.01940961680743655
0.7963269405470526	0.20367305945294725
0.3666521649714232	0.6333478350285765
0.5240146187207682	0.4759853812792315
0.2914702542868623	0.7085297457131366
0.5283433250594062	0.47165667494059393
0.626267449606475	0.3737325503935244
0.9857027279596144	0.014297272040385462
0.8943966933194418	0.10560330668055812
0.807228057266613	0.1927719427333863
0.1852640997363756	0.8147359002636243
0.8452800460909774	0.15471995390902232
0.7611078289329852	0.23889217106701405
0.6522051158279871	0.34779488417201293
0.28009536387711975	0.7199046361228792
0.5259321258139443	0.4740678741860549
0.3257358480422196	0.6742641519577803
0.7908868113041112	0.20911318869588796
0.9833901142610351	0.016609885738964825
0.5449569401650644	0.45504305983493554
0.80974741319366	0.19025258680633939
0.038676991162155436	0.9613230088378445
0.6705612527753295	0.32943874722467065
0.8465237611153333	0.15347623888466652
0.47992214463434046	0.5200778553656588
0.20676847133946155	0.7932315286605379
0.9873854655076792	0.01261453449232109
0.4613223890797761	0.5386776109202227
0.6729676403419075	0.32703235965809163
0.8364284596697145	0.16357154033028498
0.7873287454258174	0.2126712545741826
0.4352650898006729	0.5647349101993266
0.9767520144231101	0.023247985576890028
0.9750635766271885	0.024936423372811777
0.856992957714387	0.143007042285613
0.3546148164476707	0.6453851835523292
0.645900328200243	0.35409967179975643
0.8699041621287281	0.1300958378712716
0.937532771279815	0.06246722872018476
0.8451679812076023	0.15483201879239714
0.49299139355430555	0.5070086064456941
0.6461601827894496	0.35383981721054925
0.06632084980942995	0.9336791501905704
0.8682581521854789	0.1317418478145207
0.7948334561472266	0.20516654385277344
0.4795739250601291	0.520426074939871
0.975267625356472	0.024732374643527892
0.8554759733679016	0.1445240266320983
0.8764653201619846	0.1235346798380151
0.2666775929450582	0.7333224070549413
0.44998725395446715	0.5500127460455322
0.5042141806659255	0.4957858193340743
0.9803618364253901	0.01963816357460977
0.10883127841631905	0.891168721583681
0.2931347004893794	0.7068652995106193
0.7157429994170699	0.2842570005829298
0.2377031425004441	0.7622968574995559
0.3382951445121508	0.6617048554878493
0.6426220696435672	0.3573779303564317
0.15811277900305976	0.84188722099694
0.6542456280019995	0.3457543719980005
0.6019227255975658	0.3980772744024342
0.7293787271446505	0.27062127285534937
0.9751082256440397	0.024891774355960117
0.7071645796728676	0.2928354203271316
0.1729795222946635	0.8270204777053367
0.5548227459655388	0.44517725403446107
0.6276181504193139	0.37238184958068593
0.12441235435939933	0.8755876456406009
0.8503254950549431	0.14967450494505669
0.9675509180990453	0.03244908190095448
0.40419463482008244	0.5958053651799171
0.729386639645914	0.2706133603540857
0.9000616284658007	0.09993837153419931
0.7316459787627843	0.2683540212372155
0.3975585558665675	0.6024414441334326
0.2198101340365632	0.7801898659634356
0.21395837496670198	0.7860416250332974
0.2773212783577991	0.7226787216422003
0.47279902574052984	0.5272009742594698
0.8946712096680132	0.10532879033198642
0.5145486745444475	0.48545132545555214
0.7785644175685437	0.22143558243145578
0.5289485620602259	0.47105143793977405
0.41556194001494384	0.5844380599850563
0.8910288301707913	0.10897116982920874
0.4657406400310978	0.5342593599689018
0.1414289806209251	0.8585710193790749
0.8547894341709946	0.145210565829005
0.8108694169337436	0.18913058306625544
0.37267530289975154	0.6273246971002484
0.7965749423412518	0.20342505765874755
0.5382076460507929	0.46179235394920715
0.10030119234345976	0.8996988076565401
0.6159918131659389	0.38400818683406046
0.8875434990919439	0.11245650090805563
0.2269109467913911	0.7730890532086093
0.9650943199026615	0.034905680097338396
0.4840632546881763	0.5159367453118233
0.8347472879147912	0.1652527120852079
0.43847067917336063	0.5615293208266392
0.3266570338797554	0.6733429661202444
0.1695714910882485	0.8304285089117515
0.28694795104989335	0.713052048950106
0.2135587441849262	0.7864412558150735
0.8764653201619846	0.1235346798380151
0.44223236328155613	0.5577676367184435
0.300978402745297	0.699021597254703
0.32769206686503516	0.672307933134964
0.4282954474995328	0.5717045525004671
0.8392310320025343	0.16076896799746554
0.599777493971872	0.40022250602812826
0.29260104355135463	0.7073989564486449
0.8380643522231491	0.16193564777685063
0.6144212392148543	0.3855787607851455
0.7771161163765289	0.2228838836234712
0.2994598701322428	0.7005401298677557
0.9751474496801004	0.024852550319899726
0.8060110527002463	0.19398894729975324
0.9063121085761787	0.0936878914238211
0.22897678405665722	0.7710232159433426
0.7725464376869711	0.22745356231302832
0.483315936309189	0.5166840636908102
0.776024303071156	0.22397569692884417
0.5324105905988187	0.4675894094011813
0.8220955812962493	0.17790441870375
0.8297932034896454	0.1702067965103539
0.36763786136356386	0.632362138636435
0.7133394355261674	0.2866605644738324
0.9809446205543912	0.019055379445608953
0.43045212600611854	0.5695478739938814
0.2640474314928641	0.7359525685071361
0.8867654821570343	0.11323451784296527
0.544622882515766	0.45537711748423376
0.9227297590405796	0.07727024095942064
0.6440621999908548	0.35593780000914493
0.818055310780617	0.18194468921938223
0.7720726321904091	0.2279273678095902
0.42039770784824876	0.5796022921517507
0.9138254781374906	0.08617452186250929
0.13605185199699354	0.8639481480030063
0.884978881334179	0.11502111866582104
0.27148501736322045	0.7285149826367794
0.5395753131442966	0.4604246868557034
0.9757377735913738	0.024262226408626048
0.5990772954758854	0.4009227045241141
0.3600367930042274	0.6399632069957727
0.9038200830258222	0.0961799169741775
0.8260621283195715	0.17393787168042793
0.8507213495409228	0.14927865045907673
0.21517880335692816	0.7848211966430708
0.6537486375268329	0.3462513624731671
0.718483230903149	0.28151676909685064
0.1822621511881172	0.8177378488118825
0.7859569856134222	0.21404301438657758
0.8511640379511556	0.14883596204884422
0.5393668523719388	0.4606331476280608
0.7246691755459856	0.27533082445401436
0.9110778334472713	0.08892216655272847
0.7387879275738114	0.2612120724261883
0.5865313141941675	0.4134686858058322
0.47196597089164266	0.528034029108357
0.26351196417474454	0.7364880358252551
0.15273463278535693	0.847265367214643
0.17742702062827168	0.8225729793717282
0.7918701730140256	0.2081298269859735
0.5742917193066878	0.42570828069331185
0.8688710219348689	0.13112897806513038
0.20617980298973823	0.7938201970102612
0.8450578315824647	0.15494216841753525
0.9014794132480908	0.09852058675190906
0.5783561862648967	0.42164381373510307
0.532540798212374	0.46745920178762596
0.13572102482710802	0.8642789751728915
0.8639935547125307	0.13600644528746905
0.731855291314601	0.2681447086853985
0.987321356360678	0.012678643639322236
0.23632776746535464	0.763672232534644
0.963332492165942	0.036667507834057596
0.49125221888900755	0.5087477811109915
0.8833337996912534	0.11666620030874672
0.8382806995671848	0.16171930043281488
0.8554759733679016	0.1445240266320983
0.14953844871017427	0.8504615512898251
0.9263009522703665	0.0736990477296335
0.6498396676244462	0.3501603323755536
0.6439473155474686	0.35605268445253047
0.9834827309696742	0.01651726903032615
0.9642199830041122	0.03578001699588739
0.9763372318915431	0.023662768108456637
0.6561556456186863	0.3438443543813132
0.10987697053222555	0.8901230294677744
0.24883119802591225	0.7511688019740871
0.8765459982427208	0.12345400175727894
0.7968962534242826	0.20310374657571717
0.8312620456510357	0.1687379543489634
0.9344834580517953	0.0655165419482046
0.7401798983116155	0.2598201016883839
0.24144445135613576	0.7585555486438642
0.2723992761829044	0.7276007238170955
0.49201492193162716	0.5079850780683727
0.7033450338410099	0.2966549661589894
0.14998086225354224	0.8500191377464575
0.8404642686262774	0.15953573137372204
0.2898886223826623	0.7101113776173362
0.8476870604812907	0.15231293951870892
0.09595458096728667	0.9040454190327135
0.7797385113707501	0.22026148862924913
0.6182356626919222	0.38176433730807774
0.6506701138838583	0.3493298861161415
0.8726065150826108	0.12739348491738886
0.642462730463891	0.3575372695361087
0.7471130849820615	0.2528869150179379
0.7783054802181018	0.2216945197818977
0.4829040452254103	0.5170959547745896
0.08789120416852558	0.912108795831474
0.8694596176134666	0.13054038238653268
0.9203268751987456	0.07967312480125466
0.9205571791089102	0.07944282089108977
0.554576672561379	0.44542332743862106
0.8967655399489477	0.10323446005105211
0.8084627441727678	0.19153725582723155
0.8186670913839109	0.18133290861608875
0.8865100446727905	0.11348995532720928
0.8017765631427112	0.19822343685728822
0.3965538478351056	0.6034461521648942
0.4489348965667087	0.5510651034332911
0.1975927441084763	0.8024072558915235
0.8739288113781831	0.12607118862181638
0.7594325153158812	0.24056748468411826
0.8377615486021369	0.1622384513978627
0.45790451075720534	0.5420954892427946
0.8283741465938838	0.17162585340611541
0.5193430924799256	0.48065690752007306
0.9561113342038325	0.04388866579616759
0.725318832736467	0.2746811672635323
0.9413281062167067	0.05867189378329351
0.7858189686222683	0.2141810313777315
0.8658230866822108	0.13417691331778883
0.4478370037741235	0.5521629962258756
0.8873061356614811	0.11269386433851886
0.9000258519325941	0.09997414806740601
0.7637227442503783	0.23627725574962116
0.2356586615648545	0.7643413384351456
0.9158402539652957	0.08415974603470402
0.46651971961139516	0.5334802803886045
0.46541341338923653	0.5345865866107633
0.3883017916913671	0.6116982083086329
0.8715360370429563	0.1284639629570433
0.3109008465331553	0.6890991534668441
0.32626199323393434	0.6737380067660657
0.8612414989790801	0.13875850102091905
0.7678748176130452	0.23212518238695423
0.6773716077393075	0.3226283922606916
0.5137246004619448	0.48627539953805515
0.591764446215483	0.4082355537845167
0.17328229230911224	0.8267177076908875
0.9757564555663439	0.024243544433656106
0.48458266153881924	0.5154173384611801
0.206107341173611	0.7938926588263888
0.8560331258140367	0.14396687418596327
0.2587364696998848	0.741263530300115
0.48493736953435634	0.5150626304656433
0.9853728610966951	0.014627138903304839
0.24606113845801214	0.7539388615419874
0.21019888374844375	0.7898011162515561
0.9891563058154554	0.010843694184544847
0.5798395256420197	0.4201604743579801
0.46420090433347183	0.535799095666527
0.24499721255787862	0.7550027874421203
0.5342033989626447	0.4657966010373539
0.4402314383443453	0.5597685616556545
0.8628063833647874	0.13719361663521223
0.8705135974806015	0.12948640251939833
0.6999668191592316	0.30003318084076835
0.8046102036626007	0.19538979633739892
0.0012850337001019884	0.9987149662998982
0.8656147238234014	0.13438527617659812
0.1961387157166196	0.8038612842833804
0.7604049438972994	0.23959505610270035
0.8017121496564634	0.1982878503435356
0.7505048102191273	0.24949518978087223
0.284746727427252	0.7152532725727471
0.885954586316858	0.11404541368314168
0.8791202699696973	0.12087973003030303
0.3898735067675299	0.6101264932324701
0.7837865413756895	0.21621345862430968
0.5487427233297631	0.4512572766702369
0.3054026352010027	0.6945973647989971
0.6214915697112705	0.3785084302887294
0.11295283813219402	0.8870471618678056
0.5879197410271282	0.41208025897287115
0.281165865221221	0.718834134778778
0.530891574330121	0.469108425669879
0.9050879945753294	0.09491200542467078
0.8981232565170667	0.10187674348293305
0.4558994973763476	0.5441005026236517
0.5978626315643567	0.4021373684356431
0.9287783198625712	0.07122168013742876
0.5069269201410325	0.4930730798589675
0.800685267832626	0.19931473216737408
0.46112034612916963	0.5388796538708305
0.2811818783750325	0.7188181216249676
0.4748802496028029	0.5251197503971969
0.634695651785875	0.365304348214125
0.7115807089873729	0.28841929101262626
0.2961583191643958	0.7038416808356039
0.2608282257449184	0.7391717742550803
0.6635582932644813	0.3364417067355185
0.23769717141090585	0.7623028285890934
0.811681826939919	0.1883181730600811
0.6266254151509616	0.3733745848490384
0.11190047421162663	0.8880995257883729
0.8462447166217422	0.1537552833782573
0.9097846906284546	0.09021530937154516
0.9870742063016229	0.012925793698377137
0.6811678660713377	0.31883213392866133
0.6981592491232059	0.3018407508767935
0.8597493730924917	0.14025062690750772
0.6473309788047659	0.35266902119523347
0.9067865139133366	0.09321348608666317
0.4112834288495781	0.5887165711504215
0.6682804501009995	0.33171954989900015
0.8401680002129273	0.15983199978707266
0.8225544767542123	0.177445523245787
0.7043349920185693	0.2956650079814298
0.8316601857931193	0.16833981420687993
0.33861741152112207	0.661382588478877
0.42400820913694703	0.5759917908630531
0.9897134951358535	0.010286504864146595
0.8348939063507703	0.16510609364922954
0.8346912898775523	0.16530871012244738
0.8460064757804614	0.15399352421953855
0.9833016061937314	0.0166983938062682
0.3285856640133334	0.6714143359866656
0.989891827823493	0.010108172176506922
0.9914479108688659	0.008552089131134132
0.9162586227369229	0.08374137726307694
0.9116151138788614	0.0883848861211385
0.14983471218463604	0.8501652878153638
0.11930385317283994	0.8806961468271598
0.9051857329725104	0.09481426702748957
0.8543643616969622	0.14563563830303733
0.6435117621948006	0.356488237805199
0.2828429972577128	0.7171570027422871
0.8061038422443981	0.19389615775560123
0.8856444170251839	0.11435558297481606
0.7947993341182014	0.2052006658817982
0.0029787429346656603	0.9970212570653342
0.9742921877739436	0.025707812226056767
0.8989766050758798	0.10102339492412003
0.7805764651756039	0.21942353482439536
0.5993254936246717	0.40067450637532787
0.20098291383201605	0.7990170861679825
0.8248265501602192	0.17517344983978028
0.8205629715607379	0.17943702843926132
0.8096227137882593	0.19037728621174005
0.6737053023686884	0.32629469763131036
0.4025802683700632	0.5974197316299368
0.7292468806432203	0.2707531193567793
0.8676540616319395	0.13234593836805997
0.70255420598363	0.2974457940163693
0.9190641897400502	0.08093581025994989
0.7318932991462475	0.26810670085375204
0.8971414051683699	0.10285859483163026
0.43803387745302397	0.5619661225469751
0.7894345037819036	0.21056549621809542
0.4135131785326418	0.5864868214673575
0.4266206945174188	0.5733793054825812
0.7967619249360299	0.20323807506396943
0.3526003068071584	0.6473996931928415
0.44316404803448833	0.5568359519655115
0.3122313148429505	0.687768685157049
0.976603150050413	0.02339684994958705
0.7837865413756895	0.21621345862430968
0.26588400789254835	0.7341159921074503
0.7914750928654045	0.2085249071345955
0.6204139415717765	0.37958605842822324
0.6557690208318059	0.3442309791681938
0.810166114084462	0.18983388591553807
0.38524570738921377	0.6147542926107856
0.8941867281798523	0.10581327182014767
0.9128679242049897	0.08713207579501014
0.9897134951358535	0.010286504864146595
0.8681411599800064	0.13185884001999315
0.8503157559113107	0.14968424408868874
0.24462125020788933	0.7553787497921101
0.7464108738280685	0.25358912617193147
0.8722078341343491	0.12779216586565048
0.6080733835996524	0.39192661640034715
0.7938633668305622	0.20613663316943753
0.624115194601715	0.37588480539828517
0.6738613381746726	0.3261386618253272
0.8482420308817545	0.15175796911824505
0.2885220448016956	0.7114779551983039
0.5609120425350786	0.43908795746492074
0.5938839236737646	0.406116076326235
0.30776825886193376	0.6922317411380654
0.929193168920623	0.07080683107937698
0.10464251812988387	0.8953574818701162
0.5366696355672602	0.4633303644327394
0.8363522739617558	0.1636477260382437
0.7285564995938201	0.2714435004061795
0.13502658057545086	0.8649734194245492
0.7140687078353881	0.2859312921646112
0.24592992845607473	0.7540700715439251
0.9685572141243644	0.03144278587563564
0.11926198301559404	0.8807380169844058
0.4097947493258566	0.5902052506741434
0.8133643384922538	0.18663566150774574
0.07862386519689248	0.9213761348031074
0.6732463528785751	0.3267536471214248
0.6606065715474183	0.33939342845258147
0.5136033591913147	0.48639664080868494
0.6018277759390519	0.3981722240609482
0.9367542392203714	0.06324576077962826
0.8180705395779267	0.1819294604220729
0.8654315448386396	0.13456845516135987
0.8437846041018617	0.15621539589813835
0.9118902326566356	0.08810976734336434
0.8732352259376794	0.12676477406232048
0.8248162452495582	0.17518375475044126
0.9758439270909054	0.024156072909094713
0.7711669996127034	0.2288330003872956
0.8974029554630911	0.10259704453690914
0.8075971438608853	0.19240285613911387
0.9705944321370754	0.029405567862924666
0.8541154509744618	0.14588454902553816
0.6763715434035075	0.32362845659649203
0.2615700580724404	0.7384299419275591
0.8167341159276958	0.1832658840723038
0.9097818425148855	0.0902181574851144
0.8842369043808469	0.11576309561915268
0.8395814334636045	0.16041856653639502
0.2652125671748618	0.7347874328251376
0.8586042991262322	0.14139570087376754
0.304845585529544	0.695154414470455
0.8776873603497815	0.12231263965021764
0.7064441144224394	0.29355588557755957
0.9654229914441624	0.03457700855583777
0.9271149305139449	0.07288506948605511
0.15127718282886154	0.8487228171711376
0.19503033103066142	0.804969668969338
0.08073127766006831	0.9192687223399312
0.6562402140593255	0.34375978594067413
0.17146193677389757	0.8285380632261026
0.7913244334624672	0.2086755665375325
0.5427855102793265	0.4572144897206735
0.7016533253785096	0.29834667462148956
0.871556812786925	0.12844318721307496
0.44204934856883377	0.5579506514311661
0.053031930413045776	0.9469680695869542
0.7649365014713411	0.23506349852865785
0.42080966554759586	0.5791903344524032
0.24533744322292564	0.7546625567770731
0.8984474277928776	0.10155257220712217
0.46813973273312426	0.5318602672668752
0.48839732579706885	0.5116026742029299
0.8978146192948268	0.10218538070517318
0.4105771984443185	0.5894228015556808
0.6595324230124165	0.3404675769875831
0.24142688066260162	0.7585731193373981
0.25117308952154216	0.7488269104784578
0.8120071884666313	0.1879928115333681
0.5055448752239944	0.49445512477600545
0.09586602218526181	0.9041339778147381
0.7326637352025311	0.26733626479746864
0.7625916196920354	0.23740838030796396
0.45790871732368765	0.5420912826763119
0.09583045167760025	0.9041695483223997
0.8246965587040378	0.17530344129596148
0.7677862111071424	0.2322137888928572
0.8693632344674973	0.13063676553250206
0.7918701730140256	0.2081298269859735
0.693371666722602	0.306628333277398
0.279055874557436	0.720944125442563
0.18285036523803352	0.8171496347619666
0.7719865425004449	0.22801345749955515
0.6838699832722073	0.31613001672779206
0.7932364604186521	0.20676353958134744
0.39718447361900966	0.6028155263809901
0.9237131413651488	0.07628685863485107
0.6765119752501978	0.3234880247498017
0.6290819766556741	0.37091802334432555
0.9561471357176756	0.04385286428232418
0.26134048411291594	0.738659515887084
0.8727828737813055	0.12721712621869463
0.8826841735981498	0.11731582640185001
0.34758523561159893	0.6524147643884005
0.8056315383999494	0.19436846160005036
0.14499364445937016	0.8550063555406294
0.8452905489882496	0.15470945101174974
0.8494780141497037	0.15052198585029627
0.8644516714712388	0.13554832852876106
0.8811570985221967	0.11884290147780303
0.6484647372512147	0.3515352627487848
0.8799696992071679	0.12003030079283175
0.8815661025945761	0.118433897405424
0.8537519548991881	0.14624804510081169
0.3230975256124602	0.6769024743875386
0.3829131085840578	0.6170868914159423
0.46026644959690566	0.5397335504030941
0.8144560899450081	0.1855439100549911
0.6621827465285736	0.337817253471426
0.42527853229633217	0.5747214677036676
0.7662141275951762	0.23378587240482354
0.29785919706769304	0.7021408029323069
0.8153715740055226	0.1846284259944769
0.6010355655699787	0.39896443443002094
0.8992057070137166	0.10079429298628347
0.5647837210378903	0.43521627896210946
0.7862697962998872	0.21373020370011186
0.3520022735335192	0.6479977264664805
0.44388574752066745	0.5561142524793324
0.9823336344624267	0.017666365537573583
0.8537994369399867	0.1462005630600129
0.7631081161133991	0.23689188388659985
0.9164392738542575	0.08356072614574239
0.6273799824688896	0.37262001753111035
0.7007545447784507	0.2992454552215492
0.4847796202504259	0.5152203797495732
0.4220278198086623	0.5779721801913368
0.6957183916273961	0.30428160837260376
0.5242792737010223	0.47572072629897677
0.25706489192459203	0.7429351080754079
0.13325446418728262	0.8667455358127172
0.8732063713843068	0.12679362861569304
0.9059182717359394	0.09408172826406039
0.7914871009023028	0.2085128990976964
0.8107483953283245	0.18925160467167476
0.35364508489821517	0.6463549151017846
0.6907377937035588	0.30926220629644036
0.48237040792807784	0.5176295920719217
0.8846911908688729	0.11530880913112673
0.39817891278524853	0.6018210872147514
0.8828222617420332	0.11717773825796662
0.3438092630260243	0.6561907369739758
0.3923489113348822	0.6076510886651179
0.9101809281119574	0.08981907188804267
0.757106758564442	0.24289324143555682
0.4349993290219151	0.5650006709780847
0.8594654299538369	0.1405345700461631
0.15548057245734437	0.8445194275426556
0.8448958656188342	0.15510413438116544
0.9222936228505341	0.07770637714946599
0.6236963232843056	0.37630367671569426
0.09879702921815216	0.9012029707818479
0.8459655089135597	0.15403449108643946
0.308560747993608	0.6914392520063909
0.9779195361832255	0.022080463816774653
0.9808061352615463	0.01919386473845376
0.8126928951861143	0.18730710481388468
0.7277435036831502	0.27225649631684934
0.12647770475567	0.87352229524433
0.3703993220384502	0.6296006779615497
0.40539380054788515	0.5946061994521146
0.2896409281193465	0.7103590718806534
0.24710893814857607	0.7528910618514234
0.7694457010371976	0.23055429896280152
0.8373989984832891	0.16260100151671034
0.8028537902651116	0.1971462097348879
0.7413216391827091	0.2586783608172907
0.823889308879323	0.1761106911206769
0.11752264725571474	0.8824773527442851
0.7096147300039588	0.29038526999604036
0.26642411359601137	0.7335758864039883
0.27984544922534726	0.7201545507746515
0.36365490717451654	0.6363450928254835
0.13486266219243961	0.8651373378075604
0.24517289666983708	0.7548271033301619
0.448564052971014	0.5514359470289861
0.6264913082722869	0.37350869172771295
0.9847199631851314	0.015280036814868551
0.4948621985568869	0.5051378014431132
0.6634738652390709	0.3365261347609282
0.9342435969474352	0.0657564030525648
0.9759865696848321	0.024013430315167738
0.9723072148953247	0.02769278510467524
0.8083219669936352	0.19167803300636407
0.7313219754127709	0.2686780245872284
0.6121754783614839	0.3878245216385161
0.27787637806872134	0.7221236219312784
0.4585187213682503	0.5414812786317497
0.8756693612407541	0.12433063875924567
0.7866393894250919	0.21336061057490713
0.8805836374133077	0.11941636258669211
0.3448290852781208	0.6551709147218792
0.9655747072649906	0.03442529273500937
0.8665224886297784	0.13347751137022146
0.839456332428512	0.16054366757148728
0.20327712162259598	0.7967228783774034
0.25050958335661017	0.7494904166433898
0.9011899556809994	0.0988100443190005
0.17314137604783042	0.8268586239521697
0.8803497352223252	0.11965026477767421
0.8794300186228727	0.12056998137712699
0.32453391693119604	0.675466083068804
0.24739489223607694	0.7526051077639225
0.9472529600260386	0.05274703997396149
0.1383897394824916	0.8616102605175083
0.9869217766081667	0.013078223391833354
0.06329116483819545	0.9367088351618045
0.896264833951186	0.10373516604881385
0.8565891391033797	0.14341086089662042
0.8046286444569991	0.1953713555430009
0.852558722568684	0.14744127743131608
0.8342383253077912	0.16576167469220834
0.7923246858673707	0.2076753141326289
0.6788814893354882	0.321118510664511
0.8966805255068023	0.10331947449319752
0.9279356726468961	0.0720643273531038
0.9758439270909054	0.024156072909094713
0.9618856932884294	0.03811430671157043
0.2285116287829679	0.7714883712170306
0.815985712850813	0.18401428714918633
0.3180879391675015	0.6819120608324971
0.8071064807989802	0.19289351920101938
0.7327965877806303	0.2672034122193687
0.2014444305183735	0.7985555694816265
0.2711771292908212	0.728822870709179
0.014213179618221428	0.9857868203817789
0.9792384424033861	0.020761557596613557
0.8142944168292142	0.18570558317078512
0.783569398999187	0.21643060100081268
0.9597296885977161	0.04027031140228379
0.18112758204578155	0.8188724179542186
0.8909134427749104	0.10908655722509
0.5659293567513936	0.4340706432486052
0.03817072508479905	0.9618292749152012
0.828427346198157	0.17157265380184267
0.5740049853504835	0.4259950146495158
0.48232000853899204	0.517679991461008
0.6460739431835976	0.3539260568164021
0.28414316810919144	0.7158568318908074
0.6495920125280952	0.35040798747190416
0.51756631516487	0.48243368483512994
0.19077084136302339	0.8092291586369761
0.23237271691105943	0.7676272830889406
0.4017291849420574	0.5982708150579428
0.23380415773199506	0.766195842268005
0.7179661899520433	0.2820338100479559
0.8714165689365939	0.1285834310634062
0.18572550083823353	0.8142744991617665
0.24619854987445622	0.7538014501255429
0.8177867566791706	0.1822132433208285
0.12069951591345837	0.8793004840865417
0.02143968647130501	0.9785603135286952
0.8622082260691767	0.13779177393082334
0.24139115066530348	0.7586088493346965
0.42222483335184696	0.5777751666481525
0.9908998503545522	0.009100149645447917
0.8699919751385319	0.13000802486146742
0.6426671774162052	0.35733282258379473
0.9856041480628526	0.014395851937147357
0.15001667725200396	0.8499833227479963
0.8476595535750288	0.15234044642497124
0.8275929132915367	0.17240708670846236
0.1690634753505735	0.8309365246494265
0.8484732787385725	0.15152672126142758
0.7949151041835135	0.2050848958164855
0.6416315606438707	0.35836843935612905
0.4037639817376424	0.5962360182623574
0.2955980500898895	0.7044019499101094
0.8838542607963578	0.11614573920364205
0.8985605277987092	0.10143947220129036
0.8725919782908097	0.12740802170919002
0.8145947095361562	0.1854052904638435
0.8196872903959408	0.1803127096040592
0.7484495005427456	0.25155049945725355
0.7315717519966544	0.2684282480033453
0.7558949925266297	0.24410500747337005
0.20791433973516543	0.7920856602648335
0.30938026047457684	0.6906197395254232
0.5290470694198518	0.4709529305801478
0.809119515255596	0.1908804847444031
0.6743141348314449	0.32568586516855436
0.189981744771591	0.8100182552284083
0.879216993815928	0.12078300618407103
0.7474531193049302	0.2525468806950688
0.8414775451306085	0.1585224548693911
0.6084037080477936	0.3915962919522057
0.5543940954715822	0.44560590452841714
0.49527135300626923	0.50472864699373
0.9289240724269735	0.07107592757302646
0.5837365852306605	0.4162634147693391
0.9194641028039723	0.0805358971960277
0.8618777645710327	0.1381222354289675
0.41991785236593787	0.5800821476340621
0.2579473401715344	0.7420526598284646
0.5212327854133629	0.47876721458663707
0.8669553939881041	0.1330446060118956
0.9238331831745338	0.0761668168254663
0.10764914952247086	0.8923508504775293
0.8556555658030806	0.14434443419691928
0.9693778212250312	0.030622178774968752
0.9811434983337027	0.018856501666297393
0.5128951969215507	0.48710480307844883
0.7321965189085917	0.2678034810914079
0.6076225681955298	0.3923774318044701
0.8173338021033377	0.18266619789666155
0.8495461026176523	0.15045389738234666
0.6370874484909728	0.36291255150902707
0.12692383396037696	0.873076166039623
0.5045168463787431	0.4954831536212568
0.8415144498689071	0.15848555013109206
0.5371801072244451	0.46281989277555496
0.42958400934193075	0.5704159906580692
0.024347222984160078	0.97565277701584
0.24910591489728234	0.750894085102717
0.1246763281318495	0.8753236718681499
0.6992732875769647	0.30072671242303495
0.9815378675872586	0.018462132412741406
0.8712306276320954	0.12876937236790412
0.8434902113991493	0.15650978860084985
0.4879115573071077	0.5120884426928917
0.29284239638029436	0.7071576036197054
0.8092192573731232	0.1907807426268764
0.5347925929632485	0.4652074070367506
0.6895602308810705	0.3104397691189285
0.7162432179207445	0.2837567820792555
0.9803069783010305	0.019693021698969734
0.7334193164132217	0.26658068358677783
0.880285914386514	0.1197140856134858
0.9798501062600358	0.020149893739964696
0.5079649025504029	0.4920350974495961
0.8320666520352219	0.16793334796477716
0.8157863346256193	0.18421366537438025
0.45691000771179163	0.5430899922882081
0.9703379026699244	0.02966209733007547
0.8872984826908302	0.11270151730916968
0.8613524760371847	0.13864752396281463
0.9831440943506639	0.016855905649336353
0.6586581916702116	0.3413418083297878
0.6227632771209851	0.377236722879014
0.8339907777334845	0.16600922226651563
0.253317720431462	0.7466822795685369
0.10016365880547737	0.8998363411945225
0.6034940052680479	0.39650599473195186
0.24770005252841887	0.7522999474715805
0.21359947241958888	0.7864005275804105
0.3967949586183648	0.6032050413816351
0.7641046779743025	0.2358953220256968
0.3184120331679464	0.6815879668320531
0.5617819593486404	0.4382180406513593
0.5661559631989265	0.43384403680107275
0.9873854655076792	0.01261453449232109
0.975416798744076	0.02458320125592424
0.410595232761791	0.5894047672382083
0.221589543524336	0.7784104564756639
0.9826547410509281	0.017345258949071747
0.9838666841124324	0.016133315887567716
0.9198946533265603	0.08010534667343965
0.6615656023596932	0.33843439764030636
0.2734988672699678	0.726501132730032
0.36290409122219175	0.6370959087778073
0.8718144233068056	0.12818557669319375
0.2613048712250983	0.7386951287749006
0.9234853439547039	0.07651465604529592
0.5527930316890509	0.4472069683109487
0.8011173116078222	0.19888268839217801
0.9788683615590443	0.021131638440955832
0.5146969641861618	0.4853030358138373
0.6395183375520734	0.36048166244792595
0.7198855616216724	0.2801144383783269
0.8122626718821848	0.18773732811781532
0.3081669401535658	0.691833059846434
0.19681695316124426	0.8031830468387559
0.36061303548986395	0.6393869645101359
0.2736010716008351	0.7263989283991641
0.2782203908659079	0.7217796091340921
0.3535613739159865	0.6464386260840133
0.08798796200234626	0.9120120379976534
0.7094358230587312	0.2905641769412681
0.8124476097153486	0.1875523902846506
0.16299109248080487	0.837008907519195
0.9901904366976055	0.009809563302394585
0.5668816392270214	0.4331183607729783
0.3389519984454817	0.6610480015545176
0.8215835665682195	0.17841643343178007
0.571906328446218	0.4280936715537819
0.5280700242725146	0.4719299757274848
0.8636252863464152	0.1363747136535847
0.9602073423190083	0.03979265768099159
0.9304825044317897	0.06951749556821042
0.8179384339075878	0.18206156609241167
0.30961395844813316	0.6903860415518659
0.394482485204097	0.605517514795903
0.907922479656154	0.09207752034384603
0.7527744422740171	0.2472255577259825
0.9120483627294377	0.08795163727056217
0.8095455743950768	0.19045442560492298
0.9242237149791593	0.07577628502084069
0.21433428850956684	0.785665711490433
0.9107115723914138	0.08928842760858627
0.9786787912914433	0.021321208708556874
0.849176686719521	0.15082331328047854
0.271345682968971	0.728654317031028
0.6233220302415917	0.37667796975840817
0.9246405331419061	0.07535946685809355
0.709410981491464	0.2905890185085356
0.9012433238426315	0.09875667615736856
0.755192828643265	0.24480717135673466
0.5703216478802758	0.42967835211972427
0.7183591654902789	0.2816408345097204
0.5419674850757468	0.4580325149242529
0.7988298751324409	0.2011701248675585
0.8820063463657177	0.11799365363428206
0.3313082414898921	0.6686917585101075
0.060671035503965395	0.9393289644960346
0.7243753540784371	0.27562464592156255
0.8654643648404168	0.13453563515958306
0.4357322512902277	0.5642677487097723
0.9876153932572297	0.01238460674277036
0.9864784140665656	0.01352158593343443
0.9208729118629218	0.07912708813707817
0.8623757268136072	0.13762427318639225
0.3093391640728903	0.6906608359271094
0.7372975958543858	0.2627024041456142
0.7267575688544363	0.2732424311455629
0.8360461462391383	0.1639538537608611
0.8511385804615421	0.14886141953845788
0.7569034589878343	0.2430965410121645
0.5466929996906561	0.45330700030934296
0.9828532270344956	0.017146772965504372
0.20587391710129171	0.794126082898708
0.7426600729621451	0.25733992703785424
0.9085008152492305	0.09149918475076962
0.2792286460353363	0.7207713539646633
0.27495440192107745	0.7250455980789212
0.7407463776334362	0.2592536223665632
0.55502386868996	0.4449761313100398
0.20912740622268786	0.7908725937773109
0.47696796001320335	0.5230320399867966
0.9009291618001397	0.09907083819986
0.9784555902446703	0.021544409755329584
0.3141363275133646	0.685863672486635
0.5541918634091977	0.4458081365908022
0.839634758354687	0.16036524164531282
0.4979106548982709	0.5020893451017279
0.34335918424349293	0.6566408157565067
0.8291340113612169	0.17086598863878324
0.354217045371666	0.6457829546283336
0.14097732687804954	0.8590226731219508
0.7218627275626456	0.27813727243735387
0.21488395559204626	0.7851160444079536
0.8528003298286196	0.14719967017137997
0.7870505571200326	0.21294944287996692
0.6041205561490302	0.39587944385096985
0.5616053884969466	0.4383946115030528
0.9006535719153734	0.09934642808462636
0.8779282516009972	0.12207174839900257
0.06117359269992388	0.9388264073000759
0.984555237747837	0.015444762252162982
0.9828248436338062	0.017175156366193517
0.81081473979451	0.18918526020548967
0.2723302179460199	0.7276697820539798
0.450161770918232	0.5498382290817676
0.2925178550232765	0.7074821449767241
0.4950400679132336	0.5049599320867662
0.7686622217277924	0.23133777827220695
0.21165994788150574	0.7883400521184938
0.3342149336008693	0.6657850663991296
0.22189481503010608	0.7781051849698939
0.16742945736489415	0.832570542635106
0.8647447608906618	0.1352552391093376
0.9089812818660381	0.091018718133962
0.6861923337851928	0.31380766621480677
0.3653192638719878	0.634680736128012
0.4124038575255625	0.5875961424744369
0.7449844728889197	0.25501552711107955
0.654071983679626	0.34592801632037373
0.8375325531217419	0.16246744687825768
0.5513366949826385	0.4486633050173615
0.7864258474383888	0.21357415256161097
0.6671582028526113	0.33284179714738843
0.9737266079998136	0.026273392000186687
0.955135710863212	0.04486428913678802
0.8055861151416623	0.19441388485833738
0.6047361572553441	0.395263842744656
0.6737339317343876	0.32626606826561166
0.5198386756383246	0.4801613243616745
0.7202090746868949	0.2797909253131054
0.7879060035472384	0.21209399645276114
0.3088958137499985	0.691104186250001
0.10487050526648162	0.8951294947335182
0.9902978718820191	0.009702128117981018
0.40422480081876544	0.5957751991812346
0.6129423358185226	0.38705766418147747
0.42204428487816964	0.5779557151218302
0.782493865243712	0.21750613475628797
0.06105704031089737	0.9389429596891026
0.8885965591486689	0.11140344085133097
0.9861398666811203	0.013860133318879905
0.9261695521155682	0.07383044788443201
0.9186312597261126	0.08136874027388732
0.4491370521839859	0.5508629478160141
0.9892071792498975	0.010792820750102223
0.05122153770445692	0.9487784622955431
0.11090914670765965	0.8890908532923405
0.8723279850671436	0.1276720149328559
0.45451597969771274	0.5454840203022863
0.853299120275388	0.14670087972461127
0.40387337482558805	0.5961266251744118
0.8029008187905444	0.19709918120945516
0.413790006423538	0.5862099935764619
0.280561558560269	0.7194384414397303
0.32287153540400637	0.6771284645959926
0.7988446710163407	0.20115532898365887
0.4971957655289701	0.5028042344710295
0.9282014891165037	0.07179851088349631
0.5578861247319195	0.44211387526808066
0.8713954380484589	0.12860456195154046
0.9196263696276492	0.08037363037235053
0.22885621824135743	0.7711437817586418
0.8709364017055075	0.12906359829449246
0.210170155389245	0.7898298446107543
0.13120000927925138	0.8687999907207485
0.48149995745697216	0.518500042543028
0.3237178594869006	0.676282140513099
0.9807991648345064	0.019200835165493545
0.8548318874903196	0.14516811250968006
0.9804469612637041	0.019553038736295977
0.26204170472257515	0.737958295277425
0.21794853162635575	0.7820514683736444
0.19694445262418692	0.8030555473758132
0.3687739103217288	0.6312260896782707
0.6901634337691938	0.3098365662308059
0.8753499099870701	0.12465009001292973
0.6717481957223407	0.3282518042776583
0.8146814332358727	0.18531856676412709
0.9917339752782385	0.008266024721761524
0.9850866329145676	0.01491336708543242
0.8926775714850079	0.10732242851499203
0.6262665360562029	0.37373346394379636
0.3730184262796864	0.6269815737203127
0.31817608515644336	0.6818239148435566
0.7261921778681849	0.27380782213181454
0.8861017530583569	0.11389824694164288
0.6485122783476233	0.3514877216523763
0.8792864993591845	0.12071350064081489
0.8508923089613366	0.1491076910386632
0.6144510088217146	0.38554899117828545
0.33004170350370776	0.6699582964962921
0.7657252177113226	0.23427478228867676
0.6507138798704156	0.349286120129584
0.12441431244691926	0.8755856875530809
0.22656118044974474	0.7734388195502546
0.26792431956146145	0.7320756804385387
0.30455098809344927	0.6954490119065505
0.7404559209038155	0.2595440790961835
0.9138563128723765	0.08614368712762356
0.877107049921937	0.12289295007806272
0.1603726724078134	0.8396273275921861
0.7450206706021529	0.2549793293978471
0.9849320578300097	0.015067942169990379
0.1037639363548533	0.8962360636451469
0.686849758933803	0.31315024106619715
0.5080085684678116	0.49199143153218783
0.8738493366524674	0.12615066334753222
0.9656391421098666	0.034360857890133684
0.2986484534040839	0.7013515465959159
0.34916368533371495	0.6508363146662849
0.29124700240351864	0.7087529975964812
0.8076753287020881	0.19232467129791103
0.3987313172600442	0.6012686827399558
0.4273012273938408	0.5726987726061593
0.9074151476899388	0.09258485231006108
0.3926495060165566	0.6073504939834431
0.8864825083864598	0.11351749161354005
0.5609972414454624	0.43900275855453735
0.9765855159009142	0.023414484099085944
0.8043797625474144	0.19562023745258497
0.32578134741846654	0.6742186525815329
0.20511287614898915	0.7948871238510111
0.979802212187305	0.020197787812695038
0.7818617515642444	0.21813824843575572
0.9835305262302876	0.016469473769712594
0.9864792840656434	0.013520715934356825
0.432991424876822	0.5670085751231778
0.913311320496042	0.08668867950395791
0.7617856041580553	0.23821439584194468
0.8179239433976414	0.1820760566023577
0.15399327344956532	0.8460067265504344
0.3819935568667757	0.6180064431332236
0.8584129394558834	0.14158706054411616
0.8182909186614177	0.18170908133858205
0.9335791750938712	0.06642082490612865
0.9883975817530604	0.011602418246939729
0.8265720672301085	0.17342793276989096
0.15323572355245105	0.8467642764475489
0.30482733116861327	0.6951726688313866
0.5008311405395078	0.49916885946049233
0.26110862594460704	0.7388913740553928
0.7487905435533687	0.25120945644663084
0.8300493342929558	0.1699506657070436
0.19742635993075835	0.8025736400692415
0.8936859368153408	0.10631406318465914
0.4481247469326859	0.5518752530673128
0.5401938256500182	0.4598061743499816
0.9282034185072525	0.0717965814927472
0.08851864506955383	0.9114813549304462
0.8095327358892986	0.19046726411070097
0.706403216396916	0.2935967836030839
0.9708595618130305	0.02914043818696957
0.7594873678567525	0.24051263214324664
0.8303433684760797	0.16965663152392005
0.6956586608174561	0.3043413391825439
0.8620187463316996	0.13798125366829972
0.31208642905869466	0.6879135709413053
0.6605005463436648	0.33949945365633494
0.6893704819222567	0.31062951807774325
0.9061678591647907	0.09383214083520935
0.7737696791667196	0.22623032083327993
0.7820999173870766	0.21790008261292296
0.11433777778620213	0.8856622222137978
0.5918659505746139	0.40813404942538567
0.4347254594272779	0.565274540572721
0.7457367689246337	0.2542632310753655
0.851479487436493	0.1485205125635064
0.19405850520367146	0.8059414947963285
0.6642997104249261	0.3357002895750737
0.25765796947134084	0.7423420305286581
0.9280884420937349	0.07191155790626508
0.2553747709543719	0.7446252290456279
0.3949094618430138	0.6050905381569861
0.41256066928272533	0.5874393307172738
0.8626346704020432	0.1373653295979568
0.9188289543622514	0.08117104563774859
0.13859444367709586	0.8614055563229038
0.8160602981066691	0.18393970189333017
0.8029168440112183	0.19708315598878104
0.9858629827496841	0.01413701725031584
0.6984513677320439	0.30154863226795603
0.3872314066655029	0.6127685933344974
0.722093464524083	0.27790653547591637
0.025730750512605715	0.9742692494873941
0.9033665295179714	0.09663347048202862
0.5065661031779736	0.49343389682202643
0.9864784140665656	0.01352158593343443
0.9716945731445428	0.028305426855456752
0.8502551347743293	0.14974486522567027
0.8610914280229349	0.1389085719770649
0.7165168611277831	0.28348313887221704
0.7383250934727457	0.2616749065272539
0.24321822518451686	0.7567817748154827
0.09745171065412483	0.902548289345875
0.59969642516837	0.4003035748316293
0.811734827915238	0.1882651720847614
0.8643257335618232	0.13567426643817648
0.7849559523171651	0.21504404768283478
0.7407936836138092	0.2592063163861908
0.5583458809019988	0.4416541190980006
0.7834322458797836	0.21656775412021648
0.48597992254324246	0.5140200774567565
0.38277471798949086	0.6172252820105091
0.8384439513201949	0.16155604867980436
0.7878557799612719	0.212144220038728
0.5319171019701944	0.4680828980298054
0.9070633244664666	0.09293667553353327
0.8912908631786678	0.1087091368213321
0.918504048383542	0.0814959516164577
0.04274510793185579	0.9572548920681443
0.31380900153487246	0.6861909984651275
0.6782411309821568	0.3217588690178428
0.518012141333055	0.48198785866694477
0.5746390937131534	0.4253609062868464
0.8913557759089383	0.10864422409106173
0.46768395942831026	0.5323160405716896
0.8459637847597214	0.154036215240278
0.8361294079165998	0.16387059208339905
0.9895255693255044	0.01047443067449573
0.7863600050674401	0.21363999493255892
0.7295779731304108	0.2704220268695891
0.45932490909228507	0.5406750909077144
0.2928655299904071	0.707134470009593
0.2902654160064651	0.7097345839935347
0.8273374514234478	0.17266254857655158
0.5184501657444606	0.48154983425553943
0.5625804177681659	0.4374195822318338
0.2500014355536431	0.7499985644463558
0.889888719978196	0.11011128002180377
0.8468066255936388	0.15319337440636083
0.2815427411904938	0.7184572588095064
0.6178617533031031	0.38213824669689667
0.9242444571099162	0.07575554289008378
0.7010690183611072	0.29893098163889226
0.2903035656236246	0.709696434376374
0.27959084910702475	0.7204091508929754
0.9757453668231694	0.024254633176831075
0.9835825444898586	0.016417455510141538
0.711977095146542	0.28802290485345744
0.7576823672697919	0.2423176327302083
0.8776036603997065	0.12239633960029277
0.8688709012280685	0.13112909877193135
0.6576164030075841	0.3423835969924155
0.9900008307746425	0.009999169225357617
0.8463005044428759	0.15369949555712392
0.49432574781034416	0.5056742521896548
0.5041200086415859	0.49587999135841365
0.33330492892666064	0.6666950710733386
0.742610027141086	0.25738997285891335
0.02357729429650869	0.9764227057034912
0.6617724779621065	0.33822752203789364
0.9273307651824506	0.07266923481754957
0.4526643121174541	0.5473356878825455
0.2926192526430759	0.7073807473569237
0.17791897478122404	0.8220810252187755
0.688601008722558	0.3113989912774419
0.48774377603257596	0.512256223967423
0.9816174775280523	0.01838252247194783
0.8104530470687819	0.18954695293121798
0.25915865987393866	0.7408413401260614
0.9266867112622892	0.07331328873771067
0.06599600265886625	0.9340039973411338
0.40551095509578217	0.594489044904218
0.5420582297737863	0.45794177022621363
0.5850446434038676	0.4149553565961319
0.7859161996957128	0.2140838003042871
0.8615100932995516	0.138489906700448
0.9850499871625812	0.014950012837418808
0.6218320599587823	0.3781679400412174
0.7916592715712417	0.2083407284287581
0.40202430294764746	0.5979756970523525
0.31906907047346	0.6809309295265399
0.9802413766202592	0.019758623379740718
0.27831061983673855	0.7216893801632617
0.6889717290503202	0.31102827094968
0.9126368287621561	0.08736317123784407
0.7735051065135045	0.22649489348649499
0.8926677862555965	0.1073322137444033
0.7443232146095495	0.25567678539045025
0.8141941378095252	0.18580586219047368
0.4032396249505452	0.5967603750494548
0.5240959190829642	0.4759040809170358
0.7911615566677166	0.2088384433322826
0.8596575689006285	0.1403424310993713
0.2410071595007661	0.758992840499234
0.7488058742919105	0.25119412570808947
0.81542603550654	0.18457396449345972
0.47277332688286205	0.5272266731171377
0.6896849733599696	0.3103150266400297
0.7175491561752011	0.28245084382479835
0.741998756502133	0.25800124349786663
0.8139033755820004	0.1860966244179996
0.8735436340101634	0.12645636598983645
0.8419655032340063	0.15803449676599393
0.28772125922892333	0.7122787407710769
0.8877357714851845	0.11226422851481552
0.7917693741455255	0.20823062585447438
0.9400980693520485	0.05990193064795138
0.8471501048196762	0.15284989518032333
0.8708429646940756	0.12915703530592418
0.049298824424844005	0.9507011755751562
0.8474402708664455	0.15255972913355423
0.1807284025045524	0.8192715974954471
0.47496121954282766	0.525038780457172
0.9767045595311218	0.023295440468878055
0.08512563701259877	0.9148743629874012
0.1821147447663892	0.817885255233611
0.593001358334626	0.40699864166537403
0.2710643478308901	0.72893565216911
0.04340611989567063	0.9565938801043298
0.7006223980152879	0.29937760198471197
0.6961714595640187	0.3038285404359812
0.7200701730321823	0.27992982696781743
0.32387896198593097	0.6761210380140683
0.7844881358954187	0.21551186410458117
0.6255930151899958	0.3744069848100036
0.7068037022461233	0.29319629775387596
0.7251665335698297	0.2748334664301693
0.3448018722091603	0.6551981277908397
0.5689607721742324	0.43103922782576776
0.6768786874938513	0.32312131250614795
0.5900878892850274	0.40991211071497224
0.698867044871132	0.301132955128867
0.930190814404081	0.06980918559591899
0.8650969863883364	0.13490301361166349
0.9717471448340456	0.028252855165954438
0.22906490461813583	0.7709350953818636
0.23278981775284205	0.7672101822471571
0.9810714882700742	0.018928511729925917
0.6752101734064968	0.3247898265935028
0.912792228893339	0.08720777110666102
0.8183994676751767	0.18160053232482284
0.9875120768618345	0.012487923138165697
0.9867857841403762	0.01321421585962403
0.3252198599863068	0.6747801400136929
0.8253572798935394	0.1746427201064607
0.8986277091187738	0.10137229088122597
0.23270003483050858	0.7672999651694908
0.6756297231798958	0.32437027682010416
0.8652055199207491	0.13479448007925085
0.5729261210608908	0.4270738789391092
0.4855088379295072	0.5144911620704924
0.8840668814826285	0.1159331185173713
0.5318409813528179	0.46815901864718135
0.8806843660862985	0.11931563391370144
0.614356602613359	0.3856433973866411
0.6367187763516753	0.36328122364832455
0.6867242170906961	0.31327578290930297
0.8632994976305323	0.13670050236946757
0.5843371530413041	0.4156628469586953
0.7888008609688165	0.21119913903118345
0.9319855450263895	0.06801445497361054
0.9822303325080235	0.01776966749197642
0.854446064084857	0.14555393591514304
0.3814490449182481	0.6185509550817517
0.3328265611530095	0.6671734388469894
0.5652435879135231	0.4347564120864766
0.8682272682709612	0.13177273172903872
0.45331238887794706	0.546687611122053
0.6097692324223227	0.3902307675776771
0.4662418664143189	0.5337581335856799
0.6071466402970822	0.39285335970291746
0.04573946944522366	0.9542605305547762
0.10051598755883946	0.8994840124411602
0.8495915600698466	0.15040843993015293
0.8841716979786812	0.11582830202131845
0.7430542741936081	0.2569457258063908
0.9703942538282349	0.02960574617176481
0.9021781798051619	0.09782182019483798
0.5309130350647413	0.4690869649352583
0.8325004438757653	0.1674995561242338
0.7898247200306744	0.21017527996932522
0.8300603022777784	0.16993969772222095
0.9019004761538515	0.09809952384614885
0.8622389214855518	0.13776107851444777
0.8019424350873214	0.19805756491267812
0.4664521088403058	0.5335478911596941
0.11770695010548315	0.8822930498945166
0.6783380941797078	0.3216619058202911
0.28616139091878223	0.7138386090812167
0.1396243857381481	0.8603756142618518
0.25957028099536145	0.7404297190046373
0.005381471767430944	0.994618528232569
0.6653491624891218	0.3346508375108779
0.7138787145534815	0.2861212854465174
0.8135916023064741	0.1864083976935255
0.9104055629742739	0.08959443702572617
0.29725104903611	0.7027489509638889
0.5728977695032382	0.4271022304967618
0.4360611510128289	0.5639388489871708
0.6217314759724265	0.3782685240275729
0.44365564786467077	0.5563443521353293
0.3813752739509028	0.618624726049097
0.6663882784484341	0.33361172155156554
0.8390311477575741	0.16096885224242505
0.8243470906971565	0.17565290930284327
0.9736444779922304	0.026355522007769736
0.7907673083386392	0.20923269166136005
0.3001702484199016	0.6998297515800982
0.13710888432690496	0.8628911156730946
0.20282601762933933	0.7971739823706604
0.6689904605441748	0.3310095394558247
0.9837016643747779	0.01629833562522196
0.2342366159602207	0.7657633840397788
0.8003238795522223	0.19967612044777677
0.3105936102737356	0.6894063897262634
0.39775094220034235	0.6022490577996575
0.160848388331846	0.839151611668154
0.0787657739928012	0.9212342260071987
0.9867529556673073	0.01324704433269289
0.6549303031533585	0.3450696968466413
0.4992278110555615	0.5007721889444383
0.9921581279761691	0.007841872023831043
0.15955203441792637	0.8404479655820729
0.5697214022423411	0.4302785977576583
0.1591820532652465	0.8408179467347534
0.24375664821542195	0.756243351784577
0.4318883152846709	0.5681116847153288
0.9172707413362189	0.08272925866378103
0.26643765981650697	0.7335623401834919
0.3457964682877639	0.6542035317122361
0.5905360308412052	0.409463969158794
0.9767692194612096	0.023230780538790262
0.1415862867937561	0.8584137132062437
0.1422625290947952	0.8577374709052044
0.7203758382650934	0.2796241617349064
0.874683282880562	0.1253167171194377
0.28304844908758736	0.7169515509124118
0.7742149442689638	0.22578505573103613
0.35933036192124	0.6406696380787593
0.5951630482036775	0.4048369517963226
0.9822076798087022	0.017792320191297964
0.6479089665586676	0.3520910334413324
0.5351182455874919	0.4648817544125081
0.7984943667146963	0.2015056332853036
0.6550826656447135	0.3449173343552857
0.7988517488065742	0.20114825119342605
0.9788639162768983	0.021136083723101686
0.8641362429128421	0.13586375708715792
0.704073545753083	0.2959264542469169
0.977858808854434	0.022141191145565703
0.8625031920317872	0.13749680796821231
0.8452364115086959	0.15476358849130356
0.8421848659883185	0.157815134011681
0.2625082942712129	0.737491705728787
0.8010913161866611	0.19890868381333815
0.970640376261929	0.02935962373807106
0.9678358125971432	0.03216418740285678
0.17072346126357765	0.8292765387364217
0.3703923136799696	0.6296076863200301
0.812209141559951	0.18779085844004828
0.25070613000063824	0.7492938699993611
0.8416031850287843	0.15839681497121522
0.9741635457617435	0.0258364542382568
0.9681414537032995	0.031858546296700666
0.17435042231983952	0.8256495776801599
0.34288619986935776	0.6571138001306421
0.22059597198992553	0.7794040280100741
0.6599037867984172	0.34009621320158184
0.28344681927228843	0.7165531807277113
0.6190567745505913	0.38094322544940873
0.743055216589219	0.2569447834107806
0.2087643733958624	0.7912356266041377
0.5207856125396362	0.479214387460364
0.872324715750548	0.12767528424945174
0.8057073052243734	0.19429269477562636
0.16110131436330405	0.8388986856366951
0.7113108131098197	0.2886891868901795
0.9608616919365096	0.03913830806349047
0.5916741470121315	0.40832585298786844
0.8526910833461391	0.14730891665386048
0.14009376144863345	0.8599062385513666
0.7209484464529514	0.2790515535470478
0.657522217346616	0.34247778265338397
0.7385830856909952	0.2614169143090042
0.8968298951724036	0.10317010482759624
0.9903755677880413	0.009624432211958639
0.9564276335078595	0.04357236649214041
0.13138246893637523	0.8686175310636246
0.9860786364886153	0.01392136351138465
0.7070005195483795	0.29299948045161966
0.918505157771256	0.08149484222874409
0.7894273326738304	0.21057266732616994
0.9278410487789333	0.07215895122106658
0.8009624269197262	0.19903757308027345
0.4175888068745982	0.5824111931254013
0.7245160906085892	0.2754839093914103
0.7894264694582386	0.2105735305417612
0.6226625899248781	0.3773374100751212
0.48805275001741455	0.5119472499825847
0.1875630649362808	0.8124369350637192
0.6751177080338862	0.32488229196611323
0.8352079793851359	0.16479202061486323
0.9781773087542905	0.02182269124570913
0.8771574088558733	0.12284259114412625
0.1550470654589018	0.8449529345410979
0.5403607672212665	0.45963923277873325
0.3198290614820053	0.6801709385179939
0.8818397711069673	0.11816022889303275
0.5469036706034169	0.45309632939658295
0.7378698797714144	0.2621301202285852
0.520118852681046	0.479881147318954
0.6736883094224783	0.3263116905775215
0.9478048262883284	0.052195173711671546
0.9159007624525611	0.08409923754743875
0.7060980506720915	0.29390194932790814
0.2199755356034759	0.7800244643965242
0.8072541394974947	0.1927458605025051
0.9789546592502342	0.021045340749765874
0.9825457822350276	0.01745421776497231
0.8173913802530014	0.1826086197469978
0.6417919577783762	0.3582080422216235
0.6672943103325705	0.3327056896674294
0.9598907394993412	0.04010926050065864
0.9721913699841649	0.02780863001583538
0.04827290867560903	0.9517270913243907
0.972601060700032	0.02739893929996798
0.26027000286299956	0.7397299971370004
0.9782379307141251	0.021762069285874958
0.813351780901001	0.18664821909899834
0.44092386925541194	0.5590761307445868
0.987204742185285	0.012795257814714902
0.9745953664887058	0.02540463351129431
0.2153248258051584	0.7846751741948411
0.5693472352116252	0.43065276478837483
0.8650214669484003	0.1349785330515996
0.891718413101528	0.10828158689847181
0.14062572700506298	0.8593742729949365
0.5942381043165168	0.40576189568348303
0.6189924593234238	0.381007540676576
0.7518875258549254	0.24811247414507442
0.9873854655076792	0.01261453449232109
0.14938688121628804	0.850613118783712
0.9792852109333051	0.020714789066694408
0.8898152015874566	0.11018479841254329
0.8263193764221729	0.17368062357782701
0.5857808104326122	0.4142191895673866
0.465753837814891	0.5342461621851092
0.7204816148708422	0.2795183851291571
0.8553342995518015	0.14466570044819782
0.8112929430118109	0.18870705698818835
0.7941520990453221	0.2058479009546776
0.16244944633975567	0.8375505536602442
0.664143778253129	0.3358562217468708
0.8945200857272861	0.10547991427271378
0.9059333356643772	0.09406666433562286
0.13042163942733137	0.8695783605726681
0.750968799490956	0.24903120050904382
0.7109292926341472	0.28907070736585205
0.3387659039598075	0.6612340960401919
0.8384439823443651	0.1615560176556343
0.8011044969953801	0.19889550300462006
0.4590592505028767	0.540940749497123
0.8639944573956384	0.1360055426043615
0.6360660987206601	0.3639339012793388
0.026530614950175436	0.9734693850498245
0.3035476276595463	0.6964523723404532
0.09714345113689092	0.9028565488631091
0.449469510646491	0.550530489353509
0.8653299394822672	0.13467006051773256
0.5327945655137879	0.46720543448621144
0.8383720464910644	0.16162795350893536
0.261028851601024	0.7389711483989749
0.9140783913960989	0.08592160860390098
0.104506277546568	0.8954937224534318
0.8027691135339201	0.1972308864660793
0.9108469912581918	0.08915300874180812
0.691545271366671	0.30845472863332885
0.2766981004267409	0.7233018995732577
0.8825834351396932	0.11741656486030651
0.8827511254356307	0.11724887456436896
0.7706739239630047	0.22932607603699443
0.6079644693668368	0.39203553063316293
0.34809644953823254	0.6519035504617676
0.8377485025261991	0.16225149747380008
0.22657054368613574	0.7734294563138637
0.11218409069420146	0.8878159093057983
0.6711195353119376	0.32888046468806154
0.7052962581976587	0.29470374180234016
0.3328532890563455	0.667146710943654
0.34059174366109235	0.6594082563389071
0.5615855329736479	0.4384144670263515
0.043726826354342274	0.9562731736456578
0.648079893234842	0.35192010676515784
0.014213179618221428	0.9857868203817789
0.2019686650940736	0.7980313349059261
0.09200709994854378	0.9079929000514559
0.7960069003521607	0.20399309964783882
0.9833016061937314	0.0166983938062682
0.7647891882718294	0.23521081172817052
0.3179325367020255	0.6820674632979734
0.04083724609468572	0.9591627539053142
0.8450898308431725	0.15491016915682665
0.3788030350038364	0.6211969649961627
0.28529369644602526	0.7147063035539735
0.8403686727295843	0.15963132727041537
0.1775397431965984	0.8224602568034015
0.2544657902569231	0.7455342097430767
0.7244490521984727	0.27555094780152667
0.654990428260909	0.3450095717390899
0.1258069112901355	0.8741930887098646
0.32391666059015145	0.6760833394098479
0.8688641688496168	0.13113583115038335
0.3113800357286879	0.688619964271312
0.981327940664029	0.01867205933597065
0.28303536889462966	0.7169646311053706
0.6801547821933225	0.31984521780667724
0.8822106352866612	0.11778936471333877
0.8817369566303179	0.11826304336968209
0.7724631530428344	0.2275368469571652
0.908934123741971	0.091065876258029
0.8460358604837994	0.15396413951620025
0.9498322650559479	0.05016773494405217
0.28313578821534774	0.7168642117846515
0.7571981333606081	0.24280186663939124
0.8767240004138043	0.1232759995861955
0.46944674568321687	0.530553254316783
0.6702236740086833	0.3297763259913164
0.4079705735519273	0.5920294264480727
0.19520274785324154	0.8047972521467583
0.8181801243214787	0.18181987567852131
0.03425618773505082	0.9657438122649495
0.1740268386901508	0.8259731613098493
0.8038378427307188	0.19616215726928068
0.6399152362526372	0.3600847637473629
0.31691379988411916	0.6830862001158803
0.301333584409286	0.6986664155907133
0.5472735585290855	0.4527264414709143
0.8595178688886655	0.14048213111133376
0.2460943903742442	0.7539056096257558
0.30307773111462416	0.6969222688853755
0.8600740301450773	0.1399259698549225
0.20470756319642952	0.7952924368035705
0.3368257489189681	0.6631742510810316
0.8105719406029641	0.18942805939703514
0.6175135045219609	0.382486495478039
0.835540983075253	0.16445901692474685
0.9654409244477204	0.03455907555227942
0.9800995196502194	0.01990048034978078
0.702057899498441	0.2979421005015586
0.2869760354281285	0.7130239645718707
0.6375060068939414	0.3624939931060586
0.8634233004717393	0.13657669952826054
0.7833594485962891	0.216640551403711
0.5994334819332814	0.4005665180667188
0.6986146503413433	0.30138534965865627
0.9763054955885329	0.023694504411467344
0.7943696601543837	0.20563033984561632
0.6529725479648001	0.3470274520351995
0.32971748788808497	0.6702825121119145
0.9429428067543502	0.057057193245649646
0.6054144441663509	0.3945855558336491
0.4018347513659475	0.5981652486340521
0.42578349616497424	0.5742165038350255
0.6583795247942799	0.34162047520571925
0.6909234338535519	0.30907656614644713
0.10850043459998128	0.8914995654000185
0.49799070007229246	0.5020092999277066
0.5411216969627679	0.45887830303723154
0.9884861135295543	0.011513886470446195
0.2607641804315607	0.7392358195684382
0.8694510171974117	0.13054898280258803
0.8976137347533877	0.10238626524661228
0.6576604479892058	0.34233955201079413
0.35029494915363024	0.6497050508463691
0.22476658057490867	0.7752334194250912
0.8420343051338611	0.15796569486613843
0.5505194200811678	0.4494805799188317
0.24053983345624919	0.7594601665437506
0.016052600906964507	0.9839473990930354
0.422680114502223	0.5773198854977768
0.31220629030109626	0.6877937096989037
0.3059171896441366	0.694082810355862
0.9940809806019655	0.005919019398034483
0.054096477864747826	0.9459035221352522
0.7971300056609911	0.20286999433900807
0.8665939803820346	0.13340601961796522
0.45803049612475877	0.5419695038752408
0.7283421546121538	0.2716578453878454
0.9962791404906046	0.003720859509395298
0.06348169961371208	0.936518300386288
0.7595273822695121	0.2404726177304873
0.6689214265781183	0.33107857342188146
0.02540218295824267	0.9745978170417573
0.8942776478610872	0.1057223521389127
0.40691797275192987	0.5930820272480699
0.8075773648442184	0.1924226351557804
0.0567498823147802	0.9432501176852197
0.9648934177048067	0.03510658229519288
0.7263437597382422	0.27365624026175706
0.9823651702945737	0.017634829705426167
0.9875364255629572	0.012463574437043016
0.40698019498398835	0.5930198050160115
0.3583467308279008	0.641653269172099
0.1268583019592106	0.8731416980407893
0.5009094952460416	0.4990905047539584
0.8811765313861686	0.11882346861383107
0.01923980608549426	0.9807601939145055
0.1953659233863442	0.8046340766136558
0.9634352134108581	0.03656478658914179
0.9877896991312056	0.012210300868794807
0.2857431991997468	0.7142568008002531
0.5885364493432739	0.41146355065672574
0.25047985366340725	0.7495201463365919
0.7795032159203068	0.220496784079693
0.13878838284256584	0.8612116171574339
0.31058085799174506	0.689419142008255
0.8281117770580977	0.17188822294190204
0.6334773183645633	0.36652268163543567
0.6578033066041603	0.3421966933958396
0.5259507527403947	0.4740492472596047
0.35881479050131015	0.6411852094986898
0.25709287069893144	0.7429071293010681
0.15492438432533295	0.8450756156746673
0.5115326898480542	0.48846731015194533
0.26877239430759914	0.7312276056924009
0.20202100758558156	0.7979789924144177
0.8530533127591349	0.14694668724086501
0.6205089524075054	0.37949104759249425
0.36332284352883343	0.6366771564711664
0.42363238016244087	0.5763676198375591
0.27694473378243717	0.7230552662175629
0.18796009683799553	0.8120399031620039
0.04373503126408848	0.9562649687359113
0.9661041426237199	0.033895857376279606
0.6878295207704822	0.3121704792295173
0.25581677779546885	0.7441832222045309
0.9221909237188306	0.07780907628116926
0.860732132032745	0.13926786796725474
0.7917187069485061	0.20828129305149354
0.04920190436934229	0.9507980956306578
0.46772943376377996	0.5322705662362196
0.7886592230448882	0.21134077695511091
0.8633232439713261	0.13667675602867357
0.6746832979036829	0.32531670209631686
0.6724569077774234	0.3275430922225761
0.7510389725326567	0.2489610274673427
0.7170334932994129	0.2829665067005867
0.6091523462749523	0.390847653725047
0.4916356426915172	0.5083643573084821
0.8608177191929482	0.13918228080705186
0.01125982814519773	0.9887401718548021
0.31668932043584497	0.6833106795641549
0.4484697001115471	0.5515302998884524
0.6903449802366345	0.30965501976336457
0.041965615299172185	0.9580343847008277
0.27792257039134055	0.7220774296086588
0.3766240511608245	0.623375948839175
0.44497511243035864	0.5550248875696405
0.8333519255701944	0.1666480744298048
0.2378135346701084	0.7621864653298914
0.2574290100479884	0.7425709899520103
0.7120244032618761	0.28797559673812345
0.9781980136884421	0.02180198631155808
0.09946944386470752	0.9005305561352925
0.8874847651648919	0.11251523483510771
0.12561620723397227	0.8743837927660278
0.7311236199490885	0.2688763800509106
0.6401446143459928	0.35985538565400715
0.8864630945506667	0.11353690544933294
0.5121023859916017	0.48789761400839815
0.25939320925014514	0.740606790749855
0.25451972754818597	0.7454802724518135
0.4833319997717656	0.5166680002282341
0.5153391978559956	0.4846608021440044
0.24814779796009465	0.751852202039905
0.5920938429540624	0.40790615704593675
0.022939532640180577	0.9770604673598194
0.46456147948131515	0.5354385205186843
0.33964461825935205	0.6603553817406481
0.4923554924499687	0.507644507550031
0.8548819315536259	0.1451180684463733
0.35312536547842266	0.6468746345215769
0.8033140607936864	0.1966859392063137
0.316308662690004	0.6836913373099958
0.32104595535771757	0.6789540446422818
0.7240966807494403	0.27590331925055966
0.5553703843746848	0.44462961562531494
0.708136063658873	0.2918639363411265
0.8750353973650806	0.12496460263491929
0.451075498559601	0.548924501440398
0.3732414698852041	0.6267585301147957
0.25924436433389375	0.7407556356661064
0.9033579658824711	0.09664203411752866
0.4224232374900821	0.5775767625099177
0.9838090857518256	0.016190914248174423
0.4730626312151908	0.526937368784809
0.8979578227736877	0.10204217722631234
0.8073073984182493	0.1926926015817502
0.07635227920244858	0.9236477207975515
0.9023840460848911	0.09761595391510886
0.959910338003465	0.04008966199653494
0.13315936010960341	0.8668406398903967
0.30943416345272223	0.6905658365472774
0.5168117378796989	0.483188262120301
0.636728918689911	0.3632710813100889
0.9828248436338062	0.017175156366193517
0.41184245789329355	0.5881575421067065
0.1488901062159239	0.8511098937840752
0.7524773366544825	0.24752266334551634
0.7046949654660739	0.2953050345339259
0.9832894458080514	0.016710554191948362
0.6192113982012062	0.3807886017987932
0.7764153686167815	0.22358463138321852
0.8724830773692547	0.12751692263074543
0.8473129100198412	0.15268708998015815
0.7833840293004848	0.21661597069951505
0.2853539449362678	0.7146460550637311
0.939244492614736	0.06075550738526406
0.14791631055612928	0.8520836894438705
0.8427999609227592	0.15720003907724012
0.6027072145314425	0.39729278546855723
0.6857549474256115	0.31424505257438823
0.9710691073092778	0.02893089269072242
0.3635077671477765	0.6364922328522234
0.35830643601920315	0.641693563980797
0.9564824397902183	0.04351756020978164
0.3205191494826211	0.6794808505173782
0.9916318743694253	0.008368125630574876
0.42918523528912134	0.5708147647108788
0.5931722086237203	0.4068277913762797
0.6444737863805525	0.35552621361944725
0.8493117535441305	0.15068824645586898
0.7500544461558418	0.2499455538441583
0.6494321380741134	0.35056786192588674
0.9602244947863996	0.03977550521360069
0.5513532544394484	0.4486467455605516
0.7654788382982809	0.23452116170171863
0.7493666016883878	0.25063339831161224
0.973390114261035	0.026609885738964823
0.9068238610695485	0.09317613893045122
0.40849344681795047	0.5915065531820496
0.2530384446392463	0.7469615553607528
0.9716945731445428	0.028305426855456752
0.8292921815921107	0.17070781840788932
0.906373458934059	0.09362654106594087
0.7482258295080086	0.25177417049199025
0.7518483633415984	0.24815163665840118
0.5847351391204899	0.41526486087950976
0.6831113400202181	0.3168886599797818
0.6131846392512692	0.3868153607487306
0.6202751939582847	0.3797248060417149
0.6483173683013213	0.35168263169867864
0.6646602464837827	0.33533975351621675
0.21887671758963315	0.7811232824103662
0.14474744005886941	0.8552525599411301
0.9769692999661832	0.02303070003381648
0.2529744914745569	0.747025508525442
0.47914652899679266	0.5208534710032062
0.5605759824287746	0.4394240175712246
0.29806520296648387	0.7019347970335161
0.6299156486654383	0.3700843513345612
0.3817463132390559	0.6182536867609434
0.6967066696504134	0.3032933303495861
0.8668539158532903	0.13314608414670961
0.3180291156653397	0.6819708843346595
0.23625111796641562	0.7637488820335844
0.5979196755858378	0.4020803244141622
0.791261916104379	0.20873808389562096
0.5222804738536809	0.4777195261463181
0.3030218252728095	0.6969781747271903
0.9000294759850724	0.09997052401492734
0.4286959706778228	0.5713040293221774
0.9595470725483058	0.040452927451694126
0.9770831517111401	0.022916848288859818
0.624331678204862	0.37566832179513704
0.9292344191677497	0.07076558083225003
0.44370956766758046	0.5562904323324195
0.1891001861739493	0.81089981382605
0.9591673315089079	0.040832668491092544
0.9808377912018844	0.01916220879811535
0.2543593213751265	0.7456406786248736
0.8565504503600161	0.14344954963998346
0.9703507544166861	0.02964924558331378
0.449531563792486	0.550468436207513
0.7074142820818614	0.292585717918138
0.8198789338300096	0.1801210661699902
0.2181581294776239	0.7818418705223755
0.8968457516980552	0.10315424830194467
0.2888330736198785	0.7111669263801211
0.6201210370773875	0.3798789629226119
0.4913735430839635	0.5086264569160363
0.03503123508748384	0.9649687649125159
0.6723623789240378	0.32763762107596156
0.9680779934953082	0.03192200650469199
0.6841906518015651	0.31580934819843404
0.8588760556743299	0.1411239443256695
0.5581625463006625	0.44183745369933697
0.24667408460410073	0.7533259153958994
0.7252894026623096	0.27471059733768927
0.730885875004475	0.2691141249955249
0.6422982115667375	0.3577017884332623
0.9716875730948853	0.028312426905115
0.5169052352364151	0.48309476476358426
0.2747715495349119	0.7252284504650874
0.79402358107208	0.20597641892791965
0.8394583508432387	0.16054164915676028
0.08832464410187589	0.9116753558981242
0.30944038495775117	0.6905596150422487
0.6852198619901978	0.31478013800980176
0.4615820038950026	0.5384179961049975
0.35321054085084697	0.646789459149153
0.5776870303064002	0.42231296969359944
0.6771093809180342	0.3228906190819652
0.9506948387771662	0.04930516122283391
0.8748773817334623	0.12512261826653737
0.2614622762044109	0.7385377237955889
0.44430189084601696	0.5556981091539831
0.9717065686032886	0.02829343139671154
0.7659389725774999	0.23406102742249968
0.1897763700335738	0.8102236299664263
0.990701211432112	0.009298788567887965
0.3537090103581086	0.646290989641891
0.7819647719360379	0.21803522806396183
0.5120751077559662	0.4879248922440329
0.9478048262883284	0.052195173711671546
0.678387845397941	0.32161215460205894
0.6882300899015411	0.3117699100984587
0.891037035957134	0.10896296404286578
0.7080439366413803	0.29195606335861907
0.4339127942629222	0.5660872057370778
0.8857840204976262	0.11421597950237362
0.7156546235720265	0.28434537642797375
0.9826693629778777	0.017330637022122283
0.8919070748950335	0.10809292510496642
0.9648563837958334	0.0351436162041666
0.8224589261407541	0.1775410738592457
0.3934254921501386	0.6065745078498611
0.22854937091320726	0.7714506290867931
0.8973332700833784	0.10266672991662132
0.9739632106292254	0.02603678937077468
0.3115457106104477	0.6884542893895518
0.8180852058795836	0.18191479412041653
0.4788247608591931	0.5211752391408067
0.3212379816919173	0.678762018308083
0.2457495157678281	0.7542504842321711
0.6810500332183382	0.31894996678166154
0.010143862075100405	0.9898561379248995
0.7211454035166319	0.2788545964833683
0.23563638334077983	0.7643636166592189
0.6180919008502161	0.381908099149783
0.43670622342618365	0.5632937765738154
0.9210963767843219	0.07890362321567812
0.7555710188939697	0.24442898110602956
0.40756983331486013	0.5924301666851399
0.7621972842462226	0.23780271575377693
0.18626062541191618	0.8137393745880833
0.41379853926962407	0.5862014607303758
0.7929239370338359	0.20707606296616374
0.40943614502039055	0.5905638549796091
0.7564761984727132	0.2435238015272865
0.6691974773649139	0.3308025226350862
0.6716715089435786	0.3283284910564203
0.8783485785547572	0.12165142144524249
0.6651126287577768	0.3348873712422227
0.0032185708065923697	0.9967814291934076
0.47795518309678486	0.5220448169032149
0.9564810690087948	0.04351893099120499
0.6746618381929862	0.3253381618070136
0.45065277735049103	0.5493472226495082
0.947629653222454	0.05237034677754611
0.5525356264165623	0.4474643735834376
0.7660377884689766	0.23396221153102226
0.16784139833614029	0.8321586016638589
0.9855948624100833	0.014405137589916593
0.8949134685503479	0.10508653144965219
0.3695769285839461	0.6304230714160538
0.8079429143900569	0.1920570856099425
0.9725779723110667	0.02742202768893378
0.5021243359046111	0.49787566409538875
0.25709325672691585	0.7429067432730828
0.6555681969366112	0.3444318030633889
0.11845448846132696	0.8815455115386732
0.5770444982570743	0.42295550174292523
0.678888158343781	0.3211118416562186
0.6259109888552804	0.37408901114471926
0.7458845547775584	0.25411544522244095
0.9809235738696006	0.01907642613039957
0.46964367886153197	0.5303563211384679
0.8355180701245072	0.16448192987549198
0.9664159527225695	0.03358404727743021
0.5892239913830682	0.41077600861693125
0.7346687127687146	0.26533128723128485
0.9806214939506148	0.01937850604938511
0.12396721400377357	0.8760327859962264
0.9847185930105188	0.015281406989481175
0.6016272483318693	0.3983727516681306
0.16895265476731397	0.8310473452326858
0.9781903743496837	0.021809625650316272
0.9817873245100032	0.018212675489996864
0.8634437236960373	0.13655627630396222
0.2778561330895646	0.7221438669104355
0.9629103498831172	0.03708965011688248
0.41533332813969503	0.5846666718603047
0.4333860262928866	0.5666139737071125
0.2458586460187123	0.7541413539812878
0.9752046688755109	0.024795331124489083
0.8985582728310955	0.1014417271689042
0.0286151618835201	0.9713848381164799
0.9826913796262134	0.01730862037378669
0.7488290787632963	0.25117092123670337
0.8880009153325067	0.11199908466749348
0.9881793783030219	0.011820621696977895
0.847826175394731	0.15217382460526876
0.9222956432183209	0.0777043567816792
0.906752753407542	0.09324724659245806
0.9794445726010632	0.020555427398936878
0.8653850748689866	0.13461492513101295
0.9645512437713147	0.03544875622868511
0.15811560999915625	0.841884390000843
0.31320671533835137	0.6867932846616475
0.22224569758542032	0.7777543024145799
0.9708105463422116	0.02918945365778862
0.27132236196894194	0.7286776380310568
0.9821259322997702	0.01787406770022982
0.14440664246251772	0.8555933575374824
0.882619719276733	0.1173802807232666
0.9867967519593758	0.013203248040624213
0.6429880378329321	0.35701196216706754
0.689907044551706	0.31009295544829324
0.9765250452285169	0.023474954771483102
0.21663161278679977	0.7833683872132003
0.3558711109368218	0.6441288890631779
0.9820599104313235	0.01794008956867644
0.9714344305406334	0.028565569459366794
0.9140964052770686	0.08590359472293146
0.22689151448110922	0.7731084855188908
0.6056997711317706	0.3943002288682285
0.5382255730172653	0.4617744269827343
0.9500412992000371	0.04995870079996243
0.17959949318186788	0.820400506818132
0.8010768488583959	0.19892315114160344
0.48082760762492993	0.5191723923750687
0.9852008578019461	0.014799142198053887
0.09062788188744658	0.9093721181125531
0.8151175491809807	0.1848824508190189
0.07869844381039524	0.9213015561896049
0.3621293435816776	0.6378706564183223
0.03963242445958454	0.9603675755404152
0.17150758555741963	0.8284924144425801
0.523160894144593	0.47683910585540695
0.5488311815798722	0.4511688184201275
0.9679326871179943	0.032067312882005705
0.027627496408054956	0.9723725035919447
0.5840025375420348	0.41599746245796454
0.31230486049240086	0.687695139507598
0.5199211198781538	0.48007888012184635
0.4181154777686965	0.5818845222313024
0.9741895759646223	0.025810424035377554
0.9195634423152541	0.08043655768474586
0.923268171049806	0.07673182895019381
0.30894177229422914	0.6910582277057705
0.6224912666757024	0.37750873332429735
0.8245037625950767	0.17549623740492307
0.9802483900706824	0.019751609929317633
0.6534212599449435	0.34657874005505585
0.737068102497004	0.2629318975029953
0.3244719747114933	0.6755280252885058
0.25600445435223046	0.7439955456477695
0.6292807563110172	0.37071924368898274
0.8248488587518498	0.17515114124815023
0.9752692940414479	0.0247307059585517
0.7723975790535899	0.22760242094640976
0.9117840625346407	0.0882159374653591
0.5072835507864183	0.4927164492135811
0.3887070699643446	0.6112929300356553
0.3043789905440868	0.6956210094559119
0.2696449351264833	0.730355064873516
0.7563371156028673	0.24366288439713293
0.46417491718969134	0.5358250828103075
0.37978155364634747	0.6202184463536526
0.5870231267643465	0.41297687323565296
0.45013070067199545	0.549869299328004
0.6097294674920616	0.39027053250793786
0.8285342874226223	0.17146571257737744
0.014213179618221428	0.9857868203817789
0.5609471200800463	0.43905287991995295
0.9699815110536615	0.030018488946338455
0.7805959699229783	0.21940403007702106
0.6318204953955613	0.36817950460443866
0.29393220544204385	0.706067794557956
0.2582718561110758	0.7417281438889229
0.27060569983485394	0.729394300165145
0.5989972634351145	0.4010027365648849
0.9226098576759243	0.07739014232407578
0.03651349729203118	0.963486502707969
0.9009026676673996	0.0990973323325997
0.9660613894318886	0.033938610568111406
0.2441634799689937	0.755836520031005
0.9009022924262073	0.09909770757379263
0.8534800525854723	0.1465199474145275
0.24926058922729996	0.7507394107726998
0.2663185690995685	0.7336814309004315
0.9633747142663738	0.036625285733625876
0.2818062480118703	0.7181937519881292
0.6079391693721425	0.39206083062785707
0.2979167029270198	0.7020832970729797
0.9683779212040317	0.031622078795967935
0.8221642767344257	0.17783572326557448
0.2624233408285439	0.7375766591714564
0.3687713516193166	0.631228648380683
0.9816766648944815	0.01832333510551877
0.7865747320000022	0.21342526799999778
0.9789546592502342	0.021045340749765874
0.2510184262915011	0.7489815737084988
0.990879317011035	0.009120682988965153
0.46639234822064674	0.5336076517793529
0.9524170866365894	0.04758291336341069
0.9828843132402892	0.017115686759710463
0.984476449573359	0.015523550426641209
0.01133513027758488	0.9886648697224152
0.646213977437025	0.35378602256297464
0.6383516406654182	0.3616483593345813
0.5675251890873478	0.43247481091265205
0.7367333812044292	0.2632666187955702
0.8978934372154086	0.10210656278459133
0.5856525565824348	0.4143474434175649
0.9783269135456014	0.021673086454398555
0.9672724924697259	0.03272750753027427
0.948246534728619	0.051753465271381006
0.9629456974964634	0.037054302503536675
0.4749048226960843	0.5250951773039155
0.9736444779922304	0.026355522007769736
0.883149577116959	0.11685042288304107
0.7731161043970641	0.22688389560293515
0.1907893655183103	0.8092106344816891
0.2936387391752363	0.7063612608247627
0.7255385085304991	0.2744614914695006
0.9908441859409752	0.009155814059024688
0.6121373797311114	0.38786262026888857
0.941227155248327	0.05877284475167284
0.9643148606100534	0.035685139389946365
0.7329987460128409	0.267001253987159
0.22327490077190834	0.7767250992280919
0.2809643773372514	0.7190356226627489
0.006987251937278172	0.9930127480627218
0.8777286307059274	0.12227136929407166
0.3726186220538448	0.6273813779461553
0.9509294869120852	0.04907051308791485
0.2574130037936261	0.7425869962063737
0.2917423526436774	0.7082576473563225
0.9823651702945737	0.017634829705426167
0.18480363567629468	0.8151963643237052
0.20278128062466483	0.7972187193753352
0.6268918419430092	0.3731081580569905
0.015600675366495358	0.9843993246335045
0.5964548090187723	0.4035451909812275
0.9791221779513548	0.02087782204864549
0.964870383064803	0.035129616935196985
0.6743669936044493	0.32563300639555026
0.6296963784693638	0.3703036215306356
0.06882006936253095	0.931179930637469
0.9804480778113731	0.019551922188626756
0.43564213778687916	0.5643578622131197
0.9811785854304022	0.01882141456959805
0.969400094870836	0.030599905129164308
0.935090219984418	0.06490978001558177
0.9759450164593584	0.024054983540641617
0.6688169983233005	0.33118300167669923
0.8339520511048037	0.16604794889519614
0.28695526497200796	0.7130447350279907
0.2672855615912322	0.7327144384087678
0.929073654380058	0.07092634561994213
0.16249272942248175	0.8375072705775182
0.1045186851809795	0.8954813148190205
0.3626315834279042	0.6373684165720956
0.49470835507882016	0.5052916449211792
0.3758802724978904	0.6241197275021093
0.990879317011035	0.009120682988965153
0.4960397570285513	0.5039602429714487
0.0866527432218451	0.9133472567781549
0.6333693511095123	0.3666306488904879
0.3425832662103512	0.6574167337896489
0.2615702877472601	0.7384297122527389
0.6071959526505772	0.3928040473494219
0.138798525395626	0.8612014746043741
0.19620482123260327	0.8037951787673966
0.49335101155950184	0.5066489884404981
0.933826335238432	0.06617366476156815
0.237763682935456	0.7622363170645435
0.9655747072649906	0.03442529273500937
0.9030823068949105	0.09691769310508963
0.9307472860806726	0.06925271391932729
0.9794785988690999	0.020521401130900122
0.4643304194264282	0.5356695805735707
0.2756307556622185	0.7243692443377803
0.2671611836037358	0.7328388163962631
0.314762349478688	0.6852376505213121
0.42408942105568537	0.5759105789443145
0.9762431859451799	0.023756814054820236
0.974106932238149	0.025893067761850866
0.981931936536008	0.018068063463991795
0.7156575377146703	0.28434246228532933
0.11104092727048111	0.8889590727295184
0.6680466827944791	0.33195331720552096
0.2981066799186338	0.7018933200813656
0.7638179637409752	0.23618203625902448
0.2776221011116853	0.7223778988883146
0.07001090287817713	0.9299890971218226
0.14967339364656929	0.8503266063534298
0.23494012045111579	0.7650598795488844
0.43947864317101343	0.5605213568289862
0.6109425884593201	0.3890574115406799
0.9532663446063276	0.04673365539367224
0.9793438342874624	0.02065616571253759
0.6945331903815405	0.30546680961845885
0.6386794686429673	0.3613205313570324
0.6270863231930377	0.37291367680696175
0.8482099890319893	0.15179001096800998
0.9912537154729172	0.008746284527082702
0.6197230213038682	0.3802769786961317
0.3313887034473344	0.6686112965526649
0.7463685743204875	0.2536314256795126
0.5887094854106224	0.4112905145893774
0.4560950499529584	0.543904950047041
0.3416920353301522	0.6583079646698476
0.569064121144975	0.4309358788550251
0.7281903652271748	0.27180963477282427
0.22307990579854853	0.7769200942014513
0.7916519414943802	0.20834805850561977
0.004148029519700621	0.9958519704802995
0.9777663549932457	0.022233645006754434
0.45764259630381887	0.5423574036961809
0.7413949256528156	0.25860507434718377
0.44707162494994857	0.5529283750500514
0.07518355709753206	0.9248164429024679
0.11199369583054254	0.8880063041694575
0.8699626794194031	0.13003732058059697
0.973137734697424	0.026862265302576044
0.6642623041982634	0.33573769580173635
0.9789705158693419	0.021029484130658135
0.6772076362567269	0.3227923637432722
0.10709406971753838	0.8929059302824613
0.6979847413197686	0.30201525868023077
0.6375927168323452	0.3624072831676546
0.30085320866663956	0.6991467913333591
0.930566438043673	0.06943356195632717
0.3589638647473158	0.641036135252684
0.45149809105021693	0.548501908949783
0.23423953827644325	0.7657604617235556
0.17262698328784393	0.827373016712156
0.9863435645716657	0.01365643542833408
0.930709064141769	0.069290935858231
0.014213179618221428	0.9857868203817789
0.9736986959858808	0.026301304014119054
0.6582457491321603	0.3417542508678396
0.7027905756695939	0.29720942433040576
0.32717983922735144	0.6728201607726487
0.9731154348611761	0.02688456513882414
0.5433835666486484	0.4566164333513516
0.8663135343755013	0.13368646562449818
0.9853397975830552	0.014660202416944759
0.4351388661741289	0.5648611338258711
0.31702708055545803	0.682972919444542
0.6298110876098142	0.3701889123901854
0.8020607944095153	0.19793920559048456
0.30661919275223465	0.6933808072477649
0.5572300346095301	0.4427699653904694
0.5939259256201427	0.406074074379857
0.9901446759869948	0.009855324013005113
0.4104259955860512	0.5895740044139484
0.5284337472113949	0.4715662527886045
0.9763989573939026	0.02360104260609744
0.20765250759492504	0.7923474924050744
0.9795768212536313	0.020423178746368363
0.7047936028904358	0.2952063971095635
0.7577029191582241	0.2422970808417757
0.6054817909328998	0.3945182090670994
0.6272075471909442	0.37279245280905493
0.5701339288315901	0.42986607116840925
0.4343051572365663	0.5656948427634333
0.9881833662591635	0.011816633740836498
0.6205546825148914	0.3794453174851082
0.5564353597948262	0.44356464020517317
0.35170589652363526	0.6482941034763641
0.7409466137934144	0.2590533862065858
0.7133097223163257	0.28669027768367394
0.5562644556519049	0.4437355443480946
0.6599053518499298	0.3400946481500696
0.7129125276173163	0.28708747238268256
0.04812151960419127	0.9518784803958086
0.4525216420883567	0.547478357911642
0.6366149356325355	0.3633850643674641
0.5672514716259919	0.43274852837400773
0.9108564453463706	0.08914355465362947
0.6814972183966339	0.318502781603366
0.8458021203697998	0.1541978796301992
0.9103653993597695	0.08963460064023052
0.5050114979838146	0.4949885020161853
0.7016591054016648	0.2983408945983348
0.22568304754944876	0.7743169524505511
0.4942323967152092	0.5057676032847896
0.6269284706433936	0.37307152935660576
0.6775445508374649	0.32245544916253427
0.9322574976904429	0.06774250230955708
0.863943076616794	0.13605692338320582
0.413073314166264	0.5869266858337351
0.6108885325897067	0.3891114674102934
0.7159059237891967	0.28409407621080307
0.4346467764922716	0.565353223507728
0.3508014501019901	0.6491985498980098
0.521152928443747	0.4788470715562527
0.6145627222883459	0.38543727771165415
0.9841775957533342	0.015822404246665638
0.4844988115873815	0.5155011884126182
0.3857519359298521	0.6142480640701479
0.8923029331108083	0.10769706688919153
0.7412337538638163	0.2587662461361832
0.8525973741189605	0.14740262588103945
0.5816911430005034	0.4183088569994966
0.8941446808691476	0.10585531913085237
0.9207490596591887	0.07925094034081143
0.6779564225892355	0.322043577410764
0.35744636674364005	0.6425536332563598
0.2517099535777536	0.748290046422246
0.6554995086081031	0.34450049139189626
0.9100802605142002	0.0899197394857999
0.9615084613804228	0.038491538619577076
0.7017235245651403	0.2982764754348591
0.7373032896334244	0.26269671036657466
0.08875546733791734	0.9112445326620826
0.7854442531459762	0.2145557468540238
0.4504047529783818	0.5495952470216182
0.661185021970646	0.33881497802935373
0.4874392476208498	0.5125607523791501
0.4884772331667111	0.5115227668332889
0.7009514735353117	0.29904852646468766
0.5569223823146069	0.4430776176853932
0.7739323986657083	0.22606760133429118
0.6632395693345284	0.336760430665471
0.9595745300470595	0.04042546995294043
0.784098374441887	0.21590162555811282
0.6300714785094728	0.3699285214905265
0.43824318553479663	0.5617568144652023
0.9366380416862292	0.06336195831377073
0.5468087488442397	0.4531912511557601
0.9843977247647989	0.015602275235201335
0.7208005560932298	0.27919944390676954
0.738600183029194	0.26139981697080555
0.8960308867138304	0.10396911328616948
0.6974205272051084	0.3025794727948906
0.7489330063083267	0.2510669936916727
0.2994060569418846	0.7005939430581148
0.7715818988603317	0.228418101139668
0.6545522024584158	0.3454477975415831
0.38219134024855983	0.61780865975144
0.45482760072256034	0.5451723992774389
0.23480593094926494	0.7651940690507337
0.6621034570396774	0.3378965429603217
0.7322883808391988	0.2677116191608007
0.6280673897385184	0.3719326102614815
0.6642495054504758	0.33575049454952355
0.6924287243597961	0.3075712756402027
0.5357812624254575	0.4642187375745418
0.5837979256607848	0.4162020743392153
0.1896770801322861	0.8103229198677134
0.416332647059977	0.5836673529400227
0.7223204218481658	0.2776795781518335
0.14994881534912635	0.8500511846508735
0.37174145340990983	0.6282585465900901
0.24573086941464112	0.7542691305853582
0.3975014078096988	0.6024985921903013
0.590992405030175	0.40900759496982475
0.629359153348346	0.370640846651654
0.7375332708560485	0.2624667291439506
0.7065312716658947	0.2934687283341049
0.9717065686032886	0.02829343139671154
0.4562640333844734	0.5437359666155258
0.5566815267752265	0.4433184732247728
0.0025427330793919194	0.997457266920608
0.06059094792198876	0.9394090520780112
0.5364849780384382	0.46351502196156147
0.255714723013819	0.7442852769861809
0.5967728928328302	0.40322710716716964
0.31017638064137854	0.6898236193586205
0.6722498282072554	0.32775017179274385
0.9370446918016451	0.06295530819835497
0.6734934985070968	0.3265065014929033
0.88332991748808	0.11667008251191974
0.9696782268244474	0.030321773175552687
0.6082924664581488	0.3917075335418506
0.6945165145190694	0.3054834854809295
0.6538489594282939	0.3461510405717057
0.256820951490079	0.7431790485099201
0.7782370709464359	0.22176292905356354
0.5250195783582206	0.474980421641779
0.6702159604712752	0.3297840395287245
0.9864792840656434	0.013520715934356825
0.5349895299272521	0.46501047007274765
0.6836524062609136	0.3163475937390864
0.1877747610104343	0.8122252389895651
0.6887072005707384	0.3112927994292613
0.6411006300887686	0.3588993699112302
0.5922814162505666	0.40771858374943304
0.9772718066899315	0.022728193310068347
0.21742077839883606	0.7825792216011639
0.24916697629661239	0.7508330237033876
0.5810077501894999	0.4189922498104998
0.20889430611195117	0.7911056938880485
0.6660194030186412	0.3339805969813581
0.40927748055891994	0.5907225194410798
0.12409775915005442	0.8759022408499452
0.9782379307141251	0.021762069285874958
0.6252121015456459	0.3747878984543538
0.12565786094136988	0.8743421390586303
0.29121385161009966	0.7087861483899001
0.6002598868802955	0.3997401131197043
0.5243162769660172	0.4756837230339825
0.3409612605682457	0.6590387394317543
0.9079446196021125	0.09205538039788755
0.6593799486252034	0.34062005137479673
0.6454862548761757	0.35451374512382317
0.6258564766333256	0.37414352336667434
0.15604000063608128	0.8439599993639189
0.7513677503128059	0.24863224968719366
0.11892216690117774	0.8810778330988218
0.26798638828177784	0.7320136117182221
0.23888814526839464	0.7611118547316054
0.30011575857387723	0.6998842414261226
0.20459862151144187	0.7954013784885576
0.5780888764622959	0.4219111235377037
0.4216417574347717	0.5783582425652277
0.3607247901927196	0.6392752098072804
0.6709179399675836	0.32908206003241597
0.6848306138401022	0.31516938615989715
0.22601815523194152	0.7739818447680575
0.34019979932647315	0.6598002006735268
0.6731201334859575	0.3268798665140419
0.7208300022365798	0.27916999776341916
0.049981314181707405	0.9500186858182929
0.5218780691575192	0.4781219308424809
0.9758838299127701	0.024116170087229674
0.5862791101202176	0.4137208898797822
0.20310525432712964	0.7968947456728697
0.6302078145329073	0.36979218546709214
0.6609469147036157	0.33905308529638395
0.9648248047281737	0.03517519527182651
0.5199535609131957	0.48004643908680444
0.8401872268571815	0.15981277314281767
0.5025813176501319	0.4974186823498672
0.7524569084238419	0.24754309157615736
0.0642898852085051	0.9357101147914948
0.7181801243214787	0.28181987567852135
0.12762627813694516	0.8723737218630547
0.7003867363749641	0.29961326362503554
0.7131259246538015	0.286874075346198
0.29012885669267974	0.709871143307319
0.25458682111263936	0.7454131788873601
0.5155184158044859	0.4844815841955141
0.5134120206601153	0.48658797933988424
0.7320856763763826	0.26791432362361683
0.7995743439074262	0.20042565609257387
0.11041478951855792	0.8895852104814417
0.729889794996419	0.2701102050035804
0.5757084177159338	0.42429158228406605
0.633429250019905	0.36657074998009487
0.20627578888790643	0.7937242111120932
0.6107934296030471	0.3892065703969523
0.5675057332070287	0.43249426679297054
0.41969938446050853	0.5803006155394903
0.49004673013108685	0.5099532698689129
0.4151573653031098	0.5848426346968896
0.23538439849160242	0.7646156015083975
0.7069317847780399	0.2930682152219598
0.7123929787613159	0.2876070212386835
0.3914397562217518	0.6085602437782478
0.2297157933657795	0.7702842066342203
0.41755214859100315	0.5824478514089967
0.17727287814427523	0.8227271218557247
0.5637085312107452	0.43629146878925423
0.6406030700281365	0.3593969299718632
0.6456769199458273	0.35432308005417207
0.7702971102104833	0.22970288978951603
0.5916144849043405	0.4083855150956594
0.5163044665613518	0.48369553343864785
0.7014065515891578	0.29859344841084134
0.027356170662876468	0.9726438293371235
0.6395002036965843	0.3604997963034154
0.34520261419171466	0.6547973858082847
0.31462429787939167	0.6853757021206068
0.9336791073921479	0.06632089260785215
0.7485910173343252	0.251408982665674
0.5482971306981245	0.4517028693018751
0.4283366824044616	0.5716633175955381
0.6698981647057201	0.3301018352942791
0.9721237410273956	0.027876258972604474
0.46030794841524575	0.5396920515847542
0.2453314793965938	0.7546685206034047
0.7677731147657574	0.23222688523424256
0.9223468787287672	0.07765312127123303
0.6072830603251445	0.39271693967485466
0.668322300300764	0.33167769969923583
0.026069343365975356	0.9739306566340246
0.7335524633357554	0.2664475366642441
0.23186137562164466	0.7681386243783548
0.541866796670129	0.4581332033298711
0.71909614323965	0.28090385676034957
0.6173286574453885	0.3826713425546111
0.06701738289479314	0.9329826171052068
0.4601835828081975	0.5398164171918015
0.7359712228892415	0.26402877711075834
0.0010766564740785412	0.9989233435259215
0.5227151522465223	0.4772848477534777
0.9414777305189336	0.05852226948106619
0.6714485661493207	0.32855143385067875
0.3458551160132356	0.6541448839867638
0.540229605300457	0.45977039469954273
0.5419023213836174	0.4580976786163825
0.9828409288707556	0.01715907112924466
0.9752545475168803	0.024745452483119757
0.3624173805057508	0.6375826194942493
0.4657484424602641	0.534251557539736
0.022236880462362652	0.9777631195376374
0.9768204998632461	0.023179500136754218
0.3110183429159159	0.688981657084083
0.7048985620658773	0.29510143793412175
0.34258200558264174	0.6574179944173573
0.9771678666581848	0.022832133341815136
0.897502452763533	0.10249754723646687
0.39841175280866636	0.6015882471913333
0.9752046688755109	0.024795331124489083
0.3968353605140903	0.603164639485909
0.2270705552754827	0.7729294447245164
0.809643977355738	0.19035602264426202
0.32342027646680976	0.6765797235331901
0.4509217716412293	0.5490782283587705
0.9780478320153643	0.021952167984635687
0.6932872382950493	0.30671276170495
0.558999375463498	0.4410006245365017
0.7876200544890871	0.21237994551091302
0.4606770525493555	0.539322947450644
0.11455021150663848	0.8854497884933614
0.8036769109109265	0.19632308908907298
0.7055440826353987	0.29445591736460025
0.06105704031089737	0.9389429596891026
0.33710923731609604	0.662890762683904
0.02674574289713977	0.9732542571028604
0.5120008679221265	0.4879991320778735
0.8074283657391801	0.19257163426081927
0.9669465830495092	0.03305341695049079
0.8844740200597876	0.11552597994021234
0.24308962857734162	0.7569103714226574
0.26685636642599275	0.7331436335740058
0.9809089920755483	0.019091007924451845
0.12680334521159725	0.8731966547884029
0.6141652517581109	0.38583474824188896
0.7971500377193473	0.20284996228065189
0.04994736101082136	0.9500526389891786
0.9767716156801363	0.023228384319863734
0.26101467537494577	0.7389853246250538
0.672523682912492	0.3274763170875076
0.25855682659268964	0.7414431734073106
0.9852258191320551	0.014774180867944716
0.257306030437449	0.7426939695625505
0.11713775208964618	0.882862247910354
0.5591236937024229	0.4408763062975769
0.9381259720972976	0.0618740279027023
0.33007491732219185	0.6699250826778074
0.6324232367774036	0.3675767632225961
0.23858540577643886	0.7614145942235612
0.4623616203949082	0.5376383796050918
0.6726430123180984	0.3273569876819012
0.051377771225724074	0.9486222287742762
0.9352777516565272	0.06472224834347266
0.25914177888063816	0.7408582211193614
0.4561517424478515	0.5438482575521476
0.2512724089085363	0.7487275910914627
0.9807948257342828	0.019205174265716784
0.6940742706937887	0.30592572930621087
0.6634700843916026	0.33652991560839646
0.4915659866541968	0.5084340133458025
0.6808980668131299	0.319101933186869
0.023974585065424096	0.9760254149345756
0.9716488650478955	0.028351134952104548
0.6779084344152209	0.32209156558477864
0.14364540299531178	0.8563545970046875
0.599767731298524	0.4002322687014759
0.6689431282858952	0.3310568717141048
0.6784729267111841	0.321527073288815
0.6272858309439772	0.37271416905602245
0.641524236208374	0.3584757637916258
0.04005038776184556	0.9599496122381548
0.4120790906708925	0.5879209093291072
0.47449997846369457	0.5255000215363049
0.6673821559993636	0.3326178440006365
0.943909850244262	0.0560901497557375
0.9832466554441214	0.0167533445558783
0.2818188897770435	0.7181811102229559
0.9620107899170378	0.03798921008296177
0.9820540086966765	0.0179459913033238
0.5507998259484546	0.4492001740515454
0.5509960093015758	0.44900399069842395
0.9788856952863957	0.021114304713604534
0.14790755673886036	0.8520924432611398
0.5576600783702675	0.44233992162973246
0.1769626303269266	0.8230373696730734
0.9877158906707466	0.012284109329253431
0.19775692184175886	0.8022430781582406
0.22245101387953647	0.7775489861204627
0.34349222626921255	0.656507773730787
0.9065234283267773	0.09347657167322271
0.44097388935213094	0.5590261106478688
0.9673446165295487	0.03265538347045096
0.9862726968929408	0.013727303107059396
0.9758390444689382	0.02416095553106178
0.9170160019093357	0.08298399809066406
0.009788497947285472	0.9902115020527144
0.9736444779922304	0.026355522007769736
0.9661522334134746	0.03384776658652541
0.984476449573359	0.015523550426641209
0.9736444779922304	0.026355522007769736
0.6894635571460082	0.31053644285399185
0.9304990024635912	0.06950099753640891
0.9846302446316118	0.015369755368388164
0.7016510438092787	0.29834895619072055
0.9655747072649906	0.03442529273500937
0.9415144499002376	0.058485550099761995
0.9307062896034164	0.06929371039658344
0.9839059819258645	0.01609401807413543
0.9907720074582518	0.009227992541748197
0.5405483455009916	0.4594516544990082
0.9856041480628526	0.014395851937147357
0.23106743195391707	0.7689325680460822
0.5087529811409489	0.4912470188590506
0.612704542793032	0.3872954572069679
0.9778518751198884	0.022148124880111374
0.9874852882239833	0.012514711776017082
0.9765658949508618	0.023434105049138173
0.9197540854238585	0.08024591457614147
0.9758390444689382	0.02416095553106178
0.26279622092473476	0.7372037790752644
0.9789659439153756	0.02103405608462436
0.9736896653344681	0.026310334665531863
0.9837098359691993	0.0162901640308009
0.9869782941868184	0.013021705813181541
0.9904388008698892	0.009561199130110913
0.27231314539224827	0.7276868546077508
0.24081933918858092	0.7591806608114179
0.9778831685181747	0.02211683148182538
0.5826765202579027	0.4173234797420969
0.06364692237382076	0.9363530776261794
0.21811157325367328	0.7818884267463266
0.9560203564375768	0.043979643562423544
0.984476449573359	0.015523550426641209
0.7210106221652381	0.2789893778347619
0.9717325610689237	0.028267438931076538
0.1468061716509298	0.8531938283490704
0.951701148304616	0.04829885169538386
0.873933617198224	0.12606638280177562
0.9749615146691805	0.025038485330819565
0.5666504028323799	0.4333495971676198
0.9867751708920721	0.01322482910792808
0.9746817397780485	0.025318260221951203
0.9867693712346131	0.013230628765386802
0.9853038485191954	0.014696151480804802
0.926944803919401	0.07305519608059878
0.9757079969732164	0.024292003026783613
0.9857380241804421	0.014261975819557939
0.9307054296195203	0.06929457038047997
0.9812887529423623	0.018711247057637506
0.7079842120075832	0.2920157879924161
0.32527378435307086	0.6747262156469276
0.9773226680911655	0.02267733190883462
0.4169905929210674	0.5830094070789318
0.9720041833707005	0.027995816629299623
0.9723901005101001	0.027609899489899517
0.8790818471587077	0.12091815284129215
0.9704367807056015	0.029563219294398233
0.9734352134108581	0.0265647865891418
0.9910250943924471	0.00897490560755273
0.9766942614005633	0.023305738599436934
0.9864683631466478	0.013531636853352305
0.9438629208371065	0.0561370791628934
0.972676586289454	0.02732341371054625
0.9519077302223786	0.04809226977762143
0.042953347182391584	0.9570466528176084
0.9815862192959385	0.018413780704061303
0.7916723867364026	0.20832761326359683
0.11680951398351772	0.8831904860164822
0.7631133439805922	0.23688665601940767
0.0013273811549821312	0.998672618845018
0.31431745370472103	0.6856825462952777
0.3049044490341845	0.6950955509658151
0.9634236633250042	0.03657633667499577
0.9864784140665656	0.01352158593343443
0.9902862993744651	0.00971370062553486
0.9820346012287391	0.017965398771261146
0.34408803106736685	0.6559119689326333
0.9763415435261358	0.023658456473864074
0.9813691534555454	0.018630846544454228
0.168396916624523	0.8316030833754766
0.9636979967593162	0.03630200324068396
0.380370698564113	0.6196293014358865
0.9259852775223004	0.07401472247769947
0.961473140363043	0.03852685963695672
0.9711973033807368	0.028802696619262914
0.3751998640928301	0.6248001359071697
0.9842554875538102	0.015744512446189903
0.9799985685057655	0.0200014314942345
0.7502261468747129	0.24977385312528697
0.403759351176308	0.5962406488236918
0.9864784140665656	0.01352158593343443
0.5420273315815042	0.45797266841849554
0.2754450273076857	0.7245549726923142
0.03503780095339068	0.9649621990466093
0.975745069071978	0.02425493092802207
0.9573819332403644	0.04261806675963574
0.9868283289564291	0.013171671043571039
0.08439554553251709	0.9156044544674827
0.9867625998579836	0.01323740014201644
0.9861582018679368	0.01384179813206327
0.9910417467716015	0.008958253228398584
0.9742310485533097	0.025768951446690416
0.48726262553620375	0.5127373744637959
0.9437376448425685	0.056262355157431415
0.9957027279596145	0.004297272040385463
0.9237336217791053	0.076266378220894
0.0147869841722827	0.9852130158277174
0.2829031445828142	0.7170968554171858
0.9627354492569471	0.0372645507430528
0.9656087327923197	0.03439126720768013
0.979481690808044	0.020518309191955516
0.9594966937256424	0.04050330627435748
0.9555313481209331	0.0444686518790667
0.9792067318759223	0.02079326812407791
0.6219562787372497	0.37804372126275027
0.9854875316768883	0.014512468323111974
0.9560203564375768	0.043979643562423544
0.9823651702945737	0.017634829705426167
0.9647076201146296	0.03529237988537033
0.0014533871483205728	0.9985466128516793
0.5241696027149385	0.4758303972850612
0.9795784727714839	0.020421527228516183
0.6846105663439143	0.31538943365608524
0.42902993808026224	0.5709700619197375
0.961706711951456	0.03829328804854344
0.9570197005580122	0.04298029944198773
0.10567674531775824	0.8943232546822416
0.956201050823474	0.04379894917652629
0.14130318790644575	0.8586968120935541
0.9776418581407604	0.022358141859239705
0.9831976882882004	0.016802311711799647
0.06694759168250379	0.9330524083174958
0.8497532719443047	0.15024672805569525
0.979665582896085	0.020334417103915262
0.9860064185420282	0.013993581457971868
0.963558719432519	0.036441280567480965
0.59979685496574	0.4002031450342601
0.7340594794821199	0.2659405205178794
0.9512878153610932	0.048712184638906544
0.9753567195143351	0.024643280485664897
0.5510487809849263	0.4489512190150737
0.8703355382078708	0.12966446179212868
0.9626754562837492	0.03732454371625041
0.9859965304318342	0.014003469568166078
0.9595704922771563	0.04042950772284368
0.9796931322009071	0.0203068677990927
0.9745984480523262	0.025401551947673393
0.9721950879913261	0.027804912008673858
0.9315101136945887	0.06848988630541145
0.9753158344590672	0.024684165540932904
0.15270279549393503	0.8472972045060648
0.26923833354907645	0.7307616664509223
0.972014463220034	0.027985536779965483
0.9370086094121491	0.06299139058785075
0.3302866394204157	0.6697133605795839
0.9841936212657513	0.015806378734248824
0.6493932067596423	0.3506067932403574
0.9853059921520364	0.014694007847963743
0.9856773844171732	0.014322615582826654
0.9823455783378262	0.017654421662173913
0.9591065606586223	0.040893439341377576
0.49129154453272816	0.508708455467271
0.879410873963087	0.120589126036913
0.9877741657735453	0.012225834226454783
0.6749555057897076	0.32504449421029186
0.8706293208000301	0.1293706791999697
0.9877062604776324	0.012293739522367175
0.9827072187223238	0.01729278127767608
0.9854081775662891	0.014591822433710908
0.9863789194218904	0.013621080578109797
0.9846811728850221	0.015318827114978005
0.9512259867029728	0.048774013297027505
0.9629586936764213	0.037041306323578806
0.9757405783217448	0.02425942167825533
0.984627016691421	0.015372983308579004
0.28697378625884584	0.713026213741154
0.9499988874789365	0.05000111252106363
0.0899049155206067	0.9100950844793936
0.9788856952863957	0.021114304713604534
0.940912513467203	0.05908748653279696
0.9833323862172912	0.016667613782708673
0.9768727931610597	0.02312720683894014
0.9849284148915486	0.0150715851084515
0.9594121984290536	0.04058780157094646
0.8377357907115153	0.16226420928848473
0.9877550994859606	0.012244900514039226
0.541600054281274	0.45839994571872594
0.9479035498021308	0.0520964501978689
0.9733961388181348	0.026603861181864894
0.14062572700506298	0.8593742729949365
0.9696411896712679	0.030358810328732153
0.9822450790031647	0.017754920996835295
0.9735746215895271	0.026425378410472548
0.9686536274216553	0.031346372578344564
0.9637598168943403	0.036240183105659976
0.960491240726986	0.03950875927301389
0.9873854655076792	0.01261453449232109
0.9101757996246569	0.08982420037534304
0.37219070211496813	0.6278092978850316
0.9587678914594693	0.04123210854053082
0.9851491076785643	0.014850892321435598
0.9717272590616467	0.028272740938353403
0.9425066766930015	0.05749332330699842
0.9678837159264541	0.032116284073546136
0.6407476617505766	0.359252338249423
0.6460807152055551	0.3539192847944442
0.32400715821431986	0.6759928417856789
0.9835775457498082	0.016422454250192054
0.9736444779922304	0.026355522007769736
